2025-04-14 00:17:40 [HikariPool-1 housekeeper] WARN  com.zaxxer.hikari.pool.HikariPool - HikariPool-1 - Thread starvation or clock leap detected (housekeeper delta=15m54s996ms).
2025-04-14 00:18:59 [HikariPool-1 housekeeper] WARN  com.zaxxer.hikari.pool.HikariPool - HikariPool-1 - Thread starvation or clock leap detected (housekeeper delta=1m19s97ms).
2025-04-14 00:34:31 [HikariPool-1 housekeeper] WARN  com.zaxxer.hikari.pool.HikariPool - HikariPool-1 - Thread starvation or clock leap detected (housekeeper delta=14m32s120ms).
2025-04-14 00:54:42 [SpringApplicationShutdownHook] INFO  o.s.b.w.e.tomcat.GracefulShutdown - Commencing graceful shutdown. Waiting for active requests to complete
2025-04-14 00:54:43 [tomcat-shutdown] INFO  o.s.b.w.e.tomcat.GracefulShutdown - Graceful shutdown complete
2025-04-14 00:54:43 [SpringApplicationShutdownHook] INFO  o.s.o.j.LocalContainerEntityManagerFactoryBean - Closing JPA EntityManagerFactory for persistence unit 'default'
2025-04-14 00:54:43 [SpringApplicationShutdownHook] INFO  com.zaxxer.hikari.HikariDataSource - HikariPool-1 - Shutdown initiated...
2025-04-14 00:54:43 [SpringApplicationShutdownHook] INFO  com.zaxxer.hikari.HikariDataSource - HikariPool-1 - Shutdown completed.
2025-04-14 00:54:57 [main] INFO  backend.HotelBookingApplication - Starting HotelBookingApplication using Java 17.0.13 with PID 21617 (/Users/sukuna/Documents/coding/IBE/IBE-BE/KDU/target/classes started by sukuna in /Users/sukuna/Documents/coding/IBE/IBE-BE/KDU)
2025-04-14 00:54:57 [main] INFO  backend.HotelBookingApplication - The following 1 profile is active: "dev"
2025-04-14 00:54:59 [main] INFO  o.s.d.r.c.RepositoryConfigurationDelegate - Bootstrapping Spring Data JPA repositories in DEFAULT mode.
2025-04-14 00:54:59 [main] INFO  o.s.d.r.c.RepositoryConfigurationDelegate - Finished Spring Data repository scanning in 143 ms. Found 15 JPA repository interfaces.
2025-04-14 00:55:01 [main] INFO  o.s.b.w.e.tomcat.TomcatWebServer - Tomcat initialized with port 8081 (http)
2025-04-14 00:55:01 [main] INFO  o.a.coyote.http11.Http11NioProtocol - Initializing ProtocolHandler ["http-nio-8081"]
2025-04-14 00:55:01 [main] INFO  o.a.catalina.core.StandardService - Starting service [Tomcat]
2025-04-14 00:55:01 [main] INFO  o.a.catalina.core.StandardEngine - Starting Servlet engine: [Apache Tomcat/10.1.36]
2025-04-14 00:55:01 [main] INFO  o.a.c.c.C.[Tomcat].[localhost].[/] - Initializing Spring embedded WebApplicationContext
2025-04-14 00:55:01 [main] INFO  o.s.b.w.s.c.ServletWebServerApplicationContext - Root WebApplicationContext: initialization completed in 3153 ms
2025-04-14 00:55:01 [main] INFO  com.zaxxer.hikari.HikariDataSource - HikariPool-1 - Starting...
2025-04-14 00:55:01 [main] INFO  com.zaxxer.hikari.pool.HikariPool - HikariPool-1 - Added connection org.postgresql.jdbc.PgConnection@2e6b379c
2025-04-14 00:55:01 [main] INFO  com.zaxxer.hikari.HikariDataSource - HikariPool-1 - Start completed.
2025-04-14 00:55:02 [main] INFO  o.s.o.j.p.SpringPersistenceUnitInfo - No LoadTimeWeaver setup: ignoring JPA class transformer
2025-04-14 00:55:02 [main] WARN  org.hibernate.orm.deprecation - HHH90000025: PostgreSQLDialect does not need to be specified explicitly using 'hibernate.dialect' (remove the property setting and it will be selected by default)
2025-04-14 00:55:03 [main] WARN  o.h.t.s.i.ExceptionHandlerLoggedImpl - GenerationTarget encountered exception accepting command : Error executing DDL "alter table if exists staff_room_map alter column staff_id set data type bigint" via JDBC [ERROR: column "staff_id" cannot be cast automatically to type bigint
  Hint: You might need to specify "USING staff_id::bigint".]
org.hibernate.tool.schema.spi.CommandAcceptanceException: Error executing DDL "alter table if exists staff_room_map alter column staff_id set data type bigint" via JDBC [ERROR: column "staff_id" cannot be cast automatically to type bigint
  Hint: You might need to specify "USING staff_id::bigint".]
	at org.hibernate.tool.schema.internal.exec.GenerationTargetToDatabase.accept(GenerationTargetToDatabase.java:94)
	at org.hibernate.tool.schema.internal.AbstractSchemaMigrator.applySqlString(AbstractSchemaMigrator.java:576)
	at org.hibernate.tool.schema.internal.AbstractSchemaMigrator.applySqlStrings(AbstractSchemaMigrator.java:516)
	at org.hibernate.tool.schema.internal.AbstractSchemaMigrator.migrateTable(AbstractSchemaMigrator.java:334)
	at org.hibernate.tool.schema.internal.GroupedSchemaMigratorImpl.performTablesMigration(GroupedSchemaMigratorImpl.java:84)
	at org.hibernate.tool.schema.internal.AbstractSchemaMigrator.performMigration(AbstractSchemaMigrator.java:233)
	at org.hibernate.tool.schema.internal.AbstractSchemaMigrator.doMigration(AbstractSchemaMigrator.java:112)
	at org.hibernate.tool.schema.spi.SchemaManagementToolCoordinator.performDatabaseAction(SchemaManagementToolCoordinator.java:280)
	at org.hibernate.tool.schema.spi.SchemaManagementToolCoordinator.lambda$process$5(SchemaManagementToolCoordinator.java:144)
	at java.base/java.util.HashMap.forEach(HashMap.java:1421)
	at org.hibernate.tool.schema.spi.SchemaManagementToolCoordinator.process(SchemaManagementToolCoordinator.java:141)
	at org.hibernate.boot.internal.SessionFactoryObserverForSchemaExport.sessionFactoryCreated(SessionFactoryObserverForSchemaExport.java:37)
	at org.hibernate.internal.SessionFactoryObserverChain.sessionFactoryCreated(SessionFactoryObserverChain.java:35)
	at org.hibernate.internal.SessionFactoryImpl.<init>(SessionFactoryImpl.java:324)
	at org.hibernate.boot.internal.SessionFactoryBuilderImpl.build(SessionFactoryBuilderImpl.java:463)
	at org.hibernate.jpa.boot.internal.EntityManagerFactoryBuilderImpl.build(EntityManagerFactoryBuilderImpl.java:1517)
	at org.springframework.orm.jpa.vendor.SpringHibernateJpaPersistenceProvider.createContainerEntityManagerFactory(SpringHibernateJpaPersistenceProvider.java:66)
	at org.springframework.orm.jpa.LocalContainerEntityManagerFactoryBean.createNativeEntityManagerFactory(LocalContainerEntityManagerFactoryBean.java:390)
	at org.springframework.orm.jpa.AbstractEntityManagerFactoryBean.buildNativeEntityManagerFactory(AbstractEntityManagerFactoryBean.java:419)
	at org.springframework.orm.jpa.AbstractEntityManagerFactoryBean.afterPropertiesSet(AbstractEntityManagerFactoryBean.java:400)
	at org.springframework.orm.jpa.LocalContainerEntityManagerFactoryBean.afterPropertiesSet(LocalContainerEntityManagerFactoryBean.java:366)
	at org.springframework.beans.factory.support.AbstractAutowireCapableBeanFactory.invokeInitMethods(AbstractAutowireCapableBeanFactory.java:1859)
	at org.springframework.beans.factory.support.AbstractAutowireCapableBeanFactory.initializeBean(AbstractAutowireCapableBeanFactory.java:1808)
	at org.springframework.beans.factory.support.AbstractAutowireCapableBeanFactory.doCreateBean(AbstractAutowireCapableBeanFactory.java:601)
	at org.springframework.beans.factory.support.AbstractAutowireCapableBeanFactory.createBean(AbstractAutowireCapableBeanFactory.java:523)
	at org.springframework.beans.factory.support.AbstractBeanFactory.lambda$doGetBean$0(AbstractBeanFactory.java:339)
	at org.springframework.beans.factory.support.DefaultSingletonBeanRegistry.getSingleton(DefaultSingletonBeanRegistry.java:346)
	at org.springframework.beans.factory.support.AbstractBeanFactory.doGetBean(AbstractBeanFactory.java:337)
	at org.springframework.beans.factory.support.AbstractBeanFactory.getBean(AbstractBeanFactory.java:207)
	at org.springframework.context.support.AbstractApplicationContext.finishBeanFactoryInitialization(AbstractApplicationContext.java:970)
	at org.springframework.context.support.AbstractApplicationContext.refresh(AbstractApplicationContext.java:627)
	at org.springframework.boot.web.servlet.context.ServletWebServerApplicationContext.refresh(ServletWebServerApplicationContext.java:146)
	at org.springframework.boot.SpringApplication.refresh(SpringApplication.java:752)
	at org.springframework.boot.SpringApplication.refreshContext(SpringApplication.java:439)
	at org.springframework.boot.SpringApplication.run(SpringApplication.java:318)
	at org.springframework.boot.SpringApplication.run(SpringApplication.java:1361)
	at org.springframework.boot.SpringApplication.run(SpringApplication.java:1350)
	at backend.HotelBookingApplication.main(HotelBookingApplication.java:15)
Caused by: org.postgresql.util.PSQLException: ERROR: column "staff_id" cannot be cast automatically to type bigint
  Hint: You might need to specify "USING staff_id::bigint".
	at org.postgresql.core.v3.QueryExecutorImpl.receiveErrorResponse(QueryExecutorImpl.java:2733)
	at org.postgresql.core.v3.QueryExecutorImpl.processResults(QueryExecutorImpl.java:2420)
	at org.postgresql.core.v3.QueryExecutorImpl.execute(QueryExecutorImpl.java:372)
	at org.postgresql.jdbc.PgStatement.executeInternal(PgStatement.java:517)
	at org.postgresql.jdbc.PgStatement.execute(PgStatement.java:434)
	at org.postgresql.jdbc.PgStatement.executeWithFlags(PgStatement.java:356)
	at org.postgresql.jdbc.PgStatement.executeCachedSql(PgStatement.java:341)
	at org.postgresql.jdbc.PgStatement.executeWithFlags(PgStatement.java:317)
	at org.postgresql.jdbc.PgStatement.execute(PgStatement.java:312)
	at com.zaxxer.hikari.pool.ProxyStatement.execute(ProxyStatement.java:94)
	at com.zaxxer.hikari.pool.HikariProxyStatement.execute(HikariProxyStatement.java)
	at org.hibernate.tool.schema.internal.exec.GenerationTargetToDatabase.accept(GenerationTargetToDatabase.java:80)
	... 37 common frames omitted
2025-04-14 00:55:04 [main] WARN  o.h.t.s.i.ExceptionHandlerLoggedImpl - GenerationTarget encountered exception accepting command : Error executing DDL "alter table if exists staff_room_map add constraint FKyd20ehofj2axxe92vl67pqvx foreign key (staff_id) references staff" via JDBC [ERROR: foreign key constraint "fkyd20ehofj2axxe92vl67pqvx" cannot be implemented
  Detail: Key columns "staff_id" and "staff_id" are of incompatible types: character varying and bigint.]
org.hibernate.tool.schema.spi.CommandAcceptanceException: Error executing DDL "alter table if exists staff_room_map add constraint FKyd20ehofj2axxe92vl67pqvx foreign key (staff_id) references staff" via JDBC [ERROR: foreign key constraint "fkyd20ehofj2axxe92vl67pqvx" cannot be implemented
  Detail: Key columns "staff_id" and "staff_id" are of incompatible types: character varying and bigint.]
	at org.hibernate.tool.schema.internal.exec.GenerationTargetToDatabase.accept(GenerationTargetToDatabase.java:94)
	at org.hibernate.tool.schema.internal.AbstractSchemaMigrator.applySqlString(AbstractSchemaMigrator.java:576)
	at org.hibernate.tool.schema.internal.AbstractSchemaMigrator.applySqlStrings(AbstractSchemaMigrator.java:516)
	at org.hibernate.tool.schema.internal.AbstractSchemaMigrator.applyForeignKeys(AbstractSchemaMigrator.java:448)
	at org.hibernate.tool.schema.internal.AbstractSchemaMigrator.performMigration(AbstractSchemaMigrator.java:269)
	at org.hibernate.tool.schema.internal.AbstractSchemaMigrator.doMigration(AbstractSchemaMigrator.java:112)
	at org.hibernate.tool.schema.spi.SchemaManagementToolCoordinator.performDatabaseAction(SchemaManagementToolCoordinator.java:280)
	at org.hibernate.tool.schema.spi.SchemaManagementToolCoordinator.lambda$process$5(SchemaManagementToolCoordinator.java:144)
	at java.base/java.util.HashMap.forEach(HashMap.java:1421)
	at org.hibernate.tool.schema.spi.SchemaManagementToolCoordinator.process(SchemaManagementToolCoordinator.java:141)
	at org.hibernate.boot.internal.SessionFactoryObserverForSchemaExport.sessionFactoryCreated(SessionFactoryObserverForSchemaExport.java:37)
	at org.hibernate.internal.SessionFactoryObserverChain.sessionFactoryCreated(SessionFactoryObserverChain.java:35)
	at org.hibernate.internal.SessionFactoryImpl.<init>(SessionFactoryImpl.java:324)
	at org.hibernate.boot.internal.SessionFactoryBuilderImpl.build(SessionFactoryBuilderImpl.java:463)
	at org.hibernate.jpa.boot.internal.EntityManagerFactoryBuilderImpl.build(EntityManagerFactoryBuilderImpl.java:1517)
	at org.springframework.orm.jpa.vendor.SpringHibernateJpaPersistenceProvider.createContainerEntityManagerFactory(SpringHibernateJpaPersistenceProvider.java:66)
	at org.springframework.orm.jpa.LocalContainerEntityManagerFactoryBean.createNativeEntityManagerFactory(LocalContainerEntityManagerFactoryBean.java:390)
	at org.springframework.orm.jpa.AbstractEntityManagerFactoryBean.buildNativeEntityManagerFactory(AbstractEntityManagerFactoryBean.java:419)
	at org.springframework.orm.jpa.AbstractEntityManagerFactoryBean.afterPropertiesSet(AbstractEntityManagerFactoryBean.java:400)
	at org.springframework.orm.jpa.LocalContainerEntityManagerFactoryBean.afterPropertiesSet(LocalContainerEntityManagerFactoryBean.java:366)
	at org.springframework.beans.factory.support.AbstractAutowireCapableBeanFactory.invokeInitMethods(AbstractAutowireCapableBeanFactory.java:1859)
	at org.springframework.beans.factory.support.AbstractAutowireCapableBeanFactory.initializeBean(AbstractAutowireCapableBeanFactory.java:1808)
	at org.springframework.beans.factory.support.AbstractAutowireCapableBeanFactory.doCreateBean(AbstractAutowireCapableBeanFactory.java:601)
	at org.springframework.beans.factory.support.AbstractAutowireCapableBeanFactory.createBean(AbstractAutowireCapableBeanFactory.java:523)
	at org.springframework.beans.factory.support.AbstractBeanFactory.lambda$doGetBean$0(AbstractBeanFactory.java:339)
	at org.springframework.beans.factory.support.DefaultSingletonBeanRegistry.getSingleton(DefaultSingletonBeanRegistry.java:346)
	at org.springframework.beans.factory.support.AbstractBeanFactory.doGetBean(AbstractBeanFactory.java:337)
	at org.springframework.beans.factory.support.AbstractBeanFactory.getBean(AbstractBeanFactory.java:207)
	at org.springframework.context.support.AbstractApplicationContext.finishBeanFactoryInitialization(AbstractApplicationContext.java:970)
	at org.springframework.context.support.AbstractApplicationContext.refresh(AbstractApplicationContext.java:627)
	at org.springframework.boot.web.servlet.context.ServletWebServerApplicationContext.refresh(ServletWebServerApplicationContext.java:146)
	at org.springframework.boot.SpringApplication.refresh(SpringApplication.java:752)
	at org.springframework.boot.SpringApplication.refreshContext(SpringApplication.java:439)
	at org.springframework.boot.SpringApplication.run(SpringApplication.java:318)
	at org.springframework.boot.SpringApplication.run(SpringApplication.java:1361)
	at org.springframework.boot.SpringApplication.run(SpringApplication.java:1350)
	at backend.HotelBookingApplication.main(HotelBookingApplication.java:15)
Caused by: org.postgresql.util.PSQLException: ERROR: foreign key constraint "fkyd20ehofj2axxe92vl67pqvx" cannot be implemented
  Detail: Key columns "staff_id" and "staff_id" are of incompatible types: character varying and bigint.
	at org.postgresql.core.v3.QueryExecutorImpl.receiveErrorResponse(QueryExecutorImpl.java:2733)
	at org.postgresql.core.v3.QueryExecutorImpl.processResults(QueryExecutorImpl.java:2420)
	at org.postgresql.core.v3.QueryExecutorImpl.execute(QueryExecutorImpl.java:372)
	at org.postgresql.jdbc.PgStatement.executeInternal(PgStatement.java:517)
	at org.postgresql.jdbc.PgStatement.execute(PgStatement.java:434)
	at org.postgresql.jdbc.PgStatement.executeWithFlags(PgStatement.java:356)
	at org.postgresql.jdbc.PgStatement.executeCachedSql(PgStatement.java:341)
	at org.postgresql.jdbc.PgStatement.executeWithFlags(PgStatement.java:317)
	at org.postgresql.jdbc.PgStatement.execute(PgStatement.java:312)
	at com.zaxxer.hikari.pool.ProxyStatement.execute(ProxyStatement.java:94)
	at com.zaxxer.hikari.pool.HikariProxyStatement.execute(HikariProxyStatement.java)
	at org.hibernate.tool.schema.internal.exec.GenerationTargetToDatabase.accept(GenerationTargetToDatabase.java:80)
	... 36 common frames omitted
2025-04-14 00:55:04 [main] INFO  o.s.o.j.LocalContainerEntityManagerFactoryBean - Initialized JPA EntityManagerFactory for persistence unit 'default'
2025-04-14 00:55:04 [main] INFO  backend.config.CorsConfig - CORS Configuration Loaded!
2025-04-14 00:55:04 [main] DEBUG o.s.c.e.PropertySourcesPropertyResolver - Found key 'spring.security.oauth2.resourceserver.jwt.issuer-uri' in PropertySource 'environmentProperties' with value of type String
2025-04-14 00:55:04 [main] INFO  o.s.d.j.r.query.QueryEnhancerFactory - Hibernate is in classpath; If applicable, HQL parser will be used.
2025-04-14 00:55:04 [main] DEBUG o.s.c.e.PropertySourcesPropertyResolver - Found key 'graphql.endpoint' in PropertySource 'environmentProperties' with value of type String
2025-04-14 00:55:04 [main] DEBUG o.s.c.e.PropertySourcesPropertyResolver - Found key 'graphql.api-key' in PropertySource 'environmentProperties' with value of type String
2025-04-14 00:55:04 [main] DEBUG o.s.c.e.PropertySourcesPropertyResolver - Found key 'graphql.api.key' in PropertySource 'environmentProperties' with value of type String
2025-04-14 00:55:04 [main] DEBUG o.s.c.e.PropertySourcesPropertyResolver - Found key 'graphql.url' in PropertySource 'environmentProperties' with value of type String
2025-04-14 00:55:04 [main] DEBUG o.s.c.e.PropertySourcesPropertyResolver - Found key 'spring.mail.username' in PropertySource 'environmentProperties' with value of type String
2025-04-14 00:55:04 [main] DEBUG o.s.c.e.PropertySourcesPropertyResolver - Found key 'otp.expiry.minutes' in PropertySource 'environmentProperties' with value of type String
2025-04-14 00:55:04 [main] DEBUG o.s.c.e.PropertySourcesPropertyResolver - Found key 'otp.max.attempts' in PropertySource 'environmentProperties' with value of type String
2025-04-14 00:55:04 [main] DEBUG o.s.c.e.PropertySourcesPropertyResolver - Found key 'graphql.endpoint' in PropertySource 'environmentProperties' with value of type String
2025-04-14 00:55:04 [main] DEBUG o.s.c.e.PropertySourcesPropertyResolver - Found key 'graphql.api-key' in PropertySource 'environmentProperties' with value of type String
2025-04-14 00:55:04 [main] DEBUG o.s.c.e.PropertySourcesPropertyResolver - Found key 'graphql.api.key' in PropertySource 'environmentProperties' with value of type String
2025-04-14 00:55:04 [main] DEBUG o.s.c.e.PropertySourcesPropertyResolver - Found key 'graphql.url' in PropertySource 'environmentProperties' with value of type String
2025-04-14 00:55:05 [main] DEBUG o.s.c.e.PropertySourcesPropertyResolver - Found key 'graphql.endpoint' in PropertySource 'environmentProperties' with value of type String
2025-04-14 00:55:05 [main] DEBUG o.s.c.e.PropertySourcesPropertyResolver - Found key 'graphql.api-key' in PropertySource 'environmentProperties' with value of type String
2025-04-14 00:55:05 [main] DEBUG o.s.c.e.PropertySourcesPropertyResolver - Found key 'graphql.endpoint' in PropertySource 'environmentProperties' with value of type String
2025-04-14 00:55:05 [main] DEBUG o.s.c.e.PropertySourcesPropertyResolver - Found key 'graphql.apiKey' in PropertySource 'environmentProperties' with value of type String
2025-04-14 00:55:05 [main] DEBUG o.s.c.e.PropertySourcesPropertyResolver - Found key 'graphql.endpoint' in PropertySource 'environmentProperties' with value of type String
2025-04-14 00:55:05 [main] DEBUG o.s.c.e.PropertySourcesPropertyResolver - Found key 'graphql.apiKey' in PropertySource 'environmentProperties' with value of type String
2025-04-14 00:55:05 [main] DEBUG o.s.c.e.PropertySourcesPropertyResolver - Found key 'api.base.url' in PropertySource 'environmentProperties' with value of type String
2025-04-14 00:55:05 [main] WARN  o.s.b.a.o.j.JpaBaseConfiguration$JpaWebConfiguration - spring.jpa.open-in-view is enabled by default. Therefore, database queries may be performed during view rendering. Explicitly configure spring.jpa.open-in-view to disable this warning
2025-04-14 00:55:05 [main] INFO  backend.config.CorsConfig - Applying CORS settings...
2025-04-14 00:55:05 [main] DEBUG o.s.s.c.a.a.c.AuthenticationConfiguration$DefaultPasswordEncoderAuthenticationManagerBuilder - No authenticationProviders and no parentAuthenticationManager defined. Returning null.
2025-04-14 00:55:05 [main] INFO  o.s.b.a.e.web.EndpointLinksResolver - Exposing 2 endpoints beneath base path '/actuator'
2025-04-14 00:55:05 [main] INFO  backend.config.SecurityConfig - Configuring security filter chain...
2025-04-14 00:55:05 [main] INFO  backend.config.SecurityConfig - Using issuer URI: https://cognito-idp.ap-south-1.amazonaws.com/ap-south-1_IGHZ9OObg
2025-04-14 00:55:05 [main] INFO  backend.config.SecurityConfig - Configuring authorization rules...
2025-04-14 00:55:05 [main] INFO  backend.config.SecurityConfig - Configuring OAuth2 resource server...
2025-04-14 00:55:05 [main] INFO  backend.config.SecurityConfig - Configuring JWT...
2025-04-14 00:55:05 [main] INFO  backend.config.SecurityConfig - Creating JWT decoder with issuer URI: https://cognito-idp.ap-south-1.amazonaws.com/ap-south-1_IGHZ9OObg
2025-04-14 00:55:06 [main] INFO  backend.config.SecurityConfig - Configuring session management...
2025-04-14 00:55:06 [main] DEBUG o.s.s.web.DefaultSecurityFilterChain - Will secure any request with filters: DisableEncodeUrlFilter, WebAsyncManagerIntegrationFilter, SecurityContextHolderFilter, HeaderWriterFilter, LogoutFilter, BearerTokenAuthenticationFilter, RequestCacheAwareFilter, SecurityContextHolderAwareRequestFilter, AnonymousAuthenticationFilter, SessionManagementFilter, ExceptionTranslationFilter, AuthorizationFilter
2025-04-14 00:55:06 [main] INFO  o.a.coyote.http11.Http11NioProtocol - Starting ProtocolHandler ["http-nio-8081"]
2025-04-14 00:55:06 [main] INFO  o.s.b.w.e.tomcat.TomcatWebServer - Tomcat started on port 8081 (http) with context path '/'
2025-04-14 00:55:06 [main] INFO  backend.HotelBookingApplication - Started HotelBookingApplication in 9.57 seconds (process running for 10.288)
2025-04-14 00:55:08 [http-nio-8081-exec-1] INFO  o.a.c.c.C.[Tomcat].[localhost].[/] - Initializing Spring DispatcherServlet 'dispatcherServlet'
2025-04-14 00:55:08 [http-nio-8081-exec-1] INFO  o.s.web.servlet.DispatcherServlet - Initializing Servlet 'dispatcherServlet'
2025-04-14 00:55:08 [http-nio-8081-exec-1] INFO  o.s.web.servlet.DispatcherServlet - Completed initialization in 2 ms
2025-04-14 00:55:08 [http-nio-8081-exec-1] DEBUG o.s.security.web.FilterChainProxy - Securing POST /api/house-cleaning/generate?date=2025-05-01
2025-04-14 00:55:08 [http-nio-8081-exec-1] DEBUG o.s.s.w.a.AnonymousAuthenticationFilter - Set SecurityContextHolder to anonymous SecurityContext
2025-04-14 00:55:08 [http-nio-8081-exec-1] DEBUG o.s.security.web.FilterChainProxy - Secured POST /api/house-cleaning/generate?date=2025-05-01
2025-04-14 00:55:08 [http-nio-8081-exec-1] INFO  b.s.impl.HouseCleaningServiceImpl - Generating cleaning schedules for date: 2025-05-01
2025-04-14 00:55:08 [http-nio-8081-exec-1] INFO  b.service.TenantConfigurationService - Fetching configurations for tenantId: 1
2025-04-14 00:55:08 [http-nio-8081-exec-1] INFO  b.service.TenantConfigurationService - Found 1 configurations for tenantId: 1
2025-04-14 00:55:08 [http-nio-8081-exec-1] INFO  b.s.impl.HouseCleaningServiceImpl - Using configured check-in time: 13:00
2025-04-14 00:55:08 [http-nio-8081-exec-1] INFO  b.service.TenantConfigurationService - Fetching configurations for tenantId: 1
2025-04-14 00:55:08 [http-nio-8081-exec-1] INFO  b.service.TenantConfigurationService - Found 1 configurations for tenantId: 1
2025-04-14 00:55:08 [http-nio-8081-exec-1] INFO  b.s.impl.HouseCleaningServiceImpl - Using configured check-out time: 11:00
2025-04-14 00:55:09 [http-nio-8081-exec-1] INFO  b.s.impl.HouseCleaningServiceImpl - Found 10 check-in bookings, 0 check-out bookings, and 10 current bookings for date 2025-05-01
2025-04-14 00:55:09 [http-nio-8081-exec-1] INFO  b.s.impl.BookedRoomsServiceImpl - Checking check-in rooms for date: 2025-05-01
2025-04-14 00:55:09 [http-nio-8081-exec-1] INFO  b.s.impl.BookedRoomsServiceImpl - Found 10 transactions with check-in date 2025-05-01
2025-04-14 00:55:09 [http-nio-8081-exec-1] INFO  b.s.impl.BookedRoomsServiceImpl - Booking IDs for check-in: [13, 12, 15, 14, 53, 55, 59, 60, 155, 318]
2025-04-14 00:55:14 [http-nio-8081-exec-1] INFO  b.s.impl.BookedRoomsServiceImpl - Room IDs for bookings [13, 12, 15, 14, 53, 55, 59, 60, 155, 318]: [421, 422, 433, 434, 439, 451, 452, 457, 464, 469, 470]
2025-04-14 00:55:14 [http-nio-8081-exec-1] INFO  b.s.impl.BookedRoomsServiceImpl - Checking check-out rooms for date: 2025-05-01
2025-04-14 00:55:14 [http-nio-8081-exec-1] INFO  b.s.impl.BookedRoomsServiceImpl - Found 0 transactions with check-out date 2025-05-01
2025-04-14 00:55:14 [http-nio-8081-exec-1] INFO  b.s.impl.BookedRoomsServiceImpl - Booking IDs for check-out: []
2025-04-14 00:55:14 [http-nio-8081-exec-1] INFO  b.s.impl.BookedRoomsServiceImpl - No booking IDs found, returning empty list
2025-04-14 00:55:14 [http-nio-8081-exec-1] INFO  b.s.impl.BookedRoomsServiceImpl - Checking currently booked rooms for date: 2025-05-01T00:00:00Z
2025-04-14 00:55:15 [http-nio-8081-exec-1] INFO  b.s.impl.BookedRoomsServiceImpl - Currently booked room IDs: [421, 422, 433, 434, 439, 451, 452, 457, 464, 469, 470]
2025-04-14 00:55:15 [http-nio-8081-exec-1] INFO  b.s.impl.HouseCleaningServiceImpl - Found 11 check-in rooms, 0 check-out rooms, and 11 current rooms for date 2025-05-01
2025-04-14 00:55:15 [http-nio-8081-exec-1] WARN  b.s.impl.HouseCleaningServiceImpl - Could not extract room ID from booking details for booking ID 13
2025-04-14 00:55:15 [http-nio-8081-exec-1] WARN  b.s.impl.HouseCleaningServiceImpl - Could not extract room ID from booking details for booking ID 12
2025-04-14 00:55:15 [http-nio-8081-exec-1] WARN  b.s.impl.HouseCleaningServiceImpl - Could not extract room ID from booking details for booking ID 15
2025-04-14 00:55:15 [http-nio-8081-exec-1] WARN  b.s.impl.HouseCleaningServiceImpl - Could not extract room ID from booking details for booking ID 14
2025-04-14 00:55:15 [http-nio-8081-exec-1] WARN  b.s.impl.HouseCleaningServiceImpl - Could not extract room ID from booking details for booking ID 53
2025-04-14 00:55:15 [http-nio-8081-exec-1] WARN  b.s.impl.HouseCleaningServiceImpl - Could not extract room ID from booking details for booking ID 55
2025-04-14 00:55:15 [http-nio-8081-exec-1] WARN  b.s.impl.HouseCleaningServiceImpl - Could not extract room ID from booking details for booking ID 59
2025-04-14 00:55:15 [http-nio-8081-exec-1] WARN  b.s.impl.HouseCleaningServiceImpl - Could not extract room ID from booking details for booking ID 60
2025-04-14 00:55:15 [http-nio-8081-exec-1] WARN  b.s.impl.HouseCleaningServiceImpl - Could not extract room ID from booking details for booking ID 155
2025-04-14 00:55:15 [http-nio-8081-exec-1] WARN  b.s.impl.HouseCleaningServiceImpl - Could not extract room ID from booking details for booking ID 318
2025-04-14 00:55:15 [http-nio-8081-exec-1] WARN  b.s.impl.HouseCleaningServiceImpl - Could not extract room ID from booking details for booking ID 13
2025-04-14 00:55:15 [http-nio-8081-exec-1] WARN  b.s.impl.HouseCleaningServiceImpl - Could not extract room ID from booking details for booking ID 12
2025-04-14 00:55:15 [http-nio-8081-exec-1] WARN  b.s.impl.HouseCleaningServiceImpl - Could not extract room ID from booking details for booking ID 15
2025-04-14 00:55:15 [http-nio-8081-exec-1] WARN  b.s.impl.HouseCleaningServiceImpl - Could not extract room ID from booking details for booking ID 14
2025-04-14 00:55:15 [http-nio-8081-exec-1] WARN  b.s.impl.HouseCleaningServiceImpl - Could not extract room ID from booking details for booking ID 53
2025-04-14 00:55:15 [http-nio-8081-exec-1] WARN  b.s.impl.HouseCleaningServiceImpl - Could not extract room ID from booking details for booking ID 55
2025-04-14 00:55:15 [http-nio-8081-exec-1] WARN  b.s.impl.HouseCleaningServiceImpl - Could not extract room ID from booking details for booking ID 59
2025-04-14 00:55:15 [http-nio-8081-exec-1] WARN  b.s.impl.HouseCleaningServiceImpl - Could not extract room ID from booking details for booking ID 60
2025-04-14 00:55:15 [http-nio-8081-exec-1] WARN  b.s.impl.HouseCleaningServiceImpl - Could not extract room ID from booking details for booking ID 155
2025-04-14 00:55:15 [http-nio-8081-exec-1] WARN  b.s.impl.HouseCleaningServiceImpl - Could not extract room ID from booking details for booking ID 318
2025-04-14 00:55:15 [http-nio-8081-exec-1] INFO  b.s.impl.HouseCleaningServiceImpl - Room to booking map: {}
2025-04-14 00:55:15 [http-nio-8081-exec-1] INFO  b.service.TenantConfigurationService - Fetching configurations for tenantId: 1
2025-04-14 00:55:15 [http-nio-8081-exec-1] INFO  b.service.TenantConfigurationService - Found 1 configurations for tenantId: 1
2025-04-14 00:55:15 [http-nio-8081-exec-1] INFO  b.s.impl.HouseCleaningServiceImpl - Using configured time interval: 30 minutes
2025-04-14 00:55:15 [http-nio-8081-exec-1] INFO  b.service.TenantConfigurationService - Fetching configurations for tenantId: 1
2025-04-14 00:55:15 [http-nio-8081-exec-1] INFO  b.service.TenantConfigurationService - Found 1 configurations for tenantId: 1
2025-04-14 00:55:15 [http-nio-8081-exec-1] INFO  b.s.impl.HouseCleaningServiceImpl - Using configured shift duration: 4 hours
2025-04-14 00:55:15 [http-nio-8081-exec-1] INFO  b.service.TenantConfigurationService - Fetching configurations for tenantId: 1
2025-04-14 00:55:15 [http-nio-8081-exec-1] INFO  b.service.TenantConfigurationService - Found 1 configurations for tenantId: 1
2025-04-14 00:55:15 [http-nio-8081-exec-1] INFO  b.s.impl.HouseCleaningServiceImpl - Configured morning shift start time: 07:00
2025-04-14 00:55:15 [http-nio-8081-exec-1] INFO  b.s.impl.HouseCleaningServiceImpl - Configured afternoon shift start time: 11:00
2025-04-14 00:55:15 [http-nio-8081-exec-1] INFO  b.s.impl.HouseCleaningServiceImpl - Configured evening shift start time: 15:00
2025-04-14 00:55:15 [http-nio-8081-exec-1] WARN  b.s.impl.HouseCleaningServiceImpl - No booking ID found for room ID 421
2025-04-14 00:55:15 [http-nio-8081-exec-1] INFO  b.service.TenantConfigurationService - Fetching configurations for tenantId: 1
2025-04-14 00:55:15 [http-nio-8081-exec-1] INFO  b.service.TenantConfigurationService - Found 1 configurations for tenantId: 1
2025-04-14 00:55:15 [http-nio-8081-exec-1] INFO  b.s.impl.HouseCleaningServiceImpl - Using configured time interval: 30 minutes
2025-04-14 00:55:15 [http-nio-8081-exec-1] INFO  b.service.TenantConfigurationService - Fetching configurations for tenantId: 1
2025-04-14 00:55:15 [http-nio-8081-exec-1] INFO  b.service.TenantConfigurationService - Found 1 configurations for tenantId: 1
2025-04-14 00:55:15 [http-nio-8081-exec-1] INFO  b.s.impl.HouseCleaningServiceImpl - Using configured shift duration: 4 hours
2025-04-14 00:55:15 [http-nio-8081-exec-1] INFO  b.service.TenantConfigurationService - Fetching configurations for tenantId: 1
2025-04-14 00:55:15 [http-nio-8081-exec-1] INFO  b.service.TenantConfigurationService - Found 1 configurations for tenantId: 1
2025-04-14 00:55:15 [http-nio-8081-exec-1] INFO  b.s.impl.HouseCleaningServiceImpl - Configured morning shift start time: 07:00
2025-04-14 00:55:15 [http-nio-8081-exec-1] INFO  b.s.impl.HouseCleaningServiceImpl - Configured afternoon shift start time: 11:00
2025-04-14 00:55:15 [http-nio-8081-exec-1] INFO  b.s.impl.HouseCleaningServiceImpl - Configured evening shift start time: 15:00
2025-04-14 00:55:15 [http-nio-8081-exec-1] WARN  b.s.impl.HouseCleaningServiceImpl - No booking ID found for room ID 422
2025-04-14 00:55:15 [http-nio-8081-exec-1] INFO  b.service.TenantConfigurationService - Fetching configurations for tenantId: 1
2025-04-14 00:55:15 [http-nio-8081-exec-1] INFO  b.service.TenantConfigurationService - Found 1 configurations for tenantId: 1
2025-04-14 00:55:15 [http-nio-8081-exec-1] INFO  b.s.impl.HouseCleaningServiceImpl - Using configured time interval: 30 minutes
2025-04-14 00:55:15 [http-nio-8081-exec-1] INFO  b.service.TenantConfigurationService - Fetching configurations for tenantId: 1
2025-04-14 00:55:15 [http-nio-8081-exec-1] INFO  b.service.TenantConfigurationService - Found 1 configurations for tenantId: 1
2025-04-14 00:55:15 [http-nio-8081-exec-1] INFO  b.s.impl.HouseCleaningServiceImpl - Using configured shift duration: 4 hours
2025-04-14 00:55:15 [http-nio-8081-exec-1] INFO  b.service.TenantConfigurationService - Fetching configurations for tenantId: 1
2025-04-14 00:55:15 [http-nio-8081-exec-1] INFO  b.service.TenantConfigurationService - Found 1 configurations for tenantId: 1
2025-04-14 00:55:15 [http-nio-8081-exec-1] INFO  b.s.impl.HouseCleaningServiceImpl - Configured morning shift start time: 07:00
2025-04-14 00:55:15 [http-nio-8081-exec-1] INFO  b.s.impl.HouseCleaningServiceImpl - Configured afternoon shift start time: 11:00
2025-04-14 00:55:15 [http-nio-8081-exec-1] INFO  b.s.impl.HouseCleaningServiceImpl - Configured evening shift start time: 15:00
2025-04-14 00:55:15 [http-nio-8081-exec-1] WARN  b.s.impl.HouseCleaningServiceImpl - No booking ID found for room ID 433
2025-04-14 00:55:15 [http-nio-8081-exec-1] INFO  b.service.TenantConfigurationService - Fetching configurations for tenantId: 1
2025-04-14 00:55:15 [http-nio-8081-exec-1] INFO  b.service.TenantConfigurationService - Found 1 configurations for tenantId: 1
2025-04-14 00:55:15 [http-nio-8081-exec-1] INFO  b.s.impl.HouseCleaningServiceImpl - Using configured time interval: 30 minutes
2025-04-14 00:55:15 [http-nio-8081-exec-1] INFO  b.service.TenantConfigurationService - Fetching configurations for tenantId: 1
2025-04-14 00:55:15 [http-nio-8081-exec-1] INFO  b.service.TenantConfigurationService - Found 1 configurations for tenantId: 1
2025-04-14 00:55:15 [http-nio-8081-exec-1] INFO  b.s.impl.HouseCleaningServiceImpl - Using configured shift duration: 4 hours
2025-04-14 00:55:15 [http-nio-8081-exec-1] INFO  b.service.TenantConfigurationService - Fetching configurations for tenantId: 1
2025-04-14 00:55:15 [http-nio-8081-exec-1] INFO  b.service.TenantConfigurationService - Found 1 configurations for tenantId: 1
2025-04-14 00:55:15 [http-nio-8081-exec-1] INFO  b.s.impl.HouseCleaningServiceImpl - Configured morning shift start time: 07:00
2025-04-14 00:55:15 [http-nio-8081-exec-1] INFO  b.s.impl.HouseCleaningServiceImpl - Configured afternoon shift start time: 11:00
2025-04-14 00:55:15 [http-nio-8081-exec-1] INFO  b.s.impl.HouseCleaningServiceImpl - Configured evening shift start time: 15:00
2025-04-14 00:55:15 [http-nio-8081-exec-1] WARN  b.s.impl.HouseCleaningServiceImpl - No booking ID found for room ID 434
2025-04-14 00:55:15 [http-nio-8081-exec-1] INFO  b.service.TenantConfigurationService - Fetching configurations for tenantId: 1
2025-04-14 00:55:15 [http-nio-8081-exec-1] INFO  b.service.TenantConfigurationService - Found 1 configurations for tenantId: 1
2025-04-14 00:55:15 [http-nio-8081-exec-1] INFO  b.s.impl.HouseCleaningServiceImpl - Using configured time interval: 30 minutes
2025-04-14 00:55:15 [http-nio-8081-exec-1] INFO  b.service.TenantConfigurationService - Fetching configurations for tenantId: 1
2025-04-14 00:55:15 [http-nio-8081-exec-1] INFO  b.service.TenantConfigurationService - Found 1 configurations for tenantId: 1
2025-04-14 00:55:15 [http-nio-8081-exec-1] INFO  b.s.impl.HouseCleaningServiceImpl - Using configured shift duration: 4 hours
2025-04-14 00:55:15 [http-nio-8081-exec-1] INFO  b.service.TenantConfigurationService - Fetching configurations for tenantId: 1
2025-04-14 00:55:15 [http-nio-8081-exec-1] INFO  b.service.TenantConfigurationService - Found 1 configurations for tenantId: 1
2025-04-14 00:55:15 [http-nio-8081-exec-1] INFO  b.s.impl.HouseCleaningServiceImpl - Configured morning shift start time: 07:00
2025-04-14 00:55:15 [http-nio-8081-exec-1] INFO  b.s.impl.HouseCleaningServiceImpl - Configured afternoon shift start time: 11:00
2025-04-14 00:55:15 [http-nio-8081-exec-1] INFO  b.s.impl.HouseCleaningServiceImpl - Configured evening shift start time: 15:00
2025-04-14 00:55:15 [http-nio-8081-exec-1] WARN  b.s.impl.HouseCleaningServiceImpl - No booking ID found for room ID 439
2025-04-14 00:55:15 [http-nio-8081-exec-1] INFO  b.service.TenantConfigurationService - Fetching configurations for tenantId: 1
2025-04-14 00:55:15 [http-nio-8081-exec-1] INFO  b.service.TenantConfigurationService - Found 1 configurations for tenantId: 1
2025-04-14 00:55:15 [http-nio-8081-exec-1] INFO  b.s.impl.HouseCleaningServiceImpl - Using configured time interval: 30 minutes
2025-04-14 00:55:15 [http-nio-8081-exec-1] INFO  b.service.TenantConfigurationService - Fetching configurations for tenantId: 1
2025-04-14 00:55:15 [http-nio-8081-exec-1] INFO  b.service.TenantConfigurationService - Found 1 configurations for tenantId: 1
2025-04-14 00:55:15 [http-nio-8081-exec-1] INFO  b.s.impl.HouseCleaningServiceImpl - Using configured shift duration: 4 hours
2025-04-14 00:55:15 [http-nio-8081-exec-1] INFO  b.service.TenantConfigurationService - Fetching configurations for tenantId: 1
2025-04-14 00:55:15 [http-nio-8081-exec-1] INFO  b.service.TenantConfigurationService - Found 1 configurations for tenantId: 1
2025-04-14 00:55:15 [http-nio-8081-exec-1] INFO  b.s.impl.HouseCleaningServiceImpl - Configured morning shift start time: 07:00
2025-04-14 00:55:15 [http-nio-8081-exec-1] INFO  b.s.impl.HouseCleaningServiceImpl - Configured afternoon shift start time: 11:00
2025-04-14 00:55:15 [http-nio-8081-exec-1] INFO  b.s.impl.HouseCleaningServiceImpl - Configured evening shift start time: 15:00
2025-04-14 00:55:15 [http-nio-8081-exec-1] WARN  b.s.impl.HouseCleaningServiceImpl - No booking ID found for room ID 451
2025-04-14 00:55:15 [http-nio-8081-exec-1] INFO  b.service.TenantConfigurationService - Fetching configurations for tenantId: 1
2025-04-14 00:55:15 [http-nio-8081-exec-1] INFO  b.service.TenantConfigurationService - Found 1 configurations for tenantId: 1
2025-04-14 00:55:15 [http-nio-8081-exec-1] INFO  b.s.impl.HouseCleaningServiceImpl - Using configured time interval: 30 minutes
2025-04-14 00:55:15 [http-nio-8081-exec-1] INFO  b.service.TenantConfigurationService - Fetching configurations for tenantId: 1
2025-04-14 00:55:15 [http-nio-8081-exec-1] INFO  b.service.TenantConfigurationService - Found 1 configurations for tenantId: 1
2025-04-14 00:55:15 [http-nio-8081-exec-1] INFO  b.s.impl.HouseCleaningServiceImpl - Using configured shift duration: 4 hours
2025-04-14 00:55:15 [http-nio-8081-exec-1] INFO  b.service.TenantConfigurationService - Fetching configurations for tenantId: 1
2025-04-14 00:55:15 [http-nio-8081-exec-1] INFO  b.service.TenantConfigurationService - Found 1 configurations for tenantId: 1
2025-04-14 00:55:15 [http-nio-8081-exec-1] INFO  b.s.impl.HouseCleaningServiceImpl - Configured morning shift start time: 07:00
2025-04-14 00:55:15 [http-nio-8081-exec-1] INFO  b.s.impl.HouseCleaningServiceImpl - Configured afternoon shift start time: 11:00
2025-04-14 00:55:15 [http-nio-8081-exec-1] INFO  b.s.impl.HouseCleaningServiceImpl - Configured evening shift start time: 15:00
2025-04-14 00:55:15 [http-nio-8081-exec-1] WARN  b.s.impl.HouseCleaningServiceImpl - No booking ID found for room ID 452
2025-04-14 00:55:15 [http-nio-8081-exec-1] INFO  b.service.TenantConfigurationService - Fetching configurations for tenantId: 1
2025-04-14 00:55:15 [http-nio-8081-exec-1] INFO  b.service.TenantConfigurationService - Found 1 configurations for tenantId: 1
2025-04-14 00:55:15 [http-nio-8081-exec-1] INFO  b.s.impl.HouseCleaningServiceImpl - Using configured time interval: 30 minutes
2025-04-14 00:55:15 [http-nio-8081-exec-1] INFO  b.service.TenantConfigurationService - Fetching configurations for tenantId: 1
2025-04-14 00:55:15 [http-nio-8081-exec-1] INFO  b.service.TenantConfigurationService - Found 1 configurations for tenantId: 1
2025-04-14 00:55:15 [http-nio-8081-exec-1] INFO  b.s.impl.HouseCleaningServiceImpl - Using configured shift duration: 4 hours
2025-04-14 00:55:15 [http-nio-8081-exec-1] INFO  b.service.TenantConfigurationService - Fetching configurations for tenantId: 1
2025-04-14 00:55:15 [http-nio-8081-exec-1] INFO  b.service.TenantConfigurationService - Found 1 configurations for tenantId: 1
2025-04-14 00:55:15 [http-nio-8081-exec-1] INFO  b.s.impl.HouseCleaningServiceImpl - Configured morning shift start time: 07:00
2025-04-14 00:55:15 [http-nio-8081-exec-1] INFO  b.s.impl.HouseCleaningServiceImpl - Configured afternoon shift start time: 11:00
2025-04-14 00:55:15 [http-nio-8081-exec-1] INFO  b.s.impl.HouseCleaningServiceImpl - Configured evening shift start time: 15:00
2025-04-14 00:55:15 [http-nio-8081-exec-1] WARN  b.s.impl.HouseCleaningServiceImpl - No booking ID found for room ID 457
2025-04-14 00:55:15 [http-nio-8081-exec-1] INFO  b.service.TenantConfigurationService - Fetching configurations for tenantId: 1
2025-04-14 00:55:15 [http-nio-8081-exec-1] INFO  b.service.TenantConfigurationService - Found 1 configurations for tenantId: 1
2025-04-14 00:55:15 [http-nio-8081-exec-1] INFO  b.s.impl.HouseCleaningServiceImpl - Using configured time interval: 30 minutes
2025-04-14 00:55:15 [http-nio-8081-exec-1] INFO  b.service.TenantConfigurationService - Fetching configurations for tenantId: 1
2025-04-14 00:55:15 [http-nio-8081-exec-1] INFO  b.service.TenantConfigurationService - Found 1 configurations for tenantId: 1
2025-04-14 00:55:15 [http-nio-8081-exec-1] INFO  b.s.impl.HouseCleaningServiceImpl - Using configured shift duration: 4 hours
2025-04-14 00:55:15 [http-nio-8081-exec-1] INFO  b.service.TenantConfigurationService - Fetching configurations for tenantId: 1
2025-04-14 00:55:15 [http-nio-8081-exec-1] INFO  b.service.TenantConfigurationService - Found 1 configurations for tenantId: 1
2025-04-14 00:55:15 [http-nio-8081-exec-1] INFO  b.s.impl.HouseCleaningServiceImpl - Configured morning shift start time: 07:00
2025-04-14 00:55:15 [http-nio-8081-exec-1] INFO  b.s.impl.HouseCleaningServiceImpl - Configured afternoon shift start time: 11:00
2025-04-14 00:55:15 [http-nio-8081-exec-1] INFO  b.s.impl.HouseCleaningServiceImpl - Configured evening shift start time: 15:00
2025-04-14 00:55:15 [http-nio-8081-exec-1] WARN  b.s.impl.HouseCleaningServiceImpl - No booking ID found for room ID 464
2025-04-14 00:55:15 [http-nio-8081-exec-1] INFO  b.service.TenantConfigurationService - Fetching configurations for tenantId: 1
2025-04-14 00:55:15 [http-nio-8081-exec-1] INFO  b.service.TenantConfigurationService - Found 1 configurations for tenantId: 1
2025-04-14 00:55:15 [http-nio-8081-exec-1] INFO  b.s.impl.HouseCleaningServiceImpl - Using configured time interval: 30 minutes
2025-04-14 00:55:15 [http-nio-8081-exec-1] INFO  b.service.TenantConfigurationService - Fetching configurations for tenantId: 1
2025-04-14 00:55:15 [http-nio-8081-exec-1] INFO  b.service.TenantConfigurationService - Found 1 configurations for tenantId: 1
2025-04-14 00:55:15 [http-nio-8081-exec-1] INFO  b.s.impl.HouseCleaningServiceImpl - Using configured shift duration: 4 hours
2025-04-14 00:55:15 [http-nio-8081-exec-1] INFO  b.service.TenantConfigurationService - Fetching configurations for tenantId: 1
2025-04-14 00:55:15 [http-nio-8081-exec-1] INFO  b.service.TenantConfigurationService - Found 1 configurations for tenantId: 1
2025-04-14 00:55:15 [http-nio-8081-exec-1] INFO  b.s.impl.HouseCleaningServiceImpl - Configured morning shift start time: 07:00
2025-04-14 00:55:15 [http-nio-8081-exec-1] INFO  b.s.impl.HouseCleaningServiceImpl - Configured afternoon shift start time: 11:00
2025-04-14 00:55:15 [http-nio-8081-exec-1] INFO  b.s.impl.HouseCleaningServiceImpl - Configured evening shift start time: 15:00
2025-04-14 00:55:15 [http-nio-8081-exec-1] WARN  b.s.impl.HouseCleaningServiceImpl - No booking ID found for room ID 469
2025-04-14 00:55:15 [http-nio-8081-exec-1] INFO  b.service.TenantConfigurationService - Fetching configurations for tenantId: 1
2025-04-14 00:55:15 [http-nio-8081-exec-1] INFO  b.service.TenantConfigurationService - Found 1 configurations for tenantId: 1
2025-04-14 00:55:15 [http-nio-8081-exec-1] INFO  b.s.impl.HouseCleaningServiceImpl - Using configured time interval: 30 minutes
2025-04-14 00:55:15 [http-nio-8081-exec-1] INFO  b.service.TenantConfigurationService - Fetching configurations for tenantId: 1
2025-04-14 00:55:15 [http-nio-8081-exec-1] INFO  b.service.TenantConfigurationService - Found 1 configurations for tenantId: 1
2025-04-14 00:55:15 [http-nio-8081-exec-1] INFO  b.s.impl.HouseCleaningServiceImpl - Using configured shift duration: 4 hours
2025-04-14 00:55:15 [http-nio-8081-exec-1] INFO  b.service.TenantConfigurationService - Fetching configurations for tenantId: 1
2025-04-14 00:55:15 [http-nio-8081-exec-1] INFO  b.service.TenantConfigurationService - Found 1 configurations for tenantId: 1
2025-04-14 00:55:15 [http-nio-8081-exec-1] INFO  b.s.impl.HouseCleaningServiceImpl - Configured morning shift start time: 07:00
2025-04-14 00:55:15 [http-nio-8081-exec-1] INFO  b.s.impl.HouseCleaningServiceImpl - Configured afternoon shift start time: 11:00
2025-04-14 00:55:15 [http-nio-8081-exec-1] INFO  b.s.impl.HouseCleaningServiceImpl - Configured evening shift start time: 15:00
2025-04-14 00:55:15 [http-nio-8081-exec-1] WARN  b.s.impl.HouseCleaningServiceImpl - No booking ID found for room ID 470
2025-04-14 00:55:42 [http-nio-8081-exec-3] DEBUG o.s.security.web.FilterChainProxy - Securing POST /api/house-cleaning/assign-staff?date=2025-05-01&shift=MORNING_SHIFT
2025-04-14 00:55:42 [http-nio-8081-exec-3] DEBUG o.s.s.w.a.AnonymousAuthenticationFilter - Set SecurityContextHolder to anonymous SecurityContext
2025-04-14 00:55:42 [http-nio-8081-exec-3] DEBUG o.s.security.web.FilterChainProxy - Secured POST /api/house-cleaning/assign-staff?date=2025-05-01&shift=MORNING_SHIFT
2025-04-14 00:55:42 [http-nio-8081-exec-3] INFO  b.s.impl.HouseCleaningServiceImpl - Assigning staff to schedules for date: 2025-05-01 and shift: MORNING_SHIFT
2025-04-14 00:55:42 [http-nio-8081-exec-3] INFO  b.service.TenantConfigurationService - Fetching configurations for tenantId: 1
2025-04-14 00:55:42 [http-nio-8081-exec-3] INFO  b.service.TenantConfigurationService - Found 1 configurations for tenantId: 1
2025-04-14 00:55:42 [http-nio-8081-exec-3] INFO  b.s.impl.HouseCleaningServiceImpl - Using configured shift duration: 4 hours
2025-04-14 00:55:42 [http-nio-8081-exec-3] INFO  b.service.TenantConfigurationService - Fetching configurations for tenantId: 1
2025-04-14 00:55:42 [http-nio-8081-exec-3] INFO  b.service.TenantConfigurationService - Found 1 configurations for tenantId: 1
2025-04-14 00:55:42 [http-nio-8081-exec-3] INFO  b.s.impl.HouseCleaningServiceImpl - Using configured daily cleaning duration: 30 minutes
2025-04-14 00:55:42 [http-nio-8081-exec-3] INFO  b.service.TenantConfigurationService - Fetching configurations for tenantId: 1
2025-04-14 00:55:42 [http-nio-8081-exec-3] INFO  b.service.TenantConfigurationService - Found 1 configurations for tenantId: 1
2025-04-14 00:55:42 [http-nio-8081-exec-3] INFO  b.s.impl.HouseCleaningServiceImpl - Using configured deep cleaning duration: 120 minutes
2025-04-14 00:55:43 [http-nio-8081-exec-3] WARN  b.s.impl.HouseCleaningServiceImpl - Staff shortage detected for shift MORNING_SHIFT. Required: 3, Available: 2. Attempting to redistribute staff from other shifts.
2025-04-14 00:55:43 [http-nio-8081-exec-3] INFO  b.s.impl.HouseCleaningServiceImpl - STAFF REDISTRIBUTION: Analyzing all shifts to find staff for MORNING_SHIFT
2025-04-14 00:55:43 [http-nio-8081-exec-3] INFO  b.service.TenantConfigurationService - Fetching configurations for tenantId: 1
2025-04-14 00:55:43 [http-nio-8081-exec-3] INFO  b.service.TenantConfigurationService - Found 1 configurations for tenantId: 1
2025-04-14 00:55:43 [http-nio-8081-exec-3] INFO  b.s.impl.HouseCleaningServiceImpl - Using configured daily cleaning duration: 30 minutes
2025-04-14 00:55:43 [http-nio-8081-exec-3] INFO  b.service.TenantConfigurationService - Fetching configurations for tenantId: 1
2025-04-14 00:55:43 [http-nio-8081-exec-3] INFO  b.service.TenantConfigurationService - Found 1 configurations for tenantId: 1
2025-04-14 00:55:43 [http-nio-8081-exec-3] INFO  b.s.impl.HouseCleaningServiceImpl - Using configured shift duration: 4 hours
2025-04-14 00:55:43 [http-nio-8081-exec-3] INFO  b.s.impl.HouseCleaningServiceImpl - Need to move 1 staff to shift MORNING_SHIFT
2025-04-14 00:55:43 [http-nio-8081-exec-3] INFO  b.s.impl.HouseCleaningServiceImpl - STAFF ANALYSIS - Shift AFTERNOON_SHIFT: 0 rooms, 0 staff available, 0 staff required, 0 excess staff
2025-04-14 00:55:43 [http-nio-8081-exec-3] INFO  b.s.impl.HouseCleaningServiceImpl - STAFF ANALYSIS - Shift EVENING_SHIFT: 0 rooms, 3 staff available, 0 staff required, 3 excess staff
2025-04-14 00:55:43 [http-nio-8081-exec-3] INFO  b.s.impl.HouseCleaningServiceImpl - Moving 1 excess staff from shift EVENING_SHIFT to shift MORNING_SHIFT
2025-04-14 00:55:43 [http-nio-8081-exec-3] INFO  b.s.impl.HouseCleaningServiceImpl - Moved staff 3 from shift EVENING_SHIFT to shift MORNING_SHIFT
2025-04-14 00:55:43 [http-nio-8081-exec-3] INFO  b.s.impl.HouseCleaningServiceImpl - Successfully moved 1 staff to shift MORNING_SHIFT. Requirement met.
2025-04-14 00:55:43 [http-nio-8081-exec-3] INFO  b.s.impl.HouseCleaningServiceImpl - After redistribution: 3 staff available for shift MORNING_SHIFT
2025-04-14 00:55:43 [http-nio-8081-exec-3] INFO  b.service.TenantConfigurationService - Fetching configurations for tenantId: 1
2025-04-14 00:55:43 [http-nio-8081-exec-3] INFO  b.service.TenantConfigurationService - Found 1 configurations for tenantId: 1
2025-04-14 00:55:43 [http-nio-8081-exec-3] INFO  b.s.impl.HouseCleaningServiceImpl - Configured morning shift start time: 07:00
2025-04-14 00:55:43 [http-nio-8081-exec-3] INFO  b.s.impl.HouseCleaningServiceImpl - Configured afternoon shift start time: 11:00
2025-04-14 00:55:43 [http-nio-8081-exec-3] INFO  b.s.impl.HouseCleaningServiceImpl - Configured evening shift start time: 15:00
2025-04-14 00:55:43 [http-nio-8081-exec-3] INFO  b.service.TenantConfigurationService - Fetching configurations for tenantId: 1
2025-04-14 00:55:43 [http-nio-8081-exec-3] INFO  b.service.TenantConfigurationService - Found 1 configurations for tenantId: 1
2025-04-14 00:55:43 [http-nio-8081-exec-3] INFO  b.s.impl.HouseCleaningServiceImpl - Configured morning shift start time: 07:00
2025-04-14 00:55:43 [http-nio-8081-exec-3] INFO  b.s.impl.HouseCleaningServiceImpl - Configured afternoon shift start time: 11:00
2025-04-14 00:55:43 [http-nio-8081-exec-3] INFO  b.s.impl.HouseCleaningServiceImpl - Configured evening shift start time: 15:00
2025-04-14 00:55:43 [http-nio-8081-exec-3] INFO  b.service.TenantConfigurationService - Fetching configurations for tenantId: 1
2025-04-14 00:55:43 [http-nio-8081-exec-3] INFO  b.service.TenantConfigurationService - Found 1 configurations for tenantId: 1
2025-04-14 00:55:43 [http-nio-8081-exec-3] INFO  b.s.impl.HouseCleaningServiceImpl - Using configured shift duration: 4 hours
2025-04-14 00:55:43 [http-nio-8081-exec-3] INFO  b.s.impl.HouseCleaningServiceImpl - Shift time: 07:00 to 11:00
2025-04-14 00:55:43 [http-nio-8081-exec-3] INFO  b.s.impl.HouseCleaningServiceImpl - STAFF REQUIREMENTS: 3 staff needed for 22 rooms in shift MORNING_SHIFT. 3 staff available, 0 excess staff.
2025-04-14 00:55:43 [http-nio-8081-exec-3] INFO  b.s.impl.HouseCleaningServiceImpl - Assigned staff 2 to room 421 for cleaning from 07:00 to 07:30, staff utilization=12.5%
2025-04-14 00:55:43 [http-nio-8081-exec-3] INFO  b.s.impl.HouseCleaningServiceImpl - Assigned staff 9 to room 422 for cleaning from 07:00 to 07:30, staff utilization=12.5%
2025-04-14 00:55:43 [http-nio-8081-exec-3] INFO  b.s.impl.HouseCleaningServiceImpl - Assigned staff 3 to room 433 for cleaning from 07:00 to 07:30, staff utilization=12.5%
2025-04-14 00:55:43 [http-nio-8081-exec-3] INFO  b.s.impl.HouseCleaningServiceImpl - Assigned staff 2 to room 434 for cleaning from 07:30 to 08:00, staff utilization=25.0%
2025-04-14 00:55:43 [http-nio-8081-exec-3] INFO  b.s.impl.HouseCleaningServiceImpl - Assigned staff 9 to room 439 for cleaning from 07:30 to 08:00, staff utilization=25.0%
2025-04-14 00:55:43 [http-nio-8081-exec-3] INFO  b.s.impl.HouseCleaningServiceImpl - Assigned staff 3 to room 451 for cleaning from 07:30 to 08:00, staff utilization=25.0%
2025-04-14 00:55:43 [http-nio-8081-exec-3] INFO  b.s.impl.HouseCleaningServiceImpl - Assigned staff 2 to room 452 for cleaning from 08:00 to 08:30, staff utilization=37.5%
2025-04-14 00:55:43 [http-nio-8081-exec-3] INFO  b.s.impl.HouseCleaningServiceImpl - Assigned staff 9 to room 457 for cleaning from 08:00 to 08:30, staff utilization=37.5%
2025-04-14 00:55:43 [http-nio-8081-exec-3] INFO  b.s.impl.HouseCleaningServiceImpl - Assigned staff 3 to room 464 for cleaning from 08:00 to 08:30, staff utilization=37.5%
2025-04-14 00:55:43 [http-nio-8081-exec-3] INFO  b.s.impl.HouseCleaningServiceImpl - Assigned staff 2 to room 469 for cleaning from 08:30 to 09:00, staff utilization=50.0%
2025-04-14 00:55:43 [http-nio-8081-exec-3] INFO  b.s.impl.HouseCleaningServiceImpl - Assigned staff 9 to room 470 for cleaning from 08:30 to 09:00, staff utilization=50.0%
2025-04-14 00:55:43 [http-nio-8081-exec-3] INFO  b.s.impl.HouseCleaningServiceImpl - Assigned staff 3 to room 421 for cleaning from 08:30 to 09:00, staff utilization=50.0%
2025-04-14 00:55:43 [http-nio-8081-exec-3] INFO  b.s.impl.HouseCleaningServiceImpl - Assigned staff 2 to room 422 for cleaning from 09:00 to 09:30, staff utilization=62.5%
2025-04-14 00:55:43 [http-nio-8081-exec-3] INFO  b.s.impl.HouseCleaningServiceImpl - Assigned staff 9 to room 433 for cleaning from 09:00 to 09:30, staff utilization=62.5%
2025-04-14 00:55:43 [http-nio-8081-exec-3] INFO  b.s.impl.HouseCleaningServiceImpl - Assigned staff 3 to room 434 for cleaning from 09:00 to 09:30, staff utilization=62.5%
2025-04-14 00:55:43 [http-nio-8081-exec-3] INFO  b.s.impl.HouseCleaningServiceImpl - Assigned staff 2 to room 439 for cleaning from 09:30 to 10:00, staff utilization=75.0%
2025-04-14 00:55:43 [http-nio-8081-exec-3] INFO  b.s.impl.HouseCleaningServiceImpl - Assigned staff 9 to room 451 for cleaning from 09:30 to 10:00, staff utilization=75.0%
2025-04-14 00:55:43 [http-nio-8081-exec-3] INFO  b.s.impl.HouseCleaningServiceImpl - Assigned staff 3 to room 452 for cleaning from 09:30 to 10:00, staff utilization=75.0%
2025-04-14 00:55:43 [http-nio-8081-exec-3] INFO  b.s.impl.HouseCleaningServiceImpl - Assigned staff 2 to room 457 for cleaning from 10:00 to 10:30, staff utilization=87.5%
2025-04-14 00:55:43 [http-nio-8081-exec-3] INFO  b.s.impl.HouseCleaningServiceImpl - Assigned staff 9 to room 464 for cleaning from 10:00 to 10:30, staff utilization=87.5%
2025-04-14 00:55:43 [http-nio-8081-exec-3] INFO  b.s.impl.HouseCleaningServiceImpl - Assigned staff 3 to room 469 for cleaning from 10:00 to 10:30, staff utilization=87.5%
2025-04-14 00:55:43 [http-nio-8081-exec-3] INFO  b.s.impl.HouseCleaningServiceImpl - Assigned staff 2 to room 470 for cleaning from 10:30 to 11:00, staff utilization=100.0%
2025-04-14 00:55:43 [http-nio-8081-exec-3] INFO  b.s.impl.HouseCleaningServiceImpl - Staff 2 has 8 rooms assigned (utilization: 100.0%)
2025-04-14 00:55:43 [http-nio-8081-exec-3] INFO  b.s.impl.HouseCleaningServiceImpl -   - Room 421 at 07:00
2025-04-14 00:55:43 [http-nio-8081-exec-3] INFO  b.s.impl.HouseCleaningServiceImpl -   - Room 434 at 07:30
2025-04-14 00:55:43 [http-nio-8081-exec-3] INFO  b.s.impl.HouseCleaningServiceImpl -   - Room 452 at 08:00
2025-04-14 00:55:43 [http-nio-8081-exec-3] INFO  b.s.impl.HouseCleaningServiceImpl -   - Room 469 at 08:30
2025-04-14 00:55:43 [http-nio-8081-exec-3] INFO  b.s.impl.HouseCleaningServiceImpl -   - Room 422 at 09:00
2025-04-14 00:55:43 [http-nio-8081-exec-3] INFO  b.s.impl.HouseCleaningServiceImpl -   - Room 439 at 09:30
2025-04-14 00:55:43 [http-nio-8081-exec-3] INFO  b.s.impl.HouseCleaningServiceImpl -   - Room 457 at 10:00
2025-04-14 00:55:43 [http-nio-8081-exec-3] INFO  b.s.impl.HouseCleaningServiceImpl -   - Room 470 at 10:30
2025-04-14 00:55:43 [http-nio-8081-exec-3] INFO  b.s.impl.HouseCleaningServiceImpl -   - Staff 2 is working from 07:00 to 11:00 (utilization: 100.0%)
2025-04-14 00:55:43 [http-nio-8081-exec-3] INFO  b.s.impl.HouseCleaningServiceImpl - Staff 9 has 7 rooms assigned (utilization: 87.5%)
2025-04-14 00:55:43 [http-nio-8081-exec-3] INFO  b.s.impl.HouseCleaningServiceImpl -   - Room 422 at 07:00
2025-04-14 00:55:43 [http-nio-8081-exec-3] INFO  b.s.impl.HouseCleaningServiceImpl -   - Room 439 at 07:30
2025-04-14 00:55:43 [http-nio-8081-exec-3] INFO  b.s.impl.HouseCleaningServiceImpl -   - Room 457 at 08:00
2025-04-14 00:55:43 [http-nio-8081-exec-3] INFO  b.s.impl.HouseCleaningServiceImpl -   - Room 470 at 08:30
2025-04-14 00:55:43 [http-nio-8081-exec-3] INFO  b.s.impl.HouseCleaningServiceImpl -   - Room 433 at 09:00
2025-04-14 00:55:43 [http-nio-8081-exec-3] INFO  b.s.impl.HouseCleaningServiceImpl -   - Room 451 at 09:30
2025-04-14 00:55:43 [http-nio-8081-exec-3] INFO  b.s.impl.HouseCleaningServiceImpl -   - Room 464 at 10:00
2025-04-14 00:55:43 [http-nio-8081-exec-3] INFO  b.s.impl.HouseCleaningServiceImpl -   - Staff 9 is working from 07:00 to 10:30 (utilization: 87.5%)
2025-04-14 00:55:43 [http-nio-8081-exec-3] INFO  b.s.impl.HouseCleaningServiceImpl - Staff 3 has 7 rooms assigned (utilization: 87.5%)
2025-04-14 00:55:43 [http-nio-8081-exec-3] INFO  b.s.impl.HouseCleaningServiceImpl -   - Room 433 at 07:00
2025-04-14 00:55:43 [http-nio-8081-exec-3] INFO  b.s.impl.HouseCleaningServiceImpl -   - Room 451 at 07:30
2025-04-14 00:55:43 [http-nio-8081-exec-3] INFO  b.s.impl.HouseCleaningServiceImpl -   - Room 464 at 08:00
2025-04-14 00:55:43 [http-nio-8081-exec-3] INFO  b.s.impl.HouseCleaningServiceImpl -   - Room 421 at 08:30
2025-04-14 00:55:43 [http-nio-8081-exec-3] INFO  b.s.impl.HouseCleaningServiceImpl -   - Room 434 at 09:00
2025-04-14 00:55:43 [http-nio-8081-exec-3] INFO  b.s.impl.HouseCleaningServiceImpl -   - Room 452 at 09:30
2025-04-14 00:55:43 [http-nio-8081-exec-3] INFO  b.s.impl.HouseCleaningServiceImpl -   - Room 469 at 10:00
2025-04-14 00:55:43 [http-nio-8081-exec-3] INFO  b.s.impl.HouseCleaningServiceImpl -   - Staff 3 is working from 07:00 to 10:30 (utilization: 87.5%)
2025-04-14 00:55:43 [http-nio-8081-exec-3] INFO  b.s.impl.HouseCleaningServiceImpl - Saved schedule for room 421: staffId=2, scheduledTime=07:00
2025-04-14 00:55:43 [http-nio-8081-exec-3] INFO  b.s.impl.HouseCleaningServiceImpl - Saved schedule for room 422: staffId=9, scheduledTime=07:00
2025-04-14 00:55:43 [http-nio-8081-exec-3] INFO  b.s.impl.HouseCleaningServiceImpl - Saved schedule for room 433: staffId=3, scheduledTime=07:00
2025-04-14 00:55:43 [http-nio-8081-exec-3] INFO  b.s.impl.HouseCleaningServiceImpl - Saved schedule for room 434: staffId=2, scheduledTime=07:30
2025-04-14 00:55:43 [http-nio-8081-exec-3] INFO  b.s.impl.HouseCleaningServiceImpl - Saved schedule for room 439: staffId=9, scheduledTime=07:30
2025-04-14 00:55:43 [http-nio-8081-exec-3] INFO  b.s.impl.HouseCleaningServiceImpl - Saved schedule for room 451: staffId=3, scheduledTime=07:30
2025-04-14 00:55:43 [http-nio-8081-exec-3] INFO  b.s.impl.HouseCleaningServiceImpl - Saved schedule for room 452: staffId=2, scheduledTime=08:00
2025-04-14 00:55:43 [http-nio-8081-exec-3] INFO  b.s.impl.HouseCleaningServiceImpl - Saved schedule for room 457: staffId=9, scheduledTime=08:00
2025-04-14 00:55:43 [http-nio-8081-exec-3] INFO  b.s.impl.HouseCleaningServiceImpl - Saved schedule for room 464: staffId=3, scheduledTime=08:00
2025-04-14 00:55:43 [http-nio-8081-exec-3] INFO  b.s.impl.HouseCleaningServiceImpl - Saved schedule for room 469: staffId=2, scheduledTime=08:30
2025-04-14 00:55:43 [http-nio-8081-exec-3] INFO  b.s.impl.HouseCleaningServiceImpl - Saved schedule for room 470: staffId=9, scheduledTime=08:30
2025-04-14 00:55:43 [http-nio-8081-exec-3] INFO  b.s.impl.HouseCleaningServiceImpl - Saved schedule for room 421: staffId=3, scheduledTime=08:30
2025-04-14 00:55:43 [http-nio-8081-exec-3] INFO  b.s.impl.HouseCleaningServiceImpl - Saved schedule for room 422: staffId=2, scheduledTime=09:00
2025-04-14 00:55:43 [http-nio-8081-exec-3] INFO  b.s.impl.HouseCleaningServiceImpl - Saved schedule for room 433: staffId=9, scheduledTime=09:00
2025-04-14 00:55:43 [http-nio-8081-exec-3] INFO  b.s.impl.HouseCleaningServiceImpl - Saved schedule for room 434: staffId=3, scheduledTime=09:00
2025-04-14 00:55:43 [http-nio-8081-exec-3] INFO  b.s.impl.HouseCleaningServiceImpl - Saved schedule for room 439: staffId=2, scheduledTime=09:30
2025-04-14 00:55:43 [http-nio-8081-exec-3] INFO  b.s.impl.HouseCleaningServiceImpl - Saved schedule for room 451: staffId=9, scheduledTime=09:30
2025-04-14 00:55:43 [http-nio-8081-exec-3] INFO  b.s.impl.HouseCleaningServiceImpl - Saved schedule for room 452: staffId=3, scheduledTime=09:30
2025-04-14 00:55:43 [http-nio-8081-exec-3] INFO  b.s.impl.HouseCleaningServiceImpl - Saved schedule for room 457: staffId=2, scheduledTime=10:00
2025-04-14 00:55:43 [http-nio-8081-exec-3] INFO  b.s.impl.HouseCleaningServiceImpl - Saved schedule for room 464: staffId=9, scheduledTime=10:00
2025-04-14 00:55:43 [http-nio-8081-exec-3] INFO  b.s.impl.HouseCleaningServiceImpl - Saved schedule for room 469: staffId=3, scheduledTime=10:00
2025-04-14 00:55:43 [http-nio-8081-exec-3] INFO  b.s.impl.HouseCleaningServiceImpl - Saved schedule for room 470: staffId=2, scheduledTime=10:30
2025-04-14 00:56:02 [http-nio-8081-exec-5] DEBUG o.s.security.web.FilterChainProxy - Securing POST /api/house-cleaning/generate?date=2025-05-01
2025-04-14 00:56:02 [http-nio-8081-exec-5] DEBUG o.s.s.w.a.AnonymousAuthenticationFilter - Set SecurityContextHolder to anonymous SecurityContext
2025-04-14 00:56:02 [http-nio-8081-exec-5] DEBUG o.s.security.web.FilterChainProxy - Secured POST /api/house-cleaning/generate?date=2025-05-01
2025-04-14 00:56:02 [http-nio-8081-exec-5] INFO  b.s.impl.HouseCleaningServiceImpl - Generating cleaning schedules for date: 2025-05-01
2025-04-14 00:56:02 [http-nio-8081-exec-5] INFO  b.service.TenantConfigurationService - Fetching configurations for tenantId: 1
2025-04-14 00:56:02 [http-nio-8081-exec-5] INFO  b.service.TenantConfigurationService - Found 1 configurations for tenantId: 1
2025-04-14 00:56:02 [http-nio-8081-exec-5] INFO  b.s.impl.HouseCleaningServiceImpl - Using configured check-in time: 13:00
2025-04-14 00:56:02 [http-nio-8081-exec-5] INFO  b.service.TenantConfigurationService - Fetching configurations for tenantId: 1
2025-04-14 00:56:02 [http-nio-8081-exec-5] INFO  b.service.TenantConfigurationService - Found 1 configurations for tenantId: 1
2025-04-14 00:56:02 [http-nio-8081-exec-5] INFO  b.s.impl.HouseCleaningServiceImpl - Using configured check-out time: 11:00
2025-04-14 00:56:02 [http-nio-8081-exec-5] INFO  b.s.impl.HouseCleaningServiceImpl - Found 10 check-in bookings, 0 check-out bookings, and 10 current bookings for date 2025-05-01
2025-04-14 00:56:02 [http-nio-8081-exec-5] INFO  b.s.impl.BookedRoomsServiceImpl - Checking check-in rooms for date: 2025-05-01
2025-04-14 00:56:02 [http-nio-8081-exec-5] INFO  b.s.impl.BookedRoomsServiceImpl - Found 10 transactions with check-in date 2025-05-01
2025-04-14 00:56:02 [http-nio-8081-exec-5] INFO  b.s.impl.BookedRoomsServiceImpl - Booking IDs for check-in: [13, 12, 15, 14, 53, 55, 59, 60, 155, 318]
2025-04-14 00:56:04 [http-nio-8081-exec-5] INFO  b.s.impl.BookedRoomsServiceImpl - Room IDs for bookings [13, 12, 15, 14, 53, 55, 59, 60, 155, 318]: [421, 422, 433, 434, 439, 451, 452, 457, 464, 469, 470]
2025-04-14 00:56:04 [http-nio-8081-exec-5] INFO  b.s.impl.BookedRoomsServiceImpl - Checking check-out rooms for date: 2025-05-01
2025-04-14 00:56:04 [http-nio-8081-exec-5] INFO  b.s.impl.BookedRoomsServiceImpl - Found 0 transactions with check-out date 2025-05-01
2025-04-14 00:56:04 [http-nio-8081-exec-5] INFO  b.s.impl.BookedRoomsServiceImpl - Booking IDs for check-out: []
2025-04-14 00:56:04 [http-nio-8081-exec-5] INFO  b.s.impl.BookedRoomsServiceImpl - No booking IDs found, returning empty list
2025-04-14 00:56:04 [http-nio-8081-exec-5] INFO  b.s.impl.BookedRoomsServiceImpl - Checking currently booked rooms for date: 2025-05-01T00:00:00Z
2025-04-14 00:56:05 [http-nio-8081-exec-5] INFO  b.s.impl.BookedRoomsServiceImpl - Currently booked room IDs: [421, 422, 433, 434, 439, 451, 452, 457, 464, 469, 470]
2025-04-14 00:56:05 [http-nio-8081-exec-5] INFO  b.s.impl.HouseCleaningServiceImpl - Found 11 check-in rooms, 0 check-out rooms, and 11 current rooms for date 2025-05-01
2025-04-14 00:56:05 [http-nio-8081-exec-5] WARN  b.s.impl.HouseCleaningServiceImpl - Could not extract room ID from booking details for booking ID 13
2025-04-14 00:56:05 [http-nio-8081-exec-5] WARN  b.s.impl.HouseCleaningServiceImpl - Could not extract room ID from booking details for booking ID 12
2025-04-14 00:56:05 [http-nio-8081-exec-5] WARN  b.s.impl.HouseCleaningServiceImpl - Could not extract room ID from booking details for booking ID 15
2025-04-14 00:56:05 [http-nio-8081-exec-5] WARN  b.s.impl.HouseCleaningServiceImpl - Could not extract room ID from booking details for booking ID 14
2025-04-14 00:56:05 [http-nio-8081-exec-5] WARN  b.s.impl.HouseCleaningServiceImpl - Could not extract room ID from booking details for booking ID 53
2025-04-14 00:56:05 [http-nio-8081-exec-5] WARN  b.s.impl.HouseCleaningServiceImpl - Could not extract room ID from booking details for booking ID 55
2025-04-14 00:56:05 [http-nio-8081-exec-5] WARN  b.s.impl.HouseCleaningServiceImpl - Could not extract room ID from booking details for booking ID 59
2025-04-14 00:56:05 [http-nio-8081-exec-5] WARN  b.s.impl.HouseCleaningServiceImpl - Could not extract room ID from booking details for booking ID 60
2025-04-14 00:56:05 [http-nio-8081-exec-5] WARN  b.s.impl.HouseCleaningServiceImpl - Could not extract room ID from booking details for booking ID 155
2025-04-14 00:56:05 [http-nio-8081-exec-5] WARN  b.s.impl.HouseCleaningServiceImpl - Could not extract room ID from booking details for booking ID 318
2025-04-14 00:56:05 [http-nio-8081-exec-5] WARN  b.s.impl.HouseCleaningServiceImpl - Could not extract room ID from booking details for booking ID 13
2025-04-14 00:56:05 [http-nio-8081-exec-5] WARN  b.s.impl.HouseCleaningServiceImpl - Could not extract room ID from booking details for booking ID 12
2025-04-14 00:56:05 [http-nio-8081-exec-5] WARN  b.s.impl.HouseCleaningServiceImpl - Could not extract room ID from booking details for booking ID 15
2025-04-14 00:56:05 [http-nio-8081-exec-5] WARN  b.s.impl.HouseCleaningServiceImpl - Could not extract room ID from booking details for booking ID 14
2025-04-14 00:56:05 [http-nio-8081-exec-5] WARN  b.s.impl.HouseCleaningServiceImpl - Could not extract room ID from booking details for booking ID 53
2025-04-14 00:56:05 [http-nio-8081-exec-5] WARN  b.s.impl.HouseCleaningServiceImpl - Could not extract room ID from booking details for booking ID 55
2025-04-14 00:56:05 [http-nio-8081-exec-5] WARN  b.s.impl.HouseCleaningServiceImpl - Could not extract room ID from booking details for booking ID 59
2025-04-14 00:56:05 [http-nio-8081-exec-5] WARN  b.s.impl.HouseCleaningServiceImpl - Could not extract room ID from booking details for booking ID 60
2025-04-14 00:56:05 [http-nio-8081-exec-5] WARN  b.s.impl.HouseCleaningServiceImpl - Could not extract room ID from booking details for booking ID 155
2025-04-14 00:56:05 [http-nio-8081-exec-5] WARN  b.s.impl.HouseCleaningServiceImpl - Could not extract room ID from booking details for booking ID 318
2025-04-14 00:56:05 [http-nio-8081-exec-5] INFO  b.s.impl.HouseCleaningServiceImpl - Room to booking map: {}
2025-04-14 00:56:05 [http-nio-8081-exec-5] INFO  b.service.TenantConfigurationService - Fetching configurations for tenantId: 1
2025-04-14 00:56:05 [http-nio-8081-exec-5] INFO  b.service.TenantConfigurationService - Found 1 configurations for tenantId: 1
2025-04-14 00:56:05 [http-nio-8081-exec-5] INFO  b.s.impl.HouseCleaningServiceImpl - Using configured time interval: 30 minutes
2025-04-14 00:56:05 [http-nio-8081-exec-5] INFO  b.service.TenantConfigurationService - Fetching configurations for tenantId: 1
2025-04-14 00:56:05 [http-nio-8081-exec-5] INFO  b.service.TenantConfigurationService - Found 1 configurations for tenantId: 1
2025-04-14 00:56:05 [http-nio-8081-exec-5] INFO  b.s.impl.HouseCleaningServiceImpl - Using configured shift duration: 4 hours
2025-04-14 00:56:05 [http-nio-8081-exec-5] INFO  b.service.TenantConfigurationService - Fetching configurations for tenantId: 1
2025-04-14 00:56:05 [http-nio-8081-exec-5] INFO  b.service.TenantConfigurationService - Found 1 configurations for tenantId: 1
2025-04-14 00:56:05 [http-nio-8081-exec-5] INFO  b.s.impl.HouseCleaningServiceImpl - Configured morning shift start time: 07:00
2025-04-14 00:56:05 [http-nio-8081-exec-5] INFO  b.s.impl.HouseCleaningServiceImpl - Configured afternoon shift start time: 11:00
2025-04-14 00:56:05 [http-nio-8081-exec-5] INFO  b.s.impl.HouseCleaningServiceImpl - Configured evening shift start time: 15:00
2025-04-14 00:56:05 [http-nio-8081-exec-5] WARN  b.s.impl.HouseCleaningServiceImpl - No booking ID found for room ID 421
2025-04-14 00:56:05 [http-nio-8081-exec-5] INFO  b.service.TenantConfigurationService - Fetching configurations for tenantId: 1
2025-04-14 00:56:05 [http-nio-8081-exec-5] INFO  b.service.TenantConfigurationService - Found 1 configurations for tenantId: 1
2025-04-14 00:56:05 [http-nio-8081-exec-5] INFO  b.s.impl.HouseCleaningServiceImpl - Using configured time interval: 30 minutes
2025-04-14 00:56:05 [http-nio-8081-exec-5] INFO  b.service.TenantConfigurationService - Fetching configurations for tenantId: 1
2025-04-14 00:56:05 [http-nio-8081-exec-5] INFO  b.service.TenantConfigurationService - Found 1 configurations for tenantId: 1
2025-04-14 00:56:05 [http-nio-8081-exec-5] INFO  b.s.impl.HouseCleaningServiceImpl - Using configured shift duration: 4 hours
2025-04-14 00:56:05 [http-nio-8081-exec-5] INFO  b.service.TenantConfigurationService - Fetching configurations for tenantId: 1
2025-04-14 00:56:05 [http-nio-8081-exec-5] INFO  b.service.TenantConfigurationService - Found 1 configurations for tenantId: 1
2025-04-14 00:56:05 [http-nio-8081-exec-5] INFO  b.s.impl.HouseCleaningServiceImpl - Configured morning shift start time: 07:00
2025-04-14 00:56:05 [http-nio-8081-exec-5] INFO  b.s.impl.HouseCleaningServiceImpl - Configured afternoon shift start time: 11:00
2025-04-14 00:56:05 [http-nio-8081-exec-5] INFO  b.s.impl.HouseCleaningServiceImpl - Configured evening shift start time: 15:00
2025-04-14 00:56:05 [http-nio-8081-exec-5] WARN  b.s.impl.HouseCleaningServiceImpl - No booking ID found for room ID 422
2025-04-14 00:56:05 [http-nio-8081-exec-5] INFO  b.service.TenantConfigurationService - Fetching configurations for tenantId: 1
2025-04-14 00:56:05 [http-nio-8081-exec-5] INFO  b.service.TenantConfigurationService - Found 1 configurations for tenantId: 1
2025-04-14 00:56:05 [http-nio-8081-exec-5] INFO  b.s.impl.HouseCleaningServiceImpl - Using configured time interval: 30 minutes
2025-04-14 00:56:05 [http-nio-8081-exec-5] INFO  b.service.TenantConfigurationService - Fetching configurations for tenantId: 1
2025-04-14 00:56:05 [http-nio-8081-exec-5] INFO  b.service.TenantConfigurationService - Found 1 configurations for tenantId: 1
2025-04-14 00:56:05 [http-nio-8081-exec-5] INFO  b.s.impl.HouseCleaningServiceImpl - Using configured shift duration: 4 hours
2025-04-14 00:56:05 [http-nio-8081-exec-5] INFO  b.service.TenantConfigurationService - Fetching configurations for tenantId: 1
2025-04-14 00:56:05 [http-nio-8081-exec-5] INFO  b.service.TenantConfigurationService - Found 1 configurations for tenantId: 1
2025-04-14 00:56:05 [http-nio-8081-exec-5] INFO  b.s.impl.HouseCleaningServiceImpl - Configured morning shift start time: 07:00
2025-04-14 00:56:05 [http-nio-8081-exec-5] INFO  b.s.impl.HouseCleaningServiceImpl - Configured afternoon shift start time: 11:00
2025-04-14 00:56:05 [http-nio-8081-exec-5] INFO  b.s.impl.HouseCleaningServiceImpl - Configured evening shift start time: 15:00
2025-04-14 00:56:05 [http-nio-8081-exec-5] WARN  b.s.impl.HouseCleaningServiceImpl - No booking ID found for room ID 433
2025-04-14 00:56:05 [http-nio-8081-exec-5] INFO  b.service.TenantConfigurationService - Fetching configurations for tenantId: 1
2025-04-14 00:56:05 [http-nio-8081-exec-5] INFO  b.service.TenantConfigurationService - Found 1 configurations for tenantId: 1
2025-04-14 00:56:05 [http-nio-8081-exec-5] INFO  b.s.impl.HouseCleaningServiceImpl - Using configured time interval: 30 minutes
2025-04-14 00:56:05 [http-nio-8081-exec-5] INFO  b.service.TenantConfigurationService - Fetching configurations for tenantId: 1
2025-04-14 00:56:05 [http-nio-8081-exec-5] INFO  b.service.TenantConfigurationService - Found 1 configurations for tenantId: 1
2025-04-14 00:56:05 [http-nio-8081-exec-5] INFO  b.s.impl.HouseCleaningServiceImpl - Using configured shift duration: 4 hours
2025-04-14 00:56:05 [http-nio-8081-exec-5] INFO  b.service.TenantConfigurationService - Fetching configurations for tenantId: 1
2025-04-14 00:56:05 [http-nio-8081-exec-5] INFO  b.service.TenantConfigurationService - Found 1 configurations for tenantId: 1
2025-04-14 00:56:05 [http-nio-8081-exec-5] INFO  b.s.impl.HouseCleaningServiceImpl - Configured morning shift start time: 07:00
2025-04-14 00:56:05 [http-nio-8081-exec-5] INFO  b.s.impl.HouseCleaningServiceImpl - Configured afternoon shift start time: 11:00
2025-04-14 00:56:05 [http-nio-8081-exec-5] INFO  b.s.impl.HouseCleaningServiceImpl - Configured evening shift start time: 15:00
2025-04-14 00:56:05 [http-nio-8081-exec-5] WARN  b.s.impl.HouseCleaningServiceImpl - No booking ID found for room ID 434
2025-04-14 00:56:05 [http-nio-8081-exec-5] INFO  b.service.TenantConfigurationService - Fetching configurations for tenantId: 1
2025-04-14 00:56:05 [http-nio-8081-exec-5] INFO  b.service.TenantConfigurationService - Found 1 configurations for tenantId: 1
2025-04-14 00:56:05 [http-nio-8081-exec-5] INFO  b.s.impl.HouseCleaningServiceImpl - Using configured time interval: 30 minutes
2025-04-14 00:56:05 [http-nio-8081-exec-5] INFO  b.service.TenantConfigurationService - Fetching configurations for tenantId: 1
2025-04-14 00:56:05 [http-nio-8081-exec-5] INFO  b.service.TenantConfigurationService - Found 1 configurations for tenantId: 1
2025-04-14 00:56:05 [http-nio-8081-exec-5] INFO  b.s.impl.HouseCleaningServiceImpl - Using configured shift duration: 4 hours
2025-04-14 00:56:05 [http-nio-8081-exec-5] INFO  b.service.TenantConfigurationService - Fetching configurations for tenantId: 1
2025-04-14 00:56:05 [http-nio-8081-exec-5] INFO  b.service.TenantConfigurationService - Found 1 configurations for tenantId: 1
2025-04-14 00:56:05 [http-nio-8081-exec-5] INFO  b.s.impl.HouseCleaningServiceImpl - Configured morning shift start time: 07:00
2025-04-14 00:56:05 [http-nio-8081-exec-5] INFO  b.s.impl.HouseCleaningServiceImpl - Configured afternoon shift start time: 11:00
2025-04-14 00:56:05 [http-nio-8081-exec-5] INFO  b.s.impl.HouseCleaningServiceImpl - Configured evening shift start time: 15:00
2025-04-14 00:56:05 [http-nio-8081-exec-5] WARN  b.s.impl.HouseCleaningServiceImpl - No booking ID found for room ID 439
2025-04-14 00:56:05 [http-nio-8081-exec-5] INFO  b.service.TenantConfigurationService - Fetching configurations for tenantId: 1
2025-04-14 00:56:05 [http-nio-8081-exec-5] INFO  b.service.TenantConfigurationService - Found 1 configurations for tenantId: 1
2025-04-14 00:56:05 [http-nio-8081-exec-5] INFO  b.s.impl.HouseCleaningServiceImpl - Using configured time interval: 30 minutes
2025-04-14 00:56:05 [http-nio-8081-exec-5] INFO  b.service.TenantConfigurationService - Fetching configurations for tenantId: 1
2025-04-14 00:56:05 [http-nio-8081-exec-5] INFO  b.service.TenantConfigurationService - Found 1 configurations for tenantId: 1
2025-04-14 00:56:05 [http-nio-8081-exec-5] INFO  b.s.impl.HouseCleaningServiceImpl - Using configured shift duration: 4 hours
2025-04-14 00:56:05 [http-nio-8081-exec-5] INFO  b.service.TenantConfigurationService - Fetching configurations for tenantId: 1
2025-04-14 00:56:05 [http-nio-8081-exec-5] INFO  b.service.TenantConfigurationService - Found 1 configurations for tenantId: 1
2025-04-14 00:56:05 [http-nio-8081-exec-5] INFO  b.s.impl.HouseCleaningServiceImpl - Configured morning shift start time: 07:00
2025-04-14 00:56:05 [http-nio-8081-exec-5] INFO  b.s.impl.HouseCleaningServiceImpl - Configured afternoon shift start time: 11:00
2025-04-14 00:56:05 [http-nio-8081-exec-5] INFO  b.s.impl.HouseCleaningServiceImpl - Configured evening shift start time: 15:00
2025-04-14 00:56:05 [http-nio-8081-exec-5] WARN  b.s.impl.HouseCleaningServiceImpl - No booking ID found for room ID 451
2025-04-14 00:56:05 [http-nio-8081-exec-5] INFO  b.service.TenantConfigurationService - Fetching configurations for tenantId: 1
2025-04-14 00:56:05 [http-nio-8081-exec-5] INFO  b.service.TenantConfigurationService - Found 1 configurations for tenantId: 1
2025-04-14 00:56:05 [http-nio-8081-exec-5] INFO  b.s.impl.HouseCleaningServiceImpl - Using configured time interval: 30 minutes
2025-04-14 00:56:05 [http-nio-8081-exec-5] INFO  b.service.TenantConfigurationService - Fetching configurations for tenantId: 1
2025-04-14 00:56:05 [http-nio-8081-exec-5] INFO  b.service.TenantConfigurationService - Found 1 configurations for tenantId: 1
2025-04-14 00:56:05 [http-nio-8081-exec-5] INFO  b.s.impl.HouseCleaningServiceImpl - Using configured shift duration: 4 hours
2025-04-14 00:56:05 [http-nio-8081-exec-5] INFO  b.service.TenantConfigurationService - Fetching configurations for tenantId: 1
2025-04-14 00:56:05 [http-nio-8081-exec-5] INFO  b.service.TenantConfigurationService - Found 1 configurations for tenantId: 1
2025-04-14 00:56:05 [http-nio-8081-exec-5] INFO  b.s.impl.HouseCleaningServiceImpl - Configured morning shift start time: 07:00
2025-04-14 00:56:05 [http-nio-8081-exec-5] INFO  b.s.impl.HouseCleaningServiceImpl - Configured afternoon shift start time: 11:00
2025-04-14 00:56:05 [http-nio-8081-exec-5] INFO  b.s.impl.HouseCleaningServiceImpl - Configured evening shift start time: 15:00
2025-04-14 00:56:05 [http-nio-8081-exec-5] WARN  b.s.impl.HouseCleaningServiceImpl - No booking ID found for room ID 452
2025-04-14 00:56:05 [http-nio-8081-exec-5] INFO  b.service.TenantConfigurationService - Fetching configurations for tenantId: 1
2025-04-14 00:56:05 [http-nio-8081-exec-5] INFO  b.service.TenantConfigurationService - Found 1 configurations for tenantId: 1
2025-04-14 00:56:05 [http-nio-8081-exec-5] INFO  b.s.impl.HouseCleaningServiceImpl - Using configured time interval: 30 minutes
2025-04-14 00:56:05 [http-nio-8081-exec-5] INFO  b.service.TenantConfigurationService - Fetching configurations for tenantId: 1
2025-04-14 00:56:05 [http-nio-8081-exec-5] INFO  b.service.TenantConfigurationService - Found 1 configurations for tenantId: 1
2025-04-14 00:56:05 [http-nio-8081-exec-5] INFO  b.s.impl.HouseCleaningServiceImpl - Using configured shift duration: 4 hours
2025-04-14 00:56:05 [http-nio-8081-exec-5] INFO  b.service.TenantConfigurationService - Fetching configurations for tenantId: 1
2025-04-14 00:56:05 [http-nio-8081-exec-5] INFO  b.service.TenantConfigurationService - Found 1 configurations for tenantId: 1
2025-04-14 00:56:05 [http-nio-8081-exec-5] INFO  b.s.impl.HouseCleaningServiceImpl - Configured morning shift start time: 07:00
2025-04-14 00:56:05 [http-nio-8081-exec-5] INFO  b.s.impl.HouseCleaningServiceImpl - Configured afternoon shift start time: 11:00
2025-04-14 00:56:05 [http-nio-8081-exec-5] INFO  b.s.impl.HouseCleaningServiceImpl - Configured evening shift start time: 15:00
2025-04-14 00:56:05 [http-nio-8081-exec-5] WARN  b.s.impl.HouseCleaningServiceImpl - No booking ID found for room ID 457
2025-04-14 00:56:05 [http-nio-8081-exec-5] INFO  b.service.TenantConfigurationService - Fetching configurations for tenantId: 1
2025-04-14 00:56:05 [http-nio-8081-exec-5] INFO  b.service.TenantConfigurationService - Found 1 configurations for tenantId: 1
2025-04-14 00:56:05 [http-nio-8081-exec-5] INFO  b.s.impl.HouseCleaningServiceImpl - Using configured time interval: 30 minutes
2025-04-14 00:56:05 [http-nio-8081-exec-5] INFO  b.service.TenantConfigurationService - Fetching configurations for tenantId: 1
2025-04-14 00:56:05 [http-nio-8081-exec-5] INFO  b.service.TenantConfigurationService - Found 1 configurations for tenantId: 1
2025-04-14 00:56:05 [http-nio-8081-exec-5] INFO  b.s.impl.HouseCleaningServiceImpl - Using configured shift duration: 4 hours
2025-04-14 00:56:05 [http-nio-8081-exec-5] INFO  b.service.TenantConfigurationService - Fetching configurations for tenantId: 1
2025-04-14 00:56:05 [http-nio-8081-exec-5] INFO  b.service.TenantConfigurationService - Found 1 configurations for tenantId: 1
2025-04-14 00:56:05 [http-nio-8081-exec-5] INFO  b.s.impl.HouseCleaningServiceImpl - Configured morning shift start time: 07:00
2025-04-14 00:56:05 [http-nio-8081-exec-5] INFO  b.s.impl.HouseCleaningServiceImpl - Configured afternoon shift start time: 11:00
2025-04-14 00:56:05 [http-nio-8081-exec-5] INFO  b.s.impl.HouseCleaningServiceImpl - Configured evening shift start time: 15:00
2025-04-14 00:56:05 [http-nio-8081-exec-5] WARN  b.s.impl.HouseCleaningServiceImpl - No booking ID found for room ID 464
2025-04-14 00:56:05 [http-nio-8081-exec-5] INFO  b.service.TenantConfigurationService - Fetching configurations for tenantId: 1
2025-04-14 00:56:05 [http-nio-8081-exec-5] INFO  b.service.TenantConfigurationService - Found 1 configurations for tenantId: 1
2025-04-14 00:56:05 [http-nio-8081-exec-5] INFO  b.s.impl.HouseCleaningServiceImpl - Using configured time interval: 30 minutes
2025-04-14 00:56:05 [http-nio-8081-exec-5] INFO  b.service.TenantConfigurationService - Fetching configurations for tenantId: 1
2025-04-14 00:56:05 [http-nio-8081-exec-5] INFO  b.service.TenantConfigurationService - Found 1 configurations for tenantId: 1
2025-04-14 00:56:05 [http-nio-8081-exec-5] INFO  b.s.impl.HouseCleaningServiceImpl - Using configured shift duration: 4 hours
2025-04-14 00:56:05 [http-nio-8081-exec-5] INFO  b.service.TenantConfigurationService - Fetching configurations for tenantId: 1
2025-04-14 00:56:05 [http-nio-8081-exec-5] INFO  b.service.TenantConfigurationService - Found 1 configurations for tenantId: 1
2025-04-14 00:56:05 [http-nio-8081-exec-5] INFO  b.s.impl.HouseCleaningServiceImpl - Configured morning shift start time: 07:00
2025-04-14 00:56:05 [http-nio-8081-exec-5] INFO  b.s.impl.HouseCleaningServiceImpl - Configured afternoon shift start time: 11:00
2025-04-14 00:56:05 [http-nio-8081-exec-5] INFO  b.s.impl.HouseCleaningServiceImpl - Configured evening shift start time: 15:00
2025-04-14 00:56:05 [http-nio-8081-exec-5] WARN  b.s.impl.HouseCleaningServiceImpl - No booking ID found for room ID 469
2025-04-14 00:56:05 [http-nio-8081-exec-5] INFO  b.service.TenantConfigurationService - Fetching configurations for tenantId: 1
2025-04-14 00:56:05 [http-nio-8081-exec-5] INFO  b.service.TenantConfigurationService - Found 1 configurations for tenantId: 1
2025-04-14 00:56:05 [http-nio-8081-exec-5] INFO  b.s.impl.HouseCleaningServiceImpl - Using configured time interval: 30 minutes
2025-04-14 00:56:05 [http-nio-8081-exec-5] INFO  b.service.TenantConfigurationService - Fetching configurations for tenantId: 1
2025-04-14 00:56:05 [http-nio-8081-exec-5] INFO  b.service.TenantConfigurationService - Found 1 configurations for tenantId: 1
2025-04-14 00:56:05 [http-nio-8081-exec-5] INFO  b.s.impl.HouseCleaningServiceImpl - Using configured shift duration: 4 hours
2025-04-14 00:56:05 [http-nio-8081-exec-5] INFO  b.service.TenantConfigurationService - Fetching configurations for tenantId: 1
2025-04-14 00:56:05 [http-nio-8081-exec-5] INFO  b.service.TenantConfigurationService - Found 1 configurations for tenantId: 1
2025-04-14 00:56:05 [http-nio-8081-exec-5] INFO  b.s.impl.HouseCleaningServiceImpl - Configured morning shift start time: 07:00
2025-04-14 00:56:05 [http-nio-8081-exec-5] INFO  b.s.impl.HouseCleaningServiceImpl - Configured afternoon shift start time: 11:00
2025-04-14 00:56:05 [http-nio-8081-exec-5] INFO  b.s.impl.HouseCleaningServiceImpl - Configured evening shift start time: 15:00
2025-04-14 00:56:05 [http-nio-8081-exec-5] WARN  b.s.impl.HouseCleaningServiceImpl - No booking ID found for room ID 470
2025-04-14 00:56:15 [http-nio-8081-exec-7] DEBUG o.s.security.web.FilterChainProxy - Securing POST /api/house-cleaning/assign-staff?date=2025-05-01&shift=MORNING_SHIFT
2025-04-14 00:56:15 [http-nio-8081-exec-7] DEBUG o.s.s.w.a.AnonymousAuthenticationFilter - Set SecurityContextHolder to anonymous SecurityContext
2025-04-14 00:56:15 [http-nio-8081-exec-7] DEBUG o.s.security.web.FilterChainProxy - Secured POST /api/house-cleaning/assign-staff?date=2025-05-01&shift=MORNING_SHIFT
2025-04-14 00:56:15 [http-nio-8081-exec-7] INFO  b.s.impl.HouseCleaningServiceImpl - Assigning staff to schedules for date: 2025-05-01 and shift: MORNING_SHIFT
2025-04-14 00:56:15 [http-nio-8081-exec-7] INFO  b.service.TenantConfigurationService - Fetching configurations for tenantId: 1
2025-04-14 00:56:15 [http-nio-8081-exec-7] INFO  b.service.TenantConfigurationService - Found 1 configurations for tenantId: 1
2025-04-14 00:56:15 [http-nio-8081-exec-7] INFO  b.s.impl.HouseCleaningServiceImpl - Using configured shift duration: 4 hours
2025-04-14 00:56:15 [http-nio-8081-exec-7] INFO  b.service.TenantConfigurationService - Fetching configurations for tenantId: 1
2025-04-14 00:56:15 [http-nio-8081-exec-7] INFO  b.service.TenantConfigurationService - Found 1 configurations for tenantId: 1
2025-04-14 00:56:15 [http-nio-8081-exec-7] INFO  b.s.impl.HouseCleaningServiceImpl - Using configured daily cleaning duration: 30 minutes
2025-04-14 00:56:15 [http-nio-8081-exec-7] INFO  b.service.TenantConfigurationService - Fetching configurations for tenantId: 1
2025-04-14 00:56:15 [http-nio-8081-exec-7] INFO  b.service.TenantConfigurationService - Found 1 configurations for tenantId: 1
2025-04-14 00:56:15 [http-nio-8081-exec-7] INFO  b.s.impl.HouseCleaningServiceImpl - Using configured deep cleaning duration: 120 minutes
2025-04-14 00:56:15 [http-nio-8081-exec-7] INFO  b.service.TenantConfigurationService - Fetching configurations for tenantId: 1
2025-04-14 00:56:15 [http-nio-8081-exec-7] INFO  b.service.TenantConfigurationService - Found 1 configurations for tenantId: 1
2025-04-14 00:56:15 [http-nio-8081-exec-7] INFO  b.s.impl.HouseCleaningServiceImpl - Configured morning shift start time: 07:00
2025-04-14 00:56:15 [http-nio-8081-exec-7] INFO  b.s.impl.HouseCleaningServiceImpl - Configured afternoon shift start time: 11:00
2025-04-14 00:56:15 [http-nio-8081-exec-7] INFO  b.s.impl.HouseCleaningServiceImpl - Configured evening shift start time: 15:00
2025-04-14 00:56:15 [http-nio-8081-exec-7] INFO  b.service.TenantConfigurationService - Fetching configurations for tenantId: 1
2025-04-14 00:56:15 [http-nio-8081-exec-7] INFO  b.service.TenantConfigurationService - Found 1 configurations for tenantId: 1
2025-04-14 00:56:15 [http-nio-8081-exec-7] INFO  b.s.impl.HouseCleaningServiceImpl - Configured morning shift start time: 07:00
2025-04-14 00:56:15 [http-nio-8081-exec-7] INFO  b.s.impl.HouseCleaningServiceImpl - Configured afternoon shift start time: 11:00
2025-04-14 00:56:15 [http-nio-8081-exec-7] INFO  b.s.impl.HouseCleaningServiceImpl - Configured evening shift start time: 15:00
2025-04-14 00:56:15 [http-nio-8081-exec-7] INFO  b.service.TenantConfigurationService - Fetching configurations for tenantId: 1
2025-04-14 00:56:16 [http-nio-8081-exec-7] INFO  b.service.TenantConfigurationService - Found 1 configurations for tenantId: 1
2025-04-14 00:56:16 [http-nio-8081-exec-7] INFO  b.s.impl.HouseCleaningServiceImpl - Using configured shift duration: 4 hours
2025-04-14 00:56:16 [http-nio-8081-exec-7] INFO  b.s.impl.HouseCleaningServiceImpl - Shift time: 07:00 to 11:00
2025-04-14 00:56:16 [http-nio-8081-exec-7] INFO  b.s.impl.HouseCleaningServiceImpl - STAFF REQUIREMENTS: 2 staff needed for 11 rooms in shift MORNING_SHIFT. 3 staff available, 1 excess staff.
2025-04-14 00:56:16 [http-nio-8081-exec-7] INFO  b.s.impl.HouseCleaningServiceImpl - Assigned staff 2 to room 421 for cleaning from 07:00 to 07:30, staff utilization=12.5%
2025-04-14 00:56:16 [http-nio-8081-exec-7] INFO  b.s.impl.HouseCleaningServiceImpl - Assigned staff 9 to room 422 for cleaning from 07:00 to 07:30, staff utilization=12.5%
2025-04-14 00:56:16 [http-nio-8081-exec-7] INFO  b.s.impl.HouseCleaningServiceImpl - Assigned staff 2 to room 433 for cleaning from 07:30 to 08:00, staff utilization=25.0%
2025-04-14 00:56:16 [http-nio-8081-exec-7] INFO  b.s.impl.HouseCleaningServiceImpl - Assigned staff 9 to room 434 for cleaning from 07:30 to 08:00, staff utilization=25.0%
2025-04-14 00:56:16 [http-nio-8081-exec-7] INFO  b.s.impl.HouseCleaningServiceImpl - Assigned staff 2 to room 439 for cleaning from 08:00 to 08:30, staff utilization=37.5%
2025-04-14 00:56:16 [http-nio-8081-exec-7] INFO  b.s.impl.HouseCleaningServiceImpl - Assigned staff 9 to room 451 for cleaning from 08:00 to 08:30, staff utilization=37.5%
2025-04-14 00:56:16 [http-nio-8081-exec-7] INFO  b.s.impl.HouseCleaningServiceImpl - Assigned staff 2 to room 452 for cleaning from 08:30 to 09:00, staff utilization=50.0%
2025-04-14 00:56:16 [http-nio-8081-exec-7] INFO  b.s.impl.HouseCleaningServiceImpl - Assigned staff 9 to room 457 for cleaning from 08:30 to 09:00, staff utilization=50.0%
2025-04-14 00:56:16 [http-nio-8081-exec-7] INFO  b.s.impl.HouseCleaningServiceImpl - Assigned staff 2 to room 464 for cleaning from 09:00 to 09:30, staff utilization=62.5%
2025-04-14 00:56:16 [http-nio-8081-exec-7] INFO  b.s.impl.HouseCleaningServiceImpl - Assigned staff 9 to room 469 for cleaning from 09:00 to 09:30, staff utilization=62.5%
2025-04-14 00:56:16 [http-nio-8081-exec-7] INFO  b.s.impl.HouseCleaningServiceImpl - Assigned staff 2 to room 470 for cleaning from 09:30 to 10:00, staff utilization=75.0%
2025-04-14 00:56:16 [http-nio-8081-exec-7] INFO  b.s.impl.HouseCleaningServiceImpl - Staff 2 has 6 rooms assigned (utilization: 75.0%)
2025-04-14 00:56:16 [http-nio-8081-exec-7] INFO  b.s.impl.HouseCleaningServiceImpl -   - Room 421 at 07:00
2025-04-14 00:56:16 [http-nio-8081-exec-7] INFO  b.s.impl.HouseCleaningServiceImpl -   - Room 433 at 07:30
2025-04-14 00:56:16 [http-nio-8081-exec-7] INFO  b.s.impl.HouseCleaningServiceImpl -   - Room 439 at 08:00
2025-04-14 00:56:16 [http-nio-8081-exec-7] INFO  b.s.impl.HouseCleaningServiceImpl -   - Room 452 at 08:30
2025-04-14 00:56:16 [http-nio-8081-exec-7] INFO  b.s.impl.HouseCleaningServiceImpl -   - Room 464 at 09:00
2025-04-14 00:56:16 [http-nio-8081-exec-7] INFO  b.s.impl.HouseCleaningServiceImpl -   - Room 470 at 09:30
2025-04-14 00:56:16 [http-nio-8081-exec-7] INFO  b.s.impl.HouseCleaningServiceImpl -   - Staff 2 is working from 07:00 to 10:00 (utilization: 75.0%)
2025-04-14 00:56:16 [http-nio-8081-exec-7] INFO  b.s.impl.HouseCleaningServiceImpl - Staff 9 is underutilized (62.5%). Consider moving to another shift.
2025-04-14 00:56:16 [http-nio-8081-exec-7] INFO  b.s.impl.HouseCleaningServiceImpl - Staff 9 has 5 rooms assigned (utilization: 62.5%)
2025-04-14 00:56:16 [http-nio-8081-exec-7] INFO  b.s.impl.HouseCleaningServiceImpl -   - Room 422 at 07:00
2025-04-14 00:56:16 [http-nio-8081-exec-7] INFO  b.s.impl.HouseCleaningServiceImpl -   - Room 434 at 07:30
2025-04-14 00:56:16 [http-nio-8081-exec-7] INFO  b.s.impl.HouseCleaningServiceImpl -   - Room 451 at 08:00
2025-04-14 00:56:16 [http-nio-8081-exec-7] INFO  b.s.impl.HouseCleaningServiceImpl -   - Room 457 at 08:30
2025-04-14 00:56:16 [http-nio-8081-exec-7] INFO  b.s.impl.HouseCleaningServiceImpl -   - Room 469 at 09:00
2025-04-14 00:56:16 [http-nio-8081-exec-7] INFO  b.s.impl.HouseCleaningServiceImpl -   - Staff 9 is working from 07:00 to 09:30 (utilization: 62.5%)
2025-04-14 00:56:16 [http-nio-8081-exec-7] INFO  b.s.impl.HouseCleaningServiceImpl - Staff 3 is not assigned to any rooms in this shift. Will move to another shift.
2025-04-14 00:56:16 [http-nio-8081-exec-7] INFO  b.service.TenantConfigurationService - Fetching configurations for tenantId: 1
2025-04-14 00:56:16 [http-nio-8081-exec-7] INFO  b.service.TenantConfigurationService - Found 1 configurations for tenantId: 1
2025-04-14 00:56:16 [http-nio-8081-exec-7] INFO  b.s.impl.HouseCleaningServiceImpl - Using configured daily cleaning duration: 30 minutes
2025-04-14 00:56:16 [http-nio-8081-exec-7] INFO  b.service.TenantConfigurationService - Fetching configurations for tenantId: 1
2025-04-14 00:56:16 [http-nio-8081-exec-7] INFO  b.service.TenantConfigurationService - Found 1 configurations for tenantId: 1
2025-04-14 00:56:16 [http-nio-8081-exec-7] INFO  b.s.impl.HouseCleaningServiceImpl - Using configured shift duration: 4 hours
2025-04-14 00:56:16 [http-nio-8081-exec-7] INFO  b.s.impl.HouseCleaningServiceImpl - STAFF ANALYSIS - Shift AFTERNOON_SHIFT: 0 rooms, 0 staff available, 0 staff required
2025-04-14 00:56:16 [http-nio-8081-exec-7] INFO  b.s.impl.HouseCleaningServiceImpl - STAFF ANALYSIS - Shift EVENING_SHIFT: 0 rooms, 2 staff available, 0 staff required
2025-04-14 00:56:16 [http-nio-8081-exec-7] INFO  b.s.impl.HouseCleaningServiceImpl - Attempting to reassign 1 unused staff members from MORNING_SHIFT shift
2025-04-14 00:56:16 [http-nio-8081-exec-7] INFO  b.service.TenantConfigurationService - Fetching configurations for tenantId: 1
2025-04-14 00:56:16 [http-nio-8081-exec-7] INFO  b.service.TenantConfigurationService - Found 1 configurations for tenantId: 1
2025-04-14 00:56:16 [http-nio-8081-exec-7] INFO  b.s.impl.HouseCleaningServiceImpl - Using configured daily cleaning duration: 30 minutes
2025-04-14 00:56:16 [http-nio-8081-exec-7] INFO  b.service.TenantConfigurationService - Fetching configurations for tenantId: 1
2025-04-14 00:56:16 [http-nio-8081-exec-7] INFO  b.service.TenantConfigurationService - Found 1 configurations for tenantId: 1
2025-04-14 00:56:16 [http-nio-8081-exec-7] INFO  b.s.impl.HouseCleaningServiceImpl - Using configured shift duration: 4 hours
2025-04-14 00:56:16 [http-nio-8081-exec-7] INFO  b.s.impl.HouseCleaningServiceImpl - No other shifts need additional staff. Staff 3 remains in shift MORNING_SHIFT
2025-04-14 00:56:16 [http-nio-8081-exec-7] INFO  b.s.impl.HouseCleaningServiceImpl - Considering 1 underutilized staff members from MORNING_SHIFT shift for reassignment
2025-04-14 00:56:16 [http-nio-8081-exec-7] INFO  b.s.impl.HouseCleaningServiceImpl - Saved schedule for room 421: staffId=2, scheduledTime=07:00
2025-04-14 00:56:16 [http-nio-8081-exec-7] INFO  b.s.impl.HouseCleaningServiceImpl - Saved schedule for room 422: staffId=9, scheduledTime=07:00
2025-04-14 00:56:16 [http-nio-8081-exec-7] INFO  b.s.impl.HouseCleaningServiceImpl - Saved schedule for room 433: staffId=2, scheduledTime=07:30
2025-04-14 00:56:16 [http-nio-8081-exec-7] INFO  b.s.impl.HouseCleaningServiceImpl - Saved schedule for room 434: staffId=9, scheduledTime=07:30
2025-04-14 00:56:16 [http-nio-8081-exec-7] INFO  b.s.impl.HouseCleaningServiceImpl - Saved schedule for room 439: staffId=2, scheduledTime=08:00
2025-04-14 00:56:16 [http-nio-8081-exec-7] INFO  b.s.impl.HouseCleaningServiceImpl - Saved schedule for room 451: staffId=9, scheduledTime=08:00
2025-04-14 00:56:16 [http-nio-8081-exec-7] INFO  b.s.impl.HouseCleaningServiceImpl - Saved schedule for room 452: staffId=2, scheduledTime=08:30
2025-04-14 00:56:16 [http-nio-8081-exec-7] INFO  b.s.impl.HouseCleaningServiceImpl - Saved schedule for room 457: staffId=9, scheduledTime=08:30
2025-04-14 00:56:16 [http-nio-8081-exec-7] INFO  b.s.impl.HouseCleaningServiceImpl - Saved schedule for room 464: staffId=2, scheduledTime=09:00
2025-04-14 00:56:16 [http-nio-8081-exec-7] INFO  b.s.impl.HouseCleaningServiceImpl - Saved schedule for room 469: staffId=9, scheduledTime=09:00
2025-04-14 00:56:16 [http-nio-8081-exec-7] INFO  b.s.impl.HouseCleaningServiceImpl - Saved schedule for room 470: staffId=2, scheduledTime=09:30
2025-04-14 23:03:22 [main] INFO  backend.HotelBookingApplication - Starting HotelBookingApplication using Java 17.0.13 with PID 35833 (/Users/sukuna/Documents/coding/IBE/IBE-BE/KDU/target/classes started by sukuna in /Users/sukuna/Documents/coding/IBE/IBE-BE/KDU)
2025-04-14 23:03:22 [main] INFO  backend.HotelBookingApplication - The following 1 profile is active: "dev"
2025-04-14 23:03:23 [main] INFO  o.s.d.r.c.RepositoryConfigurationDelegate - Bootstrapping Spring Data JPA repositories in DEFAULT mode.
2025-04-14 23:03:23 [main] INFO  o.s.d.r.c.RepositoryConfigurationDelegate - Finished Spring Data repository scanning in 91 ms. Found 15 JPA repository interfaces.
2025-04-14 23:03:24 [main] INFO  o.s.b.w.e.tomcat.TomcatWebServer - Tomcat initialized with port 8081 (http)
2025-04-14 23:03:24 [main] INFO  o.a.coyote.http11.Http11NioProtocol - Initializing ProtocolHandler ["http-nio-8081"]
2025-04-14 23:03:24 [main] INFO  o.a.catalina.core.StandardService - Starting service [Tomcat]
2025-04-14 23:03:24 [main] INFO  o.a.catalina.core.StandardEngine - Starting Servlet engine: [Apache Tomcat/10.1.36]
2025-04-14 23:03:24 [main] INFO  o.a.c.c.C.[Tomcat].[localhost].[/] - Initializing Spring embedded WebApplicationContext
2025-04-14 23:03:24 [main] INFO  o.s.b.w.s.c.ServletWebServerApplicationContext - Root WebApplicationContext: initialization completed in 2097 ms
2025-04-14 23:03:24 [main] INFO  com.zaxxer.hikari.HikariDataSource - HikariPool-1 - Starting...
2025-04-14 23:03:30 [main] INFO  com.zaxxer.hikari.pool.HikariPool - HikariPool-1 - Added connection org.postgresql.jdbc.PgConnection@66b40dd3
2025-04-14 23:03:30 [main] INFO  com.zaxxer.hikari.HikariDataSource - HikariPool-1 - Start completed.
2025-04-14 23:03:30 [main] INFO  o.s.o.j.p.SpringPersistenceUnitInfo - No LoadTimeWeaver setup: ignoring JPA class transformer
2025-04-14 23:03:30 [main] WARN  org.hibernate.orm.deprecation - HHH90000025: PostgreSQLDialect does not need to be specified explicitly using 'hibernate.dialect' (remove the property setting and it will be selected by default)
2025-04-14 23:03:32 [main] WARN  o.h.t.s.i.ExceptionHandlerLoggedImpl - GenerationTarget encountered exception accepting command : Error executing DDL "alter table if exists staff_room_map alter column staff_id set data type bigint" via JDBC [ERROR: column "staff_id" cannot be cast automatically to type bigint
  Hint: You might need to specify "USING staff_id::bigint".]
org.hibernate.tool.schema.spi.CommandAcceptanceException: Error executing DDL "alter table if exists staff_room_map alter column staff_id set data type bigint" via JDBC [ERROR: column "staff_id" cannot be cast automatically to type bigint
  Hint: You might need to specify "USING staff_id::bigint".]
	at org.hibernate.tool.schema.internal.exec.GenerationTargetToDatabase.accept(GenerationTargetToDatabase.java:94)
	at org.hibernate.tool.schema.internal.AbstractSchemaMigrator.applySqlString(AbstractSchemaMigrator.java:576)
	at org.hibernate.tool.schema.internal.AbstractSchemaMigrator.applySqlStrings(AbstractSchemaMigrator.java:516)
	at org.hibernate.tool.schema.internal.AbstractSchemaMigrator.migrateTable(AbstractSchemaMigrator.java:334)
	at org.hibernate.tool.schema.internal.GroupedSchemaMigratorImpl.performTablesMigration(GroupedSchemaMigratorImpl.java:84)
	at org.hibernate.tool.schema.internal.AbstractSchemaMigrator.performMigration(AbstractSchemaMigrator.java:233)
	at org.hibernate.tool.schema.internal.AbstractSchemaMigrator.doMigration(AbstractSchemaMigrator.java:112)
	at org.hibernate.tool.schema.spi.SchemaManagementToolCoordinator.performDatabaseAction(SchemaManagementToolCoordinator.java:280)
	at org.hibernate.tool.schema.spi.SchemaManagementToolCoordinator.lambda$process$5(SchemaManagementToolCoordinator.java:144)
	at java.base/java.util.HashMap.forEach(HashMap.java:1421)
	at org.hibernate.tool.schema.spi.SchemaManagementToolCoordinator.process(SchemaManagementToolCoordinator.java:141)
	at org.hibernate.boot.internal.SessionFactoryObserverForSchemaExport.sessionFactoryCreated(SessionFactoryObserverForSchemaExport.java:37)
	at org.hibernate.internal.SessionFactoryObserverChain.sessionFactoryCreated(SessionFactoryObserverChain.java:35)
	at org.hibernate.internal.SessionFactoryImpl.<init>(SessionFactoryImpl.java:324)
	at org.hibernate.boot.internal.SessionFactoryBuilderImpl.build(SessionFactoryBuilderImpl.java:463)
	at org.hibernate.jpa.boot.internal.EntityManagerFactoryBuilderImpl.build(EntityManagerFactoryBuilderImpl.java:1517)
	at org.springframework.orm.jpa.vendor.SpringHibernateJpaPersistenceProvider.createContainerEntityManagerFactory(SpringHibernateJpaPersistenceProvider.java:66)
	at org.springframework.orm.jpa.LocalContainerEntityManagerFactoryBean.createNativeEntityManagerFactory(LocalContainerEntityManagerFactoryBean.java:390)
	at org.springframework.orm.jpa.AbstractEntityManagerFactoryBean.buildNativeEntityManagerFactory(AbstractEntityManagerFactoryBean.java:419)
	at org.springframework.orm.jpa.AbstractEntityManagerFactoryBean.afterPropertiesSet(AbstractEntityManagerFactoryBean.java:400)
	at org.springframework.orm.jpa.LocalContainerEntityManagerFactoryBean.afterPropertiesSet(LocalContainerEntityManagerFactoryBean.java:366)
	at org.springframework.beans.factory.support.AbstractAutowireCapableBeanFactory.invokeInitMethods(AbstractAutowireCapableBeanFactory.java:1859)
	at org.springframework.beans.factory.support.AbstractAutowireCapableBeanFactory.initializeBean(AbstractAutowireCapableBeanFactory.java:1808)
	at org.springframework.beans.factory.support.AbstractAutowireCapableBeanFactory.doCreateBean(AbstractAutowireCapableBeanFactory.java:601)
	at org.springframework.beans.factory.support.AbstractAutowireCapableBeanFactory.createBean(AbstractAutowireCapableBeanFactory.java:523)
	at org.springframework.beans.factory.support.AbstractBeanFactory.lambda$doGetBean$0(AbstractBeanFactory.java:339)
	at org.springframework.beans.factory.support.DefaultSingletonBeanRegistry.getSingleton(DefaultSingletonBeanRegistry.java:346)
	at org.springframework.beans.factory.support.AbstractBeanFactory.doGetBean(AbstractBeanFactory.java:337)
	at org.springframework.beans.factory.support.AbstractBeanFactory.getBean(AbstractBeanFactory.java:207)
	at org.springframework.context.support.AbstractApplicationContext.finishBeanFactoryInitialization(AbstractApplicationContext.java:970)
	at org.springframework.context.support.AbstractApplicationContext.refresh(AbstractApplicationContext.java:627)
	at org.springframework.boot.web.servlet.context.ServletWebServerApplicationContext.refresh(ServletWebServerApplicationContext.java:146)
	at org.springframework.boot.SpringApplication.refresh(SpringApplication.java:752)
	at org.springframework.boot.SpringApplication.refreshContext(SpringApplication.java:439)
	at org.springframework.boot.SpringApplication.run(SpringApplication.java:318)
	at org.springframework.boot.SpringApplication.run(SpringApplication.java:1361)
	at org.springframework.boot.SpringApplication.run(SpringApplication.java:1350)
	at backend.HotelBookingApplication.main(HotelBookingApplication.java:15)
Caused by: org.postgresql.util.PSQLException: ERROR: column "staff_id" cannot be cast automatically to type bigint
  Hint: You might need to specify "USING staff_id::bigint".
	at org.postgresql.core.v3.QueryExecutorImpl.receiveErrorResponse(QueryExecutorImpl.java:2733)
	at org.postgresql.core.v3.QueryExecutorImpl.processResults(QueryExecutorImpl.java:2420)
	at org.postgresql.core.v3.QueryExecutorImpl.execute(QueryExecutorImpl.java:372)
	at org.postgresql.jdbc.PgStatement.executeInternal(PgStatement.java:517)
	at org.postgresql.jdbc.PgStatement.execute(PgStatement.java:434)
	at org.postgresql.jdbc.PgStatement.executeWithFlags(PgStatement.java:356)
	at org.postgresql.jdbc.PgStatement.executeCachedSql(PgStatement.java:341)
	at org.postgresql.jdbc.PgStatement.executeWithFlags(PgStatement.java:317)
	at org.postgresql.jdbc.PgStatement.execute(PgStatement.java:312)
	at com.zaxxer.hikari.pool.ProxyStatement.execute(ProxyStatement.java:94)
	at com.zaxxer.hikari.pool.HikariProxyStatement.execute(HikariProxyStatement.java)
	at org.hibernate.tool.schema.internal.exec.GenerationTargetToDatabase.accept(GenerationTargetToDatabase.java:80)
	... 37 common frames omitted
2025-04-14 23:03:32 [main] WARN  o.h.t.s.i.ExceptionHandlerLoggedImpl - GenerationTarget encountered exception accepting command : Error executing DDL "alter table if exists staff_room_map add constraint FKyd20ehofj2axxe92vl67pqvx foreign key (staff_id) references staff" via JDBC [ERROR: foreign key constraint "fkyd20ehofj2axxe92vl67pqvx" cannot be implemented
  Detail: Key columns "staff_id" and "staff_id" are of incompatible types: character varying and bigint.]
org.hibernate.tool.schema.spi.CommandAcceptanceException: Error executing DDL "alter table if exists staff_room_map add constraint FKyd20ehofj2axxe92vl67pqvx foreign key (staff_id) references staff" via JDBC [ERROR: foreign key constraint "fkyd20ehofj2axxe92vl67pqvx" cannot be implemented
  Detail: Key columns "staff_id" and "staff_id" are of incompatible types: character varying and bigint.]
	at org.hibernate.tool.schema.internal.exec.GenerationTargetToDatabase.accept(GenerationTargetToDatabase.java:94)
	at org.hibernate.tool.schema.internal.AbstractSchemaMigrator.applySqlString(AbstractSchemaMigrator.java:576)
	at org.hibernate.tool.schema.internal.AbstractSchemaMigrator.applySqlStrings(AbstractSchemaMigrator.java:516)
	at org.hibernate.tool.schema.internal.AbstractSchemaMigrator.applyForeignKeys(AbstractSchemaMigrator.java:448)
	at org.hibernate.tool.schema.internal.AbstractSchemaMigrator.performMigration(AbstractSchemaMigrator.java:269)
	at org.hibernate.tool.schema.internal.AbstractSchemaMigrator.doMigration(AbstractSchemaMigrator.java:112)
	at org.hibernate.tool.schema.spi.SchemaManagementToolCoordinator.performDatabaseAction(SchemaManagementToolCoordinator.java:280)
	at org.hibernate.tool.schema.spi.SchemaManagementToolCoordinator.lambda$process$5(SchemaManagementToolCoordinator.java:144)
	at java.base/java.util.HashMap.forEach(HashMap.java:1421)
	at org.hibernate.tool.schema.spi.SchemaManagementToolCoordinator.process(SchemaManagementToolCoordinator.java:141)
	at org.hibernate.boot.internal.SessionFactoryObserverForSchemaExport.sessionFactoryCreated(SessionFactoryObserverForSchemaExport.java:37)
	at org.hibernate.internal.SessionFactoryObserverChain.sessionFactoryCreated(SessionFactoryObserverChain.java:35)
	at org.hibernate.internal.SessionFactoryImpl.<init>(SessionFactoryImpl.java:324)
	at org.hibernate.boot.internal.SessionFactoryBuilderImpl.build(SessionFactoryBuilderImpl.java:463)
	at org.hibernate.jpa.boot.internal.EntityManagerFactoryBuilderImpl.build(EntityManagerFactoryBuilderImpl.java:1517)
	at org.springframework.orm.jpa.vendor.SpringHibernateJpaPersistenceProvider.createContainerEntityManagerFactory(SpringHibernateJpaPersistenceProvider.java:66)
	at org.springframework.orm.jpa.LocalContainerEntityManagerFactoryBean.createNativeEntityManagerFactory(LocalContainerEntityManagerFactoryBean.java:390)
	at org.springframework.orm.jpa.AbstractEntityManagerFactoryBean.buildNativeEntityManagerFactory(AbstractEntityManagerFactoryBean.java:419)
	at org.springframework.orm.jpa.AbstractEntityManagerFactoryBean.afterPropertiesSet(AbstractEntityManagerFactoryBean.java:400)
	at org.springframework.orm.jpa.LocalContainerEntityManagerFactoryBean.afterPropertiesSet(LocalContainerEntityManagerFactoryBean.java:366)
	at org.springframework.beans.factory.support.AbstractAutowireCapableBeanFactory.invokeInitMethods(AbstractAutowireCapableBeanFactory.java:1859)
	at org.springframework.beans.factory.support.AbstractAutowireCapableBeanFactory.initializeBean(AbstractAutowireCapableBeanFactory.java:1808)
	at org.springframework.beans.factory.support.AbstractAutowireCapableBeanFactory.doCreateBean(AbstractAutowireCapableBeanFactory.java:601)
	at org.springframework.beans.factory.support.AbstractAutowireCapableBeanFactory.createBean(AbstractAutowireCapableBeanFactory.java:523)
	at org.springframework.beans.factory.support.AbstractBeanFactory.lambda$doGetBean$0(AbstractBeanFactory.java:339)
	at org.springframework.beans.factory.support.DefaultSingletonBeanRegistry.getSingleton(DefaultSingletonBeanRegistry.java:346)
	at org.springframework.beans.factory.support.AbstractBeanFactory.doGetBean(AbstractBeanFactory.java:337)
	at org.springframework.beans.factory.support.AbstractBeanFactory.getBean(AbstractBeanFactory.java:207)
	at org.springframework.context.support.AbstractApplicationContext.finishBeanFactoryInitialization(AbstractApplicationContext.java:970)
	at org.springframework.context.support.AbstractApplicationContext.refresh(AbstractApplicationContext.java:627)
	at org.springframework.boot.web.servlet.context.ServletWebServerApplicationContext.refresh(ServletWebServerApplicationContext.java:146)
	at org.springframework.boot.SpringApplication.refresh(SpringApplication.java:752)
	at org.springframework.boot.SpringApplication.refreshContext(SpringApplication.java:439)
	at org.springframework.boot.SpringApplication.run(SpringApplication.java:318)
	at org.springframework.boot.SpringApplication.run(SpringApplication.java:1361)
	at org.springframework.boot.SpringApplication.run(SpringApplication.java:1350)
	at backend.HotelBookingApplication.main(HotelBookingApplication.java:15)
Caused by: org.postgresql.util.PSQLException: ERROR: foreign key constraint "fkyd20ehofj2axxe92vl67pqvx" cannot be implemented
  Detail: Key columns "staff_id" and "staff_id" are of incompatible types: character varying and bigint.
	at org.postgresql.core.v3.QueryExecutorImpl.receiveErrorResponse(QueryExecutorImpl.java:2733)
	at org.postgresql.core.v3.QueryExecutorImpl.processResults(QueryExecutorImpl.java:2420)
	at org.postgresql.core.v3.QueryExecutorImpl.execute(QueryExecutorImpl.java:372)
	at org.postgresql.jdbc.PgStatement.executeInternal(PgStatement.java:517)
	at org.postgresql.jdbc.PgStatement.execute(PgStatement.java:434)
	at org.postgresql.jdbc.PgStatement.executeWithFlags(PgStatement.java:356)
	at org.postgresql.jdbc.PgStatement.executeCachedSql(PgStatement.java:341)
	at org.postgresql.jdbc.PgStatement.executeWithFlags(PgStatement.java:317)
	at org.postgresql.jdbc.PgStatement.execute(PgStatement.java:312)
	at com.zaxxer.hikari.pool.ProxyStatement.execute(ProxyStatement.java:94)
	at com.zaxxer.hikari.pool.HikariProxyStatement.execute(HikariProxyStatement.java)
	at org.hibernate.tool.schema.internal.exec.GenerationTargetToDatabase.accept(GenerationTargetToDatabase.java:80)
	... 36 common frames omitted
2025-04-14 23:03:32 [main] INFO  o.s.o.j.LocalContainerEntityManagerFactoryBean - Initialized JPA EntityManagerFactory for persistence unit 'default'
2025-04-14 23:03:32 [main] INFO  backend.config.CorsConfig - CORS Configuration Loaded!
2025-04-14 23:03:32 [main] WARN  o.s.b.w.s.c.AnnotationConfigServletWebServerApplicationContext - Exception encountered during context initialization - cancelling refresh attempt: org.springframework.beans.factory.BeanCreationException: Error creating bean with name 'securityConfig': Injection of autowired dependencies failed
2025-04-14 23:03:32 [main] INFO  o.s.o.j.LocalContainerEntityManagerFactoryBean - Closing JPA EntityManagerFactory for persistence unit 'default'
2025-04-14 23:03:32 [main] INFO  com.zaxxer.hikari.HikariDataSource - HikariPool-1 - Shutdown initiated...
2025-04-14 23:03:32 [main] INFO  com.zaxxer.hikari.HikariDataSource - HikariPool-1 - Shutdown completed.
2025-04-14 23:03:32 [main] INFO  o.a.catalina.core.StandardService - Stopping service [Tomcat]
2025-04-14 23:03:32 [main] INFO  o.s.b.a.l.ConditionEvaluationReportLogger - 

Error starting ApplicationContext. To display the condition evaluation report re-run your application with 'debug' enabled.
2025-04-14 23:03:32 [main] ERROR o.s.boot.SpringApplication - Application run failed
org.springframework.beans.factory.BeanCreationException: Error creating bean with name 'securityConfig': Injection of autowired dependencies failed
	at org.springframework.beans.factory.annotation.AutowiredAnnotationBeanPostProcessor.postProcessProperties(AutowiredAnnotationBeanPostProcessor.java:515)
	at org.springframework.beans.factory.support.AbstractAutowireCapableBeanFactory.populateBean(AbstractAutowireCapableBeanFactory.java:1445)
	at org.springframework.beans.factory.support.AbstractAutowireCapableBeanFactory.doCreateBean(AbstractAutowireCapableBeanFactory.java:600)
	at org.springframework.beans.factory.support.AbstractAutowireCapableBeanFactory.createBean(AbstractAutowireCapableBeanFactory.java:523)
	at org.springframework.beans.factory.support.AbstractBeanFactory.lambda$doGetBean$0(AbstractBeanFactory.java:339)
	at org.springframework.beans.factory.support.DefaultSingletonBeanRegistry.getSingleton(DefaultSingletonBeanRegistry.java:346)
	at org.springframework.beans.factory.support.AbstractBeanFactory.doGetBean(AbstractBeanFactory.java:337)
	at org.springframework.beans.factory.support.AbstractBeanFactory.getBean(AbstractBeanFactory.java:202)
	at org.springframework.beans.factory.support.DefaultListableBeanFactory.instantiateSingleton(DefaultListableBeanFactory.java:1155)
	at org.springframework.beans.factory.support.DefaultListableBeanFactory.preInstantiateSingleton(DefaultListableBeanFactory.java:1121)
	at org.springframework.beans.factory.support.DefaultListableBeanFactory.preInstantiateSingletons(DefaultListableBeanFactory.java:1056)
	at org.springframework.context.support.AbstractApplicationContext.finishBeanFactoryInitialization(AbstractApplicationContext.java:987)
	at org.springframework.context.support.AbstractApplicationContext.refresh(AbstractApplicationContext.java:627)
	at org.springframework.boot.web.servlet.context.ServletWebServerApplicationContext.refresh(ServletWebServerApplicationContext.java:146)
	at org.springframework.boot.SpringApplication.refresh(SpringApplication.java:752)
	at org.springframework.boot.SpringApplication.refreshContext(SpringApplication.java:439)
	at org.springframework.boot.SpringApplication.run(SpringApplication.java:318)
	at org.springframework.boot.SpringApplication.run(SpringApplication.java:1361)
	at org.springframework.boot.SpringApplication.run(SpringApplication.java:1350)
	at backend.HotelBookingApplication.main(HotelBookingApplication.java:15)
Caused by: org.springframework.util.PlaceholderResolutionException: Could not resolve placeholder 'JWT_ISSUER_URI' in value "${JWT_ISSUER_URI}" <-- "${spring.security.oauth2.resourceserver.jwt.issuer-uri}"
	at org.springframework.util.PlaceholderResolutionException.withValue(PlaceholderResolutionException.java:81)
	at org.springframework.util.PlaceholderParser$ParsedValue.resolve(PlaceholderParser.java:423)
	at org.springframework.util.PlaceholderParser.replacePlaceholders(PlaceholderParser.java:128)
	at org.springframework.util.PropertyPlaceholderHelper.parseStringValue(PropertyPlaceholderHelper.java:118)
	at org.springframework.util.PropertyPlaceholderHelper.replacePlaceholders(PropertyPlaceholderHelper.java:114)
	at org.springframework.core.env.AbstractPropertyResolver.doResolvePlaceholders(AbstractPropertyResolver.java:255)
	at org.springframework.core.env.AbstractPropertyResolver.resolveRequiredPlaceholders(AbstractPropertyResolver.java:226)
	at org.springframework.context.support.PropertySourcesPlaceholderConfigurer.lambda$processProperties$0(PropertySourcesPlaceholderConfigurer.java:201)
	at org.springframework.beans.factory.support.AbstractBeanFactory.resolveEmbeddedValue(AbstractBeanFactory.java:971)
	at org.springframework.beans.factory.support.DefaultListableBeanFactory.doResolveDependency(DefaultListableBeanFactory.java:1574)
	at org.springframework.beans.factory.support.DefaultListableBeanFactory.resolveDependency(DefaultListableBeanFactory.java:1552)
	at org.springframework.beans.factory.annotation.AutowiredAnnotationBeanPostProcessor$AutowiredFieldElement.resolveFieldValue(AutowiredAnnotationBeanPostProcessor.java:785)
	at org.springframework.beans.factory.annotation.AutowiredAnnotationBeanPostProcessor$AutowiredFieldElement.inject(AutowiredAnnotationBeanPostProcessor.java:768)
	at org.springframework.beans.factory.annotation.InjectionMetadata.inject(InjectionMetadata.java:146)
	at org.springframework.beans.factory.annotation.AutowiredAnnotationBeanPostProcessor.postProcessProperties(AutowiredAnnotationBeanPostProcessor.java:509)
	... 19 common frames omitted
2025-04-14 23:04:15 [main] INFO  backend.HotelBookingApplication - Starting HotelBookingApplication using Java 17.0.13 with PID 35856 (/Users/sukuna/Documents/coding/IBE/IBE-BE/KDU/target/classes started by sukuna in /Users/sukuna/Documents/coding/IBE/IBE-BE/KDU)
2025-04-14 23:04:15 [main] INFO  backend.HotelBookingApplication - The following 1 profile is active: "dev"
2025-04-14 23:04:16 [main] INFO  o.s.d.r.c.RepositoryConfigurationDelegate - Bootstrapping Spring Data JPA repositories in DEFAULT mode.
2025-04-14 23:04:16 [main] INFO  o.s.d.r.c.RepositoryConfigurationDelegate - Finished Spring Data repository scanning in 59 ms. Found 15 JPA repository interfaces.
2025-04-14 23:04:16 [main] INFO  o.s.b.w.e.tomcat.TomcatWebServer - Tomcat initialized with port 8081 (http)
2025-04-14 23:04:16 [main] INFO  o.a.coyote.http11.Http11NioProtocol - Initializing ProtocolHandler ["http-nio-8081"]
2025-04-14 23:04:16 [main] INFO  o.a.catalina.core.StandardService - Starting service [Tomcat]
2025-04-14 23:04:16 [main] INFO  o.a.catalina.core.StandardEngine - Starting Servlet engine: [Apache Tomcat/10.1.36]
2025-04-14 23:04:16 [main] INFO  o.a.c.c.C.[Tomcat].[localhost].[/] - Initializing Spring embedded WebApplicationContext
2025-04-14 23:04:16 [main] INFO  o.s.b.w.s.c.ServletWebServerApplicationContext - Root WebApplicationContext: initialization completed in 1570 ms
2025-04-14 23:04:17 [main] INFO  com.zaxxer.hikari.HikariDataSource - HikariPool-1 - Starting...
2025-04-14 23:04:17 [main] INFO  com.zaxxer.hikari.pool.HikariPool - HikariPool-1 - Added connection org.postgresql.jdbc.PgConnection@7296fe0b
2025-04-14 23:04:17 [main] INFO  com.zaxxer.hikari.HikariDataSource - HikariPool-1 - Start completed.
2025-04-14 23:04:17 [main] INFO  o.s.o.j.p.SpringPersistenceUnitInfo - No LoadTimeWeaver setup: ignoring JPA class transformer
2025-04-14 23:04:17 [main] WARN  org.hibernate.orm.deprecation - HHH90000025: PostgreSQLDialect does not need to be specified explicitly using 'hibernate.dialect' (remove the property setting and it will be selected by default)
2025-04-14 23:04:19 [main] INFO  o.s.o.j.LocalContainerEntityManagerFactoryBean - Initialized JPA EntityManagerFactory for persistence unit 'default'
2025-04-14 23:04:19 [main] INFO  backend.config.CorsConfig - CORS Configuration Loaded!
2025-04-14 23:04:19 [main] WARN  o.s.b.w.s.c.AnnotationConfigServletWebServerApplicationContext - Exception encountered during context initialization - cancelling refresh attempt: org.springframework.beans.factory.BeanCreationException: Error creating bean with name 'securityConfig': Injection of autowired dependencies failed
2025-04-14 23:04:19 [main] INFO  o.s.o.j.LocalContainerEntityManagerFactoryBean - Closing JPA EntityManagerFactory for persistence unit 'default'
2025-04-14 23:04:19 [main] INFO  com.zaxxer.hikari.HikariDataSource - HikariPool-1 - Shutdown initiated...
2025-04-14 23:04:19 [main] INFO  com.zaxxer.hikari.HikariDataSource - HikariPool-1 - Shutdown completed.
2025-04-14 23:04:19 [main] INFO  o.a.catalina.core.StandardService - Stopping service [Tomcat]
2025-04-14 23:04:19 [main] INFO  o.s.b.a.l.ConditionEvaluationReportLogger - 

Error starting ApplicationContext. To display the condition evaluation report re-run your application with 'debug' enabled.
2025-04-14 23:04:19 [main] ERROR o.s.boot.SpringApplication - Application run failed
org.springframework.beans.factory.BeanCreationException: Error creating bean with name 'securityConfig': Injection of autowired dependencies failed
	at org.springframework.beans.factory.annotation.AutowiredAnnotationBeanPostProcessor.postProcessProperties(AutowiredAnnotationBeanPostProcessor.java:515)
	at org.springframework.beans.factory.support.AbstractAutowireCapableBeanFactory.populateBean(AbstractAutowireCapableBeanFactory.java:1445)
	at org.springframework.beans.factory.support.AbstractAutowireCapableBeanFactory.doCreateBean(AbstractAutowireCapableBeanFactory.java:600)
	at org.springframework.beans.factory.support.AbstractAutowireCapableBeanFactory.createBean(AbstractAutowireCapableBeanFactory.java:523)
	at org.springframework.beans.factory.support.AbstractBeanFactory.lambda$doGetBean$0(AbstractBeanFactory.java:339)
	at org.springframework.beans.factory.support.DefaultSingletonBeanRegistry.getSingleton(DefaultSingletonBeanRegistry.java:346)
	at org.springframework.beans.factory.support.AbstractBeanFactory.doGetBean(AbstractBeanFactory.java:337)
	at org.springframework.beans.factory.support.AbstractBeanFactory.getBean(AbstractBeanFactory.java:202)
	at org.springframework.beans.factory.support.DefaultListableBeanFactory.instantiateSingleton(DefaultListableBeanFactory.java:1155)
	at org.springframework.beans.factory.support.DefaultListableBeanFactory.preInstantiateSingleton(DefaultListableBeanFactory.java:1121)
	at org.springframework.beans.factory.support.DefaultListableBeanFactory.preInstantiateSingletons(DefaultListableBeanFactory.java:1056)
	at org.springframework.context.support.AbstractApplicationContext.finishBeanFactoryInitialization(AbstractApplicationContext.java:987)
	at org.springframework.context.support.AbstractApplicationContext.refresh(AbstractApplicationContext.java:627)
	at org.springframework.boot.web.servlet.context.ServletWebServerApplicationContext.refresh(ServletWebServerApplicationContext.java:146)
	at org.springframework.boot.SpringApplication.refresh(SpringApplication.java:752)
	at org.springframework.boot.SpringApplication.refreshContext(SpringApplication.java:439)
	at org.springframework.boot.SpringApplication.run(SpringApplication.java:318)
	at org.springframework.boot.SpringApplication.run(SpringApplication.java:1361)
	at org.springframework.boot.SpringApplication.run(SpringApplication.java:1350)
	at backend.HotelBookingApplication.main(HotelBookingApplication.java:15)
Caused by: org.springframework.util.PlaceholderResolutionException: Could not resolve placeholder 'JWT_ISSUER_URI' in value "${JWT_ISSUER_URI}" <-- "${spring.security.oauth2.resourceserver.jwt.issuer-uri}"
	at org.springframework.util.PlaceholderResolutionException.withValue(PlaceholderResolutionException.java:81)
	at org.springframework.util.PlaceholderParser$ParsedValue.resolve(PlaceholderParser.java:423)
	at org.springframework.util.PlaceholderParser.replacePlaceholders(PlaceholderParser.java:128)
	at org.springframework.util.PropertyPlaceholderHelper.parseStringValue(PropertyPlaceholderHelper.java:118)
	at org.springframework.util.PropertyPlaceholderHelper.replacePlaceholders(PropertyPlaceholderHelper.java:114)
	at org.springframework.core.env.AbstractPropertyResolver.doResolvePlaceholders(AbstractPropertyResolver.java:255)
	at org.springframework.core.env.AbstractPropertyResolver.resolveRequiredPlaceholders(AbstractPropertyResolver.java:226)
	at org.springframework.context.support.PropertySourcesPlaceholderConfigurer.lambda$processProperties$0(PropertySourcesPlaceholderConfigurer.java:201)
	at org.springframework.beans.factory.support.AbstractBeanFactory.resolveEmbeddedValue(AbstractBeanFactory.java:971)
	at org.springframework.beans.factory.support.DefaultListableBeanFactory.doResolveDependency(DefaultListableBeanFactory.java:1574)
	at org.springframework.beans.factory.support.DefaultListableBeanFactory.resolveDependency(DefaultListableBeanFactory.java:1552)
	at org.springframework.beans.factory.annotation.AutowiredAnnotationBeanPostProcessor$AutowiredFieldElement.resolveFieldValue(AutowiredAnnotationBeanPostProcessor.java:785)
	at org.springframework.beans.factory.annotation.AutowiredAnnotationBeanPostProcessor$AutowiredFieldElement.inject(AutowiredAnnotationBeanPostProcessor.java:768)
	at org.springframework.beans.factory.annotation.InjectionMetadata.inject(InjectionMetadata.java:146)
	at org.springframework.beans.factory.annotation.AutowiredAnnotationBeanPostProcessor.postProcessProperties(AutowiredAnnotationBeanPostProcessor.java:509)
	... 19 common frames omitted
2025-04-14 23:06:02 [main] INFO  backend.HotelBookingApplication - Starting HotelBookingApplication using Java 17.0.13 with PID 35945 (/Users/sukuna/Documents/coding/IBE/IBE-BE/KDU/target/classes started by sukuna in /Users/sukuna/Documents/coding/IBE/IBE-BE/KDU)
2025-04-14 23:06:02 [main] INFO  backend.HotelBookingApplication - The following 1 profile is active: "dev"
2025-04-14 23:06:03 [main] INFO  o.s.d.r.c.RepositoryConfigurationDelegate - Bootstrapping Spring Data JPA repositories in DEFAULT mode.
2025-04-14 23:06:03 [main] INFO  o.s.d.r.c.RepositoryConfigurationDelegate - Finished Spring Data repository scanning in 66 ms. Found 15 JPA repository interfaces.
2025-04-14 23:06:03 [main] INFO  o.s.b.w.e.tomcat.TomcatWebServer - Tomcat initialized with port 8081 (http)
2025-04-14 23:06:03 [main] INFO  o.a.coyote.http11.Http11NioProtocol - Initializing ProtocolHandler ["http-nio-8081"]
2025-04-14 23:06:03 [main] INFO  o.a.catalina.core.StandardService - Starting service [Tomcat]
2025-04-14 23:06:03 [main] INFO  o.a.catalina.core.StandardEngine - Starting Servlet engine: [Apache Tomcat/10.1.36]
2025-04-14 23:06:04 [main] INFO  o.a.c.c.C.[Tomcat].[localhost].[/] - Initializing Spring embedded WebApplicationContext
2025-04-14 23:06:04 [main] INFO  o.s.b.w.s.c.ServletWebServerApplicationContext - Root WebApplicationContext: initialization completed in 1705 ms
2025-04-14 23:06:04 [main] INFO  com.zaxxer.hikari.HikariDataSource - HikariPool-1 - Starting...
2025-04-14 23:06:04 [main] INFO  com.zaxxer.hikari.pool.HikariPool - HikariPool-1 - Added connection org.postgresql.jdbc.PgConnection@4a5066f5
2025-04-14 23:06:04 [main] INFO  com.zaxxer.hikari.HikariDataSource - HikariPool-1 - Start completed.
2025-04-14 23:06:05 [main] INFO  o.s.o.j.p.SpringPersistenceUnitInfo - No LoadTimeWeaver setup: ignoring JPA class transformer
2025-04-14 23:06:05 [main] WARN  org.hibernate.orm.deprecation - HHH90000025: PostgreSQLDialect does not need to be specified explicitly using 'hibernate.dialect' (remove the property setting and it will be selected by default)
2025-04-14 23:06:06 [main] INFO  o.s.o.j.LocalContainerEntityManagerFactoryBean - Initialized JPA EntityManagerFactory for persistence unit 'default'
2025-04-14 23:06:06 [main] INFO  backend.config.CorsConfig - CORS Configuration Loaded!
2025-04-14 23:06:06 [main] DEBUG o.s.c.e.PropertySourcesPropertyResolver - Found key 'spring.security.oauth2.resourceserver.jwt.issuer-uri' in PropertySource 'environmentProperties' with value of type String
2025-04-14 23:06:07 [main] INFO  o.s.d.j.r.query.QueryEnhancerFactory - Hibernate is in classpath; If applicable, HQL parser will be used.
2025-04-14 23:06:07 [main] DEBUG o.s.c.e.PropertySourcesPropertyResolver - Found key 'graphql.endpoint' in PropertySource 'environmentProperties' with value of type String
2025-04-14 23:06:07 [main] DEBUG o.s.c.e.PropertySourcesPropertyResolver - Found key 'graphql.api-key' in PropertySource 'environmentProperties' with value of type String
2025-04-14 23:06:07 [main] DEBUG o.s.c.e.PropertySourcesPropertyResolver - Found key 'graphql.api.key' in PropertySource 'environmentProperties' with value of type String
2025-04-14 23:06:07 [main] DEBUG o.s.c.e.PropertySourcesPropertyResolver - Found key 'graphql.url' in PropertySource 'environmentProperties' with value of type String
2025-04-14 23:06:07 [main] DEBUG o.s.c.e.PropertySourcesPropertyResolver - Found key 'spring.mail.username' in PropertySource 'environmentProperties' with value of type String
2025-04-14 23:06:07 [main] DEBUG o.s.c.e.PropertySourcesPropertyResolver - Found key 'otp.expiry.minutes' in PropertySource 'environmentProperties' with value of type String
2025-04-14 23:06:07 [main] DEBUG o.s.c.e.PropertySourcesPropertyResolver - Found key 'otp.max.attempts' in PropertySource 'environmentProperties' with value of type String
2025-04-14 23:06:07 [main] DEBUG o.s.c.e.PropertySourcesPropertyResolver - Found key 'graphql.endpoint' in PropertySource 'environmentProperties' with value of type String
2025-04-14 23:06:07 [main] DEBUG o.s.c.e.PropertySourcesPropertyResolver - Found key 'graphql.api-key' in PropertySource 'environmentProperties' with value of type String
2025-04-14 23:06:07 [main] DEBUG o.s.c.e.PropertySourcesPropertyResolver - Found key 'graphql.api.key' in PropertySource 'environmentProperties' with value of type String
2025-04-14 23:06:07 [main] DEBUG o.s.c.e.PropertySourcesPropertyResolver - Found key 'graphql.url' in PropertySource 'environmentProperties' with value of type String
2025-04-14 23:06:07 [main] DEBUG o.s.c.e.PropertySourcesPropertyResolver - Found key 'graphql.endpoint' in PropertySource 'environmentProperties' with value of type String
2025-04-14 23:06:07 [main] DEBUG o.s.c.e.PropertySourcesPropertyResolver - Found key 'graphql.api-key' in PropertySource 'environmentProperties' with value of type String
2025-04-14 23:06:07 [main] DEBUG o.s.c.e.PropertySourcesPropertyResolver - Found key 'graphql.endpoint' in PropertySource 'environmentProperties' with value of type String
2025-04-14 23:06:07 [main] DEBUG o.s.c.e.PropertySourcesPropertyResolver - Found key 'graphql.apiKey' in PropertySource 'environmentProperties' with value of type String
2025-04-14 23:06:07 [main] DEBUG o.s.c.e.PropertySourcesPropertyResolver - Found key 'graphql.endpoint' in PropertySource 'environmentProperties' with value of type String
2025-04-14 23:06:07 [main] DEBUG o.s.c.e.PropertySourcesPropertyResolver - Found key 'graphql.apiKey' in PropertySource 'environmentProperties' with value of type String
2025-04-14 23:06:08 [main] DEBUG o.s.c.e.PropertySourcesPropertyResolver - Found key 'api.base.url' in PropertySource 'environmentProperties' with value of type String
2025-04-14 23:06:08 [main] WARN  o.s.b.a.o.j.JpaBaseConfiguration$JpaWebConfiguration - spring.jpa.open-in-view is enabled by default. Therefore, database queries may be performed during view rendering. Explicitly configure spring.jpa.open-in-view to disable this warning
2025-04-14 23:06:08 [main] INFO  backend.config.CorsConfig - Applying CORS settings...
2025-04-14 23:06:08 [main] DEBUG o.s.s.c.a.a.c.AuthenticationConfiguration$DefaultPasswordEncoderAuthenticationManagerBuilder - No authenticationProviders and no parentAuthenticationManager defined. Returning null.
2025-04-14 23:06:08 [main] INFO  o.s.b.a.e.web.EndpointLinksResolver - Exposing 2 endpoints beneath base path '/actuator'
2025-04-14 23:06:08 [main] INFO  backend.config.SecurityConfig - Configuring security filter chain...
2025-04-14 23:06:08 [main] INFO  backend.config.SecurityConfig - Using issuer URI: https://cognito-idp.ap-south-1.amazonaws.com/ap-south-1_IGHZ9OObg
2025-04-14 23:06:08 [main] INFO  backend.config.SecurityConfig - Configuring authorization rules...
2025-04-14 23:06:08 [main] INFO  backend.config.SecurityConfig - Configuring OAuth2 resource server...
2025-04-14 23:06:08 [main] INFO  backend.config.SecurityConfig - Configuring JWT...
2025-04-14 23:06:08 [main] INFO  backend.config.SecurityConfig - Creating JWT decoder with issuer URI: https://cognito-idp.ap-south-1.amazonaws.com/ap-south-1_IGHZ9OObg
2025-04-14 23:06:08 [main] INFO  backend.config.SecurityConfig - Configuring session management...
2025-04-14 23:06:08 [main] DEBUG o.s.s.web.DefaultSecurityFilterChain - Will secure any request with filters: DisableEncodeUrlFilter, WebAsyncManagerIntegrationFilter, SecurityContextHolderFilter, HeaderWriterFilter, CorsFilter, LogoutFilter, BearerTokenAuthenticationFilter, RequestCacheAwareFilter, SecurityContextHolderAwareRequestFilter, AnonymousAuthenticationFilter, SessionManagementFilter, ExceptionTranslationFilter, AuthorizationFilter
2025-04-14 23:06:09 [main] INFO  o.a.coyote.http11.Http11NioProtocol - Starting ProtocolHandler ["http-nio-8081"]
2025-04-14 23:06:09 [main] INFO  o.s.b.w.e.tomcat.TomcatWebServer - Tomcat started on port 8081 (http) with context path '/'
2025-04-14 23:06:09 [main] INFO  backend.HotelBookingApplication - Started HotelBookingApplication in 8.148 seconds (process running for 8.827)
2025-04-14 23:06:27 [http-nio-8081-exec-1] INFO  o.a.c.c.C.[Tomcat].[localhost].[/] - Initializing Spring DispatcherServlet 'dispatcherServlet'
2025-04-14 23:06:27 [http-nio-8081-exec-1] INFO  o.s.web.servlet.DispatcherServlet - Initializing Servlet 'dispatcherServlet'
2025-04-14 23:06:27 [http-nio-8081-exec-1] INFO  o.s.web.servlet.DispatcherServlet - Completed initialization in 18 ms
2025-04-14 23:06:27 [http-nio-8081-exec-1] DEBUG o.s.security.web.FilterChainProxy - Securing GET /swagger-ui/index.html
2025-04-14 23:06:27 [http-nio-8081-exec-1] DEBUG o.s.s.w.a.AnonymousAuthenticationFilter - Set SecurityContextHolder to anonymous SecurityContext
2025-04-14 23:06:27 [http-nio-8081-exec-1] DEBUG o.s.security.web.FilterChainProxy - Secured GET /swagger-ui/index.html
2025-04-14 23:06:27 [http-nio-8081-exec-2] DEBUG o.s.security.web.FilterChainProxy - Securing GET /swagger-ui/swagger-ui.css
2025-04-14 23:06:27 [http-nio-8081-exec-6] DEBUG o.s.security.web.FilterChainProxy - Securing GET /swagger-ui/swagger-initializer.js
2025-04-14 23:06:27 [http-nio-8081-exec-5] DEBUG o.s.security.web.FilterChainProxy - Securing GET /swagger-ui/swagger-ui-standalone-preset.js
2025-04-14 23:06:27 [http-nio-8081-exec-2] DEBUG o.s.s.w.a.AnonymousAuthenticationFilter - Set SecurityContextHolder to anonymous SecurityContext
2025-04-14 23:06:27 [http-nio-8081-exec-4] DEBUG o.s.security.web.FilterChainProxy - Securing GET /swagger-ui/swagger-ui-bundle.js
2025-04-14 23:06:27 [http-nio-8081-exec-6] DEBUG o.s.s.w.a.AnonymousAuthenticationFilter - Set SecurityContextHolder to anonymous SecurityContext
2025-04-14 23:06:27 [http-nio-8081-exec-5] DEBUG o.s.s.w.a.AnonymousAuthenticationFilter - Set SecurityContextHolder to anonymous SecurityContext
2025-04-14 23:06:27 [http-nio-8081-exec-3] DEBUG o.s.security.web.FilterChainProxy - Securing GET /swagger-ui/index.css
2025-04-14 23:06:27 [http-nio-8081-exec-2] DEBUG o.s.security.web.FilterChainProxy - Secured GET /swagger-ui/swagger-ui.css
2025-04-14 23:06:27 [http-nio-8081-exec-4] DEBUG o.s.s.w.a.AnonymousAuthenticationFilter - Set SecurityContextHolder to anonymous SecurityContext
2025-04-14 23:06:27 [http-nio-8081-exec-6] DEBUG o.s.security.web.FilterChainProxy - Secured GET /swagger-ui/swagger-initializer.js
2025-04-14 23:06:27 [http-nio-8081-exec-5] DEBUG o.s.security.web.FilterChainProxy - Secured GET /swagger-ui/swagger-ui-standalone-preset.js
2025-04-14 23:06:27 [http-nio-8081-exec-4] DEBUG o.s.security.web.FilterChainProxy - Secured GET /swagger-ui/swagger-ui-bundle.js
2025-04-14 23:06:27 [http-nio-8081-exec-3] DEBUG o.s.s.w.a.AnonymousAuthenticationFilter - Set SecurityContextHolder to anonymous SecurityContext
2025-04-14 23:06:27 [http-nio-8081-exec-3] DEBUG o.s.security.web.FilterChainProxy - Secured GET /swagger-ui/index.css
2025-04-14 23:06:27 [http-nio-8081-exec-8] DEBUG o.s.security.web.FilterChainProxy - Securing GET /swagger-ui/favicon-32x32.png
2025-04-14 23:06:27 [http-nio-8081-exec-7] DEBUG o.s.security.web.FilterChainProxy - Securing GET /v3/api-docs/swagger-config
2025-04-14 23:06:27 [http-nio-8081-exec-7] DEBUG o.s.s.w.a.AnonymousAuthenticationFilter - Set SecurityContextHolder to anonymous SecurityContext
2025-04-14 23:06:27 [http-nio-8081-exec-8] DEBUG o.s.s.w.a.AnonymousAuthenticationFilter - Set SecurityContextHolder to anonymous SecurityContext
2025-04-14 23:06:27 [http-nio-8081-exec-8] DEBUG o.s.security.web.FilterChainProxy - Secured GET /swagger-ui/favicon-32x32.png
2025-04-14 23:06:27 [http-nio-8081-exec-7] DEBUG o.s.security.web.FilterChainProxy - Secured GET /v3/api-docs/swagger-config
2025-04-14 23:06:27 [http-nio-8081-exec-9] DEBUG o.s.security.web.FilterChainProxy - Securing GET /v3/api-docs
2025-04-14 23:06:27 [http-nio-8081-exec-9] DEBUG o.s.s.w.a.AnonymousAuthenticationFilter - Set SecurityContextHolder to anonymous SecurityContext
2025-04-14 23:06:27 [http-nio-8081-exec-9] DEBUG o.s.security.web.FilterChainProxy - Secured GET /v3/api-docs
2025-04-14 23:06:28 [http-nio-8081-exec-9] INFO  o.s.api.AbstractOpenApiResource - Init duration for springdoc-openapi is: 533 ms
2025-04-14 23:06:57 [http-nio-8081-exec-4] DEBUG o.s.security.web.FilterChainProxy - Securing POST /api/house-cleaning/generate?date=2025-05-01
2025-04-14 23:06:57 [http-nio-8081-exec-4] DEBUG o.s.s.w.a.AnonymousAuthenticationFilter - Set SecurityContextHolder to anonymous SecurityContext
2025-04-14 23:06:57 [http-nio-8081-exec-4] DEBUG o.s.security.web.FilterChainProxy - Secured POST /api/house-cleaning/generate?date=2025-05-01
2025-04-14 23:06:57 [http-nio-8081-exec-4] INFO  b.s.impl.HouseCleaningServiceImpl - Generating cleaning schedules for date: 2025-05-01
2025-04-14 23:06:57 [http-nio-8081-exec-4] INFO  b.service.TenantConfigurationService - Fetching configurations for tenantId: 1
2025-04-14 23:06:57 [http-nio-8081-exec-4] INFO  b.service.TenantConfigurationService - Found 1 configurations for tenantId: 1
2025-04-14 23:06:57 [http-nio-8081-exec-4] INFO  b.s.impl.HouseCleaningServiceImpl - Using configured check-in time: 13:00
2025-04-14 23:06:57 [http-nio-8081-exec-4] INFO  b.service.TenantConfigurationService - Fetching configurations for tenantId: 1
2025-04-14 23:06:57 [http-nio-8081-exec-4] INFO  b.service.TenantConfigurationService - Found 1 configurations for tenantId: 1
2025-04-14 23:06:57 [http-nio-8081-exec-4] INFO  b.s.impl.HouseCleaningServiceImpl - Using configured check-out time: 11:00
2025-04-14 23:06:57 [http-nio-8081-exec-4] INFO  b.s.impl.HouseCleaningServiceImpl - Found 10 check-in bookings, 2 check-out bookings, and 12 current bookings for date 2025-05-01
2025-04-14 23:06:57 [http-nio-8081-exec-4] INFO  b.s.impl.BookedRoomsServiceImpl - Checking check-in rooms for date: 2025-05-01
2025-04-14 23:06:57 [http-nio-8081-exec-4] INFO  b.s.impl.BookedRoomsServiceImpl - Found 10 transactions with check-in date 2025-05-01
2025-04-14 23:06:57 [http-nio-8081-exec-4] INFO  b.s.impl.BookedRoomsServiceImpl - Booking IDs for check-in: [13, 12, 15, 14, 53, 55, 59, 60, 155, 318]
2025-04-14 23:07:03 [http-nio-8081-exec-4] INFO  b.s.impl.BookedRoomsServiceImpl - Room IDs for bookings [13, 12, 15, 14, 53, 55, 59, 60, 155, 318]: [421, 422, 433, 434, 439, 451, 452, 457, 464, 469, 470]
2025-04-14 23:07:03 [http-nio-8081-exec-4] INFO  b.s.impl.BookedRoomsServiceImpl - Checking check-out rooms for date: 2025-05-01
2025-04-14 23:07:03 [http-nio-8081-exec-4] INFO  b.s.impl.BookedRoomsServiceImpl - Found 2 transactions with check-out date 2025-05-01
2025-04-14 23:07:03 [http-nio-8081-exec-4] INFO  b.s.impl.BookedRoomsServiceImpl - Booking IDs for check-out: [397, 33]
2025-04-14 23:07:03 [http-nio-8081-exec-4] INFO  b.s.impl.BookedRoomsServiceImpl - Room IDs for bookings [397, 33]: [427]
2025-04-14 23:07:03 [http-nio-8081-exec-4] INFO  b.s.impl.BookedRoomsServiceImpl - Checking currently booked rooms for date: 2025-05-01T00:00:00Z
2025-04-14 23:07:03 [http-nio-8081-exec-4] INFO  b.s.impl.BookedRoomsServiceImpl - Currently booked room IDs: [421, 422, 427, 433, 434, 439, 451, 452, 457, 464, 469, 470]
2025-04-14 23:07:03 [http-nio-8081-exec-4] INFO  b.s.impl.HouseCleaningServiceImpl - Found 11 check-in rooms, 1 check-out rooms, and 12 current rooms for date 2025-05-01
2025-04-14 23:07:03 [http-nio-8081-exec-4] WARN  b.s.impl.HouseCleaningServiceImpl - Could not extract room ID from booking details for booking ID 13
2025-04-14 23:07:03 [http-nio-8081-exec-4] WARN  b.s.impl.HouseCleaningServiceImpl - Could not extract room ID from booking details for booking ID 12
2025-04-14 23:07:03 [http-nio-8081-exec-4] WARN  b.s.impl.HouseCleaningServiceImpl - Could not extract room ID from booking details for booking ID 15
2025-04-14 23:07:03 [http-nio-8081-exec-4] WARN  b.s.impl.HouseCleaningServiceImpl - Could not extract room ID from booking details for booking ID 14
2025-04-14 23:07:03 [http-nio-8081-exec-4] WARN  b.s.impl.HouseCleaningServiceImpl - Could not extract room ID from booking details for booking ID 53
2025-04-14 23:07:03 [http-nio-8081-exec-4] WARN  b.s.impl.HouseCleaningServiceImpl - Could not extract room ID from booking details for booking ID 55
2025-04-14 23:07:03 [http-nio-8081-exec-4] WARN  b.s.impl.HouseCleaningServiceImpl - Could not extract room ID from booking details for booking ID 59
2025-04-14 23:07:03 [http-nio-8081-exec-4] WARN  b.s.impl.HouseCleaningServiceImpl - Could not extract room ID from booking details for booking ID 60
2025-04-14 23:07:03 [http-nio-8081-exec-4] WARN  b.s.impl.HouseCleaningServiceImpl - Could not extract room ID from booking details for booking ID 155
2025-04-14 23:07:03 [http-nio-8081-exec-4] WARN  b.s.impl.HouseCleaningServiceImpl - Could not extract room ID from booking details for booking ID 318
2025-04-14 23:07:03 [http-nio-8081-exec-4] WARN  b.s.impl.HouseCleaningServiceImpl - Could not extract room ID from booking details for booking ID 397
2025-04-14 23:07:03 [http-nio-8081-exec-4] WARN  b.s.impl.HouseCleaningServiceImpl - Could not extract room ID from booking details for booking ID 33
2025-04-14 23:07:03 [http-nio-8081-exec-4] WARN  b.s.impl.HouseCleaningServiceImpl - Could not extract room ID from booking details for booking ID 13
2025-04-14 23:07:03 [http-nio-8081-exec-4] WARN  b.s.impl.HouseCleaningServiceImpl - Could not extract room ID from booking details for booking ID 12
2025-04-14 23:07:03 [http-nio-8081-exec-4] WARN  b.s.impl.HouseCleaningServiceImpl - Could not extract room ID from booking details for booking ID 15
2025-04-14 23:07:03 [http-nio-8081-exec-4] WARN  b.s.impl.HouseCleaningServiceImpl - Could not extract room ID from booking details for booking ID 14
2025-04-14 23:07:03 [http-nio-8081-exec-4] WARN  b.s.impl.HouseCleaningServiceImpl - Could not extract room ID from booking details for booking ID 53
2025-04-14 23:07:03 [http-nio-8081-exec-4] WARN  b.s.impl.HouseCleaningServiceImpl - Could not extract room ID from booking details for booking ID 55
2025-04-14 23:07:03 [http-nio-8081-exec-4] WARN  b.s.impl.HouseCleaningServiceImpl - Could not extract room ID from booking details for booking ID 59
2025-04-14 23:07:03 [http-nio-8081-exec-4] WARN  b.s.impl.HouseCleaningServiceImpl - Could not extract room ID from booking details for booking ID 60
2025-04-14 23:07:03 [http-nio-8081-exec-4] WARN  b.s.impl.HouseCleaningServiceImpl - Could not extract room ID from booking details for booking ID 155
2025-04-14 23:07:03 [http-nio-8081-exec-4] WARN  b.s.impl.HouseCleaningServiceImpl - Could not extract room ID from booking details for booking ID 318
2025-04-14 23:07:03 [http-nio-8081-exec-4] WARN  b.s.impl.HouseCleaningServiceImpl - Could not extract room ID from booking details for booking ID 397
2025-04-14 23:07:03 [http-nio-8081-exec-4] WARN  b.s.impl.HouseCleaningServiceImpl - Could not extract room ID from booking details for booking ID 33
2025-04-14 23:07:03 [http-nio-8081-exec-4] INFO  b.s.impl.HouseCleaningServiceImpl - Room to booking map: {}
2025-04-14 23:07:03 [http-nio-8081-exec-4] INFO  b.service.TenantConfigurationService - Fetching configurations for tenantId: 1
2025-04-14 23:07:03 [http-nio-8081-exec-4] INFO  b.service.TenantConfigurationService - Found 1 configurations for tenantId: 1
2025-04-14 23:07:03 [http-nio-8081-exec-4] INFO  b.s.impl.HouseCleaningServiceImpl - Using configured time interval: 30 minutes
2025-04-14 23:07:03 [http-nio-8081-exec-4] INFO  b.service.TenantConfigurationService - Fetching configurations for tenantId: 1
2025-04-14 23:07:03 [http-nio-8081-exec-4] INFO  b.service.TenantConfigurationService - Found 1 configurations for tenantId: 1
2025-04-14 23:07:03 [http-nio-8081-exec-4] INFO  b.s.impl.HouseCleaningServiceImpl - Using configured shift duration: 4 hours
2025-04-14 23:07:03 [http-nio-8081-exec-4] INFO  b.service.TenantConfigurationService - Fetching configurations for tenantId: 1
2025-04-14 23:07:03 [http-nio-8081-exec-4] INFO  b.service.TenantConfigurationService - Found 1 configurations for tenantId: 1
2025-04-14 23:07:03 [http-nio-8081-exec-4] INFO  b.s.impl.HouseCleaningServiceImpl - Configured morning shift start time: 07:00
2025-04-14 23:07:03 [http-nio-8081-exec-4] INFO  b.s.impl.HouseCleaningServiceImpl - Configured afternoon shift start time: 11:00
2025-04-14 23:07:03 [http-nio-8081-exec-4] INFO  b.s.impl.HouseCleaningServiceImpl - Configured evening shift start time: 15:00
2025-04-14 23:07:03 [http-nio-8081-exec-4] WARN  b.s.impl.HouseCleaningServiceImpl - No booking ID found for room ID 421
2025-04-14 23:07:03 [http-nio-8081-exec-4] INFO  b.service.TenantConfigurationService - Fetching configurations for tenantId: 1
2025-04-14 23:07:03 [http-nio-8081-exec-4] INFO  b.service.TenantConfigurationService - Found 1 configurations for tenantId: 1
2025-04-14 23:07:03 [http-nio-8081-exec-4] INFO  b.s.impl.HouseCleaningServiceImpl - Using configured time interval: 30 minutes
2025-04-14 23:07:03 [http-nio-8081-exec-4] INFO  b.service.TenantConfigurationService - Fetching configurations for tenantId: 1
2025-04-14 23:07:03 [http-nio-8081-exec-4] INFO  b.service.TenantConfigurationService - Found 1 configurations for tenantId: 1
2025-04-14 23:07:03 [http-nio-8081-exec-4] INFO  b.s.impl.HouseCleaningServiceImpl - Using configured shift duration: 4 hours
2025-04-14 23:07:03 [http-nio-8081-exec-4] INFO  b.service.TenantConfigurationService - Fetching configurations for tenantId: 1
2025-04-14 23:07:03 [http-nio-8081-exec-4] INFO  b.service.TenantConfigurationService - Found 1 configurations for tenantId: 1
2025-04-14 23:07:03 [http-nio-8081-exec-4] INFO  b.s.impl.HouseCleaningServiceImpl - Configured morning shift start time: 07:00
2025-04-14 23:07:03 [http-nio-8081-exec-4] INFO  b.s.impl.HouseCleaningServiceImpl - Configured afternoon shift start time: 11:00
2025-04-14 23:07:03 [http-nio-8081-exec-4] INFO  b.s.impl.HouseCleaningServiceImpl - Configured evening shift start time: 15:00
2025-04-14 23:07:03 [http-nio-8081-exec-4] WARN  b.s.impl.HouseCleaningServiceImpl - No booking ID found for room ID 422
2025-04-14 23:07:03 [http-nio-8081-exec-4] INFO  b.service.TenantConfigurationService - Fetching configurations for tenantId: 1
2025-04-14 23:07:03 [http-nio-8081-exec-4] INFO  b.service.TenantConfigurationService - Found 1 configurations for tenantId: 1
2025-04-14 23:07:03 [http-nio-8081-exec-4] INFO  b.s.impl.HouseCleaningServiceImpl - Using configured time interval: 30 minutes
2025-04-14 23:07:03 [http-nio-8081-exec-4] INFO  b.service.TenantConfigurationService - Fetching configurations for tenantId: 1
2025-04-14 23:07:03 [http-nio-8081-exec-4] INFO  b.service.TenantConfigurationService - Found 1 configurations for tenantId: 1
2025-04-14 23:07:03 [http-nio-8081-exec-4] INFO  b.s.impl.HouseCleaningServiceImpl - Using configured shift duration: 4 hours
2025-04-14 23:07:03 [http-nio-8081-exec-4] INFO  b.service.TenantConfigurationService - Fetching configurations for tenantId: 1
2025-04-14 23:07:03 [http-nio-8081-exec-4] INFO  b.service.TenantConfigurationService - Found 1 configurations for tenantId: 1
2025-04-14 23:07:03 [http-nio-8081-exec-4] INFO  b.s.impl.HouseCleaningServiceImpl - Configured morning shift start time: 07:00
2025-04-14 23:07:03 [http-nio-8081-exec-4] INFO  b.s.impl.HouseCleaningServiceImpl - Configured afternoon shift start time: 11:00
2025-04-14 23:07:03 [http-nio-8081-exec-4] INFO  b.s.impl.HouseCleaningServiceImpl - Configured evening shift start time: 15:00
2025-04-14 23:07:03 [http-nio-8081-exec-4] WARN  b.s.impl.HouseCleaningServiceImpl - No booking ID found for room ID 433
2025-04-14 23:07:03 [http-nio-8081-exec-4] INFO  b.service.TenantConfigurationService - Fetching configurations for tenantId: 1
2025-04-14 23:07:03 [http-nio-8081-exec-4] INFO  b.service.TenantConfigurationService - Found 1 configurations for tenantId: 1
2025-04-14 23:07:03 [http-nio-8081-exec-4] INFO  b.s.impl.HouseCleaningServiceImpl - Using configured time interval: 30 minutes
2025-04-14 23:07:03 [http-nio-8081-exec-4] INFO  b.service.TenantConfigurationService - Fetching configurations for tenantId: 1
2025-04-14 23:07:03 [http-nio-8081-exec-4] INFO  b.service.TenantConfigurationService - Found 1 configurations for tenantId: 1
2025-04-14 23:07:03 [http-nio-8081-exec-4] INFO  b.s.impl.HouseCleaningServiceImpl - Using configured shift duration: 4 hours
2025-04-14 23:07:03 [http-nio-8081-exec-4] INFO  b.service.TenantConfigurationService - Fetching configurations for tenantId: 1
2025-04-14 23:07:03 [http-nio-8081-exec-4] INFO  b.service.TenantConfigurationService - Found 1 configurations for tenantId: 1
2025-04-14 23:07:03 [http-nio-8081-exec-4] INFO  b.s.impl.HouseCleaningServiceImpl - Configured morning shift start time: 07:00
2025-04-14 23:07:03 [http-nio-8081-exec-4] INFO  b.s.impl.HouseCleaningServiceImpl - Configured afternoon shift start time: 11:00
2025-04-14 23:07:03 [http-nio-8081-exec-4] INFO  b.s.impl.HouseCleaningServiceImpl - Configured evening shift start time: 15:00
2025-04-14 23:07:03 [http-nio-8081-exec-4] WARN  b.s.impl.HouseCleaningServiceImpl - No booking ID found for room ID 434
2025-04-14 23:07:03 [http-nio-8081-exec-4] INFO  b.service.TenantConfigurationService - Fetching configurations for tenantId: 1
2025-04-14 23:07:03 [http-nio-8081-exec-4] INFO  b.service.TenantConfigurationService - Found 1 configurations for tenantId: 1
2025-04-14 23:07:03 [http-nio-8081-exec-4] INFO  b.s.impl.HouseCleaningServiceImpl - Using configured time interval: 30 minutes
2025-04-14 23:07:03 [http-nio-8081-exec-4] INFO  b.service.TenantConfigurationService - Fetching configurations for tenantId: 1
2025-04-14 23:07:03 [http-nio-8081-exec-4] INFO  b.service.TenantConfigurationService - Found 1 configurations for tenantId: 1
2025-04-14 23:07:03 [http-nio-8081-exec-4] INFO  b.s.impl.HouseCleaningServiceImpl - Using configured shift duration: 4 hours
2025-04-14 23:07:03 [http-nio-8081-exec-4] INFO  b.service.TenantConfigurationService - Fetching configurations for tenantId: 1
2025-04-14 23:07:03 [http-nio-8081-exec-4] INFO  b.service.TenantConfigurationService - Found 1 configurations for tenantId: 1
2025-04-14 23:07:03 [http-nio-8081-exec-4] INFO  b.s.impl.HouseCleaningServiceImpl - Configured morning shift start time: 07:00
2025-04-14 23:07:03 [http-nio-8081-exec-4] INFO  b.s.impl.HouseCleaningServiceImpl - Configured afternoon shift start time: 11:00
2025-04-14 23:07:03 [http-nio-8081-exec-4] INFO  b.s.impl.HouseCleaningServiceImpl - Configured evening shift start time: 15:00
2025-04-14 23:07:03 [http-nio-8081-exec-4] WARN  b.s.impl.HouseCleaningServiceImpl - No booking ID found for room ID 439
2025-04-14 23:07:03 [http-nio-8081-exec-4] INFO  b.service.TenantConfigurationService - Fetching configurations for tenantId: 1
2025-04-14 23:07:03 [http-nio-8081-exec-4] INFO  b.service.TenantConfigurationService - Found 1 configurations for tenantId: 1
2025-04-14 23:07:03 [http-nio-8081-exec-4] INFO  b.s.impl.HouseCleaningServiceImpl - Using configured time interval: 30 minutes
2025-04-14 23:07:03 [http-nio-8081-exec-4] INFO  b.service.TenantConfigurationService - Fetching configurations for tenantId: 1
2025-04-14 23:07:04 [http-nio-8081-exec-4] INFO  b.service.TenantConfigurationService - Found 1 configurations for tenantId: 1
2025-04-14 23:07:04 [http-nio-8081-exec-4] INFO  b.s.impl.HouseCleaningServiceImpl - Using configured shift duration: 4 hours
2025-04-14 23:07:04 [http-nio-8081-exec-4] INFO  b.service.TenantConfigurationService - Fetching configurations for tenantId: 1
2025-04-14 23:07:04 [http-nio-8081-exec-4] INFO  b.service.TenantConfigurationService - Found 1 configurations for tenantId: 1
2025-04-14 23:07:04 [http-nio-8081-exec-4] INFO  b.s.impl.HouseCleaningServiceImpl - Configured morning shift start time: 07:00
2025-04-14 23:07:04 [http-nio-8081-exec-4] INFO  b.s.impl.HouseCleaningServiceImpl - Configured afternoon shift start time: 11:00
2025-04-14 23:07:04 [http-nio-8081-exec-4] INFO  b.s.impl.HouseCleaningServiceImpl - Configured evening shift start time: 15:00
2025-04-14 23:07:04 [http-nio-8081-exec-4] WARN  b.s.impl.HouseCleaningServiceImpl - No booking ID found for room ID 451
2025-04-14 23:07:04 [http-nio-8081-exec-4] INFO  b.service.TenantConfigurationService - Fetching configurations for tenantId: 1
2025-04-14 23:07:04 [http-nio-8081-exec-4] INFO  b.service.TenantConfigurationService - Found 1 configurations for tenantId: 1
2025-04-14 23:07:04 [http-nio-8081-exec-4] INFO  b.s.impl.HouseCleaningServiceImpl - Using configured time interval: 30 minutes
2025-04-14 23:07:04 [http-nio-8081-exec-4] INFO  b.service.TenantConfigurationService - Fetching configurations for tenantId: 1
2025-04-14 23:07:04 [http-nio-8081-exec-4] INFO  b.service.TenantConfigurationService - Found 1 configurations for tenantId: 1
2025-04-14 23:07:04 [http-nio-8081-exec-4] INFO  b.s.impl.HouseCleaningServiceImpl - Using configured shift duration: 4 hours
2025-04-14 23:07:04 [http-nio-8081-exec-4] INFO  b.service.TenantConfigurationService - Fetching configurations for tenantId: 1
2025-04-14 23:07:04 [http-nio-8081-exec-4] INFO  b.service.TenantConfigurationService - Found 1 configurations for tenantId: 1
2025-04-14 23:07:04 [http-nio-8081-exec-4] INFO  b.s.impl.HouseCleaningServiceImpl - Configured morning shift start time: 07:00
2025-04-14 23:07:04 [http-nio-8081-exec-4] INFO  b.s.impl.HouseCleaningServiceImpl - Configured afternoon shift start time: 11:00
2025-04-14 23:07:04 [http-nio-8081-exec-4] INFO  b.s.impl.HouseCleaningServiceImpl - Configured evening shift start time: 15:00
2025-04-14 23:07:04 [http-nio-8081-exec-4] WARN  b.s.impl.HouseCleaningServiceImpl - No booking ID found for room ID 452
2025-04-14 23:07:04 [http-nio-8081-exec-4] INFO  b.service.TenantConfigurationService - Fetching configurations for tenantId: 1
2025-04-14 23:07:04 [http-nio-8081-exec-4] INFO  b.service.TenantConfigurationService - Found 1 configurations for tenantId: 1
2025-04-14 23:07:04 [http-nio-8081-exec-4] INFO  b.s.impl.HouseCleaningServiceImpl - Using configured time interval: 30 minutes
2025-04-14 23:07:04 [http-nio-8081-exec-4] INFO  b.service.TenantConfigurationService - Fetching configurations for tenantId: 1
2025-04-14 23:07:04 [http-nio-8081-exec-4] INFO  b.service.TenantConfigurationService - Found 1 configurations for tenantId: 1
2025-04-14 23:07:04 [http-nio-8081-exec-4] INFO  b.s.impl.HouseCleaningServiceImpl - Using configured shift duration: 4 hours
2025-04-14 23:07:04 [http-nio-8081-exec-4] INFO  b.service.TenantConfigurationService - Fetching configurations for tenantId: 1
2025-04-14 23:07:04 [http-nio-8081-exec-4] INFO  b.service.TenantConfigurationService - Found 1 configurations for tenantId: 1
2025-04-14 23:07:04 [http-nio-8081-exec-4] INFO  b.s.impl.HouseCleaningServiceImpl - Configured morning shift start time: 07:00
2025-04-14 23:07:04 [http-nio-8081-exec-4] INFO  b.s.impl.HouseCleaningServiceImpl - Configured afternoon shift start time: 11:00
2025-04-14 23:07:04 [http-nio-8081-exec-4] INFO  b.s.impl.HouseCleaningServiceImpl - Configured evening shift start time: 15:00
2025-04-14 23:07:04 [http-nio-8081-exec-4] WARN  b.s.impl.HouseCleaningServiceImpl - No booking ID found for room ID 457
2025-04-14 23:07:04 [http-nio-8081-exec-4] INFO  b.service.TenantConfigurationService - Fetching configurations for tenantId: 1
2025-04-14 23:07:04 [http-nio-8081-exec-4] INFO  b.service.TenantConfigurationService - Found 1 configurations for tenantId: 1
2025-04-14 23:07:04 [http-nio-8081-exec-4] INFO  b.s.impl.HouseCleaningServiceImpl - Using configured time interval: 30 minutes
2025-04-14 23:07:04 [http-nio-8081-exec-4] INFO  b.service.TenantConfigurationService - Fetching configurations for tenantId: 1
2025-04-14 23:07:04 [http-nio-8081-exec-4] INFO  b.service.TenantConfigurationService - Found 1 configurations for tenantId: 1
2025-04-14 23:07:04 [http-nio-8081-exec-4] INFO  b.s.impl.HouseCleaningServiceImpl - Using configured shift duration: 4 hours
2025-04-14 23:07:04 [http-nio-8081-exec-4] INFO  b.service.TenantConfigurationService - Fetching configurations for tenantId: 1
2025-04-14 23:07:04 [http-nio-8081-exec-4] INFO  b.service.TenantConfigurationService - Found 1 configurations for tenantId: 1
2025-04-14 23:07:04 [http-nio-8081-exec-4] INFO  b.s.impl.HouseCleaningServiceImpl - Configured morning shift start time: 07:00
2025-04-14 23:07:04 [http-nio-8081-exec-4] INFO  b.s.impl.HouseCleaningServiceImpl - Configured afternoon shift start time: 11:00
2025-04-14 23:07:04 [http-nio-8081-exec-4] INFO  b.s.impl.HouseCleaningServiceImpl - Configured evening shift start time: 15:00
2025-04-14 23:07:04 [http-nio-8081-exec-4] WARN  b.s.impl.HouseCleaningServiceImpl - No booking ID found for room ID 464
2025-04-14 23:07:04 [http-nio-8081-exec-4] INFO  b.service.TenantConfigurationService - Fetching configurations for tenantId: 1
2025-04-14 23:07:04 [http-nio-8081-exec-4] INFO  b.service.TenantConfigurationService - Found 1 configurations for tenantId: 1
2025-04-14 23:07:04 [http-nio-8081-exec-4] INFO  b.s.impl.HouseCleaningServiceImpl - Using configured time interval: 30 minutes
2025-04-14 23:07:04 [http-nio-8081-exec-4] INFO  b.service.TenantConfigurationService - Fetching configurations for tenantId: 1
2025-04-14 23:07:04 [http-nio-8081-exec-4] INFO  b.service.TenantConfigurationService - Found 1 configurations for tenantId: 1
2025-04-14 23:07:04 [http-nio-8081-exec-4] INFO  b.s.impl.HouseCleaningServiceImpl - Using configured shift duration: 4 hours
2025-04-14 23:07:04 [http-nio-8081-exec-4] INFO  b.service.TenantConfigurationService - Fetching configurations for tenantId: 1
2025-04-14 23:07:04 [http-nio-8081-exec-4] INFO  b.service.TenantConfigurationService - Found 1 configurations for tenantId: 1
2025-04-14 23:07:04 [http-nio-8081-exec-4] INFO  b.s.impl.HouseCleaningServiceImpl - Configured morning shift start time: 07:00
2025-04-14 23:07:04 [http-nio-8081-exec-4] INFO  b.s.impl.HouseCleaningServiceImpl - Configured afternoon shift start time: 11:00
2025-04-14 23:07:04 [http-nio-8081-exec-4] INFO  b.s.impl.HouseCleaningServiceImpl - Configured evening shift start time: 15:00
2025-04-14 23:07:04 [http-nio-8081-exec-4] WARN  b.s.impl.HouseCleaningServiceImpl - No booking ID found for room ID 469
2025-04-14 23:07:04 [http-nio-8081-exec-4] INFO  b.service.TenantConfigurationService - Fetching configurations for tenantId: 1
2025-04-14 23:07:04 [http-nio-8081-exec-4] INFO  b.service.TenantConfigurationService - Found 1 configurations for tenantId: 1
2025-04-14 23:07:04 [http-nio-8081-exec-4] INFO  b.s.impl.HouseCleaningServiceImpl - Using configured time interval: 30 minutes
2025-04-14 23:07:04 [http-nio-8081-exec-4] INFO  b.service.TenantConfigurationService - Fetching configurations for tenantId: 1
2025-04-14 23:07:04 [http-nio-8081-exec-4] INFO  b.service.TenantConfigurationService - Found 1 configurations for tenantId: 1
2025-04-14 23:07:04 [http-nio-8081-exec-4] INFO  b.s.impl.HouseCleaningServiceImpl - Using configured shift duration: 4 hours
2025-04-14 23:07:04 [http-nio-8081-exec-4] INFO  b.service.TenantConfigurationService - Fetching configurations for tenantId: 1
2025-04-14 23:07:04 [http-nio-8081-exec-4] INFO  b.service.TenantConfigurationService - Found 1 configurations for tenantId: 1
2025-04-14 23:07:04 [http-nio-8081-exec-4] INFO  b.s.impl.HouseCleaningServiceImpl - Configured morning shift start time: 07:00
2025-04-14 23:07:04 [http-nio-8081-exec-4] INFO  b.s.impl.HouseCleaningServiceImpl - Configured afternoon shift start time: 11:00
2025-04-14 23:07:04 [http-nio-8081-exec-4] INFO  b.s.impl.HouseCleaningServiceImpl - Configured evening shift start time: 15:00
2025-04-14 23:07:04 [http-nio-8081-exec-4] WARN  b.s.impl.HouseCleaningServiceImpl - No booking ID found for room ID 470
2025-04-14 23:07:04 [http-nio-8081-exec-4] INFO  b.service.TenantConfigurationService - Fetching configurations for tenantId: 1
2025-04-14 23:07:04 [http-nio-8081-exec-4] INFO  b.service.TenantConfigurationService - Found 1 configurations for tenantId: 1
2025-04-14 23:07:04 [http-nio-8081-exec-4] INFO  b.s.impl.HouseCleaningServiceImpl - Using configured time interval: 30 minutes
2025-04-14 23:07:04 [http-nio-8081-exec-4] INFO  b.service.TenantConfigurationService - Fetching configurations for tenantId: 1
2025-04-14 23:07:04 [http-nio-8081-exec-4] INFO  b.service.TenantConfigurationService - Found 1 configurations for tenantId: 1
2025-04-14 23:07:04 [http-nio-8081-exec-4] INFO  b.s.impl.HouseCleaningServiceImpl - Using configured shift duration: 4 hours
2025-04-14 23:07:04 [http-nio-8081-exec-4] INFO  b.service.TenantConfigurationService - Fetching configurations for tenantId: 1
2025-04-14 23:07:04 [http-nio-8081-exec-4] INFO  b.service.TenantConfigurationService - Found 1 configurations for tenantId: 1
2025-04-14 23:07:04 [http-nio-8081-exec-4] INFO  b.s.impl.HouseCleaningServiceImpl - Configured morning shift start time: 07:00
2025-04-14 23:07:04 [http-nio-8081-exec-4] INFO  b.s.impl.HouseCleaningServiceImpl - Configured afternoon shift start time: 11:00
2025-04-14 23:07:04 [http-nio-8081-exec-4] INFO  b.s.impl.HouseCleaningServiceImpl - Configured evening shift start time: 15:00
2025-04-14 23:07:04 [http-nio-8081-exec-4] WARN  b.s.impl.HouseCleaningServiceImpl - No booking ID found for room ID 427
2025-04-14 23:08:13 [http-nio-8081-exec-8] DEBUG o.s.security.web.FilterChainProxy - Securing POST /api/house-cleaning/generate?date=2025-05-01
2025-04-14 23:08:13 [http-nio-8081-exec-8] DEBUG o.s.s.w.a.AnonymousAuthenticationFilter - Set SecurityContextHolder to anonymous SecurityContext
2025-04-14 23:08:13 [http-nio-8081-exec-8] DEBUG o.s.security.web.FilterChainProxy - Secured POST /api/house-cleaning/generate?date=2025-05-01
2025-04-14 23:08:13 [http-nio-8081-exec-8] INFO  b.s.impl.HouseCleaningServiceImpl - Generating cleaning schedules for date: 2025-05-01
2025-04-14 23:08:13 [http-nio-8081-exec-8] INFO  b.service.TenantConfigurationService - Fetching configurations for tenantId: 1
2025-04-14 23:08:13 [http-nio-8081-exec-8] INFO  b.service.TenantConfigurationService - Found 1 configurations for tenantId: 1
2025-04-14 23:08:13 [http-nio-8081-exec-8] INFO  b.s.impl.HouseCleaningServiceImpl - Using configured check-in time: 13:00
2025-04-14 23:08:13 [http-nio-8081-exec-8] INFO  b.service.TenantConfigurationService - Fetching configurations for tenantId: 1
2025-04-14 23:08:13 [http-nio-8081-exec-8] INFO  b.service.TenantConfigurationService - Found 1 configurations for tenantId: 1
2025-04-14 23:08:13 [http-nio-8081-exec-8] INFO  b.s.impl.HouseCleaningServiceImpl - Using configured check-out time: 11:00
2025-04-14 23:08:13 [http-nio-8081-exec-8] INFO  b.s.impl.HouseCleaningServiceImpl - Found 10 check-in bookings, 2 check-out bookings, and 12 current bookings for date 2025-05-01
2025-04-14 23:08:13 [http-nio-8081-exec-8] INFO  b.s.impl.BookedRoomsServiceImpl - Checking check-in rooms for date: 2025-05-01
2025-04-14 23:08:13 [http-nio-8081-exec-8] INFO  b.s.impl.BookedRoomsServiceImpl - Found 10 transactions with check-in date 2025-05-01
2025-04-14 23:08:13 [http-nio-8081-exec-8] INFO  b.s.impl.BookedRoomsServiceImpl - Booking IDs for check-in: [13, 12, 15, 14, 53, 55, 59, 60, 155, 318]
2025-04-14 23:08:16 [http-nio-8081-exec-8] INFO  b.s.impl.BookedRoomsServiceImpl - Room IDs for bookings [13, 12, 15, 14, 53, 55, 59, 60, 155, 318]: [421, 422, 433, 434, 439, 451, 452, 457, 464, 469, 470]
2025-04-14 23:08:16 [http-nio-8081-exec-8] INFO  b.s.impl.BookedRoomsServiceImpl - Checking check-out rooms for date: 2025-05-01
2025-04-14 23:08:16 [http-nio-8081-exec-8] INFO  b.s.impl.BookedRoomsServiceImpl - Found 2 transactions with check-out date 2025-05-01
2025-04-14 23:08:16 [http-nio-8081-exec-8] INFO  b.s.impl.BookedRoomsServiceImpl - Booking IDs for check-out: [397, 33]
2025-04-14 23:08:16 [http-nio-8081-exec-8] INFO  b.s.impl.BookedRoomsServiceImpl - Room IDs for bookings [397, 33]: [427]
2025-04-14 23:08:16 [http-nio-8081-exec-8] INFO  b.s.impl.BookedRoomsServiceImpl - Checking currently booked rooms for date: 2025-05-01T00:00:00Z
2025-04-14 23:08:16 [http-nio-8081-exec-8] INFO  b.s.impl.BookedRoomsServiceImpl - Currently booked room IDs: [421, 422, 427, 433, 434, 439, 451, 452, 457, 464, 469, 470]
2025-04-14 23:08:16 [http-nio-8081-exec-8] INFO  b.s.impl.HouseCleaningServiceImpl - Found 11 check-in rooms, 1 check-out rooms, and 12 current rooms for date 2025-05-01
2025-04-14 23:08:16 [http-nio-8081-exec-8] WARN  b.s.impl.HouseCleaningServiceImpl - Could not extract room ID from booking details for booking ID 13
2025-04-14 23:08:16 [http-nio-8081-exec-8] WARN  b.s.impl.HouseCleaningServiceImpl - Could not extract room ID from booking details for booking ID 12
2025-04-14 23:08:16 [http-nio-8081-exec-8] WARN  b.s.impl.HouseCleaningServiceImpl - Could not extract room ID from booking details for booking ID 15
2025-04-14 23:08:16 [http-nio-8081-exec-8] WARN  b.s.impl.HouseCleaningServiceImpl - Could not extract room ID from booking details for booking ID 14
2025-04-14 23:08:16 [http-nio-8081-exec-8] WARN  b.s.impl.HouseCleaningServiceImpl - Could not extract room ID from booking details for booking ID 53
2025-04-14 23:08:16 [http-nio-8081-exec-8] WARN  b.s.impl.HouseCleaningServiceImpl - Could not extract room ID from booking details for booking ID 55
2025-04-14 23:08:16 [http-nio-8081-exec-8] WARN  b.s.impl.HouseCleaningServiceImpl - Could not extract room ID from booking details for booking ID 59
2025-04-14 23:08:16 [http-nio-8081-exec-8] WARN  b.s.impl.HouseCleaningServiceImpl - Could not extract room ID from booking details for booking ID 60
2025-04-14 23:08:16 [http-nio-8081-exec-8] WARN  b.s.impl.HouseCleaningServiceImpl - Could not extract room ID from booking details for booking ID 155
2025-04-14 23:08:16 [http-nio-8081-exec-8] WARN  b.s.impl.HouseCleaningServiceImpl - Could not extract room ID from booking details for booking ID 318
2025-04-14 23:08:16 [http-nio-8081-exec-8] WARN  b.s.impl.HouseCleaningServiceImpl - Could not extract room ID from booking details for booking ID 397
2025-04-14 23:08:16 [http-nio-8081-exec-8] WARN  b.s.impl.HouseCleaningServiceImpl - Could not extract room ID from booking details for booking ID 33
2025-04-14 23:08:16 [http-nio-8081-exec-8] WARN  b.s.impl.HouseCleaningServiceImpl - Could not extract room ID from booking details for booking ID 13
2025-04-14 23:08:16 [http-nio-8081-exec-8] WARN  b.s.impl.HouseCleaningServiceImpl - Could not extract room ID from booking details for booking ID 12
2025-04-14 23:08:16 [http-nio-8081-exec-8] WARN  b.s.impl.HouseCleaningServiceImpl - Could not extract room ID from booking details for booking ID 15
2025-04-14 23:08:16 [http-nio-8081-exec-8] WARN  b.s.impl.HouseCleaningServiceImpl - Could not extract room ID from booking details for booking ID 14
2025-04-14 23:08:16 [http-nio-8081-exec-8] WARN  b.s.impl.HouseCleaningServiceImpl - Could not extract room ID from booking details for booking ID 53
2025-04-14 23:08:16 [http-nio-8081-exec-8] WARN  b.s.impl.HouseCleaningServiceImpl - Could not extract room ID from booking details for booking ID 55
2025-04-14 23:08:16 [http-nio-8081-exec-8] WARN  b.s.impl.HouseCleaningServiceImpl - Could not extract room ID from booking details for booking ID 59
2025-04-14 23:08:16 [http-nio-8081-exec-8] WARN  b.s.impl.HouseCleaningServiceImpl - Could not extract room ID from booking details for booking ID 60
2025-04-14 23:08:16 [http-nio-8081-exec-8] WARN  b.s.impl.HouseCleaningServiceImpl - Could not extract room ID from booking details for booking ID 155
2025-04-14 23:08:16 [http-nio-8081-exec-8] WARN  b.s.impl.HouseCleaningServiceImpl - Could not extract room ID from booking details for booking ID 318
2025-04-14 23:08:16 [http-nio-8081-exec-8] WARN  b.s.impl.HouseCleaningServiceImpl - Could not extract room ID from booking details for booking ID 397
2025-04-14 23:08:16 [http-nio-8081-exec-8] WARN  b.s.impl.HouseCleaningServiceImpl - Could not extract room ID from booking details for booking ID 33
2025-04-14 23:08:16 [http-nio-8081-exec-8] INFO  b.s.impl.HouseCleaningServiceImpl - Room to booking map: {}
2025-04-14 23:08:16 [http-nio-8081-exec-8] INFO  b.service.TenantConfigurationService - Fetching configurations for tenantId: 1
2025-04-14 23:08:16 [http-nio-8081-exec-8] INFO  b.service.TenantConfigurationService - Found 1 configurations for tenantId: 1
2025-04-14 23:08:16 [http-nio-8081-exec-8] INFO  b.s.impl.HouseCleaningServiceImpl - Using configured time interval: 30 minutes
2025-04-14 23:08:16 [http-nio-8081-exec-8] INFO  b.service.TenantConfigurationService - Fetching configurations for tenantId: 1
2025-04-14 23:08:16 [http-nio-8081-exec-8] INFO  b.service.TenantConfigurationService - Found 1 configurations for tenantId: 1
2025-04-14 23:08:16 [http-nio-8081-exec-8] INFO  b.s.impl.HouseCleaningServiceImpl - Using configured shift duration: 4 hours
2025-04-14 23:08:16 [http-nio-8081-exec-8] INFO  b.service.TenantConfigurationService - Fetching configurations for tenantId: 1
2025-04-14 23:08:16 [http-nio-8081-exec-8] INFO  b.service.TenantConfigurationService - Found 1 configurations for tenantId: 1
2025-04-14 23:08:16 [http-nio-8081-exec-8] INFO  b.s.impl.HouseCleaningServiceImpl - Configured morning shift start time: 07:00
2025-04-14 23:08:16 [http-nio-8081-exec-8] INFO  b.s.impl.HouseCleaningServiceImpl - Configured afternoon shift start time: 11:00
2025-04-14 23:08:16 [http-nio-8081-exec-8] INFO  b.s.impl.HouseCleaningServiceImpl - Configured evening shift start time: 15:00
2025-04-14 23:08:16 [http-nio-8081-exec-8] WARN  b.s.impl.HouseCleaningServiceImpl - No booking ID found for room ID 421
2025-04-14 23:08:16 [http-nio-8081-exec-8] INFO  b.service.TenantConfigurationService - Fetching configurations for tenantId: 1
2025-04-14 23:08:16 [http-nio-8081-exec-8] INFO  b.service.TenantConfigurationService - Found 1 configurations for tenantId: 1
2025-04-14 23:08:16 [http-nio-8081-exec-8] INFO  b.s.impl.HouseCleaningServiceImpl - Using configured time interval: 30 minutes
2025-04-14 23:08:16 [http-nio-8081-exec-8] INFO  b.service.TenantConfigurationService - Fetching configurations for tenantId: 1
2025-04-14 23:08:16 [http-nio-8081-exec-8] INFO  b.service.TenantConfigurationService - Found 1 configurations for tenantId: 1
2025-04-14 23:08:16 [http-nio-8081-exec-8] INFO  b.s.impl.HouseCleaningServiceImpl - Using configured shift duration: 4 hours
2025-04-14 23:08:16 [http-nio-8081-exec-8] INFO  b.service.TenantConfigurationService - Fetching configurations for tenantId: 1
2025-04-14 23:08:16 [http-nio-8081-exec-8] INFO  b.service.TenantConfigurationService - Found 1 configurations for tenantId: 1
2025-04-14 23:08:16 [http-nio-8081-exec-8] INFO  b.s.impl.HouseCleaningServiceImpl - Configured morning shift start time: 07:00
2025-04-14 23:08:16 [http-nio-8081-exec-8] INFO  b.s.impl.HouseCleaningServiceImpl - Configured afternoon shift start time: 11:00
2025-04-14 23:08:16 [http-nio-8081-exec-8] INFO  b.s.impl.HouseCleaningServiceImpl - Configured evening shift start time: 15:00
2025-04-14 23:08:16 [http-nio-8081-exec-8] WARN  b.s.impl.HouseCleaningServiceImpl - No booking ID found for room ID 422
2025-04-14 23:08:16 [http-nio-8081-exec-8] INFO  b.service.TenantConfigurationService - Fetching configurations for tenantId: 1
2025-04-14 23:08:16 [http-nio-8081-exec-8] INFO  b.service.TenantConfigurationService - Found 1 configurations for tenantId: 1
2025-04-14 23:08:16 [http-nio-8081-exec-8] INFO  b.s.impl.HouseCleaningServiceImpl - Using configured time interval: 30 minutes
2025-04-14 23:08:16 [http-nio-8081-exec-8] INFO  b.service.TenantConfigurationService - Fetching configurations for tenantId: 1
2025-04-14 23:08:16 [http-nio-8081-exec-8] INFO  b.service.TenantConfigurationService - Found 1 configurations for tenantId: 1
2025-04-14 23:08:16 [http-nio-8081-exec-8] INFO  b.s.impl.HouseCleaningServiceImpl - Using configured shift duration: 4 hours
2025-04-14 23:08:16 [http-nio-8081-exec-8] INFO  b.service.TenantConfigurationService - Fetching configurations for tenantId: 1
2025-04-14 23:08:16 [http-nio-8081-exec-8] INFO  b.service.TenantConfigurationService - Found 1 configurations for tenantId: 1
2025-04-14 23:08:16 [http-nio-8081-exec-8] INFO  b.s.impl.HouseCleaningServiceImpl - Configured morning shift start time: 07:00
2025-04-14 23:08:16 [http-nio-8081-exec-8] INFO  b.s.impl.HouseCleaningServiceImpl - Configured afternoon shift start time: 11:00
2025-04-14 23:08:16 [http-nio-8081-exec-8] INFO  b.s.impl.HouseCleaningServiceImpl - Configured evening shift start time: 15:00
2025-04-14 23:08:16 [http-nio-8081-exec-8] WARN  b.s.impl.HouseCleaningServiceImpl - No booking ID found for room ID 433
2025-04-14 23:08:16 [http-nio-8081-exec-8] INFO  b.service.TenantConfigurationService - Fetching configurations for tenantId: 1
2025-04-14 23:08:16 [http-nio-8081-exec-8] INFO  b.service.TenantConfigurationService - Found 1 configurations for tenantId: 1
2025-04-14 23:08:16 [http-nio-8081-exec-8] INFO  b.s.impl.HouseCleaningServiceImpl - Using configured time interval: 30 minutes
2025-04-14 23:08:16 [http-nio-8081-exec-8] INFO  b.service.TenantConfigurationService - Fetching configurations for tenantId: 1
2025-04-14 23:08:16 [http-nio-8081-exec-8] INFO  b.service.TenantConfigurationService - Found 1 configurations for tenantId: 1
2025-04-14 23:08:16 [http-nio-8081-exec-8] INFO  b.s.impl.HouseCleaningServiceImpl - Using configured shift duration: 4 hours
2025-04-14 23:08:16 [http-nio-8081-exec-8] INFO  b.service.TenantConfigurationService - Fetching configurations for tenantId: 1
2025-04-14 23:08:16 [http-nio-8081-exec-8] INFO  b.service.TenantConfigurationService - Found 1 configurations for tenantId: 1
2025-04-14 23:08:16 [http-nio-8081-exec-8] INFO  b.s.impl.HouseCleaningServiceImpl - Configured morning shift start time: 07:00
2025-04-14 23:08:16 [http-nio-8081-exec-8] INFO  b.s.impl.HouseCleaningServiceImpl - Configured afternoon shift start time: 11:00
2025-04-14 23:08:16 [http-nio-8081-exec-8] INFO  b.s.impl.HouseCleaningServiceImpl - Configured evening shift start time: 15:00
2025-04-14 23:08:16 [http-nio-8081-exec-8] WARN  b.s.impl.HouseCleaningServiceImpl - No booking ID found for room ID 434
2025-04-14 23:08:16 [http-nio-8081-exec-8] INFO  b.service.TenantConfigurationService - Fetching configurations for tenantId: 1
2025-04-14 23:08:16 [http-nio-8081-exec-8] INFO  b.service.TenantConfigurationService - Found 1 configurations for tenantId: 1
2025-04-14 23:08:16 [http-nio-8081-exec-8] INFO  b.s.impl.HouseCleaningServiceImpl - Using configured time interval: 30 minutes
2025-04-14 23:08:16 [http-nio-8081-exec-8] INFO  b.service.TenantConfigurationService - Fetching configurations for tenantId: 1
2025-04-14 23:08:16 [http-nio-8081-exec-8] INFO  b.service.TenantConfigurationService - Found 1 configurations for tenantId: 1
2025-04-14 23:08:16 [http-nio-8081-exec-8] INFO  b.s.impl.HouseCleaningServiceImpl - Using configured shift duration: 4 hours
2025-04-14 23:08:16 [http-nio-8081-exec-8] INFO  b.service.TenantConfigurationService - Fetching configurations for tenantId: 1
2025-04-14 23:08:16 [http-nio-8081-exec-8] INFO  b.service.TenantConfigurationService - Found 1 configurations for tenantId: 1
2025-04-14 23:08:16 [http-nio-8081-exec-8] INFO  b.s.impl.HouseCleaningServiceImpl - Configured morning shift start time: 07:00
2025-04-14 23:08:16 [http-nio-8081-exec-8] INFO  b.s.impl.HouseCleaningServiceImpl - Configured afternoon shift start time: 11:00
2025-04-14 23:08:16 [http-nio-8081-exec-8] INFO  b.s.impl.HouseCleaningServiceImpl - Configured evening shift start time: 15:00
2025-04-14 23:08:16 [http-nio-8081-exec-8] WARN  b.s.impl.HouseCleaningServiceImpl - No booking ID found for room ID 439
2025-04-14 23:08:16 [http-nio-8081-exec-8] INFO  b.service.TenantConfigurationService - Fetching configurations for tenantId: 1
2025-04-14 23:08:16 [http-nio-8081-exec-8] INFO  b.service.TenantConfigurationService - Found 1 configurations for tenantId: 1
2025-04-14 23:08:16 [http-nio-8081-exec-8] INFO  b.s.impl.HouseCleaningServiceImpl - Using configured time interval: 30 minutes
2025-04-14 23:08:16 [http-nio-8081-exec-8] INFO  b.service.TenantConfigurationService - Fetching configurations for tenantId: 1
2025-04-14 23:08:17 [http-nio-8081-exec-8] INFO  b.service.TenantConfigurationService - Found 1 configurations for tenantId: 1
2025-04-14 23:08:17 [http-nio-8081-exec-8] INFO  b.s.impl.HouseCleaningServiceImpl - Using configured shift duration: 4 hours
2025-04-14 23:08:17 [http-nio-8081-exec-8] INFO  b.service.TenantConfigurationService - Fetching configurations for tenantId: 1
2025-04-14 23:08:17 [http-nio-8081-exec-8] INFO  b.service.TenantConfigurationService - Found 1 configurations for tenantId: 1
2025-04-14 23:08:17 [http-nio-8081-exec-8] INFO  b.s.impl.HouseCleaningServiceImpl - Configured morning shift start time: 07:00
2025-04-14 23:08:17 [http-nio-8081-exec-8] INFO  b.s.impl.HouseCleaningServiceImpl - Configured afternoon shift start time: 11:00
2025-04-14 23:08:17 [http-nio-8081-exec-8] INFO  b.s.impl.HouseCleaningServiceImpl - Configured evening shift start time: 15:00
2025-04-14 23:08:17 [http-nio-8081-exec-8] WARN  b.s.impl.HouseCleaningServiceImpl - No booking ID found for room ID 451
2025-04-14 23:08:17 [http-nio-8081-exec-8] INFO  b.service.TenantConfigurationService - Fetching configurations for tenantId: 1
2025-04-14 23:08:17 [http-nio-8081-exec-8] INFO  b.service.TenantConfigurationService - Found 1 configurations for tenantId: 1
2025-04-14 23:08:17 [http-nio-8081-exec-8] INFO  b.s.impl.HouseCleaningServiceImpl - Using configured time interval: 30 minutes
2025-04-14 23:08:17 [http-nio-8081-exec-8] INFO  b.service.TenantConfigurationService - Fetching configurations for tenantId: 1
2025-04-14 23:08:17 [http-nio-8081-exec-8] INFO  b.service.TenantConfigurationService - Found 1 configurations for tenantId: 1
2025-04-14 23:08:17 [http-nio-8081-exec-8] INFO  b.s.impl.HouseCleaningServiceImpl - Using configured shift duration: 4 hours
2025-04-14 23:08:17 [http-nio-8081-exec-8] INFO  b.service.TenantConfigurationService - Fetching configurations for tenantId: 1
2025-04-14 23:08:17 [http-nio-8081-exec-8] INFO  b.service.TenantConfigurationService - Found 1 configurations for tenantId: 1
2025-04-14 23:08:17 [http-nio-8081-exec-8] INFO  b.s.impl.HouseCleaningServiceImpl - Configured morning shift start time: 07:00
2025-04-14 23:08:17 [http-nio-8081-exec-8] INFO  b.s.impl.HouseCleaningServiceImpl - Configured afternoon shift start time: 11:00
2025-04-14 23:08:17 [http-nio-8081-exec-8] INFO  b.s.impl.HouseCleaningServiceImpl - Configured evening shift start time: 15:00
2025-04-14 23:08:17 [http-nio-8081-exec-8] WARN  b.s.impl.HouseCleaningServiceImpl - No booking ID found for room ID 452
2025-04-14 23:08:17 [http-nio-8081-exec-8] INFO  b.service.TenantConfigurationService - Fetching configurations for tenantId: 1
2025-04-14 23:08:17 [http-nio-8081-exec-8] INFO  b.service.TenantConfigurationService - Found 1 configurations for tenantId: 1
2025-04-14 23:08:17 [http-nio-8081-exec-8] INFO  b.s.impl.HouseCleaningServiceImpl - Using configured time interval: 30 minutes
2025-04-14 23:08:17 [http-nio-8081-exec-8] INFO  b.service.TenantConfigurationService - Fetching configurations for tenantId: 1
2025-04-14 23:08:17 [http-nio-8081-exec-8] INFO  b.service.TenantConfigurationService - Found 1 configurations for tenantId: 1
2025-04-14 23:08:17 [http-nio-8081-exec-8] INFO  b.s.impl.HouseCleaningServiceImpl - Using configured shift duration: 4 hours
2025-04-14 23:08:17 [http-nio-8081-exec-8] INFO  b.service.TenantConfigurationService - Fetching configurations for tenantId: 1
2025-04-14 23:08:17 [http-nio-8081-exec-8] INFO  b.service.TenantConfigurationService - Found 1 configurations for tenantId: 1
2025-04-14 23:08:17 [http-nio-8081-exec-8] INFO  b.s.impl.HouseCleaningServiceImpl - Configured morning shift start time: 07:00
2025-04-14 23:08:17 [http-nio-8081-exec-8] INFO  b.s.impl.HouseCleaningServiceImpl - Configured afternoon shift start time: 11:00
2025-04-14 23:08:17 [http-nio-8081-exec-8] INFO  b.s.impl.HouseCleaningServiceImpl - Configured evening shift start time: 15:00
2025-04-14 23:08:17 [http-nio-8081-exec-8] WARN  b.s.impl.HouseCleaningServiceImpl - No booking ID found for room ID 457
2025-04-14 23:08:17 [http-nio-8081-exec-8] INFO  b.service.TenantConfigurationService - Fetching configurations for tenantId: 1
2025-04-14 23:08:17 [http-nio-8081-exec-8] INFO  b.service.TenantConfigurationService - Found 1 configurations for tenantId: 1
2025-04-14 23:08:17 [http-nio-8081-exec-8] INFO  b.s.impl.HouseCleaningServiceImpl - Using configured time interval: 30 minutes
2025-04-14 23:08:17 [http-nio-8081-exec-8] INFO  b.service.TenantConfigurationService - Fetching configurations for tenantId: 1
2025-04-14 23:08:17 [http-nio-8081-exec-8] INFO  b.service.TenantConfigurationService - Found 1 configurations for tenantId: 1
2025-04-14 23:08:17 [http-nio-8081-exec-8] INFO  b.s.impl.HouseCleaningServiceImpl - Using configured shift duration: 4 hours
2025-04-14 23:08:17 [http-nio-8081-exec-8] INFO  b.service.TenantConfigurationService - Fetching configurations for tenantId: 1
2025-04-14 23:08:17 [http-nio-8081-exec-8] INFO  b.service.TenantConfigurationService - Found 1 configurations for tenantId: 1
2025-04-14 23:08:17 [http-nio-8081-exec-8] INFO  b.s.impl.HouseCleaningServiceImpl - Configured morning shift start time: 07:00
2025-04-14 23:08:17 [http-nio-8081-exec-8] INFO  b.s.impl.HouseCleaningServiceImpl - Configured afternoon shift start time: 11:00
2025-04-14 23:08:17 [http-nio-8081-exec-8] INFO  b.s.impl.HouseCleaningServiceImpl - Configured evening shift start time: 15:00
2025-04-14 23:08:17 [http-nio-8081-exec-8] WARN  b.s.impl.HouseCleaningServiceImpl - No booking ID found for room ID 464
2025-04-14 23:08:17 [http-nio-8081-exec-8] INFO  b.service.TenantConfigurationService - Fetching configurations for tenantId: 1
2025-04-14 23:08:17 [http-nio-8081-exec-8] INFO  b.service.TenantConfigurationService - Found 1 configurations for tenantId: 1
2025-04-14 23:08:17 [http-nio-8081-exec-8] INFO  b.s.impl.HouseCleaningServiceImpl - Using configured time interval: 30 minutes
2025-04-14 23:08:17 [http-nio-8081-exec-8] INFO  b.service.TenantConfigurationService - Fetching configurations for tenantId: 1
2025-04-14 23:08:17 [http-nio-8081-exec-8] INFO  b.service.TenantConfigurationService - Found 1 configurations for tenantId: 1
2025-04-14 23:08:17 [http-nio-8081-exec-8] INFO  b.s.impl.HouseCleaningServiceImpl - Using configured shift duration: 4 hours
2025-04-14 23:08:17 [http-nio-8081-exec-8] INFO  b.service.TenantConfigurationService - Fetching configurations for tenantId: 1
2025-04-14 23:08:17 [http-nio-8081-exec-8] INFO  b.service.TenantConfigurationService - Found 1 configurations for tenantId: 1
2025-04-14 23:08:17 [http-nio-8081-exec-8] INFO  b.s.impl.HouseCleaningServiceImpl - Configured morning shift start time: 07:00
2025-04-14 23:08:17 [http-nio-8081-exec-8] INFO  b.s.impl.HouseCleaningServiceImpl - Configured afternoon shift start time: 11:00
2025-04-14 23:08:17 [http-nio-8081-exec-8] INFO  b.s.impl.HouseCleaningServiceImpl - Configured evening shift start time: 15:00
2025-04-14 23:08:17 [http-nio-8081-exec-8] WARN  b.s.impl.HouseCleaningServiceImpl - No booking ID found for room ID 469
2025-04-14 23:08:17 [http-nio-8081-exec-8] INFO  b.service.TenantConfigurationService - Fetching configurations for tenantId: 1
2025-04-14 23:08:17 [http-nio-8081-exec-8] INFO  b.service.TenantConfigurationService - Found 1 configurations for tenantId: 1
2025-04-14 23:08:17 [http-nio-8081-exec-8] INFO  b.s.impl.HouseCleaningServiceImpl - Using configured time interval: 30 minutes
2025-04-14 23:08:17 [http-nio-8081-exec-8] INFO  b.service.TenantConfigurationService - Fetching configurations for tenantId: 1
2025-04-14 23:08:17 [http-nio-8081-exec-8] INFO  b.service.TenantConfigurationService - Found 1 configurations for tenantId: 1
2025-04-14 23:08:17 [http-nio-8081-exec-8] INFO  b.s.impl.HouseCleaningServiceImpl - Using configured shift duration: 4 hours
2025-04-14 23:08:17 [http-nio-8081-exec-8] INFO  b.service.TenantConfigurationService - Fetching configurations for tenantId: 1
2025-04-14 23:08:17 [http-nio-8081-exec-8] INFO  b.service.TenantConfigurationService - Found 1 configurations for tenantId: 1
2025-04-14 23:08:17 [http-nio-8081-exec-8] INFO  b.s.impl.HouseCleaningServiceImpl - Configured morning shift start time: 07:00
2025-04-14 23:08:17 [http-nio-8081-exec-8] INFO  b.s.impl.HouseCleaningServiceImpl - Configured afternoon shift start time: 11:00
2025-04-14 23:08:17 [http-nio-8081-exec-8] INFO  b.s.impl.HouseCleaningServiceImpl - Configured evening shift start time: 15:00
2025-04-14 23:08:17 [http-nio-8081-exec-8] WARN  b.s.impl.HouseCleaningServiceImpl - No booking ID found for room ID 470
2025-04-14 23:08:17 [http-nio-8081-exec-8] INFO  b.service.TenantConfigurationService - Fetching configurations for tenantId: 1
2025-04-14 23:08:17 [http-nio-8081-exec-8] INFO  b.service.TenantConfigurationService - Found 1 configurations for tenantId: 1
2025-04-14 23:08:17 [http-nio-8081-exec-8] INFO  b.s.impl.HouseCleaningServiceImpl - Using configured time interval: 30 minutes
2025-04-14 23:08:17 [http-nio-8081-exec-8] INFO  b.service.TenantConfigurationService - Fetching configurations for tenantId: 1
2025-04-14 23:08:17 [http-nio-8081-exec-8] INFO  b.service.TenantConfigurationService - Found 1 configurations for tenantId: 1
2025-04-14 23:08:17 [http-nio-8081-exec-8] INFO  b.s.impl.HouseCleaningServiceImpl - Using configured shift duration: 4 hours
2025-04-14 23:08:17 [http-nio-8081-exec-8] INFO  b.service.TenantConfigurationService - Fetching configurations for tenantId: 1
2025-04-14 23:08:17 [http-nio-8081-exec-8] INFO  b.service.TenantConfigurationService - Found 1 configurations for tenantId: 1
2025-04-14 23:08:17 [http-nio-8081-exec-8] INFO  b.s.impl.HouseCleaningServiceImpl - Configured morning shift start time: 07:00
2025-04-14 23:08:17 [http-nio-8081-exec-8] INFO  b.s.impl.HouseCleaningServiceImpl - Configured afternoon shift start time: 11:00
2025-04-14 23:08:17 [http-nio-8081-exec-8] INFO  b.s.impl.HouseCleaningServiceImpl - Configured evening shift start time: 15:00
2025-04-14 23:08:17 [http-nio-8081-exec-8] WARN  b.s.impl.HouseCleaningServiceImpl - No booking ID found for room ID 427
2025-04-14 23:09:42 [http-nio-8081-exec-9] DEBUG o.s.security.web.FilterChainProxy - Securing GET /api/booked-rooms/current/8
2025-04-14 23:09:42 [http-nio-8081-exec-9] DEBUG o.s.s.w.a.AnonymousAuthenticationFilter - Set SecurityContextHolder to anonymous SecurityContext
2025-04-14 23:09:42 [http-nio-8081-exec-9] DEBUG o.s.security.web.FilterChainProxy - Secured GET /api/booked-rooms/current/8
2025-04-14 23:09:42 [http-nio-8081-exec-9] INFO  b.s.impl.BookedRoomsServiceImpl - Checking currently booked rooms for date: 2025-05-01T00:00:00Z
2025-04-14 23:09:47 [http-nio-8081-exec-9] INFO  b.s.impl.BookedRoomsServiceImpl - Currently booked room IDs: [421, 422, 427, 433, 434, 439, 451, 452, 457, 464, 469, 470]
2025-04-14 23:10:39 [http-nio-8081-exec-3] DEBUG o.s.security.web.FilterChainProxy - Securing GET /api/booked-rooms/check-out/8
2025-04-14 23:10:39 [http-nio-8081-exec-3] DEBUG o.s.s.w.a.AnonymousAuthenticationFilter - Set SecurityContextHolder to anonymous SecurityContext
2025-04-14 23:10:39 [http-nio-8081-exec-3] DEBUG o.s.security.web.FilterChainProxy - Secured GET /api/booked-rooms/check-out/8
2025-04-14 23:10:40 [http-nio-8081-exec-3] INFO  b.s.impl.BookedRoomsServiceImpl - Checking check-out rooms for date: 2025-05-01
2025-04-14 23:10:40 [http-nio-8081-exec-3] INFO  b.s.impl.BookedRoomsServiceImpl - Found 2 transactions with check-out date 2025-05-01
2025-04-14 23:10:40 [http-nio-8081-exec-3] INFO  b.s.impl.BookedRoomsServiceImpl - Booking IDs for check-out: [397, 33]
2025-04-14 23:10:45 [http-nio-8081-exec-3] INFO  b.s.impl.BookedRoomsServiceImpl - Room IDs for bookings [397, 33]: [427]
2025-04-14 23:11:00 [http-nio-8081-exec-2] DEBUG o.s.security.web.FilterChainProxy - Securing GET /api/booked-rooms/check-in/8
2025-04-14 23:11:00 [http-nio-8081-exec-2] DEBUG o.s.s.w.a.AnonymousAuthenticationFilter - Set SecurityContextHolder to anonymous SecurityContext
2025-04-14 23:11:00 [http-nio-8081-exec-2] DEBUG o.s.security.web.FilterChainProxy - Secured GET /api/booked-rooms/check-in/8
2025-04-14 23:11:00 [http-nio-8081-exec-2] INFO  b.s.impl.BookedRoomsServiceImpl - Checking check-in rooms for date: 2025-05-01
2025-04-14 23:11:00 [http-nio-8081-exec-2] INFO  b.s.impl.BookedRoomsServiceImpl - Found 10 transactions with check-in date 2025-05-01
2025-04-14 23:11:00 [http-nio-8081-exec-2] INFO  b.s.impl.BookedRoomsServiceImpl - Booking IDs for check-in: [13, 12, 15, 14, 53, 55, 59, 60, 155, 318]
2025-04-14 23:11:00 [http-nio-8081-exec-2] INFO  b.s.impl.BookedRoomsServiceImpl - Room IDs for bookings [13, 12, 15, 14, 53, 55, 59, 60, 155, 318]: [421, 422, 433, 434, 439, 451, 452, 457, 464, 469, 470]
2025-04-14 23:16:16 [http-nio-8081-exec-4] DEBUG o.s.security.web.FilterChainProxy - Securing POST /api/house-cleaning/generate?date=2025-05-01
2025-04-14 23:16:16 [http-nio-8081-exec-4] DEBUG o.s.s.w.a.AnonymousAuthenticationFilter - Set SecurityContextHolder to anonymous SecurityContext
2025-04-14 23:16:16 [http-nio-8081-exec-4] DEBUG o.s.security.web.FilterChainProxy - Secured POST /api/house-cleaning/generate?date=2025-05-01
2025-04-14 23:16:16 [http-nio-8081-exec-4] INFO  b.s.impl.HouseCleaningServiceImpl - Generating cleaning schedules for date: 2025-05-01
2025-04-14 23:16:16 [http-nio-8081-exec-4] INFO  b.service.TenantConfigurationService - Fetching configurations for tenantId: 1
2025-04-14 23:16:16 [http-nio-8081-exec-4] INFO  b.service.TenantConfigurationService - Found 1 configurations for tenantId: 1
2025-04-14 23:16:16 [http-nio-8081-exec-4] INFO  b.s.impl.HouseCleaningServiceImpl - Using configured check-in time: 13:00
2025-04-14 23:16:16 [http-nio-8081-exec-4] INFO  b.service.TenantConfigurationService - Fetching configurations for tenantId: 1
2025-04-14 23:16:16 [http-nio-8081-exec-4] INFO  b.service.TenantConfigurationService - Found 1 configurations for tenantId: 1
2025-04-14 23:16:16 [http-nio-8081-exec-4] INFO  b.s.impl.HouseCleaningServiceImpl - Using configured check-out time: 11:00
2025-04-14 23:16:16 [http-nio-8081-exec-4] INFO  b.s.impl.HouseCleaningServiceImpl - Found 11 check-in bookings, 2 check-out bookings, and 13 current bookings for date 2025-05-01
2025-04-14 23:16:16 [http-nio-8081-exec-4] INFO  b.s.impl.BookedRoomsServiceImpl - Checking check-in rooms for date: 2025-05-01
2025-04-14 23:16:16 [http-nio-8081-exec-4] INFO  b.s.impl.BookedRoomsServiceImpl - Found 11 transactions with check-in date 2025-05-01
2025-04-14 23:16:16 [http-nio-8081-exec-4] INFO  b.s.impl.BookedRoomsServiceImpl - Booking IDs for check-in: [13, 12, 15, 14, 53, 55, 59, 60, 155, 318, 436]
2025-04-14 23:16:21 [http-nio-8081-exec-4] INFO  b.s.impl.BookedRoomsServiceImpl - Room IDs for bookings [13, 12, 15, 14, 53, 55, 59, 60, 155, 318, 436]: [421, 422, 426, 432, 433, 434, 438, 439, 450, 451, 452, 456, 457, 464, 468, 469, 470, 480]
2025-04-14 23:16:21 [http-nio-8081-exec-4] INFO  b.s.impl.BookedRoomsServiceImpl - Checking check-out rooms for date: 2025-05-01
2025-04-14 23:16:21 [http-nio-8081-exec-4] INFO  b.s.impl.BookedRoomsServiceImpl - Found 2 transactions with check-out date 2025-05-01
2025-04-14 23:16:21 [http-nio-8081-exec-4] INFO  b.s.impl.BookedRoomsServiceImpl - Booking IDs for check-out: [397, 33]
2025-04-14 23:16:22 [http-nio-8081-exec-4] INFO  b.s.impl.BookedRoomsServiceImpl - Room IDs for bookings [397, 33]: [427]
2025-04-14 23:16:22 [http-nio-8081-exec-4] INFO  b.s.impl.BookedRoomsServiceImpl - Checking currently booked rooms for date: 2025-05-01T00:00:00Z
2025-04-14 23:16:22 [http-nio-8081-exec-4] INFO  b.s.impl.BookedRoomsServiceImpl - Currently booked room IDs: [421, 422, 426, 427, 432, 433, 434, 438, 439, 450, 451, 452, 456, 457, 464, 468, 469, 470, 480]
2025-04-14 23:16:22 [http-nio-8081-exec-4] INFO  b.s.impl.HouseCleaningServiceImpl - Found 18 check-in rooms, 1 check-out rooms, and 19 current rooms for date 2025-05-01
2025-04-14 23:16:22 [http-nio-8081-exec-4] WARN  b.s.impl.HouseCleaningServiceImpl - Could not extract room ID from booking details for booking ID 13
2025-04-14 23:16:22 [http-nio-8081-exec-4] WARN  b.s.impl.HouseCleaningServiceImpl - Could not extract room ID from booking details for booking ID 12
2025-04-14 23:16:22 [http-nio-8081-exec-4] WARN  b.s.impl.HouseCleaningServiceImpl - Could not extract room ID from booking details for booking ID 15
2025-04-14 23:16:22 [http-nio-8081-exec-4] WARN  b.s.impl.HouseCleaningServiceImpl - Could not extract room ID from booking details for booking ID 14
2025-04-14 23:16:22 [http-nio-8081-exec-4] WARN  b.s.impl.HouseCleaningServiceImpl - Could not extract room ID from booking details for booking ID 53
2025-04-14 23:16:22 [http-nio-8081-exec-4] WARN  b.s.impl.HouseCleaningServiceImpl - Could not extract room ID from booking details for booking ID 55
2025-04-14 23:16:22 [http-nio-8081-exec-4] WARN  b.s.impl.HouseCleaningServiceImpl - Could not extract room ID from booking details for booking ID 59
2025-04-14 23:16:22 [http-nio-8081-exec-4] WARN  b.s.impl.HouseCleaningServiceImpl - Could not extract room ID from booking details for booking ID 60
2025-04-14 23:16:22 [http-nio-8081-exec-4] WARN  b.s.impl.HouseCleaningServiceImpl - Could not extract room ID from booking details for booking ID 155
2025-04-14 23:16:22 [http-nio-8081-exec-4] WARN  b.s.impl.HouseCleaningServiceImpl - Could not extract room ID from booking details for booking ID 318
2025-04-14 23:16:22 [http-nio-8081-exec-4] WARN  b.s.impl.HouseCleaningServiceImpl - Could not extract room ID from booking details for booking ID 436
2025-04-14 23:16:22 [http-nio-8081-exec-4] WARN  b.s.impl.HouseCleaningServiceImpl - Could not extract room ID from booking details for booking ID 397
2025-04-14 23:16:22 [http-nio-8081-exec-4] WARN  b.s.impl.HouseCleaningServiceImpl - Could not extract room ID from booking details for booking ID 33
2025-04-14 23:16:22 [http-nio-8081-exec-4] WARN  b.s.impl.HouseCleaningServiceImpl - Could not extract room ID from booking details for booking ID 13
2025-04-14 23:16:22 [http-nio-8081-exec-4] WARN  b.s.impl.HouseCleaningServiceImpl - Could not extract room ID from booking details for booking ID 12
2025-04-14 23:16:22 [http-nio-8081-exec-4] WARN  b.s.impl.HouseCleaningServiceImpl - Could not extract room ID from booking details for booking ID 15
2025-04-14 23:16:22 [http-nio-8081-exec-4] WARN  b.s.impl.HouseCleaningServiceImpl - Could not extract room ID from booking details for booking ID 14
2025-04-14 23:16:22 [http-nio-8081-exec-4] WARN  b.s.impl.HouseCleaningServiceImpl - Could not extract room ID from booking details for booking ID 53
2025-04-14 23:16:22 [http-nio-8081-exec-4] WARN  b.s.impl.HouseCleaningServiceImpl - Could not extract room ID from booking details for booking ID 55
2025-04-14 23:16:22 [http-nio-8081-exec-4] WARN  b.s.impl.HouseCleaningServiceImpl - Could not extract room ID from booking details for booking ID 59
2025-04-14 23:16:22 [http-nio-8081-exec-4] WARN  b.s.impl.HouseCleaningServiceImpl - Could not extract room ID from booking details for booking ID 60
2025-04-14 23:16:22 [http-nio-8081-exec-4] WARN  b.s.impl.HouseCleaningServiceImpl - Could not extract room ID from booking details for booking ID 155
2025-04-14 23:16:22 [http-nio-8081-exec-4] WARN  b.s.impl.HouseCleaningServiceImpl - Could not extract room ID from booking details for booking ID 318
2025-04-14 23:16:22 [http-nio-8081-exec-4] WARN  b.s.impl.HouseCleaningServiceImpl - Could not extract room ID from booking details for booking ID 397
2025-04-14 23:16:22 [http-nio-8081-exec-4] WARN  b.s.impl.HouseCleaningServiceImpl - Could not extract room ID from booking details for booking ID 33
2025-04-14 23:16:22 [http-nio-8081-exec-4] WARN  b.s.impl.HouseCleaningServiceImpl - Could not extract room ID from booking details for booking ID 436
2025-04-14 23:16:22 [http-nio-8081-exec-4] INFO  b.s.impl.HouseCleaningServiceImpl - Room to booking map: {}
2025-04-14 23:16:22 [http-nio-8081-exec-4] INFO  b.service.TenantConfigurationService - Fetching configurations for tenantId: 1
2025-04-14 23:16:22 [http-nio-8081-exec-4] INFO  b.service.TenantConfigurationService - Found 1 configurations for tenantId: 1
2025-04-14 23:16:22 [http-nio-8081-exec-4] INFO  b.s.impl.HouseCleaningServiceImpl - Using configured time interval: 30 minutes
2025-04-14 23:16:22 [http-nio-8081-exec-4] INFO  b.service.TenantConfigurationService - Fetching configurations for tenantId: 1
2025-04-14 23:16:22 [http-nio-8081-exec-4] INFO  b.service.TenantConfigurationService - Found 1 configurations for tenantId: 1
2025-04-14 23:16:22 [http-nio-8081-exec-4] INFO  b.s.impl.HouseCleaningServiceImpl - Using configured shift duration: 4 hours
2025-04-14 23:16:22 [http-nio-8081-exec-4] INFO  b.service.TenantConfigurationService - Fetching configurations for tenantId: 1
2025-04-14 23:16:22 [http-nio-8081-exec-4] INFO  b.service.TenantConfigurationService - Found 1 configurations for tenantId: 1
2025-04-14 23:16:22 [http-nio-8081-exec-4] INFO  b.s.impl.HouseCleaningServiceImpl - Configured morning shift start time: 07:00
2025-04-14 23:16:22 [http-nio-8081-exec-4] INFO  b.s.impl.HouseCleaningServiceImpl - Configured afternoon shift start time: 11:00
2025-04-14 23:16:22 [http-nio-8081-exec-4] INFO  b.s.impl.HouseCleaningServiceImpl - Configured evening shift start time: 15:00
2025-04-14 23:16:22 [http-nio-8081-exec-4] WARN  b.s.impl.HouseCleaningServiceImpl - No booking ID found for room ID 421
2025-04-14 23:16:22 [http-nio-8081-exec-4] INFO  b.service.TenantConfigurationService - Fetching configurations for tenantId: 1
2025-04-14 23:16:22 [http-nio-8081-exec-4] INFO  b.service.TenantConfigurationService - Found 1 configurations for tenantId: 1
2025-04-14 23:16:22 [http-nio-8081-exec-4] INFO  b.s.impl.HouseCleaningServiceImpl - Using configured time interval: 30 minutes
2025-04-14 23:16:22 [http-nio-8081-exec-4] INFO  b.service.TenantConfigurationService - Fetching configurations for tenantId: 1
2025-04-14 23:16:22 [http-nio-8081-exec-4] INFO  b.service.TenantConfigurationService - Found 1 configurations for tenantId: 1
2025-04-14 23:16:22 [http-nio-8081-exec-4] INFO  b.s.impl.HouseCleaningServiceImpl - Using configured shift duration: 4 hours
2025-04-14 23:16:22 [http-nio-8081-exec-4] INFO  b.service.TenantConfigurationService - Fetching configurations for tenantId: 1
2025-04-14 23:16:22 [http-nio-8081-exec-4] INFO  b.service.TenantConfigurationService - Found 1 configurations for tenantId: 1
2025-04-14 23:16:22 [http-nio-8081-exec-4] INFO  b.s.impl.HouseCleaningServiceImpl - Configured morning shift start time: 07:00
2025-04-14 23:16:22 [http-nio-8081-exec-4] INFO  b.s.impl.HouseCleaningServiceImpl - Configured afternoon shift start time: 11:00
2025-04-14 23:16:22 [http-nio-8081-exec-4] INFO  b.s.impl.HouseCleaningServiceImpl - Configured evening shift start time: 15:00
2025-04-14 23:16:22 [http-nio-8081-exec-4] WARN  b.s.impl.HouseCleaningServiceImpl - No booking ID found for room ID 422
2025-04-14 23:16:22 [http-nio-8081-exec-4] INFO  b.service.TenantConfigurationService - Fetching configurations for tenantId: 1
2025-04-14 23:16:22 [http-nio-8081-exec-4] INFO  b.service.TenantConfigurationService - Found 1 configurations for tenantId: 1
2025-04-14 23:16:22 [http-nio-8081-exec-4] INFO  b.s.impl.HouseCleaningServiceImpl - Using configured time interval: 30 minutes
2025-04-14 23:16:22 [http-nio-8081-exec-4] INFO  b.service.TenantConfigurationService - Fetching configurations for tenantId: 1
2025-04-14 23:16:22 [http-nio-8081-exec-4] INFO  b.service.TenantConfigurationService - Found 1 configurations for tenantId: 1
2025-04-14 23:16:22 [http-nio-8081-exec-4] INFO  b.s.impl.HouseCleaningServiceImpl - Using configured shift duration: 4 hours
2025-04-14 23:16:22 [http-nio-8081-exec-4] INFO  b.service.TenantConfigurationService - Fetching configurations for tenantId: 1
2025-04-14 23:16:22 [http-nio-8081-exec-4] INFO  b.service.TenantConfigurationService - Found 1 configurations for tenantId: 1
2025-04-14 23:16:22 [http-nio-8081-exec-4] INFO  b.s.impl.HouseCleaningServiceImpl - Configured morning shift start time: 07:00
2025-04-14 23:16:22 [http-nio-8081-exec-4] INFO  b.s.impl.HouseCleaningServiceImpl - Configured afternoon shift start time: 11:00
2025-04-14 23:16:22 [http-nio-8081-exec-4] INFO  b.s.impl.HouseCleaningServiceImpl - Configured evening shift start time: 15:00
2025-04-14 23:16:22 [http-nio-8081-exec-4] WARN  b.s.impl.HouseCleaningServiceImpl - No booking ID found for room ID 426
2025-04-14 23:16:22 [http-nio-8081-exec-4] INFO  b.service.TenantConfigurationService - Fetching configurations for tenantId: 1
2025-04-14 23:16:22 [http-nio-8081-exec-4] INFO  b.service.TenantConfigurationService - Found 1 configurations for tenantId: 1
2025-04-14 23:16:22 [http-nio-8081-exec-4] INFO  b.s.impl.HouseCleaningServiceImpl - Using configured time interval: 30 minutes
2025-04-14 23:16:22 [http-nio-8081-exec-4] INFO  b.service.TenantConfigurationService - Fetching configurations for tenantId: 1
2025-04-14 23:16:22 [http-nio-8081-exec-4] INFO  b.service.TenantConfigurationService - Found 1 configurations for tenantId: 1
2025-04-14 23:16:22 [http-nio-8081-exec-4] INFO  b.s.impl.HouseCleaningServiceImpl - Using configured shift duration: 4 hours
2025-04-14 23:16:22 [http-nio-8081-exec-4] INFO  b.service.TenantConfigurationService - Fetching configurations for tenantId: 1
2025-04-14 23:16:22 [http-nio-8081-exec-4] INFO  b.service.TenantConfigurationService - Found 1 configurations for tenantId: 1
2025-04-14 23:16:22 [http-nio-8081-exec-4] INFO  b.s.impl.HouseCleaningServiceImpl - Configured morning shift start time: 07:00
2025-04-14 23:16:22 [http-nio-8081-exec-4] INFO  b.s.impl.HouseCleaningServiceImpl - Configured afternoon shift start time: 11:00
2025-04-14 23:16:22 [http-nio-8081-exec-4] INFO  b.s.impl.HouseCleaningServiceImpl - Configured evening shift start time: 15:00
2025-04-14 23:16:22 [http-nio-8081-exec-4] WARN  b.s.impl.HouseCleaningServiceImpl - No booking ID found for room ID 432
2025-04-14 23:16:22 [http-nio-8081-exec-4] INFO  b.service.TenantConfigurationService - Fetching configurations for tenantId: 1
2025-04-14 23:16:22 [http-nio-8081-exec-4] INFO  b.service.TenantConfigurationService - Found 1 configurations for tenantId: 1
2025-04-14 23:16:22 [http-nio-8081-exec-4] INFO  b.s.impl.HouseCleaningServiceImpl - Using configured time interval: 30 minutes
2025-04-14 23:16:22 [http-nio-8081-exec-4] INFO  b.service.TenantConfigurationService - Fetching configurations for tenantId: 1
2025-04-14 23:16:22 [http-nio-8081-exec-4] INFO  b.service.TenantConfigurationService - Found 1 configurations for tenantId: 1
2025-04-14 23:16:22 [http-nio-8081-exec-4] INFO  b.s.impl.HouseCleaningServiceImpl - Using configured shift duration: 4 hours
2025-04-14 23:16:22 [http-nio-8081-exec-4] INFO  b.service.TenantConfigurationService - Fetching configurations for tenantId: 1
2025-04-14 23:16:22 [http-nio-8081-exec-4] INFO  b.service.TenantConfigurationService - Found 1 configurations for tenantId: 1
2025-04-14 23:16:22 [http-nio-8081-exec-4] INFO  b.s.impl.HouseCleaningServiceImpl - Configured morning shift start time: 07:00
2025-04-14 23:16:22 [http-nio-8081-exec-4] INFO  b.s.impl.HouseCleaningServiceImpl - Configured afternoon shift start time: 11:00
2025-04-14 23:16:22 [http-nio-8081-exec-4] INFO  b.s.impl.HouseCleaningServiceImpl - Configured evening shift start time: 15:00
2025-04-14 23:16:22 [http-nio-8081-exec-4] WARN  b.s.impl.HouseCleaningServiceImpl - No booking ID found for room ID 433
2025-04-14 23:16:22 [http-nio-8081-exec-4] INFO  b.service.TenantConfigurationService - Fetching configurations for tenantId: 1
2025-04-14 23:16:22 [http-nio-8081-exec-4] INFO  b.service.TenantConfigurationService - Found 1 configurations for tenantId: 1
2025-04-14 23:16:22 [http-nio-8081-exec-4] INFO  b.s.impl.HouseCleaningServiceImpl - Using configured time interval: 30 minutes
2025-04-14 23:16:22 [http-nio-8081-exec-4] INFO  b.service.TenantConfigurationService - Fetching configurations for tenantId: 1
2025-04-14 23:16:22 [http-nio-8081-exec-4] INFO  b.service.TenantConfigurationService - Found 1 configurations for tenantId: 1
2025-04-14 23:16:22 [http-nio-8081-exec-4] INFO  b.s.impl.HouseCleaningServiceImpl - Using configured shift duration: 4 hours
2025-04-14 23:16:22 [http-nio-8081-exec-4] INFO  b.service.TenantConfigurationService - Fetching configurations for tenantId: 1
2025-04-14 23:16:22 [http-nio-8081-exec-4] INFO  b.service.TenantConfigurationService - Found 1 configurations for tenantId: 1
2025-04-14 23:16:22 [http-nio-8081-exec-4] INFO  b.s.impl.HouseCleaningServiceImpl - Configured morning shift start time: 07:00
2025-04-14 23:16:22 [http-nio-8081-exec-4] INFO  b.s.impl.HouseCleaningServiceImpl - Configured afternoon shift start time: 11:00
2025-04-14 23:16:22 [http-nio-8081-exec-4] INFO  b.s.impl.HouseCleaningServiceImpl - Configured evening shift start time: 15:00
2025-04-14 23:16:22 [http-nio-8081-exec-4] WARN  b.s.impl.HouseCleaningServiceImpl - No booking ID found for room ID 434
2025-04-14 23:16:22 [http-nio-8081-exec-4] INFO  b.service.TenantConfigurationService - Fetching configurations for tenantId: 1
2025-04-14 23:16:22 [http-nio-8081-exec-4] INFO  b.service.TenantConfigurationService - Found 1 configurations for tenantId: 1
2025-04-14 23:16:22 [http-nio-8081-exec-4] INFO  b.s.impl.HouseCleaningServiceImpl - Using configured time interval: 30 minutes
2025-04-14 23:16:22 [http-nio-8081-exec-4] INFO  b.service.TenantConfigurationService - Fetching configurations for tenantId: 1
2025-04-14 23:16:22 [http-nio-8081-exec-4] INFO  b.service.TenantConfigurationService - Found 1 configurations for tenantId: 1
2025-04-14 23:16:22 [http-nio-8081-exec-4] INFO  b.s.impl.HouseCleaningServiceImpl - Using configured shift duration: 4 hours
2025-04-14 23:16:22 [http-nio-8081-exec-4] INFO  b.service.TenantConfigurationService - Fetching configurations for tenantId: 1
2025-04-14 23:16:23 [http-nio-8081-exec-4] INFO  b.service.TenantConfigurationService - Found 1 configurations for tenantId: 1
2025-04-14 23:16:23 [http-nio-8081-exec-4] INFO  b.s.impl.HouseCleaningServiceImpl - Configured morning shift start time: 07:00
2025-04-14 23:16:23 [http-nio-8081-exec-4] INFO  b.s.impl.HouseCleaningServiceImpl - Configured afternoon shift start time: 11:00
2025-04-14 23:16:23 [http-nio-8081-exec-4] INFO  b.s.impl.HouseCleaningServiceImpl - Configured evening shift start time: 15:00
2025-04-14 23:16:23 [http-nio-8081-exec-4] WARN  b.s.impl.HouseCleaningServiceImpl - No booking ID found for room ID 438
2025-04-14 23:16:23 [http-nio-8081-exec-4] INFO  b.service.TenantConfigurationService - Fetching configurations for tenantId: 1
2025-04-14 23:16:23 [http-nio-8081-exec-4] INFO  b.service.TenantConfigurationService - Found 1 configurations for tenantId: 1
2025-04-14 23:16:23 [http-nio-8081-exec-4] INFO  b.s.impl.HouseCleaningServiceImpl - Using configured time interval: 30 minutes
2025-04-14 23:16:23 [http-nio-8081-exec-4] INFO  b.service.TenantConfigurationService - Fetching configurations for tenantId: 1
2025-04-14 23:16:23 [http-nio-8081-exec-4] INFO  b.service.TenantConfigurationService - Found 1 configurations for tenantId: 1
2025-04-14 23:16:23 [http-nio-8081-exec-4] INFO  b.s.impl.HouseCleaningServiceImpl - Using configured shift duration: 4 hours
2025-04-14 23:16:23 [http-nio-8081-exec-4] INFO  b.service.TenantConfigurationService - Fetching configurations for tenantId: 1
2025-04-14 23:16:23 [http-nio-8081-exec-4] INFO  b.service.TenantConfigurationService - Found 1 configurations for tenantId: 1
2025-04-14 23:16:23 [http-nio-8081-exec-4] INFO  b.s.impl.HouseCleaningServiceImpl - Configured morning shift start time: 07:00
2025-04-14 23:16:23 [http-nio-8081-exec-4] INFO  b.s.impl.HouseCleaningServiceImpl - Configured afternoon shift start time: 11:00
2025-04-14 23:16:23 [http-nio-8081-exec-4] INFO  b.s.impl.HouseCleaningServiceImpl - Configured evening shift start time: 15:00
2025-04-14 23:16:23 [http-nio-8081-exec-4] WARN  b.s.impl.HouseCleaningServiceImpl - No booking ID found for room ID 439
2025-04-14 23:16:23 [http-nio-8081-exec-4] INFO  b.service.TenantConfigurationService - Fetching configurations for tenantId: 1
2025-04-14 23:16:23 [http-nio-8081-exec-4] INFO  b.service.TenantConfigurationService - Found 1 configurations for tenantId: 1
2025-04-14 23:16:23 [http-nio-8081-exec-4] INFO  b.s.impl.HouseCleaningServiceImpl - Using configured time interval: 30 minutes
2025-04-14 23:16:23 [http-nio-8081-exec-4] INFO  b.service.TenantConfigurationService - Fetching configurations for tenantId: 1
2025-04-14 23:16:23 [http-nio-8081-exec-4] INFO  b.service.TenantConfigurationService - Found 1 configurations for tenantId: 1
2025-04-14 23:16:23 [http-nio-8081-exec-4] INFO  b.s.impl.HouseCleaningServiceImpl - Using configured shift duration: 4 hours
2025-04-14 23:16:23 [http-nio-8081-exec-4] INFO  b.service.TenantConfigurationService - Fetching configurations for tenantId: 1
2025-04-14 23:16:23 [http-nio-8081-exec-4] INFO  b.service.TenantConfigurationService - Found 1 configurations for tenantId: 1
2025-04-14 23:16:23 [http-nio-8081-exec-4] INFO  b.s.impl.HouseCleaningServiceImpl - Configured morning shift start time: 07:00
2025-04-14 23:16:23 [http-nio-8081-exec-4] INFO  b.s.impl.HouseCleaningServiceImpl - Configured afternoon shift start time: 11:00
2025-04-14 23:16:23 [http-nio-8081-exec-4] INFO  b.s.impl.HouseCleaningServiceImpl - Configured evening shift start time: 15:00
2025-04-14 23:16:23 [http-nio-8081-exec-4] WARN  b.s.impl.HouseCleaningServiceImpl - No booking ID found for room ID 450
2025-04-14 23:16:23 [http-nio-8081-exec-4] INFO  b.service.TenantConfigurationService - Fetching configurations for tenantId: 1
2025-04-14 23:16:23 [http-nio-8081-exec-4] INFO  b.service.TenantConfigurationService - Found 1 configurations for tenantId: 1
2025-04-14 23:16:23 [http-nio-8081-exec-4] INFO  b.s.impl.HouseCleaningServiceImpl - Using configured time interval: 30 minutes
2025-04-14 23:16:23 [http-nio-8081-exec-4] INFO  b.service.TenantConfigurationService - Fetching configurations for tenantId: 1
2025-04-14 23:16:23 [http-nio-8081-exec-4] INFO  b.service.TenantConfigurationService - Found 1 configurations for tenantId: 1
2025-04-14 23:16:23 [http-nio-8081-exec-4] INFO  b.s.impl.HouseCleaningServiceImpl - Using configured shift duration: 4 hours
2025-04-14 23:16:23 [http-nio-8081-exec-4] INFO  b.service.TenantConfigurationService - Fetching configurations for tenantId: 1
2025-04-14 23:16:23 [http-nio-8081-exec-4] INFO  b.service.TenantConfigurationService - Found 1 configurations for tenantId: 1
2025-04-14 23:16:23 [http-nio-8081-exec-4] INFO  b.s.impl.HouseCleaningServiceImpl - Configured morning shift start time: 07:00
2025-04-14 23:16:23 [http-nio-8081-exec-4] INFO  b.s.impl.HouseCleaningServiceImpl - Configured afternoon shift start time: 11:00
2025-04-14 23:16:23 [http-nio-8081-exec-4] INFO  b.s.impl.HouseCleaningServiceImpl - Configured evening shift start time: 15:00
2025-04-14 23:16:23 [http-nio-8081-exec-4] WARN  b.s.impl.HouseCleaningServiceImpl - No booking ID found for room ID 451
2025-04-14 23:16:23 [http-nio-8081-exec-4] INFO  b.service.TenantConfigurationService - Fetching configurations for tenantId: 1
2025-04-14 23:16:23 [http-nio-8081-exec-4] INFO  b.service.TenantConfigurationService - Found 1 configurations for tenantId: 1
2025-04-14 23:16:23 [http-nio-8081-exec-4] INFO  b.s.impl.HouseCleaningServiceImpl - Using configured time interval: 30 minutes
2025-04-14 23:16:23 [http-nio-8081-exec-4] INFO  b.service.TenantConfigurationService - Fetching configurations for tenantId: 1
2025-04-14 23:16:23 [http-nio-8081-exec-4] INFO  b.service.TenantConfigurationService - Found 1 configurations for tenantId: 1
2025-04-14 23:16:23 [http-nio-8081-exec-4] INFO  b.s.impl.HouseCleaningServiceImpl - Using configured shift duration: 4 hours
2025-04-14 23:16:23 [http-nio-8081-exec-4] INFO  b.service.TenantConfigurationService - Fetching configurations for tenantId: 1
2025-04-14 23:16:23 [http-nio-8081-exec-4] INFO  b.service.TenantConfigurationService - Found 1 configurations for tenantId: 1
2025-04-14 23:16:23 [http-nio-8081-exec-4] INFO  b.s.impl.HouseCleaningServiceImpl - Configured morning shift start time: 07:00
2025-04-14 23:16:23 [http-nio-8081-exec-4] INFO  b.s.impl.HouseCleaningServiceImpl - Configured afternoon shift start time: 11:00
2025-04-14 23:16:23 [http-nio-8081-exec-4] INFO  b.s.impl.HouseCleaningServiceImpl - Configured evening shift start time: 15:00
2025-04-14 23:16:23 [http-nio-8081-exec-4] WARN  b.s.impl.HouseCleaningServiceImpl - No booking ID found for room ID 452
2025-04-14 23:16:23 [http-nio-8081-exec-4] INFO  b.service.TenantConfigurationService - Fetching configurations for tenantId: 1
2025-04-14 23:16:23 [http-nio-8081-exec-4] INFO  b.service.TenantConfigurationService - Found 1 configurations for tenantId: 1
2025-04-14 23:16:23 [http-nio-8081-exec-4] INFO  b.s.impl.HouseCleaningServiceImpl - Using configured time interval: 30 minutes
2025-04-14 23:16:23 [http-nio-8081-exec-4] INFO  b.service.TenantConfigurationService - Fetching configurations for tenantId: 1
2025-04-14 23:16:23 [http-nio-8081-exec-4] INFO  b.service.TenantConfigurationService - Found 1 configurations for tenantId: 1
2025-04-14 23:16:23 [http-nio-8081-exec-4] INFO  b.s.impl.HouseCleaningServiceImpl - Using configured shift duration: 4 hours
2025-04-14 23:16:23 [http-nio-8081-exec-4] INFO  b.service.TenantConfigurationService - Fetching configurations for tenantId: 1
2025-04-14 23:16:23 [http-nio-8081-exec-4] INFO  b.service.TenantConfigurationService - Found 1 configurations for tenantId: 1
2025-04-14 23:16:23 [http-nio-8081-exec-4] INFO  b.s.impl.HouseCleaningServiceImpl - Configured morning shift start time: 07:00
2025-04-14 23:16:23 [http-nio-8081-exec-4] INFO  b.s.impl.HouseCleaningServiceImpl - Configured afternoon shift start time: 11:00
2025-04-14 23:16:23 [http-nio-8081-exec-4] INFO  b.s.impl.HouseCleaningServiceImpl - Configured evening shift start time: 15:00
2025-04-14 23:16:23 [http-nio-8081-exec-4] WARN  b.s.impl.HouseCleaningServiceImpl - No booking ID found for room ID 456
2025-04-14 23:16:23 [http-nio-8081-exec-4] INFO  b.service.TenantConfigurationService - Fetching configurations for tenantId: 1
2025-04-14 23:16:23 [http-nio-8081-exec-4] INFO  b.service.TenantConfigurationService - Found 1 configurations for tenantId: 1
2025-04-14 23:16:23 [http-nio-8081-exec-4] INFO  b.s.impl.HouseCleaningServiceImpl - Using configured time interval: 30 minutes
2025-04-14 23:16:23 [http-nio-8081-exec-4] INFO  b.service.TenantConfigurationService - Fetching configurations for tenantId: 1
2025-04-14 23:16:23 [http-nio-8081-exec-4] INFO  b.service.TenantConfigurationService - Found 1 configurations for tenantId: 1
2025-04-14 23:16:23 [http-nio-8081-exec-4] INFO  b.s.impl.HouseCleaningServiceImpl - Using configured shift duration: 4 hours
2025-04-14 23:16:23 [http-nio-8081-exec-4] INFO  b.service.TenantConfigurationService - Fetching configurations for tenantId: 1
2025-04-14 23:16:23 [http-nio-8081-exec-4] INFO  b.service.TenantConfigurationService - Found 1 configurations for tenantId: 1
2025-04-14 23:16:23 [http-nio-8081-exec-4] INFO  b.s.impl.HouseCleaningServiceImpl - Configured morning shift start time: 07:00
2025-04-14 23:16:23 [http-nio-8081-exec-4] INFO  b.s.impl.HouseCleaningServiceImpl - Configured afternoon shift start time: 11:00
2025-04-14 23:16:23 [http-nio-8081-exec-4] INFO  b.s.impl.HouseCleaningServiceImpl - Configured evening shift start time: 15:00
2025-04-14 23:16:23 [http-nio-8081-exec-4] WARN  b.s.impl.HouseCleaningServiceImpl - No booking ID found for room ID 457
2025-04-14 23:16:23 [http-nio-8081-exec-4] INFO  b.service.TenantConfigurationService - Fetching configurations for tenantId: 1
2025-04-14 23:16:23 [http-nio-8081-exec-4] INFO  b.service.TenantConfigurationService - Found 1 configurations for tenantId: 1
2025-04-14 23:16:23 [http-nio-8081-exec-4] INFO  b.s.impl.HouseCleaningServiceImpl - Using configured time interval: 30 minutes
2025-04-14 23:16:23 [http-nio-8081-exec-4] INFO  b.service.TenantConfigurationService - Fetching configurations for tenantId: 1
2025-04-14 23:16:23 [http-nio-8081-exec-4] INFO  b.service.TenantConfigurationService - Found 1 configurations for tenantId: 1
2025-04-14 23:16:23 [http-nio-8081-exec-4] INFO  b.s.impl.HouseCleaningServiceImpl - Using configured shift duration: 4 hours
2025-04-14 23:16:23 [http-nio-8081-exec-4] INFO  b.service.TenantConfigurationService - Fetching configurations for tenantId: 1
2025-04-14 23:16:23 [http-nio-8081-exec-4] INFO  b.service.TenantConfigurationService - Found 1 configurations for tenantId: 1
2025-04-14 23:16:23 [http-nio-8081-exec-4] INFO  b.s.impl.HouseCleaningServiceImpl - Configured morning shift start time: 07:00
2025-04-14 23:16:23 [http-nio-8081-exec-4] INFO  b.s.impl.HouseCleaningServiceImpl - Configured afternoon shift start time: 11:00
2025-04-14 23:16:23 [http-nio-8081-exec-4] INFO  b.s.impl.HouseCleaningServiceImpl - Configured evening shift start time: 15:00
2025-04-14 23:16:23 [http-nio-8081-exec-4] WARN  b.s.impl.HouseCleaningServiceImpl - No booking ID found for room ID 464
2025-04-14 23:16:23 [http-nio-8081-exec-4] INFO  b.service.TenantConfigurationService - Fetching configurations for tenantId: 1
2025-04-14 23:16:23 [http-nio-8081-exec-4] INFO  b.service.TenantConfigurationService - Found 1 configurations for tenantId: 1
2025-04-14 23:16:23 [http-nio-8081-exec-4] INFO  b.s.impl.HouseCleaningServiceImpl - Using configured time interval: 30 minutes
2025-04-14 23:16:23 [http-nio-8081-exec-4] INFO  b.service.TenantConfigurationService - Fetching configurations for tenantId: 1
2025-04-14 23:16:23 [http-nio-8081-exec-4] INFO  b.service.TenantConfigurationService - Found 1 configurations for tenantId: 1
2025-04-14 23:16:23 [http-nio-8081-exec-4] INFO  b.s.impl.HouseCleaningServiceImpl - Using configured shift duration: 4 hours
2025-04-14 23:16:23 [http-nio-8081-exec-4] INFO  b.service.TenantConfigurationService - Fetching configurations for tenantId: 1
2025-04-14 23:16:23 [http-nio-8081-exec-4] INFO  b.service.TenantConfigurationService - Found 1 configurations for tenantId: 1
2025-04-14 23:16:23 [http-nio-8081-exec-4] INFO  b.s.impl.HouseCleaningServiceImpl - Configured morning shift start time: 07:00
2025-04-14 23:16:23 [http-nio-8081-exec-4] INFO  b.s.impl.HouseCleaningServiceImpl - Configured afternoon shift start time: 11:00
2025-04-14 23:16:23 [http-nio-8081-exec-4] INFO  b.s.impl.HouseCleaningServiceImpl - Configured evening shift start time: 15:00
2025-04-14 23:16:23 [http-nio-8081-exec-4] WARN  b.s.impl.HouseCleaningServiceImpl - No booking ID found for room ID 468
2025-04-14 23:16:23 [http-nio-8081-exec-4] INFO  b.service.TenantConfigurationService - Fetching configurations for tenantId: 1
2025-04-14 23:16:23 [http-nio-8081-exec-4] INFO  b.service.TenantConfigurationService - Found 1 configurations for tenantId: 1
2025-04-14 23:16:23 [http-nio-8081-exec-4] INFO  b.s.impl.HouseCleaningServiceImpl - Using configured time interval: 30 minutes
2025-04-14 23:16:23 [http-nio-8081-exec-4] INFO  b.service.TenantConfigurationService - Fetching configurations for tenantId: 1
2025-04-14 23:16:23 [http-nio-8081-exec-4] INFO  b.service.TenantConfigurationService - Found 1 configurations for tenantId: 1
2025-04-14 23:16:23 [http-nio-8081-exec-4] INFO  b.s.impl.HouseCleaningServiceImpl - Using configured shift duration: 4 hours
2025-04-14 23:16:23 [http-nio-8081-exec-4] INFO  b.service.TenantConfigurationService - Fetching configurations for tenantId: 1
2025-04-14 23:16:23 [http-nio-8081-exec-4] INFO  b.service.TenantConfigurationService - Found 1 configurations for tenantId: 1
2025-04-14 23:16:23 [http-nio-8081-exec-4] INFO  b.s.impl.HouseCleaningServiceImpl - Configured morning shift start time: 07:00
2025-04-14 23:16:23 [http-nio-8081-exec-4] INFO  b.s.impl.HouseCleaningServiceImpl - Configured afternoon shift start time: 11:00
2025-04-14 23:16:23 [http-nio-8081-exec-4] INFO  b.s.impl.HouseCleaningServiceImpl - Configured evening shift start time: 15:00
2025-04-14 23:16:23 [http-nio-8081-exec-4] WARN  b.s.impl.HouseCleaningServiceImpl - No booking ID found for room ID 469
2025-04-14 23:16:23 [http-nio-8081-exec-4] INFO  b.service.TenantConfigurationService - Fetching configurations for tenantId: 1
2025-04-14 23:16:23 [http-nio-8081-exec-4] INFO  b.service.TenantConfigurationService - Found 1 configurations for tenantId: 1
2025-04-14 23:16:23 [http-nio-8081-exec-4] INFO  b.s.impl.HouseCleaningServiceImpl - Using configured time interval: 30 minutes
2025-04-14 23:16:23 [http-nio-8081-exec-4] INFO  b.service.TenantConfigurationService - Fetching configurations for tenantId: 1
2025-04-14 23:16:24 [http-nio-8081-exec-4] INFO  b.service.TenantConfigurationService - Found 1 configurations for tenantId: 1
2025-04-14 23:16:24 [http-nio-8081-exec-4] INFO  b.s.impl.HouseCleaningServiceImpl - Using configured shift duration: 4 hours
2025-04-14 23:16:24 [http-nio-8081-exec-4] INFO  b.service.TenantConfigurationService - Fetching configurations for tenantId: 1
2025-04-14 23:16:24 [http-nio-8081-exec-4] INFO  b.service.TenantConfigurationService - Found 1 configurations for tenantId: 1
2025-04-14 23:16:24 [http-nio-8081-exec-4] INFO  b.s.impl.HouseCleaningServiceImpl - Configured morning shift start time: 07:00
2025-04-14 23:16:24 [http-nio-8081-exec-4] INFO  b.s.impl.HouseCleaningServiceImpl - Configured afternoon shift start time: 11:00
2025-04-14 23:16:24 [http-nio-8081-exec-4] INFO  b.s.impl.HouseCleaningServiceImpl - Configured evening shift start time: 15:00
2025-04-14 23:16:24 [http-nio-8081-exec-4] WARN  b.s.impl.HouseCleaningServiceImpl - No booking ID found for room ID 470
2025-04-14 23:16:24 [http-nio-8081-exec-4] INFO  b.service.TenantConfigurationService - Fetching configurations for tenantId: 1
2025-04-14 23:16:24 [http-nio-8081-exec-4] INFO  b.service.TenantConfigurationService - Found 1 configurations for tenantId: 1
2025-04-14 23:16:24 [http-nio-8081-exec-4] INFO  b.s.impl.HouseCleaningServiceImpl - Using configured time interval: 30 minutes
2025-04-14 23:16:24 [http-nio-8081-exec-4] INFO  b.service.TenantConfigurationService - Fetching configurations for tenantId: 1
2025-04-14 23:16:24 [http-nio-8081-exec-4] INFO  b.service.TenantConfigurationService - Found 1 configurations for tenantId: 1
2025-04-14 23:16:24 [http-nio-8081-exec-4] INFO  b.s.impl.HouseCleaningServiceImpl - Using configured shift duration: 4 hours
2025-04-14 23:16:24 [http-nio-8081-exec-4] INFO  b.service.TenantConfigurationService - Fetching configurations for tenantId: 1
2025-04-14 23:16:24 [http-nio-8081-exec-4] INFO  b.service.TenantConfigurationService - Found 1 configurations for tenantId: 1
2025-04-14 23:16:24 [http-nio-8081-exec-4] INFO  b.s.impl.HouseCleaningServiceImpl - Configured morning shift start time: 07:00
2025-04-14 23:16:24 [http-nio-8081-exec-4] INFO  b.s.impl.HouseCleaningServiceImpl - Configured afternoon shift start time: 11:00
2025-04-14 23:16:24 [http-nio-8081-exec-4] INFO  b.s.impl.HouseCleaningServiceImpl - Configured evening shift start time: 15:00
2025-04-14 23:16:24 [http-nio-8081-exec-4] WARN  b.s.impl.HouseCleaningServiceImpl - No booking ID found for room ID 480
2025-04-14 23:16:24 [http-nio-8081-exec-4] INFO  b.service.TenantConfigurationService - Fetching configurations for tenantId: 1
2025-04-14 23:16:24 [http-nio-8081-exec-4] INFO  b.service.TenantConfigurationService - Found 1 configurations for tenantId: 1
2025-04-14 23:16:24 [http-nio-8081-exec-4] INFO  b.s.impl.HouseCleaningServiceImpl - Using configured time interval: 30 minutes
2025-04-14 23:16:24 [http-nio-8081-exec-4] INFO  b.service.TenantConfigurationService - Fetching configurations for tenantId: 1
2025-04-14 23:16:24 [http-nio-8081-exec-4] INFO  b.service.TenantConfigurationService - Found 1 configurations for tenantId: 1
2025-04-14 23:16:24 [http-nio-8081-exec-4] INFO  b.s.impl.HouseCleaningServiceImpl - Using configured shift duration: 4 hours
2025-04-14 23:16:24 [http-nio-8081-exec-4] INFO  b.service.TenantConfigurationService - Fetching configurations for tenantId: 1
2025-04-14 23:16:24 [http-nio-8081-exec-4] INFO  b.service.TenantConfigurationService - Found 1 configurations for tenantId: 1
2025-04-14 23:16:24 [http-nio-8081-exec-4] INFO  b.s.impl.HouseCleaningServiceImpl - Configured morning shift start time: 07:00
2025-04-14 23:16:24 [http-nio-8081-exec-4] INFO  b.s.impl.HouseCleaningServiceImpl - Configured afternoon shift start time: 11:00
2025-04-14 23:16:24 [http-nio-8081-exec-4] INFO  b.s.impl.HouseCleaningServiceImpl - Configured evening shift start time: 15:00
2025-04-14 23:16:24 [http-nio-8081-exec-4] WARN  b.s.impl.HouseCleaningServiceImpl - No booking ID found for room ID 427
2025-04-14 23:17:45 [http-nio-8081-exec-8] DEBUG o.s.security.web.FilterChainProxy - Securing POST /api/house-cleaning/assign-staff?date=2025-05-01&shift=MORNING_SHIFT
2025-04-14 23:17:45 [http-nio-8081-exec-8] DEBUG o.s.s.w.a.AnonymousAuthenticationFilter - Set SecurityContextHolder to anonymous SecurityContext
2025-04-14 23:17:45 [http-nio-8081-exec-8] DEBUG o.s.security.web.FilterChainProxy - Secured POST /api/house-cleaning/assign-staff?date=2025-05-01&shift=MORNING_SHIFT
2025-04-14 23:17:45 [http-nio-8081-exec-8] INFO  b.s.impl.HouseCleaningServiceImpl - Assigning staff to schedules for date: 2025-05-01 and shift: MORNING_SHIFT
2025-04-14 23:17:45 [http-nio-8081-exec-8] INFO  b.service.TenantConfigurationService - Fetching configurations for tenantId: 1
2025-04-14 23:17:45 [http-nio-8081-exec-8] INFO  b.service.TenantConfigurationService - Found 1 configurations for tenantId: 1
2025-04-14 23:17:45 [http-nio-8081-exec-8] INFO  b.s.impl.HouseCleaningServiceImpl - Using configured shift duration: 4 hours
2025-04-14 23:17:45 [http-nio-8081-exec-8] INFO  b.service.TenantConfigurationService - Fetching configurations for tenantId: 1
2025-04-14 23:17:45 [http-nio-8081-exec-8] INFO  b.service.TenantConfigurationService - Found 1 configurations for tenantId: 1
2025-04-14 23:17:45 [http-nio-8081-exec-8] INFO  b.s.impl.HouseCleaningServiceImpl - Using configured daily cleaning duration: 30 minutes
2025-04-14 23:17:45 [http-nio-8081-exec-8] INFO  b.service.TenantConfigurationService - Fetching configurations for tenantId: 1
2025-04-14 23:17:45 [http-nio-8081-exec-8] INFO  b.service.TenantConfigurationService - Found 1 configurations for tenantId: 1
2025-04-14 23:17:45 [http-nio-8081-exec-8] INFO  b.s.impl.HouseCleaningServiceImpl - Using configured deep cleaning duration: 120 minutes
2025-04-14 23:17:45 [http-nio-8081-exec-8] WARN  b.s.impl.HouseCleaningServiceImpl - Staff shortage detected for shift MORNING_SHIFT. Required: 3, Available: 1. Attempting to redistribute staff from other shifts.
2025-04-14 23:17:45 [http-nio-8081-exec-8] INFO  b.s.impl.HouseCleaningServiceImpl - STAFF REDISTRIBUTION: Analyzing all shifts to find staff for MORNING_SHIFT
2025-04-14 23:17:45 [http-nio-8081-exec-8] INFO  b.service.TenantConfigurationService - Fetching configurations for tenantId: 1
2025-04-14 23:17:45 [http-nio-8081-exec-8] INFO  b.service.TenantConfigurationService - Found 1 configurations for tenantId: 1
2025-04-14 23:17:45 [http-nio-8081-exec-8] INFO  b.s.impl.HouseCleaningServiceImpl - Using configured daily cleaning duration: 30 minutes
2025-04-14 23:17:45 [http-nio-8081-exec-8] INFO  b.service.TenantConfigurationService - Fetching configurations for tenantId: 1
2025-04-14 23:17:45 [http-nio-8081-exec-8] INFO  b.service.TenantConfigurationService - Found 1 configurations for tenantId: 1
2025-04-14 23:17:45 [http-nio-8081-exec-8] INFO  b.s.impl.HouseCleaningServiceImpl - Using configured shift duration: 4 hours
2025-04-14 23:17:45 [http-nio-8081-exec-8] INFO  b.s.impl.HouseCleaningServiceImpl - Need to move 2 staff to shift MORNING_SHIFT
2025-04-14 23:17:45 [http-nio-8081-exec-8] INFO  b.s.impl.HouseCleaningServiceImpl - STAFF ANALYSIS - Shift AFTERNOON_SHIFT: 1 rooms, 2 staff available, 1 staff required, 1 excess staff
2025-04-14 23:17:46 [http-nio-8081-exec-8] INFO  b.s.impl.HouseCleaningServiceImpl - STAFF ANALYSIS - Shift EVENING_SHIFT: 0 rooms, 0 staff available, 0 staff required, 0 excess staff
2025-04-14 23:17:46 [http-nio-8081-exec-8] INFO  b.s.impl.HouseCleaningServiceImpl - Moving 1 excess staff from shift AFTERNOON_SHIFT to shift MORNING_SHIFT
2025-04-14 23:17:46 [http-nio-8081-exec-8] INFO  b.s.impl.HouseCleaningServiceImpl - Moved staff 6 from shift AFTERNOON_SHIFT to shift MORNING_SHIFT
2025-04-14 23:17:46 [http-nio-8081-exec-8] INFO  b.s.impl.HouseCleaningServiceImpl - Moving 1 staff from shift AFTERNOON_SHIFT to shift MORNING_SHIFT (this may impact the source shift)
2025-04-14 23:17:46 [http-nio-8081-exec-8] INFO  b.s.impl.HouseCleaningServiceImpl - Moved staff 9 from shift AFTERNOON_SHIFT to shift MORNING_SHIFT
2025-04-14 23:17:46 [http-nio-8081-exec-8] INFO  b.s.impl.HouseCleaningServiceImpl - Successfully moved 2 staff to shift MORNING_SHIFT. Requirement met.
2025-04-14 23:17:46 [http-nio-8081-exec-8] INFO  b.s.impl.HouseCleaningServiceImpl - After redistribution: 3 staff available for shift MORNING_SHIFT
2025-04-14 23:17:46 [http-nio-8081-exec-8] INFO  b.service.TenantConfigurationService - Fetching configurations for tenantId: 1
2025-04-14 23:17:46 [http-nio-8081-exec-8] INFO  b.service.TenantConfigurationService - Found 1 configurations for tenantId: 1
2025-04-14 23:17:46 [http-nio-8081-exec-8] INFO  b.s.impl.HouseCleaningServiceImpl - Configured morning shift start time: 07:00
2025-04-14 23:17:46 [http-nio-8081-exec-8] INFO  b.s.impl.HouseCleaningServiceImpl - Configured afternoon shift start time: 11:00
2025-04-14 23:17:46 [http-nio-8081-exec-8] INFO  b.s.impl.HouseCleaningServiceImpl - Configured evening shift start time: 15:00
2025-04-14 23:17:46 [http-nio-8081-exec-8] INFO  b.service.TenantConfigurationService - Fetching configurations for tenantId: 1
2025-04-14 23:17:46 [http-nio-8081-exec-8] INFO  b.service.TenantConfigurationService - Found 1 configurations for tenantId: 1
2025-04-14 23:17:46 [http-nio-8081-exec-8] INFO  b.s.impl.HouseCleaningServiceImpl - Configured morning shift start time: 07:00
2025-04-14 23:17:46 [http-nio-8081-exec-8] INFO  b.s.impl.HouseCleaningServiceImpl - Configured afternoon shift start time: 11:00
2025-04-14 23:17:46 [http-nio-8081-exec-8] INFO  b.s.impl.HouseCleaningServiceImpl - Configured evening shift start time: 15:00
2025-04-14 23:17:46 [http-nio-8081-exec-8] INFO  b.service.TenantConfigurationService - Fetching configurations for tenantId: 1
2025-04-14 23:17:46 [http-nio-8081-exec-8] INFO  b.service.TenantConfigurationService - Found 1 configurations for tenantId: 1
2025-04-14 23:17:46 [http-nio-8081-exec-8] INFO  b.s.impl.HouseCleaningServiceImpl - Using configured shift duration: 4 hours
2025-04-14 23:17:46 [http-nio-8081-exec-8] INFO  b.s.impl.HouseCleaningServiceImpl - Shift time: 07:00 to 11:00
2025-04-14 23:17:46 [http-nio-8081-exec-8] INFO  b.s.impl.HouseCleaningServiceImpl - STAFF REQUIREMENTS: 3 staff needed for 18 rooms in shift MORNING_SHIFT. 3 staff available, 0 excess staff.
2025-04-14 23:17:46 [http-nio-8081-exec-8] INFO  b.s.impl.HouseCleaningServiceImpl - Assigned staff 2 to room 421 for cleaning from 07:00 to 07:30, staff utilization=12.5%
2025-04-14 23:17:46 [http-nio-8081-exec-8] INFO  b.s.impl.HouseCleaningServiceImpl - Assigned staff 6 to room 422 for cleaning from 07:00 to 07:30, staff utilization=12.5%
2025-04-14 23:17:46 [http-nio-8081-exec-8] INFO  b.s.impl.HouseCleaningServiceImpl - Assigned staff 9 to room 426 for cleaning from 07:00 to 07:30, staff utilization=12.5%
2025-04-14 23:17:46 [http-nio-8081-exec-8] INFO  b.s.impl.HouseCleaningServiceImpl - Assigned staff 2 to room 432 for cleaning from 07:30 to 08:00, staff utilization=25.0%
2025-04-14 23:17:46 [http-nio-8081-exec-8] INFO  b.s.impl.HouseCleaningServiceImpl - Assigned staff 6 to room 433 for cleaning from 07:30 to 08:00, staff utilization=25.0%
2025-04-14 23:17:46 [http-nio-8081-exec-8] INFO  b.s.impl.HouseCleaningServiceImpl - Assigned staff 9 to room 434 for cleaning from 07:30 to 08:00, staff utilization=25.0%
2025-04-14 23:17:46 [http-nio-8081-exec-8] INFO  b.s.impl.HouseCleaningServiceImpl - Assigned staff 2 to room 438 for cleaning from 08:00 to 08:30, staff utilization=37.5%
2025-04-14 23:17:46 [http-nio-8081-exec-8] INFO  b.s.impl.HouseCleaningServiceImpl - Assigned staff 6 to room 439 for cleaning from 08:00 to 08:30, staff utilization=37.5%
2025-04-14 23:17:46 [http-nio-8081-exec-8] INFO  b.s.impl.HouseCleaningServiceImpl - Assigned staff 9 to room 450 for cleaning from 08:00 to 08:30, staff utilization=37.5%
2025-04-14 23:17:46 [http-nio-8081-exec-8] INFO  b.s.impl.HouseCleaningServiceImpl - Assigned staff 2 to room 451 for cleaning from 08:30 to 09:00, staff utilization=50.0%
2025-04-14 23:17:46 [http-nio-8081-exec-8] INFO  b.s.impl.HouseCleaningServiceImpl - Assigned staff 6 to room 452 for cleaning from 08:30 to 09:00, staff utilization=50.0%
2025-04-14 23:17:46 [http-nio-8081-exec-8] INFO  b.s.impl.HouseCleaningServiceImpl - Assigned staff 9 to room 456 for cleaning from 08:30 to 09:00, staff utilization=50.0%
2025-04-14 23:17:46 [http-nio-8081-exec-8] INFO  b.s.impl.HouseCleaningServiceImpl - Assigned staff 2 to room 457 for cleaning from 09:00 to 09:30, staff utilization=62.5%
2025-04-14 23:17:46 [http-nio-8081-exec-8] INFO  b.s.impl.HouseCleaningServiceImpl - Assigned staff 6 to room 464 for cleaning from 09:00 to 09:30, staff utilization=62.5%
2025-04-14 23:17:46 [http-nio-8081-exec-8] INFO  b.s.impl.HouseCleaningServiceImpl - Assigned staff 9 to room 468 for cleaning from 09:00 to 09:30, staff utilization=62.5%
2025-04-14 23:17:46 [http-nio-8081-exec-8] INFO  b.s.impl.HouseCleaningServiceImpl - Assigned staff 2 to room 469 for cleaning from 09:30 to 10:00, staff utilization=75.0%
2025-04-14 23:17:46 [http-nio-8081-exec-8] INFO  b.s.impl.HouseCleaningServiceImpl - Assigned staff 6 to room 470 for cleaning from 09:30 to 10:00, staff utilization=75.0%
2025-04-14 23:17:46 [http-nio-8081-exec-8] INFO  b.s.impl.HouseCleaningServiceImpl - Assigned staff 9 to room 480 for cleaning from 09:30 to 10:00, staff utilization=75.0%
2025-04-14 23:17:46 [http-nio-8081-exec-8] INFO  b.s.impl.HouseCleaningServiceImpl - Staff 2 has 6 rooms assigned (utilization: 75.0%)
2025-04-14 23:17:46 [http-nio-8081-exec-8] INFO  b.s.impl.HouseCleaningServiceImpl -   - Room 421 at 07:00
2025-04-14 23:17:46 [http-nio-8081-exec-8] INFO  b.s.impl.HouseCleaningServiceImpl -   - Room 432 at 07:30
2025-04-14 23:17:46 [http-nio-8081-exec-8] INFO  b.s.impl.HouseCleaningServiceImpl -   - Room 438 at 08:00
2025-04-14 23:17:46 [http-nio-8081-exec-8] INFO  b.s.impl.HouseCleaningServiceImpl -   - Room 451 at 08:30
2025-04-14 23:17:46 [http-nio-8081-exec-8] INFO  b.s.impl.HouseCleaningServiceImpl -   - Room 457 at 09:00
2025-04-14 23:17:46 [http-nio-8081-exec-8] INFO  b.s.impl.HouseCleaningServiceImpl -   - Room 469 at 09:30
2025-04-14 23:17:46 [http-nio-8081-exec-8] INFO  b.s.impl.HouseCleaningServiceImpl -   - Staff 2 is working from 07:00 to 10:00 (utilization: 75.0%)
2025-04-14 23:17:46 [http-nio-8081-exec-8] INFO  b.s.impl.HouseCleaningServiceImpl - Staff 6 has 6 rooms assigned (utilization: 75.0%)
2025-04-14 23:17:46 [http-nio-8081-exec-8] INFO  b.s.impl.HouseCleaningServiceImpl -   - Room 422 at 07:00
2025-04-14 23:17:46 [http-nio-8081-exec-8] INFO  b.s.impl.HouseCleaningServiceImpl -   - Room 433 at 07:30
2025-04-14 23:17:46 [http-nio-8081-exec-8] INFO  b.s.impl.HouseCleaningServiceImpl -   - Room 439 at 08:00
2025-04-14 23:17:46 [http-nio-8081-exec-8] INFO  b.s.impl.HouseCleaningServiceImpl -   - Room 452 at 08:30
2025-04-14 23:17:46 [http-nio-8081-exec-8] INFO  b.s.impl.HouseCleaningServiceImpl -   - Room 464 at 09:00
2025-04-14 23:17:46 [http-nio-8081-exec-8] INFO  b.s.impl.HouseCleaningServiceImpl -   - Room 470 at 09:30
2025-04-14 23:17:46 [http-nio-8081-exec-8] INFO  b.s.impl.HouseCleaningServiceImpl -   - Staff 6 is working from 07:00 to 10:00 (utilization: 75.0%)
2025-04-14 23:17:46 [http-nio-8081-exec-8] INFO  b.s.impl.HouseCleaningServiceImpl - Staff 9 has 6 rooms assigned (utilization: 75.0%)
2025-04-14 23:17:46 [http-nio-8081-exec-8] INFO  b.s.impl.HouseCleaningServiceImpl -   - Room 426 at 07:00
2025-04-14 23:17:46 [http-nio-8081-exec-8] INFO  b.s.impl.HouseCleaningServiceImpl -   - Room 434 at 07:30
2025-04-14 23:17:46 [http-nio-8081-exec-8] INFO  b.s.impl.HouseCleaningServiceImpl -   - Room 450 at 08:00
2025-04-14 23:17:46 [http-nio-8081-exec-8] INFO  b.s.impl.HouseCleaningServiceImpl -   - Room 456 at 08:30
2025-04-14 23:17:46 [http-nio-8081-exec-8] INFO  b.s.impl.HouseCleaningServiceImpl -   - Room 468 at 09:00
2025-04-14 23:17:46 [http-nio-8081-exec-8] INFO  b.s.impl.HouseCleaningServiceImpl -   - Room 480 at 09:30
2025-04-14 23:17:46 [http-nio-8081-exec-8] INFO  b.s.impl.HouseCleaningServiceImpl -   - Staff 9 is working from 07:00 to 10:00 (utilization: 75.0%)
2025-04-14 23:17:46 [http-nio-8081-exec-8] INFO  b.s.impl.HouseCleaningServiceImpl - Saved schedule for room 421: staffId=2, scheduledTime=07:00
2025-04-14 23:17:46 [http-nio-8081-exec-8] INFO  b.s.impl.HouseCleaningServiceImpl - Saved schedule for room 422: staffId=6, scheduledTime=07:00
2025-04-14 23:17:46 [http-nio-8081-exec-8] INFO  b.s.impl.HouseCleaningServiceImpl - Saved schedule for room 426: staffId=9, scheduledTime=07:00
2025-04-14 23:17:46 [http-nio-8081-exec-8] INFO  b.s.impl.HouseCleaningServiceImpl - Saved schedule for room 432: staffId=2, scheduledTime=07:30
2025-04-14 23:17:46 [http-nio-8081-exec-8] INFO  b.s.impl.HouseCleaningServiceImpl - Saved schedule for room 433: staffId=6, scheduledTime=07:30
2025-04-14 23:17:46 [http-nio-8081-exec-8] INFO  b.s.impl.HouseCleaningServiceImpl - Saved schedule for room 434: staffId=9, scheduledTime=07:30
2025-04-14 23:17:46 [http-nio-8081-exec-8] INFO  b.s.impl.HouseCleaningServiceImpl - Saved schedule for room 438: staffId=2, scheduledTime=08:00
2025-04-14 23:17:46 [http-nio-8081-exec-8] INFO  b.s.impl.HouseCleaningServiceImpl - Saved schedule for room 439: staffId=6, scheduledTime=08:00
2025-04-14 23:17:46 [http-nio-8081-exec-8] INFO  b.s.impl.HouseCleaningServiceImpl - Saved schedule for room 450: staffId=9, scheduledTime=08:00
2025-04-14 23:17:46 [http-nio-8081-exec-8] INFO  b.s.impl.HouseCleaningServiceImpl - Saved schedule for room 451: staffId=2, scheduledTime=08:30
2025-04-14 23:17:46 [http-nio-8081-exec-8] INFO  b.s.impl.HouseCleaningServiceImpl - Saved schedule for room 452: staffId=6, scheduledTime=08:30
2025-04-14 23:17:46 [http-nio-8081-exec-8] INFO  b.s.impl.HouseCleaningServiceImpl - Saved schedule for room 456: staffId=9, scheduledTime=08:30
2025-04-14 23:17:46 [http-nio-8081-exec-8] INFO  b.s.impl.HouseCleaningServiceImpl - Saved schedule for room 457: staffId=2, scheduledTime=09:00
2025-04-14 23:17:46 [http-nio-8081-exec-8] INFO  b.s.impl.HouseCleaningServiceImpl - Saved schedule for room 464: staffId=6, scheduledTime=09:00
2025-04-14 23:17:46 [http-nio-8081-exec-8] INFO  b.s.impl.HouseCleaningServiceImpl - Saved schedule for room 468: staffId=9, scheduledTime=09:00
2025-04-14 23:17:46 [http-nio-8081-exec-8] INFO  b.s.impl.HouseCleaningServiceImpl - Saved schedule for room 469: staffId=2, scheduledTime=09:30
2025-04-14 23:17:46 [http-nio-8081-exec-8] INFO  b.s.impl.HouseCleaningServiceImpl - Saved schedule for room 470: staffId=6, scheduledTime=09:30
2025-04-14 23:17:46 [http-nio-8081-exec-8] INFO  b.s.impl.HouseCleaningServiceImpl - Saved schedule for room 480: staffId=9, scheduledTime=09:30
2025-04-14 23:17:59 [http-nio-8081-exec-9] DEBUG o.s.security.web.FilterChainProxy - Securing POST /api/house-cleaning/assign-staff?date=2025-05-01&shift=AFTERNOON_SHIFT
2025-04-14 23:17:59 [http-nio-8081-exec-9] DEBUG o.s.s.w.a.AnonymousAuthenticationFilter - Set SecurityContextHolder to anonymous SecurityContext
2025-04-14 23:17:59 [http-nio-8081-exec-9] DEBUG o.s.security.web.FilterChainProxy - Secured POST /api/house-cleaning/assign-staff?date=2025-05-01&shift=AFTERNOON_SHIFT
2025-04-14 23:17:59 [http-nio-8081-exec-9] INFO  b.s.impl.HouseCleaningServiceImpl - Assigning staff to schedules for date: 2025-05-01 and shift: AFTERNOON_SHIFT
2025-04-14 23:17:59 [http-nio-8081-exec-9] INFO  b.service.TenantConfigurationService - Fetching configurations for tenantId: 1
2025-04-14 23:17:59 [http-nio-8081-exec-9] INFO  b.service.TenantConfigurationService - Found 1 configurations for tenantId: 1
2025-04-14 23:17:59 [http-nio-8081-exec-9] INFO  b.s.impl.HouseCleaningServiceImpl - Using configured shift duration: 4 hours
2025-04-14 23:17:59 [http-nio-8081-exec-9] INFO  b.service.TenantConfigurationService - Fetching configurations for tenantId: 1
2025-04-14 23:18:00 [http-nio-8081-exec-9] INFO  b.service.TenantConfigurationService - Found 1 configurations for tenantId: 1
2025-04-14 23:18:00 [http-nio-8081-exec-9] INFO  b.s.impl.HouseCleaningServiceImpl - Using configured daily cleaning duration: 30 minutes
2025-04-14 23:18:00 [http-nio-8081-exec-9] INFO  b.service.TenantConfigurationService - Fetching configurations for tenantId: 1
2025-04-14 23:18:00 [http-nio-8081-exec-9] INFO  b.service.TenantConfigurationService - Found 1 configurations for tenantId: 1
2025-04-14 23:18:00 [http-nio-8081-exec-9] INFO  b.s.impl.HouseCleaningServiceImpl - Using configured deep cleaning duration: 120 minutes
2025-04-14 23:18:00 [http-nio-8081-exec-9] WARN  b.s.impl.HouseCleaningServiceImpl - Staff shortage detected for shift AFTERNOON_SHIFT. Required: 1, Available: 0. Attempting to redistribute staff from other shifts.
2025-04-14 23:18:00 [http-nio-8081-exec-9] INFO  b.s.impl.HouseCleaningServiceImpl - STAFF REDISTRIBUTION: Analyzing all shifts to find staff for AFTERNOON_SHIFT
2025-04-14 23:18:00 [http-nio-8081-exec-9] INFO  b.service.TenantConfigurationService - Fetching configurations for tenantId: 1
2025-04-14 23:18:00 [http-nio-8081-exec-9] INFO  b.service.TenantConfigurationService - Found 1 configurations for tenantId: 1
2025-04-14 23:18:00 [http-nio-8081-exec-9] INFO  b.s.impl.HouseCleaningServiceImpl - Using configured daily cleaning duration: 30 minutes
2025-04-14 23:18:00 [http-nio-8081-exec-9] INFO  b.service.TenantConfigurationService - Fetching configurations for tenantId: 1
2025-04-14 23:18:00 [http-nio-8081-exec-9] INFO  b.service.TenantConfigurationService - Found 1 configurations for tenantId: 1
2025-04-14 23:18:00 [http-nio-8081-exec-9] INFO  b.s.impl.HouseCleaningServiceImpl - Using configured shift duration: 4 hours
2025-04-14 23:18:00 [http-nio-8081-exec-9] INFO  b.s.impl.HouseCleaningServiceImpl - Need to move 1 staff to shift AFTERNOON_SHIFT
2025-04-14 23:18:00 [http-nio-8081-exec-9] INFO  b.s.impl.HouseCleaningServiceImpl - STAFF ANALYSIS - Shift MORNING_SHIFT: 18 rooms, 3 staff available, 3 staff required, 0 excess staff
2025-04-14 23:18:00 [http-nio-8081-exec-9] INFO  b.s.impl.HouseCleaningServiceImpl - STAFF ANALYSIS - Shift EVENING_SHIFT: 0 rooms, 0 staff available, 0 staff required, 0 excess staff
2025-04-14 23:18:00 [http-nio-8081-exec-9] INFO  b.s.impl.HouseCleaningServiceImpl - Moving 1 staff from shift MORNING_SHIFT to shift AFTERNOON_SHIFT (this may impact the source shift)
2025-04-14 23:18:00 [http-nio-8081-exec-9] INFO  b.s.impl.HouseCleaningServiceImpl - Moved staff 2 from shift MORNING_SHIFT to shift AFTERNOON_SHIFT
2025-04-14 23:18:00 [http-nio-8081-exec-9] INFO  b.s.impl.HouseCleaningServiceImpl - Successfully moved 1 staff to shift AFTERNOON_SHIFT. Requirement met.
2025-04-14 23:18:00 [http-nio-8081-exec-9] INFO  b.s.impl.HouseCleaningServiceImpl - After redistribution: 1 staff available for shift AFTERNOON_SHIFT
2025-04-14 23:18:00 [http-nio-8081-exec-9] INFO  b.service.TenantConfigurationService - Fetching configurations for tenantId: 1
2025-04-14 23:18:00 [http-nio-8081-exec-9] INFO  b.service.TenantConfigurationService - Found 1 configurations for tenantId: 1
2025-04-14 23:18:00 [http-nio-8081-exec-9] INFO  b.s.impl.HouseCleaningServiceImpl - Configured morning shift start time: 07:00
2025-04-14 23:18:00 [http-nio-8081-exec-9] INFO  b.s.impl.HouseCleaningServiceImpl - Configured afternoon shift start time: 11:00
2025-04-14 23:18:00 [http-nio-8081-exec-9] INFO  b.s.impl.HouseCleaningServiceImpl - Configured evening shift start time: 15:00
2025-04-14 23:18:00 [http-nio-8081-exec-9] INFO  b.service.TenantConfigurationService - Fetching configurations for tenantId: 1
2025-04-14 23:18:00 [http-nio-8081-exec-9] INFO  b.service.TenantConfigurationService - Found 1 configurations for tenantId: 1
2025-04-14 23:18:00 [http-nio-8081-exec-9] INFO  b.s.impl.HouseCleaningServiceImpl - Configured morning shift start time: 07:00
2025-04-14 23:18:00 [http-nio-8081-exec-9] INFO  b.s.impl.HouseCleaningServiceImpl - Configured afternoon shift start time: 11:00
2025-04-14 23:18:00 [http-nio-8081-exec-9] INFO  b.s.impl.HouseCleaningServiceImpl - Configured evening shift start time: 15:00
2025-04-14 23:18:00 [http-nio-8081-exec-9] INFO  b.service.TenantConfigurationService - Fetching configurations for tenantId: 1
2025-04-14 23:18:00 [http-nio-8081-exec-9] INFO  b.service.TenantConfigurationService - Found 1 configurations for tenantId: 1
2025-04-14 23:18:00 [http-nio-8081-exec-9] INFO  b.s.impl.HouseCleaningServiceImpl - Using configured shift duration: 4 hours
2025-04-14 23:18:00 [http-nio-8081-exec-9] INFO  b.s.impl.HouseCleaningServiceImpl - Shift time: 11:00 to 15:00
2025-04-14 23:18:00 [http-nio-8081-exec-9] INFO  b.s.impl.HouseCleaningServiceImpl - STAFF REQUIREMENTS: 1 staff needed for 1 rooms in shift AFTERNOON_SHIFT. 1 staff available, 0 excess staff.
2025-04-14 23:18:00 [http-nio-8081-exec-9] INFO  b.s.impl.HouseCleaningServiceImpl - Assigned staff 2 to room 427 for cleaning from 11:00 to 13:00, staff utilization=50.0%
2025-04-14 23:18:00 [http-nio-8081-exec-9] INFO  b.s.impl.HouseCleaningServiceImpl - Staff 2 is underutilized (50.0%). Consider moving to another shift.
2025-04-14 23:18:00 [http-nio-8081-exec-9] INFO  b.s.impl.HouseCleaningServiceImpl - Staff 2 has 1 rooms assigned (utilization: 50.0%)
2025-04-14 23:18:00 [http-nio-8081-exec-9] INFO  b.s.impl.HouseCleaningServiceImpl -   - Room 427 at 11:00
2025-04-14 23:18:00 [http-nio-8081-exec-9] INFO  b.s.impl.HouseCleaningServiceImpl -   - Staff 2 is working from 11:00 to 13:00 (utilization: 50.0%)
2025-04-14 23:18:00 [http-nio-8081-exec-9] INFO  b.service.TenantConfigurationService - Fetching configurations for tenantId: 1
2025-04-14 23:18:00 [http-nio-8081-exec-9] INFO  b.service.TenantConfigurationService - Found 1 configurations for tenantId: 1
2025-04-14 23:18:00 [http-nio-8081-exec-9] INFO  b.s.impl.HouseCleaningServiceImpl - Using configured daily cleaning duration: 30 minutes
2025-04-14 23:18:00 [http-nio-8081-exec-9] INFO  b.service.TenantConfigurationService - Fetching configurations for tenantId: 1
2025-04-14 23:18:00 [http-nio-8081-exec-9] INFO  b.service.TenantConfigurationService - Found 1 configurations for tenantId: 1
2025-04-14 23:18:00 [http-nio-8081-exec-9] INFO  b.s.impl.HouseCleaningServiceImpl - Using configured shift duration: 4 hours
2025-04-14 23:18:00 [http-nio-8081-exec-9] INFO  b.s.impl.HouseCleaningServiceImpl - STAFF ANALYSIS - Shift MORNING_SHIFT: 18 rooms, 2 staff available, 3 staff required
2025-04-14 23:18:00 [http-nio-8081-exec-9] INFO  b.s.impl.HouseCleaningServiceImpl - STAFF ANALYSIS - Shift EVENING_SHIFT: 0 rooms, 0 staff available, 0 staff required
2025-04-14 23:18:00 [http-nio-8081-exec-9] INFO  b.s.impl.HouseCleaningServiceImpl - Considering 1 underutilized staff members from AFTERNOON_SHIFT shift for reassignment
2025-04-14 23:18:00 [http-nio-8081-exec-9] INFO  b.s.impl.HouseCleaningServiceImpl - Saved schedule for room 427: staffId=2, scheduledTime=11:00
2025-04-14 23:24:27 [SpringApplicationShutdownHook] INFO  o.s.b.w.e.tomcat.GracefulShutdown - Commencing graceful shutdown. Waiting for active requests to complete
2025-04-14 23:24:27 [tomcat-shutdown] INFO  o.s.b.w.e.tomcat.GracefulShutdown - Graceful shutdown complete
2025-04-14 23:24:27 [SpringApplicationShutdownHook] INFO  o.s.o.j.LocalContainerEntityManagerFactoryBean - Closing JPA EntityManagerFactory for persistence unit 'default'
2025-04-14 23:24:27 [SpringApplicationShutdownHook] INFO  com.zaxxer.hikari.HikariDataSource - HikariPool-1 - Shutdown initiated...
2025-04-14 23:24:27 [SpringApplicationShutdownHook] INFO  com.zaxxer.hikari.HikariDataSource - HikariPool-1 - Shutdown completed.
2025-04-14 23:24:31 [main] INFO  backend.HotelBookingApplication - Starting HotelBookingApplication using Java 17.0.13 with PID 36478 (/Users/sukuna/Documents/coding/IBE/IBE-BE/KDU/target/classes started by sukuna in /Users/sukuna/Documents/coding/IBE/IBE-BE/KDU)
2025-04-14 23:24:31 [main] INFO  backend.HotelBookingApplication - The following 1 profile is active: "dev"
2025-04-14 23:24:32 [main] INFO  o.s.d.r.c.RepositoryConfigurationDelegate - Bootstrapping Spring Data JPA repositories in DEFAULT mode.
2025-04-14 23:24:32 [main] INFO  o.s.d.r.c.RepositoryConfigurationDelegate - Finished Spring Data repository scanning in 60 ms. Found 15 JPA repository interfaces.
2025-04-14 23:24:33 [main] INFO  o.s.b.w.e.tomcat.TomcatWebServer - Tomcat initialized with port 8081 (http)
2025-04-14 23:24:33 [main] INFO  o.a.coyote.http11.Http11NioProtocol - Initializing ProtocolHandler ["http-nio-8081"]
2025-04-14 23:24:33 [main] INFO  o.a.catalina.core.StandardService - Starting service [Tomcat]
2025-04-14 23:24:33 [main] INFO  o.a.catalina.core.StandardEngine - Starting Servlet engine: [Apache Tomcat/10.1.36]
2025-04-14 23:24:33 [main] INFO  o.a.c.c.C.[Tomcat].[localhost].[/] - Initializing Spring embedded WebApplicationContext
2025-04-14 23:24:33 [main] INFO  o.s.b.w.s.c.ServletWebServerApplicationContext - Root WebApplicationContext: initialization completed in 1921 ms
2025-04-14 23:24:33 [main] INFO  com.zaxxer.hikari.HikariDataSource - HikariPool-1 - Starting...
2025-04-14 23:24:34 [main] INFO  com.zaxxer.hikari.pool.HikariPool - HikariPool-1 - Added connection org.postgresql.jdbc.PgConnection@4e9ea32f
2025-04-14 23:24:34 [main] INFO  com.zaxxer.hikari.HikariDataSource - HikariPool-1 - Start completed.
2025-04-14 23:24:34 [main] INFO  o.s.o.j.p.SpringPersistenceUnitInfo - No LoadTimeWeaver setup: ignoring JPA class transformer
2025-04-14 23:24:34 [main] WARN  org.hibernate.orm.deprecation - HHH90000025: PostgreSQLDialect does not need to be specified explicitly using 'hibernate.dialect' (remove the property setting and it will be selected by default)
2025-04-14 23:24:36 [main] INFO  o.s.o.j.LocalContainerEntityManagerFactoryBean - Initialized JPA EntityManagerFactory for persistence unit 'default'
2025-04-14 23:24:36 [main] INFO  backend.config.CorsConfig - CORS Configuration Loaded!
2025-04-14 23:24:36 [main] DEBUG o.s.c.e.PropertySourcesPropertyResolver - Found key 'spring.security.oauth2.resourceserver.jwt.issuer-uri' in PropertySource 'environmentProperties' with value of type String
2025-04-14 23:24:37 [main] INFO  o.s.d.j.r.query.QueryEnhancerFactory - Hibernate is in classpath; If applicable, HQL parser will be used.
2025-04-14 23:24:37 [main] DEBUG o.s.c.e.PropertySourcesPropertyResolver - Found key 'graphql.endpoint' in PropertySource 'environmentProperties' with value of type String
2025-04-14 23:24:37 [main] DEBUG o.s.c.e.PropertySourcesPropertyResolver - Found key 'graphql.api-key' in PropertySource 'environmentProperties' with value of type String
2025-04-14 23:24:37 [main] DEBUG o.s.c.e.PropertySourcesPropertyResolver - Found key 'graphql.api.key' in PropertySource 'environmentProperties' with value of type String
2025-04-14 23:24:37 [main] DEBUG o.s.c.e.PropertySourcesPropertyResolver - Found key 'graphql.url' in PropertySource 'environmentProperties' with value of type String
2025-04-14 23:24:37 [main] DEBUG o.s.c.e.PropertySourcesPropertyResolver - Found key 'spring.mail.username' in PropertySource 'environmentProperties' with value of type String
2025-04-14 23:24:37 [main] DEBUG o.s.c.e.PropertySourcesPropertyResolver - Found key 'otp.expiry.minutes' in PropertySource 'environmentProperties' with value of type String
2025-04-14 23:24:37 [main] DEBUG o.s.c.e.PropertySourcesPropertyResolver - Found key 'otp.max.attempts' in PropertySource 'environmentProperties' with value of type String
2025-04-14 23:24:37 [main] DEBUG o.s.c.e.PropertySourcesPropertyResolver - Found key 'graphql.endpoint' in PropertySource 'environmentProperties' with value of type String
2025-04-14 23:24:37 [main] DEBUG o.s.c.e.PropertySourcesPropertyResolver - Found key 'graphql.api-key' in PropertySource 'environmentProperties' with value of type String
2025-04-14 23:24:37 [main] DEBUG o.s.c.e.PropertySourcesPropertyResolver - Found key 'graphql.api.key' in PropertySource 'environmentProperties' with value of type String
2025-04-14 23:24:37 [main] DEBUG o.s.c.e.PropertySourcesPropertyResolver - Found key 'graphql.url' in PropertySource 'environmentProperties' with value of type String
2025-04-14 23:24:37 [main] DEBUG o.s.c.e.PropertySourcesPropertyResolver - Found key 'graphql.endpoint' in PropertySource 'environmentProperties' with value of type String
2025-04-14 23:24:37 [main] DEBUG o.s.c.e.PropertySourcesPropertyResolver - Found key 'graphql.api-key' in PropertySource 'environmentProperties' with value of type String
2025-04-14 23:24:37 [main] DEBUG o.s.c.e.PropertySourcesPropertyResolver - Found key 'graphql.endpoint' in PropertySource 'environmentProperties' with value of type String
2025-04-14 23:24:37 [main] DEBUG o.s.c.e.PropertySourcesPropertyResolver - Found key 'graphql.apiKey' in PropertySource 'environmentProperties' with value of type String
2025-04-14 23:24:37 [main] DEBUG o.s.c.e.PropertySourcesPropertyResolver - Found key 'graphql.endpoint' in PropertySource 'environmentProperties' with value of type String
2025-04-14 23:24:37 [main] DEBUG o.s.c.e.PropertySourcesPropertyResolver - Found key 'graphql.apiKey' in PropertySource 'environmentProperties' with value of type String
2025-04-14 23:24:37 [main] DEBUG o.s.c.e.PropertySourcesPropertyResolver - Found key 'api.base.url' in PropertySource 'environmentProperties' with value of type String
2025-04-14 23:24:38 [main] WARN  o.s.b.a.o.j.JpaBaseConfiguration$JpaWebConfiguration - spring.jpa.open-in-view is enabled by default. Therefore, database queries may be performed during view rendering. Explicitly configure spring.jpa.open-in-view to disable this warning
2025-04-14 23:24:38 [main] INFO  backend.config.CorsConfig - Applying CORS settings...
2025-04-14 23:24:38 [main] DEBUG o.s.s.c.a.a.c.AuthenticationConfiguration$DefaultPasswordEncoderAuthenticationManagerBuilder - No authenticationProviders and no parentAuthenticationManager defined. Returning null.
2025-04-14 23:24:39 [main] INFO  o.s.b.a.e.web.EndpointLinksResolver - Exposing 2 endpoints beneath base path '/actuator'
2025-04-14 23:24:39 [main] INFO  backend.config.SecurityConfig - Configuring security filter chain...
2025-04-14 23:24:39 [main] INFO  backend.config.SecurityConfig - Using issuer URI: https://cognito-idp.ap-south-1.amazonaws.com/ap-south-1_IGHZ9OObg
2025-04-14 23:24:39 [main] INFO  backend.config.SecurityConfig - Configuring authorization rules...
2025-04-14 23:24:39 [main] INFO  backend.config.SecurityConfig - Configuring OAuth2 resource server...
2025-04-14 23:24:39 [main] INFO  backend.config.SecurityConfig - Configuring JWT...
2025-04-14 23:24:39 [main] INFO  backend.config.SecurityConfig - Creating JWT decoder with issuer URI: https://cognito-idp.ap-south-1.amazonaws.com/ap-south-1_IGHZ9OObg
2025-04-14 23:24:39 [main] INFO  backend.config.SecurityConfig - Configuring session management...
2025-04-14 23:24:39 [main] DEBUG o.s.s.web.DefaultSecurityFilterChain - Will secure any request with filters: DisableEncodeUrlFilter, WebAsyncManagerIntegrationFilter, SecurityContextHolderFilter, HeaderWriterFilter, CorsFilter, LogoutFilter, BearerTokenAuthenticationFilter, RequestCacheAwareFilter, SecurityContextHolderAwareRequestFilter, AnonymousAuthenticationFilter, SessionManagementFilter, ExceptionTranslationFilter, AuthorizationFilter
2025-04-14 23:24:40 [main] INFO  o.a.coyote.http11.Http11NioProtocol - Starting ProtocolHandler ["http-nio-8081"]
2025-04-14 23:24:40 [main] INFO  o.s.b.w.e.tomcat.TomcatWebServer - Tomcat started on port 8081 (http) with context path '/'
2025-04-14 23:24:40 [main] INFO  backend.HotelBookingApplication - Started HotelBookingApplication in 11.057 seconds (process running for 11.651)
2025-04-14 23:24:44 [http-nio-8081-exec-1] INFO  o.a.c.c.C.[Tomcat].[localhost].[/] - Initializing Spring DispatcherServlet 'dispatcherServlet'
2025-04-14 23:24:44 [http-nio-8081-exec-1] INFO  o.s.web.servlet.DispatcherServlet - Initializing Servlet 'dispatcherServlet'
2025-04-14 23:24:44 [http-nio-8081-exec-1] INFO  o.s.web.servlet.DispatcherServlet - Completed initialization in 3 ms
2025-04-14 23:24:44 [http-nio-8081-exec-1] DEBUG o.s.security.web.FilterChainProxy - Securing POST /api/house-cleaning/generate?date=2025-05-01
2025-04-14 23:24:44 [http-nio-8081-exec-1] DEBUG o.s.s.w.a.AnonymousAuthenticationFilter - Set SecurityContextHolder to anonymous SecurityContext
2025-04-14 23:24:44 [http-nio-8081-exec-1] DEBUG o.s.security.web.FilterChainProxy - Secured POST /api/house-cleaning/generate?date=2025-05-01
2025-04-14 23:24:44 [http-nio-8081-exec-1] INFO  b.s.impl.HouseCleaningServiceImpl - Generating cleaning schedules for date: 2025-05-01
2025-04-14 23:24:44 [http-nio-8081-exec-1] INFO  b.service.TenantConfigurationService - Fetching configurations for tenantId: 1
2025-04-14 23:24:44 [http-nio-8081-exec-1] INFO  b.service.TenantConfigurationService - Found 1 configurations for tenantId: 1
2025-04-14 23:24:44 [http-nio-8081-exec-1] INFO  b.s.impl.HouseCleaningServiceImpl - Using configured check-in time: 13:00
2025-04-14 23:24:44 [http-nio-8081-exec-1] INFO  b.service.TenantConfigurationService - Fetching configurations for tenantId: 1
2025-04-14 23:24:44 [http-nio-8081-exec-1] INFO  b.service.TenantConfigurationService - Found 1 configurations for tenantId: 1
2025-04-14 23:24:44 [http-nio-8081-exec-1] INFO  b.s.impl.HouseCleaningServiceImpl - Using configured check-out time: 11:00
2025-04-14 23:24:44 [http-nio-8081-exec-1] INFO  b.s.impl.HouseCleaningServiceImpl - Found 11 check-in bookings, 2 check-out bookings, and 13 current bookings for date 2025-05-01
2025-04-14 23:24:44 [http-nio-8081-exec-1] INFO  b.s.impl.BookedRoomsServiceImpl - Checking check-in rooms for date: 2025-05-01
2025-04-14 23:24:44 [http-nio-8081-exec-1] INFO  b.s.impl.BookedRoomsServiceImpl - Found 11 transactions with check-in date 2025-05-01
2025-04-14 23:24:44 [http-nio-8081-exec-1] INFO  b.s.impl.BookedRoomsServiceImpl - Booking IDs for check-in: [13, 12, 15, 14, 53, 55, 59, 60, 155, 318, 436]
2025-04-14 23:24:49 [http-nio-8081-exec-1] INFO  b.s.impl.BookedRoomsServiceImpl - Room IDs for bookings [13, 12, 15, 14, 53, 55, 59, 60, 155, 318, 436]: [421, 422, 426, 432, 433, 434, 438, 439, 450, 451, 452, 456, 457, 464, 468, 469, 470, 480]
2025-04-14 23:24:49 [http-nio-8081-exec-1] INFO  b.s.impl.BookedRoomsServiceImpl - Checking check-out rooms for date: 2025-05-01
2025-04-14 23:24:49 [http-nio-8081-exec-1] INFO  b.s.impl.BookedRoomsServiceImpl - Found 2 transactions with check-out date 2025-05-01
2025-04-14 23:24:49 [http-nio-8081-exec-1] INFO  b.s.impl.BookedRoomsServiceImpl - Booking IDs for check-out: [397, 33]
2025-04-14 23:24:50 [http-nio-8081-exec-1] INFO  b.s.impl.BookedRoomsServiceImpl - Room IDs for bookings [397, 33]: [427]
2025-04-14 23:24:50 [http-nio-8081-exec-1] INFO  b.s.impl.BookedRoomsServiceImpl - Checking currently booked rooms for date: 2025-05-01T00:00:00Z
2025-04-14 23:24:50 [http-nio-8081-exec-1] INFO  b.s.impl.BookedRoomsServiceImpl - Currently booked room IDs: [421, 422, 426, 427, 432, 433, 434, 438, 439, 450, 451, 452, 456, 457, 464, 468, 469, 470, 480]
2025-04-14 23:24:50 [http-nio-8081-exec-1] INFO  b.s.impl.HouseCleaningServiceImpl - Found 18 check-in rooms, 1 check-out rooms, and 19 current rooms for date 2025-05-01
2025-04-14 23:24:50 [http-nio-8081-exec-1] WARN  b.s.impl.HouseCleaningServiceImpl - Could not extract room ID from booking details for booking ID 13
2025-04-14 23:24:50 [http-nio-8081-exec-1] WARN  b.s.impl.HouseCleaningServiceImpl - Could not extract room ID from booking details for booking ID 12
2025-04-14 23:24:50 [http-nio-8081-exec-1] WARN  b.s.impl.HouseCleaningServiceImpl - Could not extract room ID from booking details for booking ID 15
2025-04-14 23:24:50 [http-nio-8081-exec-1] WARN  b.s.impl.HouseCleaningServiceImpl - Could not extract room ID from booking details for booking ID 14
2025-04-14 23:24:50 [http-nio-8081-exec-1] WARN  b.s.impl.HouseCleaningServiceImpl - Could not extract room ID from booking details for booking ID 53
2025-04-14 23:24:50 [http-nio-8081-exec-1] WARN  b.s.impl.HouseCleaningServiceImpl - Could not extract room ID from booking details for booking ID 55
2025-04-14 23:24:50 [http-nio-8081-exec-1] WARN  b.s.impl.HouseCleaningServiceImpl - Could not extract room ID from booking details for booking ID 59
2025-04-14 23:24:50 [http-nio-8081-exec-1] WARN  b.s.impl.HouseCleaningServiceImpl - Could not extract room ID from booking details for booking ID 60
2025-04-14 23:24:50 [http-nio-8081-exec-1] WARN  b.s.impl.HouseCleaningServiceImpl - Could not extract room ID from booking details for booking ID 155
2025-04-14 23:24:50 [http-nio-8081-exec-1] WARN  b.s.impl.HouseCleaningServiceImpl - Could not extract room ID from booking details for booking ID 318
2025-04-14 23:24:50 [http-nio-8081-exec-1] WARN  b.s.impl.HouseCleaningServiceImpl - Could not extract room ID from booking details for booking ID 436
2025-04-14 23:24:50 [http-nio-8081-exec-1] WARN  b.s.impl.HouseCleaningServiceImpl - Could not extract room ID from booking details for booking ID 397
2025-04-14 23:24:50 [http-nio-8081-exec-1] WARN  b.s.impl.HouseCleaningServiceImpl - Could not extract room ID from booking details for booking ID 33
2025-04-14 23:24:50 [http-nio-8081-exec-1] WARN  b.s.impl.HouseCleaningServiceImpl - Could not extract room ID from booking details for booking ID 13
2025-04-14 23:24:50 [http-nio-8081-exec-1] WARN  b.s.impl.HouseCleaningServiceImpl - Could not extract room ID from booking details for booking ID 12
2025-04-14 23:24:50 [http-nio-8081-exec-1] WARN  b.s.impl.HouseCleaningServiceImpl - Could not extract room ID from booking details for booking ID 15
2025-04-14 23:24:50 [http-nio-8081-exec-1] WARN  b.s.impl.HouseCleaningServiceImpl - Could not extract room ID from booking details for booking ID 14
2025-04-14 23:24:50 [http-nio-8081-exec-1] WARN  b.s.impl.HouseCleaningServiceImpl - Could not extract room ID from booking details for booking ID 53
2025-04-14 23:24:50 [http-nio-8081-exec-1] WARN  b.s.impl.HouseCleaningServiceImpl - Could not extract room ID from booking details for booking ID 55
2025-04-14 23:24:50 [http-nio-8081-exec-1] WARN  b.s.impl.HouseCleaningServiceImpl - Could not extract room ID from booking details for booking ID 59
2025-04-14 23:24:50 [http-nio-8081-exec-1] WARN  b.s.impl.HouseCleaningServiceImpl - Could not extract room ID from booking details for booking ID 60
2025-04-14 23:24:50 [http-nio-8081-exec-1] WARN  b.s.impl.HouseCleaningServiceImpl - Could not extract room ID from booking details for booking ID 155
2025-04-14 23:24:50 [http-nio-8081-exec-1] WARN  b.s.impl.HouseCleaningServiceImpl - Could not extract room ID from booking details for booking ID 318
2025-04-14 23:24:50 [http-nio-8081-exec-1] WARN  b.s.impl.HouseCleaningServiceImpl - Could not extract room ID from booking details for booking ID 397
2025-04-14 23:24:50 [http-nio-8081-exec-1] WARN  b.s.impl.HouseCleaningServiceImpl - Could not extract room ID from booking details for booking ID 33
2025-04-14 23:24:50 [http-nio-8081-exec-1] WARN  b.s.impl.HouseCleaningServiceImpl - Could not extract room ID from booking details for booking ID 436
2025-04-14 23:24:50 [http-nio-8081-exec-1] INFO  b.s.impl.HouseCleaningServiceImpl - Room to booking map: {}
2025-04-14 23:24:50 [http-nio-8081-exec-1] INFO  b.service.TenantConfigurationService - Fetching configurations for tenantId: 1
2025-04-14 23:24:50 [http-nio-8081-exec-1] INFO  b.service.TenantConfigurationService - Found 1 configurations for tenantId: 1
2025-04-14 23:24:50 [http-nio-8081-exec-1] INFO  b.s.impl.HouseCleaningServiceImpl - Using configured time interval: 30 minutes
2025-04-14 23:24:50 [http-nio-8081-exec-1] INFO  b.service.TenantConfigurationService - Fetching configurations for tenantId: 1
2025-04-14 23:24:50 [http-nio-8081-exec-1] INFO  b.service.TenantConfigurationService - Found 1 configurations for tenantId: 1
2025-04-14 23:24:50 [http-nio-8081-exec-1] INFO  b.s.impl.HouseCleaningServiceImpl - Using configured shift duration: 4 hours
2025-04-14 23:24:50 [http-nio-8081-exec-1] INFO  b.service.TenantConfigurationService - Fetching configurations for tenantId: 1
2025-04-14 23:24:50 [http-nio-8081-exec-1] INFO  b.service.TenantConfigurationService - Found 1 configurations for tenantId: 1
2025-04-14 23:24:50 [http-nio-8081-exec-1] INFO  b.s.impl.HouseCleaningServiceImpl - Configured morning shift start time: 07:00
2025-04-14 23:24:50 [http-nio-8081-exec-1] INFO  b.s.impl.HouseCleaningServiceImpl - Configured afternoon shift start time: 11:00
2025-04-14 23:24:50 [http-nio-8081-exec-1] INFO  b.s.impl.HouseCleaningServiceImpl - Configured evening shift start time: 15:00
2025-04-14 23:24:50 [http-nio-8081-exec-1] WARN  b.s.impl.HouseCleaningServiceImpl - No booking ID found for room ID 421
2025-04-14 23:24:50 [http-nio-8081-exec-1] INFO  b.service.TenantConfigurationService - Fetching configurations for tenantId: 1
2025-04-14 23:24:50 [http-nio-8081-exec-1] INFO  b.service.TenantConfigurationService - Found 1 configurations for tenantId: 1
2025-04-14 23:24:50 [http-nio-8081-exec-1] INFO  b.s.impl.HouseCleaningServiceImpl - Using configured time interval: 30 minutes
2025-04-14 23:24:50 [http-nio-8081-exec-1] INFO  b.service.TenantConfigurationService - Fetching configurations for tenantId: 1
2025-04-14 23:24:50 [http-nio-8081-exec-1] INFO  b.service.TenantConfigurationService - Found 1 configurations for tenantId: 1
2025-04-14 23:24:50 [http-nio-8081-exec-1] INFO  b.s.impl.HouseCleaningServiceImpl - Using configured shift duration: 4 hours
2025-04-14 23:24:50 [http-nio-8081-exec-1] INFO  b.service.TenantConfigurationService - Fetching configurations for tenantId: 1
2025-04-14 23:24:50 [http-nio-8081-exec-1] INFO  b.service.TenantConfigurationService - Found 1 configurations for tenantId: 1
2025-04-14 23:24:50 [http-nio-8081-exec-1] INFO  b.s.impl.HouseCleaningServiceImpl - Configured morning shift start time: 07:00
2025-04-14 23:24:50 [http-nio-8081-exec-1] INFO  b.s.impl.HouseCleaningServiceImpl - Configured afternoon shift start time: 11:00
2025-04-14 23:24:50 [http-nio-8081-exec-1] INFO  b.s.impl.HouseCleaningServiceImpl - Configured evening shift start time: 15:00
2025-04-14 23:24:50 [http-nio-8081-exec-1] WARN  b.s.impl.HouseCleaningServiceImpl - No booking ID found for room ID 422
2025-04-14 23:24:50 [http-nio-8081-exec-1] INFO  b.service.TenantConfigurationService - Fetching configurations for tenantId: 1
2025-04-14 23:24:50 [http-nio-8081-exec-1] INFO  b.service.TenantConfigurationService - Found 1 configurations for tenantId: 1
2025-04-14 23:24:50 [http-nio-8081-exec-1] INFO  b.s.impl.HouseCleaningServiceImpl - Using configured time interval: 30 minutes
2025-04-14 23:24:50 [http-nio-8081-exec-1] INFO  b.service.TenantConfigurationService - Fetching configurations for tenantId: 1
2025-04-14 23:24:50 [http-nio-8081-exec-1] INFO  b.service.TenantConfigurationService - Found 1 configurations for tenantId: 1
2025-04-14 23:24:50 [http-nio-8081-exec-1] INFO  b.s.impl.HouseCleaningServiceImpl - Using configured shift duration: 4 hours
2025-04-14 23:24:50 [http-nio-8081-exec-1] INFO  b.service.TenantConfigurationService - Fetching configurations for tenantId: 1
2025-04-14 23:24:50 [http-nio-8081-exec-1] INFO  b.service.TenantConfigurationService - Found 1 configurations for tenantId: 1
2025-04-14 23:24:50 [http-nio-8081-exec-1] INFO  b.s.impl.HouseCleaningServiceImpl - Configured morning shift start time: 07:00
2025-04-14 23:24:50 [http-nio-8081-exec-1] INFO  b.s.impl.HouseCleaningServiceImpl - Configured afternoon shift start time: 11:00
2025-04-14 23:24:50 [http-nio-8081-exec-1] INFO  b.s.impl.HouseCleaningServiceImpl - Configured evening shift start time: 15:00
2025-04-14 23:24:50 [http-nio-8081-exec-1] WARN  b.s.impl.HouseCleaningServiceImpl - No booking ID found for room ID 426
2025-04-14 23:24:50 [http-nio-8081-exec-1] INFO  b.service.TenantConfigurationService - Fetching configurations for tenantId: 1
2025-04-14 23:24:50 [http-nio-8081-exec-1] INFO  b.service.TenantConfigurationService - Found 1 configurations for tenantId: 1
2025-04-14 23:24:50 [http-nio-8081-exec-1] INFO  b.s.impl.HouseCleaningServiceImpl - Using configured time interval: 30 minutes
2025-04-14 23:24:50 [http-nio-8081-exec-1] INFO  b.service.TenantConfigurationService - Fetching configurations for tenantId: 1
2025-04-14 23:24:50 [http-nio-8081-exec-1] INFO  b.service.TenantConfigurationService - Found 1 configurations for tenantId: 1
2025-04-14 23:24:50 [http-nio-8081-exec-1] INFO  b.s.impl.HouseCleaningServiceImpl - Using configured shift duration: 4 hours
2025-04-14 23:24:50 [http-nio-8081-exec-1] INFO  b.service.TenantConfigurationService - Fetching configurations for tenantId: 1
2025-04-14 23:24:50 [http-nio-8081-exec-1] INFO  b.service.TenantConfigurationService - Found 1 configurations for tenantId: 1
2025-04-14 23:24:50 [http-nio-8081-exec-1] INFO  b.s.impl.HouseCleaningServiceImpl - Configured morning shift start time: 07:00
2025-04-14 23:24:50 [http-nio-8081-exec-1] INFO  b.s.impl.HouseCleaningServiceImpl - Configured afternoon shift start time: 11:00
2025-04-14 23:24:50 [http-nio-8081-exec-1] INFO  b.s.impl.HouseCleaningServiceImpl - Configured evening shift start time: 15:00
2025-04-14 23:24:50 [http-nio-8081-exec-1] WARN  b.s.impl.HouseCleaningServiceImpl - No booking ID found for room ID 432
2025-04-14 23:24:50 [http-nio-8081-exec-1] INFO  b.service.TenantConfigurationService - Fetching configurations for tenantId: 1
2025-04-14 23:24:50 [http-nio-8081-exec-1] INFO  b.service.TenantConfigurationService - Found 1 configurations for tenantId: 1
2025-04-14 23:24:50 [http-nio-8081-exec-1] INFO  b.s.impl.HouseCleaningServiceImpl - Using configured time interval: 30 minutes
2025-04-14 23:24:50 [http-nio-8081-exec-1] INFO  b.service.TenantConfigurationService - Fetching configurations for tenantId: 1
2025-04-14 23:24:50 [http-nio-8081-exec-1] INFO  b.service.TenantConfigurationService - Found 1 configurations for tenantId: 1
2025-04-14 23:24:50 [http-nio-8081-exec-1] INFO  b.s.impl.HouseCleaningServiceImpl - Using configured shift duration: 4 hours
2025-04-14 23:24:50 [http-nio-8081-exec-1] INFO  b.service.TenantConfigurationService - Fetching configurations for tenantId: 1
2025-04-14 23:24:50 [http-nio-8081-exec-1] INFO  b.service.TenantConfigurationService - Found 1 configurations for tenantId: 1
2025-04-14 23:24:50 [http-nio-8081-exec-1] INFO  b.s.impl.HouseCleaningServiceImpl - Configured morning shift start time: 07:00
2025-04-14 23:24:50 [http-nio-8081-exec-1] INFO  b.s.impl.HouseCleaningServiceImpl - Configured afternoon shift start time: 11:00
2025-04-14 23:24:50 [http-nio-8081-exec-1] INFO  b.s.impl.HouseCleaningServiceImpl - Configured evening shift start time: 15:00
2025-04-14 23:24:50 [http-nio-8081-exec-1] WARN  b.s.impl.HouseCleaningServiceImpl - No booking ID found for room ID 433
2025-04-14 23:24:50 [http-nio-8081-exec-1] INFO  b.service.TenantConfigurationService - Fetching configurations for tenantId: 1
2025-04-14 23:24:50 [http-nio-8081-exec-1] INFO  b.service.TenantConfigurationService - Found 1 configurations for tenantId: 1
2025-04-14 23:24:50 [http-nio-8081-exec-1] INFO  b.s.impl.HouseCleaningServiceImpl - Using configured time interval: 30 minutes
2025-04-14 23:24:50 [http-nio-8081-exec-1] INFO  b.service.TenantConfigurationService - Fetching configurations for tenantId: 1
2025-04-14 23:24:50 [http-nio-8081-exec-1] INFO  b.service.TenantConfigurationService - Found 1 configurations for tenantId: 1
2025-04-14 23:24:50 [http-nio-8081-exec-1] INFO  b.s.impl.HouseCleaningServiceImpl - Using configured shift duration: 4 hours
2025-04-14 23:24:50 [http-nio-8081-exec-1] INFO  b.service.TenantConfigurationService - Fetching configurations for tenantId: 1
2025-04-14 23:24:50 [http-nio-8081-exec-1] INFO  b.service.TenantConfigurationService - Found 1 configurations for tenantId: 1
2025-04-14 23:24:50 [http-nio-8081-exec-1] INFO  b.s.impl.HouseCleaningServiceImpl - Configured morning shift start time: 07:00
2025-04-14 23:24:50 [http-nio-8081-exec-1] INFO  b.s.impl.HouseCleaningServiceImpl - Configured afternoon shift start time: 11:00
2025-04-14 23:24:50 [http-nio-8081-exec-1] INFO  b.s.impl.HouseCleaningServiceImpl - Configured evening shift start time: 15:00
2025-04-14 23:24:50 [http-nio-8081-exec-1] WARN  b.s.impl.HouseCleaningServiceImpl - No booking ID found for room ID 434
2025-04-14 23:24:50 [http-nio-8081-exec-1] INFO  b.service.TenantConfigurationService - Fetching configurations for tenantId: 1
2025-04-14 23:24:50 [http-nio-8081-exec-1] INFO  b.service.TenantConfigurationService - Found 1 configurations for tenantId: 1
2025-04-14 23:24:50 [http-nio-8081-exec-1] INFO  b.s.impl.HouseCleaningServiceImpl - Using configured time interval: 30 minutes
2025-04-14 23:24:50 [http-nio-8081-exec-1] INFO  b.service.TenantConfigurationService - Fetching configurations for tenantId: 1
2025-04-14 23:24:51 [http-nio-8081-exec-1] INFO  b.service.TenantConfigurationService - Found 1 configurations for tenantId: 1
2025-04-14 23:24:51 [http-nio-8081-exec-1] INFO  b.s.impl.HouseCleaningServiceImpl - Using configured shift duration: 4 hours
2025-04-14 23:24:51 [http-nio-8081-exec-1] INFO  b.service.TenantConfigurationService - Fetching configurations for tenantId: 1
2025-04-14 23:24:51 [http-nio-8081-exec-1] INFO  b.service.TenantConfigurationService - Found 1 configurations for tenantId: 1
2025-04-14 23:24:51 [http-nio-8081-exec-1] INFO  b.s.impl.HouseCleaningServiceImpl - Configured morning shift start time: 07:00
2025-04-14 23:24:51 [http-nio-8081-exec-1] INFO  b.s.impl.HouseCleaningServiceImpl - Configured afternoon shift start time: 11:00
2025-04-14 23:24:51 [http-nio-8081-exec-1] INFO  b.s.impl.HouseCleaningServiceImpl - Configured evening shift start time: 15:00
2025-04-14 23:24:51 [http-nio-8081-exec-1] WARN  b.s.impl.HouseCleaningServiceImpl - No booking ID found for room ID 438
2025-04-14 23:24:51 [http-nio-8081-exec-1] INFO  b.service.TenantConfigurationService - Fetching configurations for tenantId: 1
2025-04-14 23:24:51 [http-nio-8081-exec-1] INFO  b.service.TenantConfigurationService - Found 1 configurations for tenantId: 1
2025-04-14 23:24:51 [http-nio-8081-exec-1] INFO  b.s.impl.HouseCleaningServiceImpl - Using configured time interval: 30 minutes
2025-04-14 23:24:51 [http-nio-8081-exec-1] INFO  b.service.TenantConfigurationService - Fetching configurations for tenantId: 1
2025-04-14 23:24:51 [http-nio-8081-exec-1] INFO  b.service.TenantConfigurationService - Found 1 configurations for tenantId: 1
2025-04-14 23:24:51 [http-nio-8081-exec-1] INFO  b.s.impl.HouseCleaningServiceImpl - Using configured shift duration: 4 hours
2025-04-14 23:24:51 [http-nio-8081-exec-1] INFO  b.service.TenantConfigurationService - Fetching configurations for tenantId: 1
2025-04-14 23:24:51 [http-nio-8081-exec-1] INFO  b.service.TenantConfigurationService - Found 1 configurations for tenantId: 1
2025-04-14 23:24:51 [http-nio-8081-exec-1] INFO  b.s.impl.HouseCleaningServiceImpl - Configured morning shift start time: 07:00
2025-04-14 23:24:51 [http-nio-8081-exec-1] INFO  b.s.impl.HouseCleaningServiceImpl - Configured afternoon shift start time: 11:00
2025-04-14 23:24:51 [http-nio-8081-exec-1] INFO  b.s.impl.HouseCleaningServiceImpl - Configured evening shift start time: 15:00
2025-04-14 23:24:51 [http-nio-8081-exec-1] WARN  b.s.impl.HouseCleaningServiceImpl - No booking ID found for room ID 439
2025-04-14 23:24:51 [http-nio-8081-exec-1] INFO  b.service.TenantConfigurationService - Fetching configurations for tenantId: 1
2025-04-14 23:24:51 [http-nio-8081-exec-1] INFO  b.service.TenantConfigurationService - Found 1 configurations for tenantId: 1
2025-04-14 23:24:51 [http-nio-8081-exec-1] INFO  b.s.impl.HouseCleaningServiceImpl - Using configured time interval: 30 minutes
2025-04-14 23:24:51 [http-nio-8081-exec-1] INFO  b.service.TenantConfigurationService - Fetching configurations for tenantId: 1
2025-04-14 23:24:51 [http-nio-8081-exec-1] INFO  b.service.TenantConfigurationService - Found 1 configurations for tenantId: 1
2025-04-14 23:24:51 [http-nio-8081-exec-1] INFO  b.s.impl.HouseCleaningServiceImpl - Using configured shift duration: 4 hours
2025-04-14 23:24:51 [http-nio-8081-exec-1] INFO  b.service.TenantConfigurationService - Fetching configurations for tenantId: 1
2025-04-14 23:24:51 [http-nio-8081-exec-1] INFO  b.service.TenantConfigurationService - Found 1 configurations for tenantId: 1
2025-04-14 23:24:51 [http-nio-8081-exec-1] INFO  b.s.impl.HouseCleaningServiceImpl - Configured morning shift start time: 07:00
2025-04-14 23:24:51 [http-nio-8081-exec-1] INFO  b.s.impl.HouseCleaningServiceImpl - Configured afternoon shift start time: 11:00
2025-04-14 23:24:51 [http-nio-8081-exec-1] INFO  b.s.impl.HouseCleaningServiceImpl - Configured evening shift start time: 15:00
2025-04-14 23:24:51 [http-nio-8081-exec-1] WARN  b.s.impl.HouseCleaningServiceImpl - No booking ID found for room ID 450
2025-04-14 23:24:51 [http-nio-8081-exec-1] INFO  b.service.TenantConfigurationService - Fetching configurations for tenantId: 1
2025-04-14 23:24:51 [http-nio-8081-exec-1] INFO  b.service.TenantConfigurationService - Found 1 configurations for tenantId: 1
2025-04-14 23:24:51 [http-nio-8081-exec-1] INFO  b.s.impl.HouseCleaningServiceImpl - Using configured time interval: 30 minutes
2025-04-14 23:24:51 [http-nio-8081-exec-1] INFO  b.service.TenantConfigurationService - Fetching configurations for tenantId: 1
2025-04-14 23:24:51 [http-nio-8081-exec-1] INFO  b.service.TenantConfigurationService - Found 1 configurations for tenantId: 1
2025-04-14 23:24:51 [http-nio-8081-exec-1] INFO  b.s.impl.HouseCleaningServiceImpl - Using configured shift duration: 4 hours
2025-04-14 23:24:51 [http-nio-8081-exec-1] INFO  b.service.TenantConfigurationService - Fetching configurations for tenantId: 1
2025-04-14 23:24:51 [http-nio-8081-exec-1] INFO  b.service.TenantConfigurationService - Found 1 configurations for tenantId: 1
2025-04-14 23:24:51 [http-nio-8081-exec-1] INFO  b.s.impl.HouseCleaningServiceImpl - Configured morning shift start time: 07:00
2025-04-14 23:24:51 [http-nio-8081-exec-1] INFO  b.s.impl.HouseCleaningServiceImpl - Configured afternoon shift start time: 11:00
2025-04-14 23:24:51 [http-nio-8081-exec-1] INFO  b.s.impl.HouseCleaningServiceImpl - Configured evening shift start time: 15:00
2025-04-14 23:24:51 [http-nio-8081-exec-1] WARN  b.s.impl.HouseCleaningServiceImpl - No booking ID found for room ID 451
2025-04-14 23:24:51 [http-nio-8081-exec-1] INFO  b.service.TenantConfigurationService - Fetching configurations for tenantId: 1
2025-04-14 23:24:51 [http-nio-8081-exec-1] INFO  b.service.TenantConfigurationService - Found 1 configurations for tenantId: 1
2025-04-14 23:24:51 [http-nio-8081-exec-1] INFO  b.s.impl.HouseCleaningServiceImpl - Using configured time interval: 30 minutes
2025-04-14 23:24:51 [http-nio-8081-exec-1] INFO  b.service.TenantConfigurationService - Fetching configurations for tenantId: 1
2025-04-14 23:24:51 [http-nio-8081-exec-1] INFO  b.service.TenantConfigurationService - Found 1 configurations for tenantId: 1
2025-04-14 23:24:51 [http-nio-8081-exec-1] INFO  b.s.impl.HouseCleaningServiceImpl - Using configured shift duration: 4 hours
2025-04-14 23:24:51 [http-nio-8081-exec-1] INFO  b.service.TenantConfigurationService - Fetching configurations for tenantId: 1
2025-04-14 23:24:51 [http-nio-8081-exec-1] INFO  b.service.TenantConfigurationService - Found 1 configurations for tenantId: 1
2025-04-14 23:24:51 [http-nio-8081-exec-1] INFO  b.s.impl.HouseCleaningServiceImpl - Configured morning shift start time: 07:00
2025-04-14 23:24:51 [http-nio-8081-exec-1] INFO  b.s.impl.HouseCleaningServiceImpl - Configured afternoon shift start time: 11:00
2025-04-14 23:24:51 [http-nio-8081-exec-1] INFO  b.s.impl.HouseCleaningServiceImpl - Configured evening shift start time: 15:00
2025-04-14 23:24:51 [http-nio-8081-exec-1] WARN  b.s.impl.HouseCleaningServiceImpl - No booking ID found for room ID 452
2025-04-14 23:24:51 [http-nio-8081-exec-1] INFO  b.service.TenantConfigurationService - Fetching configurations for tenantId: 1
2025-04-14 23:24:51 [http-nio-8081-exec-1] INFO  b.service.TenantConfigurationService - Found 1 configurations for tenantId: 1
2025-04-14 23:24:51 [http-nio-8081-exec-1] INFO  b.s.impl.HouseCleaningServiceImpl - Using configured time interval: 30 minutes
2025-04-14 23:24:51 [http-nio-8081-exec-1] INFO  b.service.TenantConfigurationService - Fetching configurations for tenantId: 1
2025-04-14 23:24:51 [http-nio-8081-exec-1] INFO  b.service.TenantConfigurationService - Found 1 configurations for tenantId: 1
2025-04-14 23:24:51 [http-nio-8081-exec-1] INFO  b.s.impl.HouseCleaningServiceImpl - Using configured shift duration: 4 hours
2025-04-14 23:24:51 [http-nio-8081-exec-1] INFO  b.service.TenantConfigurationService - Fetching configurations for tenantId: 1
2025-04-14 23:24:51 [http-nio-8081-exec-1] INFO  b.service.TenantConfigurationService - Found 1 configurations for tenantId: 1
2025-04-14 23:24:51 [http-nio-8081-exec-1] INFO  b.s.impl.HouseCleaningServiceImpl - Configured morning shift start time: 07:00
2025-04-14 23:24:51 [http-nio-8081-exec-1] INFO  b.s.impl.HouseCleaningServiceImpl - Configured afternoon shift start time: 11:00
2025-04-14 23:24:51 [http-nio-8081-exec-1] INFO  b.s.impl.HouseCleaningServiceImpl - Configured evening shift start time: 15:00
2025-04-14 23:24:51 [http-nio-8081-exec-1] WARN  b.s.impl.HouseCleaningServiceImpl - No booking ID found for room ID 456
2025-04-14 23:24:51 [http-nio-8081-exec-1] INFO  b.service.TenantConfigurationService - Fetching configurations for tenantId: 1
2025-04-14 23:24:51 [http-nio-8081-exec-1] INFO  b.service.TenantConfigurationService - Found 1 configurations for tenantId: 1
2025-04-14 23:24:51 [http-nio-8081-exec-1] INFO  b.s.impl.HouseCleaningServiceImpl - Using configured time interval: 30 minutes
2025-04-14 23:24:51 [http-nio-8081-exec-1] INFO  b.service.TenantConfigurationService - Fetching configurations for tenantId: 1
2025-04-14 23:24:51 [http-nio-8081-exec-1] INFO  b.service.TenantConfigurationService - Found 1 configurations for tenantId: 1
2025-04-14 23:24:51 [http-nio-8081-exec-1] INFO  b.s.impl.HouseCleaningServiceImpl - Using configured shift duration: 4 hours
2025-04-14 23:24:51 [http-nio-8081-exec-1] INFO  b.service.TenantConfigurationService - Fetching configurations for tenantId: 1
2025-04-14 23:24:51 [http-nio-8081-exec-1] INFO  b.service.TenantConfigurationService - Found 1 configurations for tenantId: 1
2025-04-14 23:24:51 [http-nio-8081-exec-1] INFO  b.s.impl.HouseCleaningServiceImpl - Configured morning shift start time: 07:00
2025-04-14 23:24:51 [http-nio-8081-exec-1] INFO  b.s.impl.HouseCleaningServiceImpl - Configured afternoon shift start time: 11:00
2025-04-14 23:24:51 [http-nio-8081-exec-1] INFO  b.s.impl.HouseCleaningServiceImpl - Configured evening shift start time: 15:00
2025-04-14 23:24:51 [http-nio-8081-exec-1] WARN  b.s.impl.HouseCleaningServiceImpl - No booking ID found for room ID 457
2025-04-14 23:24:51 [http-nio-8081-exec-1] INFO  b.service.TenantConfigurationService - Fetching configurations for tenantId: 1
2025-04-14 23:24:51 [http-nio-8081-exec-1] INFO  b.service.TenantConfigurationService - Found 1 configurations for tenantId: 1
2025-04-14 23:24:51 [http-nio-8081-exec-1] INFO  b.s.impl.HouseCleaningServiceImpl - Using configured time interval: 30 minutes
2025-04-14 23:24:51 [http-nio-8081-exec-1] INFO  b.service.TenantConfigurationService - Fetching configurations for tenantId: 1
2025-04-14 23:24:51 [http-nio-8081-exec-1] INFO  b.service.TenantConfigurationService - Found 1 configurations for tenantId: 1
2025-04-14 23:24:51 [http-nio-8081-exec-1] INFO  b.s.impl.HouseCleaningServiceImpl - Using configured shift duration: 4 hours
2025-04-14 23:24:51 [http-nio-8081-exec-1] INFO  b.service.TenantConfigurationService - Fetching configurations for tenantId: 1
2025-04-14 23:24:51 [http-nio-8081-exec-1] INFO  b.service.TenantConfigurationService - Found 1 configurations for tenantId: 1
2025-04-14 23:24:51 [http-nio-8081-exec-1] INFO  b.s.impl.HouseCleaningServiceImpl - Configured morning shift start time: 07:00
2025-04-14 23:24:51 [http-nio-8081-exec-1] INFO  b.s.impl.HouseCleaningServiceImpl - Configured afternoon shift start time: 11:00
2025-04-14 23:24:51 [http-nio-8081-exec-1] INFO  b.s.impl.HouseCleaningServiceImpl - Configured evening shift start time: 15:00
2025-04-14 23:24:51 [http-nio-8081-exec-1] WARN  b.s.impl.HouseCleaningServiceImpl - No booking ID found for room ID 464
2025-04-14 23:24:51 [http-nio-8081-exec-1] INFO  b.service.TenantConfigurationService - Fetching configurations for tenantId: 1
2025-04-14 23:24:51 [http-nio-8081-exec-1] INFO  b.service.TenantConfigurationService - Found 1 configurations for tenantId: 1
2025-04-14 23:24:51 [http-nio-8081-exec-1] INFO  b.s.impl.HouseCleaningServiceImpl - Using configured time interval: 30 minutes
2025-04-14 23:24:51 [http-nio-8081-exec-1] INFO  b.service.TenantConfigurationService - Fetching configurations for tenantId: 1
2025-04-14 23:24:51 [http-nio-8081-exec-1] INFO  b.service.TenantConfigurationService - Found 1 configurations for tenantId: 1
2025-04-14 23:24:51 [http-nio-8081-exec-1] INFO  b.s.impl.HouseCleaningServiceImpl - Using configured shift duration: 4 hours
2025-04-14 23:24:51 [http-nio-8081-exec-1] INFO  b.service.TenantConfigurationService - Fetching configurations for tenantId: 1
2025-04-14 23:24:51 [http-nio-8081-exec-1] INFO  b.service.TenantConfigurationService - Found 1 configurations for tenantId: 1
2025-04-14 23:24:51 [http-nio-8081-exec-1] INFO  b.s.impl.HouseCleaningServiceImpl - Configured morning shift start time: 07:00
2025-04-14 23:24:51 [http-nio-8081-exec-1] INFO  b.s.impl.HouseCleaningServiceImpl - Configured afternoon shift start time: 11:00
2025-04-14 23:24:51 [http-nio-8081-exec-1] INFO  b.s.impl.HouseCleaningServiceImpl - Configured evening shift start time: 15:00
2025-04-14 23:24:51 [http-nio-8081-exec-1] WARN  b.s.impl.HouseCleaningServiceImpl - No booking ID found for room ID 468
2025-04-14 23:24:51 [http-nio-8081-exec-1] INFO  b.service.TenantConfigurationService - Fetching configurations for tenantId: 1
2025-04-14 23:24:51 [http-nio-8081-exec-1] INFO  b.service.TenantConfigurationService - Found 1 configurations for tenantId: 1
2025-04-14 23:24:51 [http-nio-8081-exec-1] INFO  b.s.impl.HouseCleaningServiceImpl - Using configured time interval: 30 minutes
2025-04-14 23:24:51 [http-nio-8081-exec-1] INFO  b.service.TenantConfigurationService - Fetching configurations for tenantId: 1
2025-04-14 23:24:51 [http-nio-8081-exec-1] INFO  b.service.TenantConfigurationService - Found 1 configurations for tenantId: 1
2025-04-14 23:24:51 [http-nio-8081-exec-1] INFO  b.s.impl.HouseCleaningServiceImpl - Using configured shift duration: 4 hours
2025-04-14 23:24:51 [http-nio-8081-exec-1] INFO  b.service.TenantConfigurationService - Fetching configurations for tenantId: 1
2025-04-14 23:24:51 [http-nio-8081-exec-1] INFO  b.service.TenantConfigurationService - Found 1 configurations for tenantId: 1
2025-04-14 23:24:51 [http-nio-8081-exec-1] INFO  b.s.impl.HouseCleaningServiceImpl - Configured morning shift start time: 07:00
2025-04-14 23:24:51 [http-nio-8081-exec-1] INFO  b.s.impl.HouseCleaningServiceImpl - Configured afternoon shift start time: 11:00
2025-04-14 23:24:51 [http-nio-8081-exec-1] INFO  b.s.impl.HouseCleaningServiceImpl - Configured evening shift start time: 15:00
2025-04-14 23:24:51 [http-nio-8081-exec-1] WARN  b.s.impl.HouseCleaningServiceImpl - No booking ID found for room ID 469
2025-04-14 23:24:51 [http-nio-8081-exec-1] INFO  b.service.TenantConfigurationService - Fetching configurations for tenantId: 1
2025-04-14 23:24:51 [http-nio-8081-exec-1] INFO  b.service.TenantConfigurationService - Found 1 configurations for tenantId: 1
2025-04-14 23:24:51 [http-nio-8081-exec-1] INFO  b.s.impl.HouseCleaningServiceImpl - Using configured time interval: 30 minutes
2025-04-14 23:24:51 [http-nio-8081-exec-1] INFO  b.service.TenantConfigurationService - Fetching configurations for tenantId: 1
2025-04-14 23:24:51 [http-nio-8081-exec-1] INFO  b.service.TenantConfigurationService - Found 1 configurations for tenantId: 1
2025-04-14 23:24:51 [http-nio-8081-exec-1] INFO  b.s.impl.HouseCleaningServiceImpl - Using configured shift duration: 4 hours
2025-04-14 23:24:51 [http-nio-8081-exec-1] INFO  b.service.TenantConfigurationService - Fetching configurations for tenantId: 1
2025-04-14 23:24:52 [http-nio-8081-exec-1] INFO  b.service.TenantConfigurationService - Found 1 configurations for tenantId: 1
2025-04-14 23:24:52 [http-nio-8081-exec-1] INFO  b.s.impl.HouseCleaningServiceImpl - Configured morning shift start time: 07:00
2025-04-14 23:24:52 [http-nio-8081-exec-1] INFO  b.s.impl.HouseCleaningServiceImpl - Configured afternoon shift start time: 11:00
2025-04-14 23:24:52 [http-nio-8081-exec-1] INFO  b.s.impl.HouseCleaningServiceImpl - Configured evening shift start time: 15:00
2025-04-14 23:24:52 [http-nio-8081-exec-1] WARN  b.s.impl.HouseCleaningServiceImpl - No booking ID found for room ID 470
2025-04-14 23:24:52 [http-nio-8081-exec-1] INFO  b.service.TenantConfigurationService - Fetching configurations for tenantId: 1
2025-04-14 23:24:52 [http-nio-8081-exec-1] INFO  b.service.TenantConfigurationService - Found 1 configurations for tenantId: 1
2025-04-14 23:24:52 [http-nio-8081-exec-1] INFO  b.s.impl.HouseCleaningServiceImpl - Using configured time interval: 30 minutes
2025-04-14 23:24:52 [http-nio-8081-exec-1] INFO  b.service.TenantConfigurationService - Fetching configurations for tenantId: 1
2025-04-14 23:24:52 [http-nio-8081-exec-1] INFO  b.service.TenantConfigurationService - Found 1 configurations for tenantId: 1
2025-04-14 23:24:52 [http-nio-8081-exec-1] INFO  b.s.impl.HouseCleaningServiceImpl - Using configured shift duration: 4 hours
2025-04-14 23:24:52 [http-nio-8081-exec-1] INFO  b.service.TenantConfigurationService - Fetching configurations for tenantId: 1
2025-04-14 23:24:52 [http-nio-8081-exec-1] INFO  b.service.TenantConfigurationService - Found 1 configurations for tenantId: 1
2025-04-14 23:24:52 [http-nio-8081-exec-1] INFO  b.s.impl.HouseCleaningServiceImpl - Configured morning shift start time: 07:00
2025-04-14 23:24:52 [http-nio-8081-exec-1] INFO  b.s.impl.HouseCleaningServiceImpl - Configured afternoon shift start time: 11:00
2025-04-14 23:24:52 [http-nio-8081-exec-1] INFO  b.s.impl.HouseCleaningServiceImpl - Configured evening shift start time: 15:00
2025-04-14 23:24:52 [http-nio-8081-exec-1] WARN  b.s.impl.HouseCleaningServiceImpl - No booking ID found for room ID 480
2025-04-14 23:24:52 [http-nio-8081-exec-1] INFO  b.service.TenantConfigurationService - Fetching configurations for tenantId: 1
2025-04-14 23:24:52 [http-nio-8081-exec-1] INFO  b.service.TenantConfigurationService - Found 1 configurations for tenantId: 1
2025-04-14 23:24:52 [http-nio-8081-exec-1] INFO  b.s.impl.HouseCleaningServiceImpl - Using configured time interval: 30 minutes
2025-04-14 23:24:52 [http-nio-8081-exec-1] INFO  b.service.TenantConfigurationService - Fetching configurations for tenantId: 1
2025-04-14 23:24:52 [http-nio-8081-exec-1] INFO  b.service.TenantConfigurationService - Found 1 configurations for tenantId: 1
2025-04-14 23:24:52 [http-nio-8081-exec-1] INFO  b.s.impl.HouseCleaningServiceImpl - Using configured shift duration: 4 hours
2025-04-14 23:24:52 [http-nio-8081-exec-1] INFO  b.service.TenantConfigurationService - Fetching configurations for tenantId: 1
2025-04-14 23:24:52 [http-nio-8081-exec-1] INFO  b.service.TenantConfigurationService - Found 1 configurations for tenantId: 1
2025-04-14 23:24:52 [http-nio-8081-exec-1] INFO  b.s.impl.HouseCleaningServiceImpl - Configured morning shift start time: 07:00
2025-04-14 23:24:52 [http-nio-8081-exec-1] INFO  b.s.impl.HouseCleaningServiceImpl - Configured afternoon shift start time: 11:00
2025-04-14 23:24:52 [http-nio-8081-exec-1] INFO  b.s.impl.HouseCleaningServiceImpl - Configured evening shift start time: 15:00
2025-04-14 23:24:52 [http-nio-8081-exec-1] WARN  b.s.impl.HouseCleaningServiceImpl - No booking ID found for room ID 427
2025-04-14 23:25:06 [http-nio-8081-exec-3] DEBUG o.s.security.web.FilterChainProxy - Securing POST /api/house-cleaning/assign-staff?date=2025-05-01&shift=MORNING_SHIFT
2025-04-14 23:25:06 [http-nio-8081-exec-3] DEBUG o.s.s.w.a.AnonymousAuthenticationFilter - Set SecurityContextHolder to anonymous SecurityContext
2025-04-14 23:25:06 [http-nio-8081-exec-3] DEBUG o.s.security.web.FilterChainProxy - Secured POST /api/house-cleaning/assign-staff?date=2025-05-01&shift=MORNING_SHIFT
2025-04-14 23:25:06 [http-nio-8081-exec-3] INFO  b.s.impl.HouseCleaningServiceImpl - Assigning staff to schedules for date: 2025-05-01 and shift: MORNING_SHIFT
2025-04-14 23:25:06 [http-nio-8081-exec-3] INFO  b.service.TenantConfigurationService - Fetching configurations for tenantId: 1
2025-04-14 23:25:06 [http-nio-8081-exec-3] INFO  b.service.TenantConfigurationService - Found 1 configurations for tenantId: 1
2025-04-14 23:25:06 [http-nio-8081-exec-3] INFO  b.s.impl.HouseCleaningServiceImpl - Using configured shift duration: 4 hours
2025-04-14 23:25:06 [http-nio-8081-exec-3] INFO  b.service.TenantConfigurationService - Fetching configurations for tenantId: 1
2025-04-14 23:25:06 [http-nio-8081-exec-3] INFO  b.service.TenantConfigurationService - Found 1 configurations for tenantId: 1
2025-04-14 23:25:06 [http-nio-8081-exec-3] INFO  b.s.impl.HouseCleaningServiceImpl - Using configured daily cleaning duration: 30 minutes
2025-04-14 23:25:06 [http-nio-8081-exec-3] INFO  b.service.TenantConfigurationService - Fetching configurations for tenantId: 1
2025-04-14 23:25:06 [http-nio-8081-exec-3] INFO  b.service.TenantConfigurationService - Found 1 configurations for tenantId: 1
2025-04-14 23:25:06 [http-nio-8081-exec-3] INFO  b.s.impl.HouseCleaningServiceImpl - Using configured deep cleaning duration: 120 minutes
2025-04-14 23:25:07 [http-nio-8081-exec-3] WARN  b.s.impl.HouseCleaningServiceImpl - Staff shortage detected for shift MORNING_SHIFT. Required: 3, Available: 2. Attempting to redistribute staff from other shifts.
2025-04-14 23:25:07 [http-nio-8081-exec-3] INFO  b.s.impl.HouseCleaningServiceImpl - STAFF REDISTRIBUTION: Analyzing all shifts to find staff for MORNING_SHIFT
2025-04-14 23:25:07 [http-nio-8081-exec-3] INFO  b.service.TenantConfigurationService - Fetching configurations for tenantId: 1
2025-04-14 23:25:07 [http-nio-8081-exec-3] INFO  b.service.TenantConfigurationService - Found 1 configurations for tenantId: 1
2025-04-14 23:25:07 [http-nio-8081-exec-3] INFO  b.s.impl.HouseCleaningServiceImpl - Using configured daily cleaning duration: 30 minutes
2025-04-14 23:25:07 [http-nio-8081-exec-3] INFO  b.service.TenantConfigurationService - Fetching configurations for tenantId: 1
2025-04-14 23:25:07 [http-nio-8081-exec-3] INFO  b.service.TenantConfigurationService - Found 1 configurations for tenantId: 1
2025-04-14 23:25:07 [http-nio-8081-exec-3] INFO  b.s.impl.HouseCleaningServiceImpl - Using configured shift duration: 4 hours
2025-04-14 23:25:07 [http-nio-8081-exec-3] INFO  b.s.impl.HouseCleaningServiceImpl - Need to move 1 staff to shift MORNING_SHIFT
2025-04-14 23:25:07 [http-nio-8081-exec-3] INFO  b.s.impl.HouseCleaningServiceImpl - STAFF ANALYSIS - Shift AFTERNOON_SHIFT: 1 rooms, 1 staff available, 1 staff required, 0 excess staff
2025-04-14 23:25:07 [http-nio-8081-exec-3] INFO  b.s.impl.HouseCleaningServiceImpl - STAFF ANALYSIS - Shift EVENING_SHIFT: 0 rooms, 0 staff available, 0 staff required, 0 excess staff
2025-04-14 23:25:07 [http-nio-8081-exec-3] WARN  b.s.impl.HouseCleaningServiceImpl - Only moved 0 of 1 required staff to shift MORNING_SHIFT. Staff shortage may still exist.
2025-04-14 23:25:07 [http-nio-8081-exec-3] INFO  b.s.impl.HouseCleaningServiceImpl - After redistribution: 2 staff available for shift MORNING_SHIFT
2025-04-14 23:25:07 [http-nio-8081-exec-3] INFO  b.service.TenantConfigurationService - Fetching configurations for tenantId: 1
2025-04-14 23:25:07 [http-nio-8081-exec-3] INFO  b.service.TenantConfigurationService - Found 1 configurations for tenantId: 1
2025-04-14 23:25:07 [http-nio-8081-exec-3] INFO  b.s.impl.HouseCleaningServiceImpl - Configured morning shift start time: 07:00
2025-04-14 23:25:07 [http-nio-8081-exec-3] INFO  b.s.impl.HouseCleaningServiceImpl - Configured afternoon shift start time: 11:00
2025-04-14 23:25:07 [http-nio-8081-exec-3] INFO  b.s.impl.HouseCleaningServiceImpl - Configured evening shift start time: 15:00
2025-04-14 23:25:07 [http-nio-8081-exec-3] INFO  b.service.TenantConfigurationService - Fetching configurations for tenantId: 1
2025-04-14 23:25:07 [http-nio-8081-exec-3] INFO  b.service.TenantConfigurationService - Found 1 configurations for tenantId: 1
2025-04-14 23:25:07 [http-nio-8081-exec-3] INFO  b.s.impl.HouseCleaningServiceImpl - Configured morning shift start time: 07:00
2025-04-14 23:25:07 [http-nio-8081-exec-3] INFO  b.s.impl.HouseCleaningServiceImpl - Configured afternoon shift start time: 11:00
2025-04-14 23:25:07 [http-nio-8081-exec-3] INFO  b.s.impl.HouseCleaningServiceImpl - Configured evening shift start time: 15:00
2025-04-14 23:25:07 [http-nio-8081-exec-3] INFO  b.service.TenantConfigurationService - Fetching configurations for tenantId: 1
2025-04-14 23:25:07 [http-nio-8081-exec-3] INFO  b.service.TenantConfigurationService - Found 1 configurations for tenantId: 1
2025-04-14 23:25:07 [http-nio-8081-exec-3] INFO  b.s.impl.HouseCleaningServiceImpl - Using configured shift duration: 4 hours
2025-04-14 23:25:07 [http-nio-8081-exec-3] INFO  b.s.impl.HouseCleaningServiceImpl - Shift time: 07:00 to 11:00
2025-04-14 23:25:07 [http-nio-8081-exec-3] WARN  b.s.impl.HouseCleaningServiceImpl - STAFF SHORTAGE: 3 staff needed for 18 rooms in shift MORNING_SHIFT. Only 2 staff available. Need 1 more staff.
2025-04-14 23:25:07 [http-nio-8081-exec-3] INFO  b.s.impl.HouseCleaningServiceImpl - Assigned staff 6 to room 421 for cleaning from 07:00 to 07:30, staff utilization=12.5%
2025-04-14 23:25:07 [http-nio-8081-exec-3] INFO  b.s.impl.HouseCleaningServiceImpl - Assigned staff 9 to room 422 for cleaning from 07:00 to 07:30, staff utilization=12.5%
2025-04-14 23:25:07 [http-nio-8081-exec-3] INFO  b.s.impl.HouseCleaningServiceImpl - Assigned staff 6 to room 426 for cleaning from 07:30 to 08:00, staff utilization=25.0%
2025-04-14 23:25:07 [http-nio-8081-exec-3] INFO  b.s.impl.HouseCleaningServiceImpl - Assigned staff 9 to room 432 for cleaning from 07:30 to 08:00, staff utilization=25.0%
2025-04-14 23:25:07 [http-nio-8081-exec-3] INFO  b.s.impl.HouseCleaningServiceImpl - Assigned staff 6 to room 433 for cleaning from 08:00 to 08:30, staff utilization=37.5%
2025-04-14 23:25:07 [http-nio-8081-exec-3] INFO  b.s.impl.HouseCleaningServiceImpl - Assigned staff 9 to room 434 for cleaning from 08:00 to 08:30, staff utilization=37.5%
2025-04-14 23:25:07 [http-nio-8081-exec-3] INFO  b.s.impl.HouseCleaningServiceImpl - Assigned staff 6 to room 438 for cleaning from 08:30 to 09:00, staff utilization=50.0%
2025-04-14 23:25:07 [http-nio-8081-exec-3] INFO  b.s.impl.HouseCleaningServiceImpl - Assigned staff 9 to room 439 for cleaning from 08:30 to 09:00, staff utilization=50.0%
2025-04-14 23:25:07 [http-nio-8081-exec-3] INFO  b.s.impl.HouseCleaningServiceImpl - Assigned staff 6 to room 450 for cleaning from 09:00 to 09:30, staff utilization=62.5%
2025-04-14 23:25:07 [http-nio-8081-exec-3] INFO  b.s.impl.HouseCleaningServiceImpl - Assigned staff 9 to room 451 for cleaning from 09:00 to 09:30, staff utilization=62.5%
2025-04-14 23:25:07 [http-nio-8081-exec-3] INFO  b.s.impl.HouseCleaningServiceImpl - Assigned staff 6 to room 452 for cleaning from 09:30 to 10:00, staff utilization=75.0%
2025-04-14 23:25:07 [http-nio-8081-exec-3] INFO  b.s.impl.HouseCleaningServiceImpl - Assigned staff 9 to room 456 for cleaning from 09:30 to 10:00, staff utilization=75.0%
2025-04-14 23:25:07 [http-nio-8081-exec-3] INFO  b.s.impl.HouseCleaningServiceImpl - Assigned staff 6 to room 457 for cleaning from 10:00 to 10:30, staff utilization=87.5%
2025-04-14 23:25:07 [http-nio-8081-exec-3] INFO  b.s.impl.HouseCleaningServiceImpl - Assigned staff 9 to room 464 for cleaning from 10:00 to 10:30, staff utilization=87.5%
2025-04-14 23:25:07 [http-nio-8081-exec-3] INFO  b.s.impl.HouseCleaningServiceImpl - Assigned staff 6 to room 468 for cleaning from 10:30 to 11:00, staff utilization=100.0%
2025-04-14 23:25:07 [http-nio-8081-exec-3] INFO  b.s.impl.HouseCleaningServiceImpl - Assigned staff 9 to room 469 for cleaning from 10:30 to 11:00, staff utilization=100.0%
2025-04-14 23:25:07 [http-nio-8081-exec-3] WARN  b.s.impl.HouseCleaningServiceImpl - Last resort assignment: Staff 6 to room 470 at shift start time
2025-04-14 23:25:07 [http-nio-8081-exec-3] WARN  b.s.impl.HouseCleaningServiceImpl - Last resort assignment: Staff 9 to room 480 at shift start time
2025-04-14 23:25:07 [http-nio-8081-exec-3] INFO  b.s.impl.HouseCleaningServiceImpl - Staff 6 has 9 rooms assigned (utilization: 112.5%)
2025-04-14 23:25:07 [http-nio-8081-exec-3] INFO  b.s.impl.HouseCleaningServiceImpl -   - Room 421 at 07:00
2025-04-14 23:25:07 [http-nio-8081-exec-3] INFO  b.s.impl.HouseCleaningServiceImpl -   - Room 470 at 07:00
2025-04-14 23:25:07 [http-nio-8081-exec-3] INFO  b.s.impl.HouseCleaningServiceImpl -   - Room 426 at 07:30
2025-04-14 23:25:07 [http-nio-8081-exec-3] INFO  b.s.impl.HouseCleaningServiceImpl -   - Room 433 at 08:00
2025-04-14 23:25:07 [http-nio-8081-exec-3] INFO  b.s.impl.HouseCleaningServiceImpl -   - Room 438 at 08:30
2025-04-14 23:25:07 [http-nio-8081-exec-3] INFO  b.s.impl.HouseCleaningServiceImpl -   - Room 450 at 09:00
2025-04-14 23:25:07 [http-nio-8081-exec-3] INFO  b.s.impl.HouseCleaningServiceImpl -   - Room 452 at 09:30
2025-04-14 23:25:07 [http-nio-8081-exec-3] INFO  b.s.impl.HouseCleaningServiceImpl -   - Room 457 at 10:00
2025-04-14 23:25:07 [http-nio-8081-exec-3] INFO  b.s.impl.HouseCleaningServiceImpl -   - Room 468 at 10:30
2025-04-14 23:25:07 [http-nio-8081-exec-3] INFO  b.s.impl.HouseCleaningServiceImpl -   - Staff 6 is working from 07:00 to 11:00 (utilization: 112.5%)
2025-04-14 23:25:07 [http-nio-8081-exec-3] INFO  b.s.impl.HouseCleaningServiceImpl - Staff 9 has 9 rooms assigned (utilization: 112.5%)
2025-04-14 23:25:07 [http-nio-8081-exec-3] INFO  b.s.impl.HouseCleaningServiceImpl -   - Room 422 at 07:00
2025-04-14 23:25:07 [http-nio-8081-exec-3] INFO  b.s.impl.HouseCleaningServiceImpl -   - Room 480 at 07:00
2025-04-14 23:25:07 [http-nio-8081-exec-3] INFO  b.s.impl.HouseCleaningServiceImpl -   - Room 432 at 07:30
2025-04-14 23:25:07 [http-nio-8081-exec-3] INFO  b.s.impl.HouseCleaningServiceImpl -   - Room 434 at 08:00
2025-04-14 23:25:07 [http-nio-8081-exec-3] INFO  b.s.impl.HouseCleaningServiceImpl -   - Room 439 at 08:30
2025-04-14 23:25:07 [http-nio-8081-exec-3] INFO  b.s.impl.HouseCleaningServiceImpl -   - Room 451 at 09:00
2025-04-14 23:25:07 [http-nio-8081-exec-3] INFO  b.s.impl.HouseCleaningServiceImpl -   - Room 456 at 09:30
2025-04-14 23:25:07 [http-nio-8081-exec-3] INFO  b.s.impl.HouseCleaningServiceImpl -   - Room 464 at 10:00
2025-04-14 23:25:07 [http-nio-8081-exec-3] INFO  b.s.impl.HouseCleaningServiceImpl -   - Room 469 at 10:30
2025-04-14 23:25:07 [http-nio-8081-exec-3] INFO  b.s.impl.HouseCleaningServiceImpl -   - Staff 9 is working from 07:00 to 11:00 (utilization: 112.5%)
2025-04-14 23:25:07 [http-nio-8081-exec-3] INFO  b.s.impl.HouseCleaningServiceImpl - Saved schedule for room 421: staffId=6, scheduledTime=07:00
2025-04-14 23:25:07 [http-nio-8081-exec-3] INFO  b.s.impl.HouseCleaningServiceImpl - Saved schedule for room 422: staffId=9, scheduledTime=07:00
2025-04-14 23:25:07 [http-nio-8081-exec-3] INFO  b.s.impl.HouseCleaningServiceImpl - Saved schedule for room 426: staffId=6, scheduledTime=07:30
2025-04-14 23:25:07 [http-nio-8081-exec-3] INFO  b.s.impl.HouseCleaningServiceImpl - Saved schedule for room 432: staffId=9, scheduledTime=07:30
2025-04-14 23:25:07 [http-nio-8081-exec-3] INFO  b.s.impl.HouseCleaningServiceImpl - Saved schedule for room 433: staffId=6, scheduledTime=08:00
2025-04-14 23:25:07 [http-nio-8081-exec-3] INFO  b.s.impl.HouseCleaningServiceImpl - Saved schedule for room 434: staffId=9, scheduledTime=08:00
2025-04-14 23:25:07 [http-nio-8081-exec-3] INFO  b.s.impl.HouseCleaningServiceImpl - Saved schedule for room 438: staffId=6, scheduledTime=08:30
2025-04-14 23:25:07 [http-nio-8081-exec-3] INFO  b.s.impl.HouseCleaningServiceImpl - Saved schedule for room 439: staffId=9, scheduledTime=08:30
2025-04-14 23:25:07 [http-nio-8081-exec-3] INFO  b.s.impl.HouseCleaningServiceImpl - Saved schedule for room 450: staffId=6, scheduledTime=09:00
2025-04-14 23:25:07 [http-nio-8081-exec-3] INFO  b.s.impl.HouseCleaningServiceImpl - Saved schedule for room 451: staffId=9, scheduledTime=09:00
2025-04-14 23:25:07 [http-nio-8081-exec-3] INFO  b.s.impl.HouseCleaningServiceImpl - Saved schedule for room 452: staffId=6, scheduledTime=09:30
2025-04-14 23:25:07 [http-nio-8081-exec-3] INFO  b.s.impl.HouseCleaningServiceImpl - Saved schedule for room 456: staffId=9, scheduledTime=09:30
2025-04-14 23:25:07 [http-nio-8081-exec-3] INFO  b.s.impl.HouseCleaningServiceImpl - Saved schedule for room 457: staffId=6, scheduledTime=10:00
2025-04-14 23:25:07 [http-nio-8081-exec-3] INFO  b.s.impl.HouseCleaningServiceImpl - Saved schedule for room 464: staffId=9, scheduledTime=10:00
2025-04-14 23:25:07 [http-nio-8081-exec-3] INFO  b.s.impl.HouseCleaningServiceImpl - Saved schedule for room 468: staffId=6, scheduledTime=10:30
2025-04-14 23:25:07 [http-nio-8081-exec-3] INFO  b.s.impl.HouseCleaningServiceImpl - Saved schedule for room 469: staffId=9, scheduledTime=10:30
2025-04-14 23:25:07 [http-nio-8081-exec-3] INFO  b.s.impl.HouseCleaningServiceImpl - Saved schedule for room 470: staffId=6, scheduledTime=07:00
2025-04-14 23:25:07 [http-nio-8081-exec-3] INFO  b.s.impl.HouseCleaningServiceImpl - Saved schedule for room 480: staffId=9, scheduledTime=07:00
2025-04-14 23:35:44 [SpringApplicationShutdownHook] INFO  o.s.b.w.e.tomcat.GracefulShutdown - Commencing graceful shutdown. Waiting for active requests to complete
2025-04-14 23:35:45 [tomcat-shutdown] INFO  o.s.b.w.e.tomcat.GracefulShutdown - Graceful shutdown complete
2025-04-14 23:35:45 [SpringApplicationShutdownHook] INFO  o.s.o.j.LocalContainerEntityManagerFactoryBean - Closing JPA EntityManagerFactory for persistence unit 'default'
2025-04-14 23:35:45 [SpringApplicationShutdownHook] INFO  com.zaxxer.hikari.HikariDataSource - HikariPool-1 - Shutdown initiated...
2025-04-14 23:35:45 [SpringApplicationShutdownHook] INFO  com.zaxxer.hikari.HikariDataSource - HikariPool-1 - Shutdown completed.
2025-04-14 23:35:57 [main] INFO  backend.HotelBookingApplication - Starting HotelBookingApplication using Java 17.0.13 with PID 37812 (/Users/sukuna/Documents/coding/IBE/IBE-BE/KDU/target/classes started by sukuna in /Users/sukuna/Documents/coding/IBE/IBE-BE/KDU)
2025-04-14 23:35:57 [main] INFO  backend.HotelBookingApplication - The following 1 profile is active: "dev"
2025-04-14 23:35:58 [main] INFO  o.s.d.r.c.RepositoryConfigurationDelegate - Bootstrapping Spring Data JPA repositories in DEFAULT mode.
2025-04-14 23:35:58 [main] INFO  o.s.d.r.c.RepositoryConfigurationDelegate - Finished Spring Data repository scanning in 61 ms. Found 15 JPA repository interfaces.
2025-04-14 23:35:59 [main] INFO  o.s.b.w.e.tomcat.TomcatWebServer - Tomcat initialized with port 8081 (http)
2025-04-14 23:35:59 [main] INFO  o.a.coyote.http11.Http11NioProtocol - Initializing ProtocolHandler ["http-nio-8081"]
2025-04-14 23:35:59 [main] INFO  o.a.catalina.core.StandardService - Starting service [Tomcat]
2025-04-14 23:35:59 [main] INFO  o.a.catalina.core.StandardEngine - Starting Servlet engine: [Apache Tomcat/10.1.36]
2025-04-14 23:35:59 [main] INFO  o.a.c.c.C.[Tomcat].[localhost].[/] - Initializing Spring embedded WebApplicationContext
2025-04-14 23:35:59 [main] INFO  o.s.b.w.s.c.ServletWebServerApplicationContext - Root WebApplicationContext: initialization completed in 1795 ms
2025-04-14 23:36:00 [main] INFO  com.zaxxer.hikari.HikariDataSource - HikariPool-1 - Starting...
2025-04-14 23:36:01 [main] INFO  com.zaxxer.hikari.pool.HikariPool - HikariPool-1 - Added connection org.postgresql.jdbc.PgConnection@7296fe0b
2025-04-14 23:36:01 [main] INFO  com.zaxxer.hikari.HikariDataSource - HikariPool-1 - Start completed.
2025-04-14 23:36:01 [main] INFO  o.s.o.j.p.SpringPersistenceUnitInfo - No LoadTimeWeaver setup: ignoring JPA class transformer
2025-04-14 23:36:01 [main] WARN  org.hibernate.orm.deprecation - HHH90000025: PostgreSQLDialect does not need to be specified explicitly using 'hibernate.dialect' (remove the property setting and it will be selected by default)
2025-04-14 23:36:03 [main] INFO  o.s.o.j.LocalContainerEntityManagerFactoryBean - Initialized JPA EntityManagerFactory for persistence unit 'default'
2025-04-14 23:36:03 [main] INFO  backend.config.CorsConfig - CORS Configuration Loaded!
2025-04-14 23:36:03 [main] DEBUG o.s.c.e.PropertySourcesPropertyResolver - Found key 'spring.security.oauth2.resourceserver.jwt.issuer-uri' in PropertySource 'environmentProperties' with value of type String
2025-04-14 23:36:04 [main] INFO  o.s.d.j.r.query.QueryEnhancerFactory - Hibernate is in classpath; If applicable, HQL parser will be used.
2025-04-14 23:36:04 [main] DEBUG o.s.c.e.PropertySourcesPropertyResolver - Found key 'graphql.endpoint' in PropertySource 'environmentProperties' with value of type String
2025-04-14 23:36:04 [main] DEBUG o.s.c.e.PropertySourcesPropertyResolver - Found key 'graphql.api-key' in PropertySource 'environmentProperties' with value of type String
2025-04-14 23:36:04 [main] DEBUG o.s.c.e.PropertySourcesPropertyResolver - Found key 'graphql.api.key' in PropertySource 'environmentProperties' with value of type String
2025-04-14 23:36:04 [main] DEBUG o.s.c.e.PropertySourcesPropertyResolver - Found key 'graphql.url' in PropertySource 'environmentProperties' with value of type String
2025-04-14 23:36:05 [main] DEBUG o.s.c.e.PropertySourcesPropertyResolver - Found key 'spring.mail.username' in PropertySource 'environmentProperties' with value of type String
2025-04-14 23:36:05 [main] DEBUG o.s.c.e.PropertySourcesPropertyResolver - Found key 'otp.expiry.minutes' in PropertySource 'environmentProperties' with value of type String
2025-04-14 23:36:05 [main] DEBUG o.s.c.e.PropertySourcesPropertyResolver - Found key 'otp.max.attempts' in PropertySource 'environmentProperties' with value of type String
2025-04-14 23:36:05 [main] DEBUG o.s.c.e.PropertySourcesPropertyResolver - Found key 'graphql.endpoint' in PropertySource 'environmentProperties' with value of type String
2025-04-14 23:36:05 [main] DEBUG o.s.c.e.PropertySourcesPropertyResolver - Found key 'graphql.api-key' in PropertySource 'environmentProperties' with value of type String
2025-04-14 23:36:05 [main] DEBUG o.s.c.e.PropertySourcesPropertyResolver - Found key 'graphql.api.key' in PropertySource 'environmentProperties' with value of type String
2025-04-14 23:36:05 [main] DEBUG o.s.c.e.PropertySourcesPropertyResolver - Found key 'graphql.url' in PropertySource 'environmentProperties' with value of type String
2025-04-14 23:36:05 [main] DEBUG o.s.c.e.PropertySourcesPropertyResolver - Found key 'graphql.endpoint' in PropertySource 'environmentProperties' with value of type String
2025-04-14 23:36:05 [main] DEBUG o.s.c.e.PropertySourcesPropertyResolver - Found key 'graphql.api-key' in PropertySource 'environmentProperties' with value of type String
2025-04-14 23:36:05 [main] DEBUG o.s.c.e.PropertySourcesPropertyResolver - Found key 'graphql.endpoint' in PropertySource 'environmentProperties' with value of type String
2025-04-14 23:36:05 [main] DEBUG o.s.c.e.PropertySourcesPropertyResolver - Found key 'graphql.apiKey' in PropertySource 'environmentProperties' with value of type String
2025-04-14 23:36:05 [main] DEBUG o.s.c.e.PropertySourcesPropertyResolver - Found key 'graphql.endpoint' in PropertySource 'environmentProperties' with value of type String
2025-04-14 23:36:05 [main] DEBUG o.s.c.e.PropertySourcesPropertyResolver - Found key 'graphql.apiKey' in PropertySource 'environmentProperties' with value of type String
2025-04-14 23:36:05 [main] DEBUG o.s.c.e.PropertySourcesPropertyResolver - Found key 'api.base.url' in PropertySource 'environmentProperties' with value of type String
2025-04-14 23:36:05 [main] WARN  o.s.b.a.o.j.JpaBaseConfiguration$JpaWebConfiguration - spring.jpa.open-in-view is enabled by default. Therefore, database queries may be performed during view rendering. Explicitly configure spring.jpa.open-in-view to disable this warning
2025-04-14 23:36:05 [main] INFO  backend.config.CorsConfig - Applying CORS settings...
2025-04-14 23:36:05 [main] DEBUG o.s.s.c.a.a.c.AuthenticationConfiguration$DefaultPasswordEncoderAuthenticationManagerBuilder - No authenticationProviders and no parentAuthenticationManager defined. Returning null.
2025-04-14 23:36:06 [main] INFO  o.s.b.a.e.web.EndpointLinksResolver - Exposing 2 endpoints beneath base path '/actuator'
2025-04-14 23:36:06 [main] INFO  backend.config.SecurityConfig - Configuring security filter chain...
2025-04-14 23:36:06 [main] INFO  backend.config.SecurityConfig - Using issuer URI: https://cognito-idp.ap-south-1.amazonaws.com/ap-south-1_IGHZ9OObg
2025-04-14 23:36:06 [main] INFO  backend.config.SecurityConfig - Configuring authorization rules...
2025-04-14 23:36:06 [main] INFO  backend.config.SecurityConfig - Configuring OAuth2 resource server...
2025-04-14 23:36:06 [main] INFO  backend.config.SecurityConfig - Configuring JWT...
2025-04-14 23:36:06 [main] INFO  backend.config.SecurityConfig - Creating JWT decoder with issuer URI: https://cognito-idp.ap-south-1.amazonaws.com/ap-south-1_IGHZ9OObg
2025-04-14 23:36:06 [main] INFO  backend.config.SecurityConfig - Configuring session management...
2025-04-14 23:36:06 [main] DEBUG o.s.s.web.DefaultSecurityFilterChain - Will secure any request with filters: DisableEncodeUrlFilter, WebAsyncManagerIntegrationFilter, SecurityContextHolderFilter, HeaderWriterFilter, CorsFilter, LogoutFilter, BearerTokenAuthenticationFilter, RequestCacheAwareFilter, SecurityContextHolderAwareRequestFilter, AnonymousAuthenticationFilter, SessionManagementFilter, ExceptionTranslationFilter, AuthorizationFilter
2025-04-14 23:36:07 [main] INFO  o.a.coyote.http11.Http11NioProtocol - Starting ProtocolHandler ["http-nio-8081"]
2025-04-14 23:36:07 [main] INFO  o.s.b.w.e.tomcat.TomcatWebServer - Tomcat started on port 8081 (http) with context path '/'
2025-04-14 23:36:07 [main] INFO  backend.HotelBookingApplication - Started HotelBookingApplication in 10.552 seconds (process running for 11.01)
2025-04-14 23:36:20 [http-nio-8081-exec-1] INFO  o.a.c.c.C.[Tomcat].[localhost].[/] - Initializing Spring DispatcherServlet 'dispatcherServlet'
2025-04-14 23:36:20 [http-nio-8081-exec-1] INFO  o.s.web.servlet.DispatcherServlet - Initializing Servlet 'dispatcherServlet'
2025-04-14 23:36:20 [http-nio-8081-exec-1] INFO  o.s.web.servlet.DispatcherServlet - Completed initialization in 5 ms
2025-04-14 23:36:20 [http-nio-8081-exec-1] DEBUG o.s.security.web.FilterChainProxy - Securing POST /api/house-cleaning/generate?date=2025-05-01
2025-04-14 23:36:20 [http-nio-8081-exec-1] DEBUG o.s.s.w.a.AnonymousAuthenticationFilter - Set SecurityContextHolder to anonymous SecurityContext
2025-04-14 23:36:20 [http-nio-8081-exec-1] DEBUG o.s.security.web.FilterChainProxy - Secured POST /api/house-cleaning/generate?date=2025-05-01
2025-04-14 23:36:20 [http-nio-8081-exec-1] INFO  b.s.impl.HouseCleaningServiceImpl - Generating cleaning schedules for date: 2025-05-01
2025-04-14 23:36:20 [http-nio-8081-exec-1] INFO  b.service.TenantConfigurationService - Fetching configurations for tenantId: 1
2025-04-14 23:36:21 [http-nio-8081-exec-1] INFO  b.service.TenantConfigurationService - Found 1 configurations for tenantId: 1
2025-04-14 23:36:21 [http-nio-8081-exec-1] INFO  b.s.impl.HouseCleaningServiceImpl - Using configured check-in time: 13:00
2025-04-14 23:36:21 [http-nio-8081-exec-1] INFO  b.service.TenantConfigurationService - Fetching configurations for tenantId: 1
2025-04-14 23:36:21 [http-nio-8081-exec-1] INFO  b.service.TenantConfigurationService - Found 1 configurations for tenantId: 1
2025-04-14 23:36:21 [http-nio-8081-exec-1] INFO  b.s.impl.HouseCleaningServiceImpl - Using configured check-out time: 11:00
2025-04-14 23:36:21 [http-nio-8081-exec-1] INFO  b.s.impl.HouseCleaningServiceImpl - Found 11 check-in bookings, 2 check-out bookings, and 13 current bookings for date 2025-05-01
2025-04-14 23:36:21 [http-nio-8081-exec-1] INFO  b.s.impl.BookedRoomsServiceImpl - Checking check-in rooms for date: 2025-05-01
2025-04-14 23:36:21 [http-nio-8081-exec-1] INFO  b.s.impl.BookedRoomsServiceImpl - Found 11 transactions with check-in date 2025-05-01
2025-04-14 23:36:21 [http-nio-8081-exec-1] INFO  b.s.impl.BookedRoomsServiceImpl - Booking IDs for check-in: [13, 12, 15, 14, 53, 55, 59, 60, 155, 318, 436]
2025-04-14 23:36:26 [http-nio-8081-exec-1] INFO  b.s.impl.BookedRoomsServiceImpl - Room IDs for bookings [13, 12, 15, 14, 53, 55, 59, 60, 155, 318, 436]: [421, 422, 426, 432, 433, 434, 438, 439, 450, 451, 452, 456, 457, 464, 468, 469, 470, 480]
2025-04-14 23:36:26 [http-nio-8081-exec-1] INFO  b.s.impl.BookedRoomsServiceImpl - Checking check-out rooms for date: 2025-05-01
2025-04-14 23:36:26 [http-nio-8081-exec-1] INFO  b.s.impl.BookedRoomsServiceImpl - Found 2 transactions with check-out date 2025-05-01
2025-04-14 23:36:26 [http-nio-8081-exec-1] INFO  b.s.impl.BookedRoomsServiceImpl - Booking IDs for check-out: [397, 33]
2025-04-14 23:36:26 [http-nio-8081-exec-1] INFO  b.s.impl.BookedRoomsServiceImpl - Room IDs for bookings [397, 33]: [427]
2025-04-14 23:36:26 [http-nio-8081-exec-1] INFO  b.s.impl.BookedRoomsServiceImpl - Checking currently booked rooms for date: 2025-05-01T00:00:00Z
2025-04-14 23:36:27 [http-nio-8081-exec-1] INFO  b.s.impl.BookedRoomsServiceImpl - Currently booked room IDs: [421, 422, 426, 427, 432, 433, 434, 438, 439, 450, 451, 452, 456, 457, 464, 468, 469, 470, 480]
2025-04-14 23:36:27 [http-nio-8081-exec-1] INFO  b.s.impl.HouseCleaningServiceImpl - Found 18 check-in rooms, 1 check-out rooms, and 19 current rooms for date 2025-05-01
2025-04-14 23:36:27 [http-nio-8081-exec-1] WARN  b.s.impl.HouseCleaningServiceImpl - Could not extract room ID from booking details for booking ID 13
2025-04-14 23:36:27 [http-nio-8081-exec-1] WARN  b.s.impl.HouseCleaningServiceImpl - Could not extract room ID from booking details for booking ID 12
2025-04-14 23:36:27 [http-nio-8081-exec-1] WARN  b.s.impl.HouseCleaningServiceImpl - Could not extract room ID from booking details for booking ID 15
2025-04-14 23:36:27 [http-nio-8081-exec-1] WARN  b.s.impl.HouseCleaningServiceImpl - Could not extract room ID from booking details for booking ID 14
2025-04-14 23:36:27 [http-nio-8081-exec-1] WARN  b.s.impl.HouseCleaningServiceImpl - Could not extract room ID from booking details for booking ID 53
2025-04-14 23:36:27 [http-nio-8081-exec-1] WARN  b.s.impl.HouseCleaningServiceImpl - Could not extract room ID from booking details for booking ID 55
2025-04-14 23:36:27 [http-nio-8081-exec-1] WARN  b.s.impl.HouseCleaningServiceImpl - Could not extract room ID from booking details for booking ID 59
2025-04-14 23:36:27 [http-nio-8081-exec-1] WARN  b.s.impl.HouseCleaningServiceImpl - Could not extract room ID from booking details for booking ID 60
2025-04-14 23:36:27 [http-nio-8081-exec-1] WARN  b.s.impl.HouseCleaningServiceImpl - Could not extract room ID from booking details for booking ID 155
2025-04-14 23:36:27 [http-nio-8081-exec-1] WARN  b.s.impl.HouseCleaningServiceImpl - Could not extract room ID from booking details for booking ID 318
2025-04-14 23:36:27 [http-nio-8081-exec-1] WARN  b.s.impl.HouseCleaningServiceImpl - Could not extract room ID from booking details for booking ID 436
2025-04-14 23:36:27 [http-nio-8081-exec-1] WARN  b.s.impl.HouseCleaningServiceImpl - Could not extract room ID from booking details for booking ID 397
2025-04-14 23:36:27 [http-nio-8081-exec-1] WARN  b.s.impl.HouseCleaningServiceImpl - Could not extract room ID from booking details for booking ID 33
2025-04-14 23:36:27 [http-nio-8081-exec-1] WARN  b.s.impl.HouseCleaningServiceImpl - Could not extract room ID from booking details for booking ID 13
2025-04-14 23:36:27 [http-nio-8081-exec-1] WARN  b.s.impl.HouseCleaningServiceImpl - Could not extract room ID from booking details for booking ID 12
2025-04-14 23:36:27 [http-nio-8081-exec-1] WARN  b.s.impl.HouseCleaningServiceImpl - Could not extract room ID from booking details for booking ID 15
2025-04-14 23:36:27 [http-nio-8081-exec-1] WARN  b.s.impl.HouseCleaningServiceImpl - Could not extract room ID from booking details for booking ID 14
2025-04-14 23:36:27 [http-nio-8081-exec-1] WARN  b.s.impl.HouseCleaningServiceImpl - Could not extract room ID from booking details for booking ID 53
2025-04-14 23:36:27 [http-nio-8081-exec-1] WARN  b.s.impl.HouseCleaningServiceImpl - Could not extract room ID from booking details for booking ID 55
2025-04-14 23:36:27 [http-nio-8081-exec-1] WARN  b.s.impl.HouseCleaningServiceImpl - Could not extract room ID from booking details for booking ID 59
2025-04-14 23:36:27 [http-nio-8081-exec-1] WARN  b.s.impl.HouseCleaningServiceImpl - Could not extract room ID from booking details for booking ID 60
2025-04-14 23:36:27 [http-nio-8081-exec-1] WARN  b.s.impl.HouseCleaningServiceImpl - Could not extract room ID from booking details for booking ID 155
2025-04-14 23:36:27 [http-nio-8081-exec-1] WARN  b.s.impl.HouseCleaningServiceImpl - Could not extract room ID from booking details for booking ID 318
2025-04-14 23:36:27 [http-nio-8081-exec-1] WARN  b.s.impl.HouseCleaningServiceImpl - Could not extract room ID from booking details for booking ID 397
2025-04-14 23:36:27 [http-nio-8081-exec-1] WARN  b.s.impl.HouseCleaningServiceImpl - Could not extract room ID from booking details for booking ID 33
2025-04-14 23:36:27 [http-nio-8081-exec-1] WARN  b.s.impl.HouseCleaningServiceImpl - Could not extract room ID from booking details for booking ID 436
2025-04-14 23:36:27 [http-nio-8081-exec-1] INFO  b.s.impl.HouseCleaningServiceImpl - Room to booking map: {}
2025-04-14 23:36:27 [http-nio-8081-exec-1] INFO  b.service.TenantConfigurationService - Fetching configurations for tenantId: 1
2025-04-14 23:36:27 [http-nio-8081-exec-1] INFO  b.service.TenantConfigurationService - Found 1 configurations for tenantId: 1
2025-04-14 23:36:27 [http-nio-8081-exec-1] INFO  b.s.impl.HouseCleaningServiceImpl - Using configured time interval: 30 minutes
2025-04-14 23:36:27 [http-nio-8081-exec-1] INFO  b.service.TenantConfigurationService - Fetching configurations for tenantId: 1
2025-04-14 23:36:27 [http-nio-8081-exec-1] INFO  b.service.TenantConfigurationService - Found 1 configurations for tenantId: 1
2025-04-14 23:36:27 [http-nio-8081-exec-1] INFO  b.s.impl.HouseCleaningServiceImpl - Using configured shift duration: 4 hours
2025-04-14 23:36:27 [http-nio-8081-exec-1] INFO  b.service.TenantConfigurationService - Fetching configurations for tenantId: 1
2025-04-14 23:36:27 [http-nio-8081-exec-1] INFO  b.service.TenantConfigurationService - Found 1 configurations for tenantId: 1
2025-04-14 23:36:27 [http-nio-8081-exec-1] INFO  b.s.impl.HouseCleaningServiceImpl - Configured morning shift start time: 07:00
2025-04-14 23:36:27 [http-nio-8081-exec-1] INFO  b.s.impl.HouseCleaningServiceImpl - Configured afternoon shift start time: 11:00
2025-04-14 23:36:27 [http-nio-8081-exec-1] INFO  b.s.impl.HouseCleaningServiceImpl - Configured evening shift start time: 15:00
2025-04-14 23:36:27 [http-nio-8081-exec-1] WARN  b.s.impl.HouseCleaningServiceImpl - No booking ID found for room ID 421
2025-04-14 23:36:27 [http-nio-8081-exec-1] INFO  b.service.TenantConfigurationService - Fetching configurations for tenantId: 1
2025-04-14 23:36:27 [http-nio-8081-exec-1] INFO  b.service.TenantConfigurationService - Found 1 configurations for tenantId: 1
2025-04-14 23:36:27 [http-nio-8081-exec-1] INFO  b.s.impl.HouseCleaningServiceImpl - Using configured time interval: 30 minutes
2025-04-14 23:36:27 [http-nio-8081-exec-1] INFO  b.service.TenantConfigurationService - Fetching configurations for tenantId: 1
2025-04-14 23:36:27 [http-nio-8081-exec-1] INFO  b.service.TenantConfigurationService - Found 1 configurations for tenantId: 1
2025-04-14 23:36:27 [http-nio-8081-exec-1] INFO  b.s.impl.HouseCleaningServiceImpl - Using configured shift duration: 4 hours
2025-04-14 23:36:27 [http-nio-8081-exec-1] INFO  b.service.TenantConfigurationService - Fetching configurations for tenantId: 1
2025-04-14 23:36:27 [http-nio-8081-exec-1] INFO  b.service.TenantConfigurationService - Found 1 configurations for tenantId: 1
2025-04-14 23:36:27 [http-nio-8081-exec-1] INFO  b.s.impl.HouseCleaningServiceImpl - Configured morning shift start time: 07:00
2025-04-14 23:36:27 [http-nio-8081-exec-1] INFO  b.s.impl.HouseCleaningServiceImpl - Configured afternoon shift start time: 11:00
2025-04-14 23:36:27 [http-nio-8081-exec-1] INFO  b.s.impl.HouseCleaningServiceImpl - Configured evening shift start time: 15:00
2025-04-14 23:36:27 [http-nio-8081-exec-1] WARN  b.s.impl.HouseCleaningServiceImpl - No booking ID found for room ID 422
2025-04-14 23:36:27 [http-nio-8081-exec-1] INFO  b.service.TenantConfigurationService - Fetching configurations for tenantId: 1
2025-04-14 23:36:27 [http-nio-8081-exec-1] INFO  b.service.TenantConfigurationService - Found 1 configurations for tenantId: 1
2025-04-14 23:36:27 [http-nio-8081-exec-1] INFO  b.s.impl.HouseCleaningServiceImpl - Using configured time interval: 30 minutes
2025-04-14 23:36:27 [http-nio-8081-exec-1] INFO  b.service.TenantConfigurationService - Fetching configurations for tenantId: 1
2025-04-14 23:36:27 [http-nio-8081-exec-1] INFO  b.service.TenantConfigurationService - Found 1 configurations for tenantId: 1
2025-04-14 23:36:27 [http-nio-8081-exec-1] INFO  b.s.impl.HouseCleaningServiceImpl - Using configured shift duration: 4 hours
2025-04-14 23:36:27 [http-nio-8081-exec-1] INFO  b.service.TenantConfigurationService - Fetching configurations for tenantId: 1
2025-04-14 23:36:27 [http-nio-8081-exec-1] INFO  b.service.TenantConfigurationService - Found 1 configurations for tenantId: 1
2025-04-14 23:36:27 [http-nio-8081-exec-1] INFO  b.s.impl.HouseCleaningServiceImpl - Configured morning shift start time: 07:00
2025-04-14 23:36:27 [http-nio-8081-exec-1] INFO  b.s.impl.HouseCleaningServiceImpl - Configured afternoon shift start time: 11:00
2025-04-14 23:36:27 [http-nio-8081-exec-1] INFO  b.s.impl.HouseCleaningServiceImpl - Configured evening shift start time: 15:00
2025-04-14 23:36:27 [http-nio-8081-exec-1] WARN  b.s.impl.HouseCleaningServiceImpl - No booking ID found for room ID 426
2025-04-14 23:36:27 [http-nio-8081-exec-1] INFO  b.service.TenantConfigurationService - Fetching configurations for tenantId: 1
2025-04-14 23:36:27 [http-nio-8081-exec-1] INFO  b.service.TenantConfigurationService - Found 1 configurations for tenantId: 1
2025-04-14 23:36:27 [http-nio-8081-exec-1] INFO  b.s.impl.HouseCleaningServiceImpl - Using configured time interval: 30 minutes
2025-04-14 23:36:27 [http-nio-8081-exec-1] INFO  b.service.TenantConfigurationService - Fetching configurations for tenantId: 1
2025-04-14 23:36:27 [http-nio-8081-exec-1] INFO  b.service.TenantConfigurationService - Found 1 configurations for tenantId: 1
2025-04-14 23:36:27 [http-nio-8081-exec-1] INFO  b.s.impl.HouseCleaningServiceImpl - Using configured shift duration: 4 hours
2025-04-14 23:36:27 [http-nio-8081-exec-1] INFO  b.service.TenantConfigurationService - Fetching configurations for tenantId: 1
2025-04-14 23:36:27 [http-nio-8081-exec-1] INFO  b.service.TenantConfigurationService - Found 1 configurations for tenantId: 1
2025-04-14 23:36:27 [http-nio-8081-exec-1] INFO  b.s.impl.HouseCleaningServiceImpl - Configured morning shift start time: 07:00
2025-04-14 23:36:27 [http-nio-8081-exec-1] INFO  b.s.impl.HouseCleaningServiceImpl - Configured afternoon shift start time: 11:00
2025-04-14 23:36:27 [http-nio-8081-exec-1] INFO  b.s.impl.HouseCleaningServiceImpl - Configured evening shift start time: 15:00
2025-04-14 23:36:27 [http-nio-8081-exec-1] WARN  b.s.impl.HouseCleaningServiceImpl - No booking ID found for room ID 432
2025-04-14 23:36:27 [http-nio-8081-exec-1] INFO  b.service.TenantConfigurationService - Fetching configurations for tenantId: 1
2025-04-14 23:36:27 [http-nio-8081-exec-1] INFO  b.service.TenantConfigurationService - Found 1 configurations for tenantId: 1
2025-04-14 23:36:27 [http-nio-8081-exec-1] INFO  b.s.impl.HouseCleaningServiceImpl - Using configured time interval: 30 minutes
2025-04-14 23:36:27 [http-nio-8081-exec-1] INFO  b.service.TenantConfigurationService - Fetching configurations for tenantId: 1
2025-04-14 23:36:27 [http-nio-8081-exec-1] INFO  b.service.TenantConfigurationService - Found 1 configurations for tenantId: 1
2025-04-14 23:36:27 [http-nio-8081-exec-1] INFO  b.s.impl.HouseCleaningServiceImpl - Using configured shift duration: 4 hours
2025-04-14 23:36:27 [http-nio-8081-exec-1] INFO  b.service.TenantConfigurationService - Fetching configurations for tenantId: 1
2025-04-14 23:36:27 [http-nio-8081-exec-1] INFO  b.service.TenantConfigurationService - Found 1 configurations for tenantId: 1
2025-04-14 23:36:27 [http-nio-8081-exec-1] INFO  b.s.impl.HouseCleaningServiceImpl - Configured morning shift start time: 07:00
2025-04-14 23:36:27 [http-nio-8081-exec-1] INFO  b.s.impl.HouseCleaningServiceImpl - Configured afternoon shift start time: 11:00
2025-04-14 23:36:27 [http-nio-8081-exec-1] INFO  b.s.impl.HouseCleaningServiceImpl - Configured evening shift start time: 15:00
2025-04-14 23:36:27 [http-nio-8081-exec-1] WARN  b.s.impl.HouseCleaningServiceImpl - No booking ID found for room ID 433
2025-04-14 23:36:27 [http-nio-8081-exec-1] INFO  b.service.TenantConfigurationService - Fetching configurations for tenantId: 1
2025-04-14 23:36:27 [http-nio-8081-exec-1] INFO  b.service.TenantConfigurationService - Found 1 configurations for tenantId: 1
2025-04-14 23:36:27 [http-nio-8081-exec-1] INFO  b.s.impl.HouseCleaningServiceImpl - Using configured time interval: 30 minutes
2025-04-14 23:36:27 [http-nio-8081-exec-1] INFO  b.service.TenantConfigurationService - Fetching configurations for tenantId: 1
2025-04-14 23:36:27 [http-nio-8081-exec-1] INFO  b.service.TenantConfigurationService - Found 1 configurations for tenantId: 1
2025-04-14 23:36:27 [http-nio-8081-exec-1] INFO  b.s.impl.HouseCleaningServiceImpl - Using configured shift duration: 4 hours
2025-04-14 23:36:27 [http-nio-8081-exec-1] INFO  b.service.TenantConfigurationService - Fetching configurations for tenantId: 1
2025-04-14 23:36:27 [http-nio-8081-exec-1] INFO  b.service.TenantConfigurationService - Found 1 configurations for tenantId: 1
2025-04-14 23:36:27 [http-nio-8081-exec-1] INFO  b.s.impl.HouseCleaningServiceImpl - Configured morning shift start time: 07:00
2025-04-14 23:36:27 [http-nio-8081-exec-1] INFO  b.s.impl.HouseCleaningServiceImpl - Configured afternoon shift start time: 11:00
2025-04-14 23:36:27 [http-nio-8081-exec-1] INFO  b.s.impl.HouseCleaningServiceImpl - Configured evening shift start time: 15:00
2025-04-14 23:36:27 [http-nio-8081-exec-1] WARN  b.s.impl.HouseCleaningServiceImpl - No booking ID found for room ID 434
2025-04-14 23:36:27 [http-nio-8081-exec-1] INFO  b.service.TenantConfigurationService - Fetching configurations for tenantId: 1
2025-04-14 23:36:27 [http-nio-8081-exec-1] INFO  b.service.TenantConfigurationService - Found 1 configurations for tenantId: 1
2025-04-14 23:36:27 [http-nio-8081-exec-1] INFO  b.s.impl.HouseCleaningServiceImpl - Using configured time interval: 30 minutes
2025-04-14 23:36:27 [http-nio-8081-exec-1] INFO  b.service.TenantConfigurationService - Fetching configurations for tenantId: 1
2025-04-14 23:36:28 [http-nio-8081-exec-1] INFO  b.service.TenantConfigurationService - Found 1 configurations for tenantId: 1
2025-04-14 23:36:28 [http-nio-8081-exec-1] INFO  b.s.impl.HouseCleaningServiceImpl - Using configured shift duration: 4 hours
2025-04-14 23:36:28 [http-nio-8081-exec-1] INFO  b.service.TenantConfigurationService - Fetching configurations for tenantId: 1
2025-04-14 23:36:28 [http-nio-8081-exec-1] INFO  b.service.TenantConfigurationService - Found 1 configurations for tenantId: 1
2025-04-14 23:36:28 [http-nio-8081-exec-1] INFO  b.s.impl.HouseCleaningServiceImpl - Configured morning shift start time: 07:00
2025-04-14 23:36:28 [http-nio-8081-exec-1] INFO  b.s.impl.HouseCleaningServiceImpl - Configured afternoon shift start time: 11:00
2025-04-14 23:36:28 [http-nio-8081-exec-1] INFO  b.s.impl.HouseCleaningServiceImpl - Configured evening shift start time: 15:00
2025-04-14 23:36:28 [http-nio-8081-exec-1] WARN  b.s.impl.HouseCleaningServiceImpl - No booking ID found for room ID 438
2025-04-14 23:36:28 [http-nio-8081-exec-1] INFO  b.service.TenantConfigurationService - Fetching configurations for tenantId: 1
2025-04-14 23:36:28 [http-nio-8081-exec-1] INFO  b.service.TenantConfigurationService - Found 1 configurations for tenantId: 1
2025-04-14 23:36:28 [http-nio-8081-exec-1] INFO  b.s.impl.HouseCleaningServiceImpl - Using configured time interval: 30 minutes
2025-04-14 23:36:28 [http-nio-8081-exec-1] INFO  b.service.TenantConfigurationService - Fetching configurations for tenantId: 1
2025-04-14 23:36:28 [http-nio-8081-exec-1] INFO  b.service.TenantConfigurationService - Found 1 configurations for tenantId: 1
2025-04-14 23:36:28 [http-nio-8081-exec-1] INFO  b.s.impl.HouseCleaningServiceImpl - Using configured shift duration: 4 hours
2025-04-14 23:36:28 [http-nio-8081-exec-1] INFO  b.service.TenantConfigurationService - Fetching configurations for tenantId: 1
2025-04-14 23:36:28 [http-nio-8081-exec-1] INFO  b.service.TenantConfigurationService - Found 1 configurations for tenantId: 1
2025-04-14 23:36:28 [http-nio-8081-exec-1] INFO  b.s.impl.HouseCleaningServiceImpl - Configured morning shift start time: 07:00
2025-04-14 23:36:28 [http-nio-8081-exec-1] INFO  b.s.impl.HouseCleaningServiceImpl - Configured afternoon shift start time: 11:00
2025-04-14 23:36:28 [http-nio-8081-exec-1] INFO  b.s.impl.HouseCleaningServiceImpl - Configured evening shift start time: 15:00
2025-04-14 23:36:28 [http-nio-8081-exec-1] WARN  b.s.impl.HouseCleaningServiceImpl - No booking ID found for room ID 439
2025-04-14 23:36:28 [http-nio-8081-exec-1] INFO  b.service.TenantConfigurationService - Fetching configurations for tenantId: 1
2025-04-14 23:36:28 [http-nio-8081-exec-1] INFO  b.service.TenantConfigurationService - Found 1 configurations for tenantId: 1
2025-04-14 23:36:28 [http-nio-8081-exec-1] INFO  b.s.impl.HouseCleaningServiceImpl - Using configured time interval: 30 minutes
2025-04-14 23:36:28 [http-nio-8081-exec-1] INFO  b.service.TenantConfigurationService - Fetching configurations for tenantId: 1
2025-04-14 23:36:28 [http-nio-8081-exec-1] INFO  b.service.TenantConfigurationService - Found 1 configurations for tenantId: 1
2025-04-14 23:36:28 [http-nio-8081-exec-1] INFO  b.s.impl.HouseCleaningServiceImpl - Using configured shift duration: 4 hours
2025-04-14 23:36:28 [http-nio-8081-exec-1] INFO  b.service.TenantConfigurationService - Fetching configurations for tenantId: 1
2025-04-14 23:36:28 [http-nio-8081-exec-1] INFO  b.service.TenantConfigurationService - Found 1 configurations for tenantId: 1
2025-04-14 23:36:28 [http-nio-8081-exec-1] INFO  b.s.impl.HouseCleaningServiceImpl - Configured morning shift start time: 07:00
2025-04-14 23:36:28 [http-nio-8081-exec-1] INFO  b.s.impl.HouseCleaningServiceImpl - Configured afternoon shift start time: 11:00
2025-04-14 23:36:28 [http-nio-8081-exec-1] INFO  b.s.impl.HouseCleaningServiceImpl - Configured evening shift start time: 15:00
2025-04-14 23:36:28 [http-nio-8081-exec-1] WARN  b.s.impl.HouseCleaningServiceImpl - No booking ID found for room ID 450
2025-04-14 23:36:28 [http-nio-8081-exec-1] INFO  b.service.TenantConfigurationService - Fetching configurations for tenantId: 1
2025-04-14 23:36:28 [http-nio-8081-exec-1] INFO  b.service.TenantConfigurationService - Found 1 configurations for tenantId: 1
2025-04-14 23:36:28 [http-nio-8081-exec-1] INFO  b.s.impl.HouseCleaningServiceImpl - Using configured time interval: 30 minutes
2025-04-14 23:36:28 [http-nio-8081-exec-1] INFO  b.service.TenantConfigurationService - Fetching configurations for tenantId: 1
2025-04-14 23:36:28 [http-nio-8081-exec-1] INFO  b.service.TenantConfigurationService - Found 1 configurations for tenantId: 1
2025-04-14 23:36:28 [http-nio-8081-exec-1] INFO  b.s.impl.HouseCleaningServiceImpl - Using configured shift duration: 4 hours
2025-04-14 23:36:28 [http-nio-8081-exec-1] INFO  b.service.TenantConfigurationService - Fetching configurations for tenantId: 1
2025-04-14 23:36:28 [http-nio-8081-exec-1] INFO  b.service.TenantConfigurationService - Found 1 configurations for tenantId: 1
2025-04-14 23:36:28 [http-nio-8081-exec-1] INFO  b.s.impl.HouseCleaningServiceImpl - Configured morning shift start time: 07:00
2025-04-14 23:36:28 [http-nio-8081-exec-1] INFO  b.s.impl.HouseCleaningServiceImpl - Configured afternoon shift start time: 11:00
2025-04-14 23:36:28 [http-nio-8081-exec-1] INFO  b.s.impl.HouseCleaningServiceImpl - Configured evening shift start time: 15:00
2025-04-14 23:36:28 [http-nio-8081-exec-1] WARN  b.s.impl.HouseCleaningServiceImpl - No booking ID found for room ID 451
2025-04-14 23:36:28 [http-nio-8081-exec-1] INFO  b.service.TenantConfigurationService - Fetching configurations for tenantId: 1
2025-04-14 23:36:28 [http-nio-8081-exec-1] INFO  b.service.TenantConfigurationService - Found 1 configurations for tenantId: 1
2025-04-14 23:36:28 [http-nio-8081-exec-1] INFO  b.s.impl.HouseCleaningServiceImpl - Using configured time interval: 30 minutes
2025-04-14 23:36:28 [http-nio-8081-exec-1] INFO  b.service.TenantConfigurationService - Fetching configurations for tenantId: 1
2025-04-14 23:36:28 [http-nio-8081-exec-1] INFO  b.service.TenantConfigurationService - Found 1 configurations for tenantId: 1
2025-04-14 23:36:28 [http-nio-8081-exec-1] INFO  b.s.impl.HouseCleaningServiceImpl - Using configured shift duration: 4 hours
2025-04-14 23:36:28 [http-nio-8081-exec-1] INFO  b.service.TenantConfigurationService - Fetching configurations for tenantId: 1
2025-04-14 23:36:28 [http-nio-8081-exec-1] INFO  b.service.TenantConfigurationService - Found 1 configurations for tenantId: 1
2025-04-14 23:36:28 [http-nio-8081-exec-1] INFO  b.s.impl.HouseCleaningServiceImpl - Configured morning shift start time: 07:00
2025-04-14 23:36:28 [http-nio-8081-exec-1] INFO  b.s.impl.HouseCleaningServiceImpl - Configured afternoon shift start time: 11:00
2025-04-14 23:36:28 [http-nio-8081-exec-1] INFO  b.s.impl.HouseCleaningServiceImpl - Configured evening shift start time: 15:00
2025-04-14 23:36:28 [http-nio-8081-exec-1] WARN  b.s.impl.HouseCleaningServiceImpl - No booking ID found for room ID 452
2025-04-14 23:36:28 [http-nio-8081-exec-1] INFO  b.service.TenantConfigurationService - Fetching configurations for tenantId: 1
2025-04-14 23:36:28 [http-nio-8081-exec-1] INFO  b.service.TenantConfigurationService - Found 1 configurations for tenantId: 1
2025-04-14 23:36:28 [http-nio-8081-exec-1] INFO  b.s.impl.HouseCleaningServiceImpl - Using configured time interval: 30 minutes
2025-04-14 23:36:28 [http-nio-8081-exec-1] INFO  b.service.TenantConfigurationService - Fetching configurations for tenantId: 1
2025-04-14 23:36:28 [http-nio-8081-exec-1] INFO  b.service.TenantConfigurationService - Found 1 configurations for tenantId: 1
2025-04-14 23:36:28 [http-nio-8081-exec-1] INFO  b.s.impl.HouseCleaningServiceImpl - Using configured shift duration: 4 hours
2025-04-14 23:36:28 [http-nio-8081-exec-1] INFO  b.service.TenantConfigurationService - Fetching configurations for tenantId: 1
2025-04-14 23:36:28 [http-nio-8081-exec-1] INFO  b.service.TenantConfigurationService - Found 1 configurations for tenantId: 1
2025-04-14 23:36:28 [http-nio-8081-exec-1] INFO  b.s.impl.HouseCleaningServiceImpl - Configured morning shift start time: 07:00
2025-04-14 23:36:28 [http-nio-8081-exec-1] INFO  b.s.impl.HouseCleaningServiceImpl - Configured afternoon shift start time: 11:00
2025-04-14 23:36:28 [http-nio-8081-exec-1] INFO  b.s.impl.HouseCleaningServiceImpl - Configured evening shift start time: 15:00
2025-04-14 23:36:28 [http-nio-8081-exec-1] WARN  b.s.impl.HouseCleaningServiceImpl - No booking ID found for room ID 456
2025-04-14 23:36:28 [http-nio-8081-exec-1] INFO  b.service.TenantConfigurationService - Fetching configurations for tenantId: 1
2025-04-14 23:36:28 [http-nio-8081-exec-1] INFO  b.service.TenantConfigurationService - Found 1 configurations for tenantId: 1
2025-04-14 23:36:28 [http-nio-8081-exec-1] INFO  b.s.impl.HouseCleaningServiceImpl - Using configured time interval: 30 minutes
2025-04-14 23:36:28 [http-nio-8081-exec-1] INFO  b.service.TenantConfigurationService - Fetching configurations for tenantId: 1
2025-04-14 23:36:28 [http-nio-8081-exec-1] INFO  b.service.TenantConfigurationService - Found 1 configurations for tenantId: 1
2025-04-14 23:36:28 [http-nio-8081-exec-1] INFO  b.s.impl.HouseCleaningServiceImpl - Using configured shift duration: 4 hours
2025-04-14 23:36:28 [http-nio-8081-exec-1] INFO  b.service.TenantConfigurationService - Fetching configurations for tenantId: 1
2025-04-14 23:36:28 [http-nio-8081-exec-1] INFO  b.service.TenantConfigurationService - Found 1 configurations for tenantId: 1
2025-04-14 23:36:28 [http-nio-8081-exec-1] INFO  b.s.impl.HouseCleaningServiceImpl - Configured morning shift start time: 07:00
2025-04-14 23:36:28 [http-nio-8081-exec-1] INFO  b.s.impl.HouseCleaningServiceImpl - Configured afternoon shift start time: 11:00
2025-04-14 23:36:28 [http-nio-8081-exec-1] INFO  b.s.impl.HouseCleaningServiceImpl - Configured evening shift start time: 15:00
2025-04-14 23:36:28 [http-nio-8081-exec-1] WARN  b.s.impl.HouseCleaningServiceImpl - No booking ID found for room ID 457
2025-04-14 23:36:28 [http-nio-8081-exec-1] INFO  b.service.TenantConfigurationService - Fetching configurations for tenantId: 1
2025-04-14 23:36:28 [http-nio-8081-exec-1] INFO  b.service.TenantConfigurationService - Found 1 configurations for tenantId: 1
2025-04-14 23:36:28 [http-nio-8081-exec-1] INFO  b.s.impl.HouseCleaningServiceImpl - Using configured time interval: 30 minutes
2025-04-14 23:36:28 [http-nio-8081-exec-1] INFO  b.service.TenantConfigurationService - Fetching configurations for tenantId: 1
2025-04-14 23:36:28 [http-nio-8081-exec-1] INFO  b.service.TenantConfigurationService - Found 1 configurations for tenantId: 1
2025-04-14 23:36:28 [http-nio-8081-exec-1] INFO  b.s.impl.HouseCleaningServiceImpl - Using configured shift duration: 4 hours
2025-04-14 23:36:28 [http-nio-8081-exec-1] INFO  b.service.TenantConfigurationService - Fetching configurations for tenantId: 1
2025-04-14 23:36:28 [http-nio-8081-exec-1] INFO  b.service.TenantConfigurationService - Found 1 configurations for tenantId: 1
2025-04-14 23:36:28 [http-nio-8081-exec-1] INFO  b.s.impl.HouseCleaningServiceImpl - Configured morning shift start time: 07:00
2025-04-14 23:36:28 [http-nio-8081-exec-1] INFO  b.s.impl.HouseCleaningServiceImpl - Configured afternoon shift start time: 11:00
2025-04-14 23:36:28 [http-nio-8081-exec-1] INFO  b.s.impl.HouseCleaningServiceImpl - Configured evening shift start time: 15:00
2025-04-14 23:36:28 [http-nio-8081-exec-1] WARN  b.s.impl.HouseCleaningServiceImpl - No booking ID found for room ID 464
2025-04-14 23:36:28 [http-nio-8081-exec-1] INFO  b.service.TenantConfigurationService - Fetching configurations for tenantId: 1
2025-04-14 23:36:28 [http-nio-8081-exec-1] INFO  b.service.TenantConfigurationService - Found 1 configurations for tenantId: 1
2025-04-14 23:36:28 [http-nio-8081-exec-1] INFO  b.s.impl.HouseCleaningServiceImpl - Using configured time interval: 30 minutes
2025-04-14 23:36:28 [http-nio-8081-exec-1] INFO  b.service.TenantConfigurationService - Fetching configurations for tenantId: 1
2025-04-14 23:36:28 [http-nio-8081-exec-1] INFO  b.service.TenantConfigurationService - Found 1 configurations for tenantId: 1
2025-04-14 23:36:28 [http-nio-8081-exec-1] INFO  b.s.impl.HouseCleaningServiceImpl - Using configured shift duration: 4 hours
2025-04-14 23:36:28 [http-nio-8081-exec-1] INFO  b.service.TenantConfigurationService - Fetching configurations for tenantId: 1
2025-04-14 23:36:28 [http-nio-8081-exec-1] INFO  b.service.TenantConfigurationService - Found 1 configurations for tenantId: 1
2025-04-14 23:36:28 [http-nio-8081-exec-1] INFO  b.s.impl.HouseCleaningServiceImpl - Configured morning shift start time: 07:00
2025-04-14 23:36:28 [http-nio-8081-exec-1] INFO  b.s.impl.HouseCleaningServiceImpl - Configured afternoon shift start time: 11:00
2025-04-14 23:36:28 [http-nio-8081-exec-1] INFO  b.s.impl.HouseCleaningServiceImpl - Configured evening shift start time: 15:00
2025-04-14 23:36:28 [http-nio-8081-exec-1] WARN  b.s.impl.HouseCleaningServiceImpl - No booking ID found for room ID 468
2025-04-14 23:36:28 [http-nio-8081-exec-1] INFO  b.service.TenantConfigurationService - Fetching configurations for tenantId: 1
2025-04-14 23:36:28 [http-nio-8081-exec-1] INFO  b.service.TenantConfigurationService - Found 1 configurations for tenantId: 1
2025-04-14 23:36:28 [http-nio-8081-exec-1] INFO  b.s.impl.HouseCleaningServiceImpl - Using configured time interval: 30 minutes
2025-04-14 23:36:28 [http-nio-8081-exec-1] INFO  b.service.TenantConfigurationService - Fetching configurations for tenantId: 1
2025-04-14 23:36:28 [http-nio-8081-exec-1] INFO  b.service.TenantConfigurationService - Found 1 configurations for tenantId: 1
2025-04-14 23:36:28 [http-nio-8081-exec-1] INFO  b.s.impl.HouseCleaningServiceImpl - Using configured shift duration: 4 hours
2025-04-14 23:36:28 [http-nio-8081-exec-1] INFO  b.service.TenantConfigurationService - Fetching configurations for tenantId: 1
2025-04-14 23:36:28 [http-nio-8081-exec-1] INFO  b.service.TenantConfigurationService - Found 1 configurations for tenantId: 1
2025-04-14 23:36:28 [http-nio-8081-exec-1] INFO  b.s.impl.HouseCleaningServiceImpl - Configured morning shift start time: 07:00
2025-04-14 23:36:28 [http-nio-8081-exec-1] INFO  b.s.impl.HouseCleaningServiceImpl - Configured afternoon shift start time: 11:00
2025-04-14 23:36:28 [http-nio-8081-exec-1] INFO  b.s.impl.HouseCleaningServiceImpl - Configured evening shift start time: 15:00
2025-04-14 23:36:28 [http-nio-8081-exec-1] WARN  b.s.impl.HouseCleaningServiceImpl - No booking ID found for room ID 469
2025-04-14 23:36:28 [http-nio-8081-exec-1] INFO  b.service.TenantConfigurationService - Fetching configurations for tenantId: 1
2025-04-14 23:36:28 [http-nio-8081-exec-1] INFO  b.service.TenantConfigurationService - Found 1 configurations for tenantId: 1
2025-04-14 23:36:28 [http-nio-8081-exec-1] INFO  b.s.impl.HouseCleaningServiceImpl - Using configured time interval: 30 minutes
2025-04-14 23:36:28 [http-nio-8081-exec-1] INFO  b.service.TenantConfigurationService - Fetching configurations for tenantId: 1
2025-04-14 23:36:29 [http-nio-8081-exec-1] INFO  b.service.TenantConfigurationService - Found 1 configurations for tenantId: 1
2025-04-14 23:36:29 [http-nio-8081-exec-1] INFO  b.s.impl.HouseCleaningServiceImpl - Using configured shift duration: 4 hours
2025-04-14 23:36:29 [http-nio-8081-exec-1] INFO  b.service.TenantConfigurationService - Fetching configurations for tenantId: 1
2025-04-14 23:36:29 [http-nio-8081-exec-1] INFO  b.service.TenantConfigurationService - Found 1 configurations for tenantId: 1
2025-04-14 23:36:29 [http-nio-8081-exec-1] INFO  b.s.impl.HouseCleaningServiceImpl - Configured morning shift start time: 07:00
2025-04-14 23:36:29 [http-nio-8081-exec-1] INFO  b.s.impl.HouseCleaningServiceImpl - Configured afternoon shift start time: 11:00
2025-04-14 23:36:29 [http-nio-8081-exec-1] INFO  b.s.impl.HouseCleaningServiceImpl - Configured evening shift start time: 15:00
2025-04-14 23:36:29 [http-nio-8081-exec-1] WARN  b.s.impl.HouseCleaningServiceImpl - No booking ID found for room ID 470
2025-04-14 23:36:29 [http-nio-8081-exec-1] INFO  b.service.TenantConfigurationService - Fetching configurations for tenantId: 1
2025-04-14 23:36:29 [http-nio-8081-exec-1] INFO  b.service.TenantConfigurationService - Found 1 configurations for tenantId: 1
2025-04-14 23:36:29 [http-nio-8081-exec-1] INFO  b.s.impl.HouseCleaningServiceImpl - Using configured time interval: 30 minutes
2025-04-14 23:36:29 [http-nio-8081-exec-1] INFO  b.service.TenantConfigurationService - Fetching configurations for tenantId: 1
2025-04-14 23:36:29 [http-nio-8081-exec-1] INFO  b.service.TenantConfigurationService - Found 1 configurations for tenantId: 1
2025-04-14 23:36:29 [http-nio-8081-exec-1] INFO  b.s.impl.HouseCleaningServiceImpl - Using configured shift duration: 4 hours
2025-04-14 23:36:29 [http-nio-8081-exec-1] INFO  b.service.TenantConfigurationService - Fetching configurations for tenantId: 1
2025-04-14 23:36:29 [http-nio-8081-exec-1] INFO  b.service.TenantConfigurationService - Found 1 configurations for tenantId: 1
2025-04-14 23:36:29 [http-nio-8081-exec-1] INFO  b.s.impl.HouseCleaningServiceImpl - Configured morning shift start time: 07:00
2025-04-14 23:36:29 [http-nio-8081-exec-1] INFO  b.s.impl.HouseCleaningServiceImpl - Configured afternoon shift start time: 11:00
2025-04-14 23:36:29 [http-nio-8081-exec-1] INFO  b.s.impl.HouseCleaningServiceImpl - Configured evening shift start time: 15:00
2025-04-14 23:36:29 [http-nio-8081-exec-1] WARN  b.s.impl.HouseCleaningServiceImpl - No booking ID found for room ID 480
2025-04-14 23:36:29 [http-nio-8081-exec-1] INFO  b.service.TenantConfigurationService - Fetching configurations for tenantId: 1
2025-04-14 23:36:29 [http-nio-8081-exec-1] INFO  b.service.TenantConfigurationService - Found 1 configurations for tenantId: 1
2025-04-14 23:36:29 [http-nio-8081-exec-1] INFO  b.s.impl.HouseCleaningServiceImpl - Using configured time interval: 30 minutes
2025-04-14 23:36:29 [http-nio-8081-exec-1] INFO  b.service.TenantConfigurationService - Fetching configurations for tenantId: 1
2025-04-14 23:36:29 [http-nio-8081-exec-1] INFO  b.service.TenantConfigurationService - Found 1 configurations for tenantId: 1
2025-04-14 23:36:29 [http-nio-8081-exec-1] INFO  b.s.impl.HouseCleaningServiceImpl - Using configured shift duration: 4 hours
2025-04-14 23:36:29 [http-nio-8081-exec-1] INFO  b.service.TenantConfigurationService - Fetching configurations for tenantId: 1
2025-04-14 23:36:29 [http-nio-8081-exec-1] INFO  b.service.TenantConfigurationService - Found 1 configurations for tenantId: 1
2025-04-14 23:36:29 [http-nio-8081-exec-1] INFO  b.s.impl.HouseCleaningServiceImpl - Configured morning shift start time: 07:00
2025-04-14 23:36:29 [http-nio-8081-exec-1] INFO  b.s.impl.HouseCleaningServiceImpl - Configured afternoon shift start time: 11:00
2025-04-14 23:36:29 [http-nio-8081-exec-1] INFO  b.s.impl.HouseCleaningServiceImpl - Configured evening shift start time: 15:00
2025-04-14 23:36:29 [http-nio-8081-exec-1] WARN  b.s.impl.HouseCleaningServiceImpl - No booking ID found for room ID 427
2025-04-14 23:36:40 [http-nio-8081-exec-3] DEBUG o.s.security.web.FilterChainProxy - Securing POST /api/house-cleaning/assign-staff?date=2025-05-01&shift=MORNING_SHIFT
2025-04-14 23:36:40 [http-nio-8081-exec-3] DEBUG o.s.s.w.a.AnonymousAuthenticationFilter - Set SecurityContextHolder to anonymous SecurityContext
2025-04-14 23:36:40 [http-nio-8081-exec-3] DEBUG o.s.security.web.FilterChainProxy - Secured POST /api/house-cleaning/assign-staff?date=2025-05-01&shift=MORNING_SHIFT
2025-04-14 23:36:40 [http-nio-8081-exec-3] INFO  b.s.impl.HouseCleaningServiceImpl - Assigning staff to schedules for date 2025-05-01 and shift MORNING_SHIFT
2025-04-14 23:36:40 [http-nio-8081-exec-3] INFO  b.service.TenantConfigurationService - Fetching configurations for tenantId: 1
2025-04-14 23:36:40 [http-nio-8081-exec-3] INFO  b.service.TenantConfigurationService - Found 1 configurations for tenantId: 1
2025-04-14 23:36:40 [http-nio-8081-exec-3] INFO  b.s.impl.HouseCleaningServiceImpl - Configured morning shift start time: 07:00
2025-04-14 23:36:40 [http-nio-8081-exec-3] INFO  b.s.impl.HouseCleaningServiceImpl - Configured afternoon shift start time: 11:00
2025-04-14 23:36:40 [http-nio-8081-exec-3] INFO  b.s.impl.HouseCleaningServiceImpl - Configured evening shift start time: 15:00
2025-04-14 23:36:40 [http-nio-8081-exec-3] INFO  b.service.TenantConfigurationService - Fetching configurations for tenantId: 1
2025-04-14 23:36:40 [http-nio-8081-exec-3] INFO  b.service.TenantConfigurationService - Found 1 configurations for tenantId: 1
2025-04-14 23:36:40 [http-nio-8081-exec-3] INFO  b.s.impl.HouseCleaningServiceImpl - Using configured shift duration: 4 hours
2025-04-14 23:36:40 [http-nio-8081-exec-3] INFO  b.service.TenantConfigurationService - Fetching configurations for tenantId: 1
2025-04-14 23:36:40 [http-nio-8081-exec-3] INFO  b.service.TenantConfigurationService - Found 1 configurations for tenantId: 1
2025-04-14 23:36:40 [http-nio-8081-exec-3] INFO  b.s.impl.HouseCleaningServiceImpl - Using configured shift duration: 4 hours
2025-04-14 23:36:40 [http-nio-8081-exec-3] INFO  b.service.TenantConfigurationService - Fetching configurations for tenantId: 1
2025-04-14 23:36:40 [http-nio-8081-exec-3] INFO  b.service.TenantConfigurationService - Found 1 configurations for tenantId: 1
2025-04-14 23:36:40 [http-nio-8081-exec-3] INFO  b.s.impl.HouseCleaningServiceImpl - Using configured daily cleaning duration: 30 minutes
2025-04-14 23:36:40 [http-nio-8081-exec-3] INFO  b.s.impl.HouseCleaningServiceImpl - Assigned staff 6 to room 434 at 07:00 (duration: 30 minutes)
2025-04-14 23:36:40 [http-nio-8081-exec-3] INFO  b.service.TenantConfigurationService - Fetching configurations for tenantId: 1
2025-04-14 23:36:41 [http-nio-8081-exec-3] INFO  b.service.TenantConfigurationService - Found 1 configurations for tenantId: 1
2025-04-14 23:36:41 [http-nio-8081-exec-3] INFO  b.s.impl.HouseCleaningServiceImpl - Using configured daily cleaning duration: 30 minutes
2025-04-14 23:36:41 [http-nio-8081-exec-3] INFO  b.s.impl.HouseCleaningServiceImpl - Assigned staff 9 to room 422 at 07:30 (duration: 30 minutes)
2025-04-14 23:36:41 [http-nio-8081-exec-3] INFO  b.service.TenantConfigurationService - Fetching configurations for tenantId: 1
2025-04-14 23:36:41 [http-nio-8081-exec-3] INFO  b.service.TenantConfigurationService - Found 1 configurations for tenantId: 1
2025-04-14 23:36:41 [http-nio-8081-exec-3] INFO  b.s.impl.HouseCleaningServiceImpl - Using configured daily cleaning duration: 30 minutes
2025-04-14 23:36:41 [http-nio-8081-exec-3] WARN  b.s.impl.HouseCleaningServiceImpl - No available staff found for room 438 at 07:30 (duration: 30 minutes)
2025-04-14 23:36:41 [http-nio-8081-exec-3] INFO  b.service.TenantConfigurationService - Fetching configurations for tenantId: 1
2025-04-14 23:36:41 [http-nio-8081-exec-3] INFO  b.service.TenantConfigurationService - Found 1 configurations for tenantId: 1
2025-04-14 23:36:41 [http-nio-8081-exec-3] INFO  b.s.impl.HouseCleaningServiceImpl - Using configured daily cleaning duration: 30 minutes
2025-04-14 23:36:41 [http-nio-8081-exec-3] WARN  b.s.impl.HouseCleaningServiceImpl - No available staff found for room 452 at 07:30 (duration: 30 minutes)
2025-04-14 23:36:41 [http-nio-8081-exec-3] INFO  b.service.TenantConfigurationService - Fetching configurations for tenantId: 1
2025-04-14 23:36:41 [http-nio-8081-exec-3] INFO  b.service.TenantConfigurationService - Found 1 configurations for tenantId: 1
2025-04-14 23:36:41 [http-nio-8081-exec-3] INFO  b.s.impl.HouseCleaningServiceImpl - Using configured daily cleaning duration: 30 minutes
2025-04-14 23:36:41 [http-nio-8081-exec-3] WARN  b.s.impl.HouseCleaningServiceImpl - No available staff found for room 456 at 07:30 (duration: 30 minutes)
2025-04-14 23:36:41 [http-nio-8081-exec-3] INFO  b.service.TenantConfigurationService - Fetching configurations for tenantId: 1
2025-04-14 23:36:41 [http-nio-8081-exec-3] INFO  b.service.TenantConfigurationService - Found 1 configurations for tenantId: 1
2025-04-14 23:36:41 [http-nio-8081-exec-3] INFO  b.s.impl.HouseCleaningServiceImpl - Using configured daily cleaning duration: 30 minutes
2025-04-14 23:36:41 [http-nio-8081-exec-3] INFO  b.s.impl.HouseCleaningServiceImpl - Assigned staff 6 to room 450 at 08:00 (duration: 30 minutes)
2025-04-14 23:36:41 [http-nio-8081-exec-3] INFO  b.service.TenantConfigurationService - Fetching configurations for tenantId: 1
2025-04-14 23:36:41 [http-nio-8081-exec-3] INFO  b.service.TenantConfigurationService - Found 1 configurations for tenantId: 1
2025-04-14 23:36:41 [http-nio-8081-exec-3] INFO  b.s.impl.HouseCleaningServiceImpl - Using configured daily cleaning duration: 30 minutes
2025-04-14 23:36:41 [http-nio-8081-exec-3] INFO  b.s.impl.HouseCleaningServiceImpl - Assigned staff 9 to room 426 at 08:30 (duration: 30 minutes)
2025-04-14 23:36:41 [http-nio-8081-exec-3] INFO  b.service.TenantConfigurationService - Fetching configurations for tenantId: 1
2025-04-14 23:36:41 [http-nio-8081-exec-3] INFO  b.service.TenantConfigurationService - Found 1 configurations for tenantId: 1
2025-04-14 23:36:41 [http-nio-8081-exec-3] INFO  b.s.impl.HouseCleaningServiceImpl - Using configured daily cleaning duration: 30 minutes
2025-04-14 23:36:41 [http-nio-8081-exec-3] WARN  b.s.impl.HouseCleaningServiceImpl - No available staff found for room 433 at 08:30 (duration: 30 minutes)
2025-04-14 23:36:41 [http-nio-8081-exec-3] INFO  b.service.TenantConfigurationService - Fetching configurations for tenantId: 1
2025-04-14 23:36:41 [http-nio-8081-exec-3] INFO  b.service.TenantConfigurationService - Found 1 configurations for tenantId: 1
2025-04-14 23:36:41 [http-nio-8081-exec-3] INFO  b.s.impl.HouseCleaningServiceImpl - Using configured daily cleaning duration: 30 minutes
2025-04-14 23:36:41 [http-nio-8081-exec-3] WARN  b.s.impl.HouseCleaningServiceImpl - No available staff found for room 451 at 08:30 (duration: 30 minutes)
2025-04-14 23:36:41 [http-nio-8081-exec-3] INFO  b.service.TenantConfigurationService - Fetching configurations for tenantId: 1
2025-04-14 23:36:41 [http-nio-8081-exec-3] INFO  b.service.TenantConfigurationService - Found 1 configurations for tenantId: 1
2025-04-14 23:36:41 [http-nio-8081-exec-3] INFO  b.s.impl.HouseCleaningServiceImpl - Using configured daily cleaning duration: 30 minutes
2025-04-14 23:36:41 [http-nio-8081-exec-3] INFO  b.s.impl.HouseCleaningServiceImpl - Assigned staff 6 to room 421 at 09:00 (duration: 30 minutes)
2025-04-14 23:36:41 [http-nio-8081-exec-3] INFO  b.service.TenantConfigurationService - Fetching configurations for tenantId: 1
2025-04-14 23:36:41 [http-nio-8081-exec-3] INFO  b.service.TenantConfigurationService - Found 1 configurations for tenantId: 1
2025-04-14 23:36:41 [http-nio-8081-exec-3] INFO  b.s.impl.HouseCleaningServiceImpl - Using configured daily cleaning duration: 30 minutes
2025-04-14 23:36:41 [http-nio-8081-exec-3] WARN  b.s.impl.HouseCleaningServiceImpl - No available staff found for room 457 at 09:00 (duration: 30 minutes)
2025-04-14 23:36:41 [http-nio-8081-exec-3] INFO  b.service.TenantConfigurationService - Fetching configurations for tenantId: 1
2025-04-14 23:36:41 [http-nio-8081-exec-3] INFO  b.service.TenantConfigurationService - Found 1 configurations for tenantId: 1
2025-04-14 23:36:41 [http-nio-8081-exec-3] INFO  b.s.impl.HouseCleaningServiceImpl - Using configured daily cleaning duration: 30 minutes
2025-04-14 23:36:41 [http-nio-8081-exec-3] INFO  b.s.impl.HouseCleaningServiceImpl - Assigned staff 9 to room 464 at 09:30 (duration: 30 minutes)
2025-04-14 23:36:41 [http-nio-8081-exec-3] INFO  b.service.TenantConfigurationService - Fetching configurations for tenantId: 1
2025-04-14 23:36:41 [http-nio-8081-exec-3] INFO  b.service.TenantConfigurationService - Found 1 configurations for tenantId: 1
2025-04-14 23:36:41 [http-nio-8081-exec-3] INFO  b.s.impl.HouseCleaningServiceImpl - Using configured daily cleaning duration: 30 minutes
2025-04-14 23:36:41 [http-nio-8081-exec-3] WARN  b.s.impl.HouseCleaningServiceImpl - No available staff found for room 469 at 09:30 (duration: 30 minutes)
2025-04-14 23:36:41 [http-nio-8081-exec-3] INFO  b.service.TenantConfigurationService - Fetching configurations for tenantId: 1
2025-04-14 23:36:41 [http-nio-8081-exec-3] INFO  b.service.TenantConfigurationService - Found 1 configurations for tenantId: 1
2025-04-14 23:36:41 [http-nio-8081-exec-3] INFO  b.s.impl.HouseCleaningServiceImpl - Using configured daily cleaning duration: 30 minutes
2025-04-14 23:36:41 [http-nio-8081-exec-3] WARN  b.s.impl.HouseCleaningServiceImpl - No available staff found for room 470 at 09:30 (duration: 30 minutes)
2025-04-14 23:36:41 [http-nio-8081-exec-3] INFO  b.service.TenantConfigurationService - Fetching configurations for tenantId: 1
2025-04-14 23:36:41 [http-nio-8081-exec-3] INFO  b.service.TenantConfigurationService - Found 1 configurations for tenantId: 1
2025-04-14 23:36:41 [http-nio-8081-exec-3] INFO  b.s.impl.HouseCleaningServiceImpl - Using configured daily cleaning duration: 30 minutes
2025-04-14 23:36:41 [http-nio-8081-exec-3] INFO  b.s.impl.HouseCleaningServiceImpl - Assigned staff 6 to room 480 at 10:00 (duration: 30 minutes)
2025-04-14 23:36:41 [http-nio-8081-exec-3] INFO  b.service.TenantConfigurationService - Fetching configurations for tenantId: 1
2025-04-14 23:36:41 [http-nio-8081-exec-3] INFO  b.service.TenantConfigurationService - Found 1 configurations for tenantId: 1
2025-04-14 23:36:41 [http-nio-8081-exec-3] INFO  b.s.impl.HouseCleaningServiceImpl - Using configured daily cleaning duration: 30 minutes
2025-04-14 23:36:41 [http-nio-8081-exec-3] INFO  b.s.impl.HouseCleaningServiceImpl - Assigned staff 9 to room 432 at 10:30 (duration: 30 minutes)
2025-04-14 23:36:41 [http-nio-8081-exec-3] INFO  b.service.TenantConfigurationService - Fetching configurations for tenantId: 1
2025-04-14 23:36:41 [http-nio-8081-exec-3] INFO  b.service.TenantConfigurationService - Found 1 configurations for tenantId: 1
2025-04-14 23:36:41 [http-nio-8081-exec-3] INFO  b.s.impl.HouseCleaningServiceImpl - Using configured daily cleaning duration: 30 minutes
2025-04-14 23:36:41 [http-nio-8081-exec-3] WARN  b.s.impl.HouseCleaningServiceImpl - No available staff found for room 439 at 10:30 (duration: 30 minutes)
2025-04-14 23:36:41 [http-nio-8081-exec-3] INFO  b.service.TenantConfigurationService - Fetching configurations for tenantId: 1
2025-04-14 23:36:41 [http-nio-8081-exec-3] INFO  b.service.TenantConfigurationService - Found 1 configurations for tenantId: 1
2025-04-14 23:36:41 [http-nio-8081-exec-3] INFO  b.s.impl.HouseCleaningServiceImpl - Using configured daily cleaning duration: 30 minutes
2025-04-14 23:36:41 [http-nio-8081-exec-3] WARN  b.s.impl.HouseCleaningServiceImpl - No available staff found for room 468 at 10:30 (duration: 30 minutes)
2025-04-14 23:36:41 [http-nio-8081-exec-3] INFO  b.s.impl.HouseCleaningServiceImpl - Staff 6 workload: 120 minutes ({:.2f}% of shift)
2025-04-14 23:36:41 [http-nio-8081-exec-3] INFO  b.s.impl.HouseCleaningServiceImpl - Staff 9 workload: 120 minutes ({:.2f}% of shift)
2025-04-14 23:51:12 [SpringApplicationShutdownHook] INFO  o.s.b.w.e.tomcat.GracefulShutdown - Commencing graceful shutdown. Waiting for active requests to complete
2025-04-14 23:51:12 [tomcat-shutdown] INFO  o.s.b.w.e.tomcat.GracefulShutdown - Graceful shutdown complete
2025-04-14 23:51:13 [SpringApplicationShutdownHook] INFO  o.s.o.j.LocalContainerEntityManagerFactoryBean - Closing JPA EntityManagerFactory for persistence unit 'default'
2025-04-14 23:51:14 [SpringApplicationShutdownHook] INFO  com.zaxxer.hikari.HikariDataSource - HikariPool-1 - Shutdown initiated...
2025-04-14 23:51:15 [SpringApplicationShutdownHook] INFO  com.zaxxer.hikari.HikariDataSource - HikariPool-1 - Shutdown completed.
2025-04-14 23:51:40 [main] INFO  backend.HotelBookingApplication - Starting HotelBookingApplication using Java 17.0.13 with PID 40192 (/Users/sukuna/Documents/coding/IBE/IBE-BE/KDU/target/classes started by sukuna in /Users/sukuna/Documents/coding/IBE/IBE-BE/KDU)
2025-04-14 23:51:40 [main] INFO  backend.HotelBookingApplication - The following 1 profile is active: "dev"
2025-04-14 23:51:43 [main] INFO  o.s.d.r.c.RepositoryConfigurationDelegate - Bootstrapping Spring Data JPA repositories in DEFAULT mode.
2025-04-14 23:51:43 [main] INFO  o.s.d.r.c.RepositoryConfigurationDelegate - Finished Spring Data repository scanning in 256 ms. Found 15 JPA repository interfaces.
2025-04-14 23:51:45 [main] INFO  o.s.b.w.e.tomcat.TomcatWebServer - Tomcat initialized with port 8081 (http)
2025-04-14 23:51:45 [main] INFO  o.a.coyote.http11.Http11NioProtocol - Initializing ProtocolHandler ["http-nio-8081"]
2025-04-14 23:51:45 [main] INFO  o.a.catalina.core.StandardService - Starting service [Tomcat]
2025-04-14 23:51:45 [main] INFO  o.a.catalina.core.StandardEngine - Starting Servlet engine: [Apache Tomcat/10.1.36]
2025-04-14 23:51:45 [main] INFO  o.a.c.c.C.[Tomcat].[localhost].[/] - Initializing Spring embedded WebApplicationContext
2025-04-14 23:51:45 [main] INFO  o.s.b.w.s.c.ServletWebServerApplicationContext - Root WebApplicationContext: initialization completed in 4913 ms
2025-04-14 23:51:47 [main] INFO  com.zaxxer.hikari.HikariDataSource - HikariPool-1 - Starting...
2025-04-14 23:51:49 [main] INFO  com.zaxxer.hikari.pool.HikariPool - HikariPool-1 - Added connection org.postgresql.jdbc.PgConnection@66b40dd3
2025-04-14 23:51:49 [main] INFO  com.zaxxer.hikari.HikariDataSource - HikariPool-1 - Start completed.
2025-04-14 23:51:51 [main] INFO  o.s.o.j.p.SpringPersistenceUnitInfo - No LoadTimeWeaver setup: ignoring JPA class transformer
2025-04-14 23:51:51 [main] WARN  org.hibernate.orm.deprecation - HHH90000025: PostgreSQLDialect does not need to be specified explicitly using 'hibernate.dialect' (remove the property setting and it will be selected by default)
2025-04-14 23:51:57 [main] INFO  o.s.o.j.LocalContainerEntityManagerFactoryBean - Initialized JPA EntityManagerFactory for persistence unit 'default'
2025-04-14 23:51:57 [main] INFO  backend.config.CorsConfig - CORS Configuration Loaded!
2025-04-14 23:51:57 [main] DEBUG o.s.c.e.PropertySourcesPropertyResolver - Found key 'spring.security.oauth2.resourceserver.jwt.issuer-uri' in PropertySource 'environmentProperties' with value of type String
2025-04-14 23:51:58 [main] INFO  o.s.d.j.r.query.QueryEnhancerFactory - Hibernate is in classpath; If applicable, HQL parser will be used.
2025-04-14 23:51:58 [main] DEBUG o.s.c.e.PropertySourcesPropertyResolver - Found key 'graphql.endpoint' in PropertySource 'environmentProperties' with value of type String
2025-04-14 23:51:58 [main] DEBUG o.s.c.e.PropertySourcesPropertyResolver - Found key 'graphql.api-key' in PropertySource 'environmentProperties' with value of type String
2025-04-14 23:51:59 [main] DEBUG o.s.c.e.PropertySourcesPropertyResolver - Found key 'graphql.api.key' in PropertySource 'environmentProperties' with value of type String
2025-04-14 23:51:59 [main] DEBUG o.s.c.e.PropertySourcesPropertyResolver - Found key 'graphql.url' in PropertySource 'environmentProperties' with value of type String
2025-04-14 23:52:00 [main] DEBUG o.s.c.e.PropertySourcesPropertyResolver - Found key 'spring.mail.username' in PropertySource 'environmentProperties' with value of type String
2025-04-14 23:52:00 [main] DEBUG o.s.c.e.PropertySourcesPropertyResolver - Found key 'otp.expiry.minutes' in PropertySource 'environmentProperties' with value of type String
2025-04-14 23:52:00 [main] DEBUG o.s.c.e.PropertySourcesPropertyResolver - Found key 'otp.max.attempts' in PropertySource 'environmentProperties' with value of type String
2025-04-14 23:52:00 [main] DEBUG o.s.c.e.PropertySourcesPropertyResolver - Found key 'graphql.endpoint' in PropertySource 'environmentProperties' with value of type String
2025-04-14 23:52:00 [main] DEBUG o.s.c.e.PropertySourcesPropertyResolver - Found key 'graphql.api-key' in PropertySource 'environmentProperties' with value of type String
2025-04-14 23:52:00 [main] DEBUG o.s.c.e.PropertySourcesPropertyResolver - Found key 'graphql.api.key' in PropertySource 'environmentProperties' with value of type String
2025-04-14 23:52:00 [main] DEBUG o.s.c.e.PropertySourcesPropertyResolver - Found key 'graphql.url' in PropertySource 'environmentProperties' with value of type String
2025-04-14 23:52:00 [main] DEBUG o.s.c.e.PropertySourcesPropertyResolver - Found key 'graphql.endpoint' in PropertySource 'environmentProperties' with value of type String
2025-04-14 23:52:00 [main] DEBUG o.s.c.e.PropertySourcesPropertyResolver - Found key 'graphql.api-key' in PropertySource 'environmentProperties' with value of type String
2025-04-14 23:52:00 [main] DEBUG o.s.c.e.PropertySourcesPropertyResolver - Found key 'graphql.endpoint' in PropertySource 'environmentProperties' with value of type String
2025-04-14 23:52:00 [main] DEBUG o.s.c.e.PropertySourcesPropertyResolver - Found key 'graphql.apiKey' in PropertySource 'environmentProperties' with value of type String
2025-04-14 23:52:00 [main] DEBUG o.s.c.e.PropertySourcesPropertyResolver - Found key 'graphql.endpoint' in PropertySource 'environmentProperties' with value of type String
2025-04-14 23:52:00 [main] DEBUG o.s.c.e.PropertySourcesPropertyResolver - Found key 'graphql.apiKey' in PropertySource 'environmentProperties' with value of type String
2025-04-14 23:52:01 [main] DEBUG o.s.c.e.PropertySourcesPropertyResolver - Found key 'api.base.url' in PropertySource 'environmentProperties' with value of type String
2025-04-14 23:52:01 [main] WARN  o.s.b.a.o.j.JpaBaseConfiguration$JpaWebConfiguration - spring.jpa.open-in-view is enabled by default. Therefore, database queries may be performed during view rendering. Explicitly configure spring.jpa.open-in-view to disable this warning
2025-04-14 23:52:01 [main] INFO  backend.config.CorsConfig - Applying CORS settings...
2025-04-14 23:52:02 [main] DEBUG o.s.s.c.a.a.c.AuthenticationConfiguration$DefaultPasswordEncoderAuthenticationManagerBuilder - No authenticationProviders and no parentAuthenticationManager defined. Returning null.
2025-04-14 23:52:02 [main] INFO  o.s.b.a.e.web.EndpointLinksResolver - Exposing 2 endpoints beneath base path '/actuator'
2025-04-14 23:52:02 [main] INFO  backend.config.SecurityConfig - Configuring security filter chain...
2025-04-14 23:52:02 [main] INFO  backend.config.SecurityConfig - Using issuer URI: https://cognito-idp.ap-south-1.amazonaws.com/ap-south-1_IGHZ9OObg
2025-04-14 23:52:02 [main] INFO  backend.config.SecurityConfig - Configuring authorization rules...
2025-04-14 23:52:02 [main] INFO  backend.config.SecurityConfig - Configuring OAuth2 resource server...
2025-04-14 23:52:02 [main] INFO  backend.config.SecurityConfig - Configuring JWT...
2025-04-14 23:52:02 [main] INFO  backend.config.SecurityConfig - Creating JWT decoder with issuer URI: https://cognito-idp.ap-south-1.amazonaws.com/ap-south-1_IGHZ9OObg
2025-04-14 23:52:03 [main] INFO  backend.config.SecurityConfig - Configuring session management...
2025-04-14 23:52:03 [main] DEBUG o.s.s.web.DefaultSecurityFilterChain - Will secure any request with filters: DisableEncodeUrlFilter, WebAsyncManagerIntegrationFilter, SecurityContextHolderFilter, HeaderWriterFilter, CorsFilter, LogoutFilter, BearerTokenAuthenticationFilter, RequestCacheAwareFilter, SecurityContextHolderAwareRequestFilter, AnonymousAuthenticationFilter, SessionManagementFilter, ExceptionTranslationFilter, AuthorizationFilter
2025-04-14 23:52:05 [main] INFO  o.a.coyote.http11.Http11NioProtocol - Starting ProtocolHandler ["http-nio-8081"]
2025-04-14 23:52:05 [main] INFO  o.s.b.w.e.tomcat.TomcatWebServer - Tomcat started on port 8081 (http) with context path '/'
2025-04-14 23:52:05 [main] INFO  backend.HotelBookingApplication - Started HotelBookingApplication in 26.635 seconds (process running for 27.895)
2025-04-14 23:52:31 [http-nio-8081-exec-1] INFO  o.a.c.c.C.[Tomcat].[localhost].[/] - Initializing Spring DispatcherServlet 'dispatcherServlet'
2025-04-14 23:52:31 [http-nio-8081-exec-1] INFO  o.s.web.servlet.DispatcherServlet - Initializing Servlet 'dispatcherServlet'
2025-04-14 23:52:31 [http-nio-8081-exec-1] INFO  o.s.web.servlet.DispatcherServlet - Completed initialization in 44 ms
2025-04-14 23:52:31 [http-nio-8081-exec-1] DEBUG o.s.security.web.FilterChainProxy - Securing POST /api/house-cleaning/generate?date=2025-05-01
2025-04-14 23:52:31 [http-nio-8081-exec-1] DEBUG o.s.s.w.a.AnonymousAuthenticationFilter - Set SecurityContextHolder to anonymous SecurityContext
2025-04-14 23:52:31 [http-nio-8081-exec-1] DEBUG o.s.security.web.FilterChainProxy - Secured POST /api/house-cleaning/generate?date=2025-05-01
2025-04-14 23:52:31 [http-nio-8081-exec-1] INFO  b.s.impl.HouseCleaningServiceImpl - Generating cleaning schedules for date: 2025-05-01
2025-04-14 23:52:31 [http-nio-8081-exec-1] INFO  b.service.TenantConfigurationService - Fetching configurations for tenantId: 1
2025-04-14 23:52:31 [http-nio-8081-exec-1] INFO  b.service.TenantConfigurationService - Found 1 configurations for tenantId: 1
2025-04-14 23:52:31 [http-nio-8081-exec-1] INFO  b.s.impl.HouseCleaningServiceImpl - Using configured check-in time: 13:00
2025-04-14 23:52:31 [http-nio-8081-exec-1] INFO  b.service.TenantConfigurationService - Fetching configurations for tenantId: 1
2025-04-14 23:52:31 [http-nio-8081-exec-1] INFO  b.service.TenantConfigurationService - Found 1 configurations for tenantId: 1
2025-04-14 23:52:31 [http-nio-8081-exec-1] INFO  b.s.impl.HouseCleaningServiceImpl - Using configured check-out time: 11:00
2025-04-14 23:52:32 [http-nio-8081-exec-1] INFO  b.s.impl.HouseCleaningServiceImpl - Found 11 check-in bookings, 2 check-out bookings, and 13 current bookings for date 2025-05-01
2025-04-14 23:52:32 [http-nio-8081-exec-1] INFO  b.s.impl.BookedRoomsServiceImpl - Checking check-in rooms for date: 2025-05-01
2025-04-14 23:52:32 [http-nio-8081-exec-1] INFO  b.s.impl.BookedRoomsServiceImpl - Found 11 transactions with check-in date 2025-05-01
2025-04-14 23:52:32 [http-nio-8081-exec-1] INFO  b.s.impl.BookedRoomsServiceImpl - Booking IDs for check-in: [13, 12, 15, 14, 53, 55, 59, 60, 155, 318, 436]
2025-04-14 23:52:34 [http-nio-8081-exec-1] INFO  b.s.impl.BookedRoomsServiceImpl - Room IDs for bookings [13, 12, 15, 14, 53, 55, 59, 60, 155, 318, 436]: [421, 422, 426, 432, 433, 434, 438, 439, 450, 451, 452, 456, 457, 464, 468, 469, 470, 480]
2025-04-14 23:52:34 [http-nio-8081-exec-1] INFO  b.s.impl.BookedRoomsServiceImpl - Checking check-out rooms for date: 2025-05-01
2025-04-14 23:52:34 [http-nio-8081-exec-1] INFO  b.s.impl.BookedRoomsServiceImpl - Found 2 transactions with check-out date 2025-05-01
2025-04-14 23:52:34 [http-nio-8081-exec-1] INFO  b.s.impl.BookedRoomsServiceImpl - Booking IDs for check-out: [397, 33]
2025-04-14 23:52:35 [http-nio-8081-exec-1] INFO  b.s.impl.BookedRoomsServiceImpl - Room IDs for bookings [397, 33]: [427]
2025-04-14 23:52:35 [http-nio-8081-exec-1] INFO  b.s.impl.BookedRoomsServiceImpl - Checking currently booked rooms for date: 2025-05-01T00:00:00Z
2025-04-14 23:52:35 [http-nio-8081-exec-1] INFO  b.s.impl.BookedRoomsServiceImpl - Currently booked room IDs: [421, 422, 426, 427, 432, 433, 434, 438, 439, 450, 451, 452, 456, 457, 464, 468, 469, 470, 480]
2025-04-14 23:52:35 [http-nio-8081-exec-1] INFO  b.s.impl.HouseCleaningServiceImpl - Found 18 check-in rooms, 1 check-out rooms, and 19 current rooms for date 2025-05-01
2025-04-14 23:52:35 [http-nio-8081-exec-1] WARN  b.s.impl.HouseCleaningServiceImpl - Could not extract room ID from booking details for booking ID 13
2025-04-14 23:52:35 [http-nio-8081-exec-1] WARN  b.s.impl.HouseCleaningServiceImpl - Could not extract room ID from booking details for booking ID 12
2025-04-14 23:52:35 [http-nio-8081-exec-1] WARN  b.s.impl.HouseCleaningServiceImpl - Could not extract room ID from booking details for booking ID 15
2025-04-14 23:52:35 [http-nio-8081-exec-1] WARN  b.s.impl.HouseCleaningServiceImpl - Could not extract room ID from booking details for booking ID 14
2025-04-14 23:52:35 [http-nio-8081-exec-1] WARN  b.s.impl.HouseCleaningServiceImpl - Could not extract room ID from booking details for booking ID 53
2025-04-14 23:52:35 [http-nio-8081-exec-1] WARN  b.s.impl.HouseCleaningServiceImpl - Could not extract room ID from booking details for booking ID 55
2025-04-14 23:52:35 [http-nio-8081-exec-1] WARN  b.s.impl.HouseCleaningServiceImpl - Could not extract room ID from booking details for booking ID 59
2025-04-14 23:52:35 [http-nio-8081-exec-1] WARN  b.s.impl.HouseCleaningServiceImpl - Could not extract room ID from booking details for booking ID 60
2025-04-14 23:52:35 [http-nio-8081-exec-1] WARN  b.s.impl.HouseCleaningServiceImpl - Could not extract room ID from booking details for booking ID 155
2025-04-14 23:52:35 [http-nio-8081-exec-1] WARN  b.s.impl.HouseCleaningServiceImpl - Could not extract room ID from booking details for booking ID 318
2025-04-14 23:52:35 [http-nio-8081-exec-1] WARN  b.s.impl.HouseCleaningServiceImpl - Could not extract room ID from booking details for booking ID 436
2025-04-14 23:52:35 [http-nio-8081-exec-1] WARN  b.s.impl.HouseCleaningServiceImpl - Could not extract room ID from booking details for booking ID 397
2025-04-14 23:52:35 [http-nio-8081-exec-1] WARN  b.s.impl.HouseCleaningServiceImpl - Could not extract room ID from booking details for booking ID 33
2025-04-14 23:52:35 [http-nio-8081-exec-1] WARN  b.s.impl.HouseCleaningServiceImpl - Could not extract room ID from booking details for booking ID 13
2025-04-14 23:52:35 [http-nio-8081-exec-1] WARN  b.s.impl.HouseCleaningServiceImpl - Could not extract room ID from booking details for booking ID 12
2025-04-14 23:52:35 [http-nio-8081-exec-1] WARN  b.s.impl.HouseCleaningServiceImpl - Could not extract room ID from booking details for booking ID 15
2025-04-14 23:52:35 [http-nio-8081-exec-1] WARN  b.s.impl.HouseCleaningServiceImpl - Could not extract room ID from booking details for booking ID 14
2025-04-14 23:52:35 [http-nio-8081-exec-1] WARN  b.s.impl.HouseCleaningServiceImpl - Could not extract room ID from booking details for booking ID 53
2025-04-14 23:52:35 [http-nio-8081-exec-1] WARN  b.s.impl.HouseCleaningServiceImpl - Could not extract room ID from booking details for booking ID 55
2025-04-14 23:52:35 [http-nio-8081-exec-1] WARN  b.s.impl.HouseCleaningServiceImpl - Could not extract room ID from booking details for booking ID 59
2025-04-14 23:52:35 [http-nio-8081-exec-1] WARN  b.s.impl.HouseCleaningServiceImpl - Could not extract room ID from booking details for booking ID 60
2025-04-14 23:52:35 [http-nio-8081-exec-1] WARN  b.s.impl.HouseCleaningServiceImpl - Could not extract room ID from booking details for booking ID 155
2025-04-14 23:52:35 [http-nio-8081-exec-1] WARN  b.s.impl.HouseCleaningServiceImpl - Could not extract room ID from booking details for booking ID 318
2025-04-14 23:52:35 [http-nio-8081-exec-1] WARN  b.s.impl.HouseCleaningServiceImpl - Could not extract room ID from booking details for booking ID 397
2025-04-14 23:52:35 [http-nio-8081-exec-1] WARN  b.s.impl.HouseCleaningServiceImpl - Could not extract room ID from booking details for booking ID 33
2025-04-14 23:52:35 [http-nio-8081-exec-1] WARN  b.s.impl.HouseCleaningServiceImpl - Could not extract room ID from booking details for booking ID 436
2025-04-14 23:52:35 [http-nio-8081-exec-1] INFO  b.s.impl.HouseCleaningServiceImpl - Room to booking map: {}
2025-04-14 23:52:35 [http-nio-8081-exec-1] INFO  b.service.TenantConfigurationService - Fetching configurations for tenantId: 1
2025-04-14 23:52:35 [http-nio-8081-exec-1] INFO  b.service.TenantConfigurationService - Found 1 configurations for tenantId: 1
2025-04-14 23:52:35 [http-nio-8081-exec-1] INFO  b.s.impl.HouseCleaningServiceImpl - Using configured time interval: 30 minutes
2025-04-14 23:52:35 [http-nio-8081-exec-1] INFO  b.service.TenantConfigurationService - Fetching configurations for tenantId: 1
2025-04-14 23:52:35 [http-nio-8081-exec-1] INFO  b.service.TenantConfigurationService - Found 1 configurations for tenantId: 1
2025-04-14 23:52:35 [http-nio-8081-exec-1] INFO  b.s.impl.HouseCleaningServiceImpl - Using configured shift duration: 4 hours
2025-04-14 23:52:35 [http-nio-8081-exec-1] INFO  b.service.TenantConfigurationService - Fetching configurations for tenantId: 1
2025-04-14 23:52:35 [http-nio-8081-exec-1] INFO  b.service.TenantConfigurationService - Found 1 configurations for tenantId: 1
2025-04-14 23:52:35 [http-nio-8081-exec-1] INFO  b.s.impl.HouseCleaningServiceImpl - Configured morning shift start time: 07:00
2025-04-14 23:52:35 [http-nio-8081-exec-1] INFO  b.s.impl.HouseCleaningServiceImpl - Configured afternoon shift start time: 11:00
2025-04-14 23:52:35 [http-nio-8081-exec-1] INFO  b.s.impl.HouseCleaningServiceImpl - Configured evening shift start time: 15:00
2025-04-14 23:52:35 [http-nio-8081-exec-1] WARN  b.s.impl.HouseCleaningServiceImpl - No booking ID found for room ID 421
2025-04-14 23:52:35 [http-nio-8081-exec-1] INFO  b.service.TenantConfigurationService - Fetching configurations for tenantId: 1
2025-04-14 23:52:35 [http-nio-8081-exec-1] INFO  b.service.TenantConfigurationService - Found 1 configurations for tenantId: 1
2025-04-14 23:52:35 [http-nio-8081-exec-1] INFO  b.s.impl.HouseCleaningServiceImpl - Using configured time interval: 30 minutes
2025-04-14 23:52:35 [http-nio-8081-exec-1] INFO  b.service.TenantConfigurationService - Fetching configurations for tenantId: 1
2025-04-14 23:52:35 [http-nio-8081-exec-1] INFO  b.service.TenantConfigurationService - Found 1 configurations for tenantId: 1
2025-04-14 23:52:35 [http-nio-8081-exec-1] INFO  b.s.impl.HouseCleaningServiceImpl - Using configured shift duration: 4 hours
2025-04-14 23:52:35 [http-nio-8081-exec-1] INFO  b.service.TenantConfigurationService - Fetching configurations for tenantId: 1
2025-04-14 23:52:35 [http-nio-8081-exec-1] INFO  b.service.TenantConfigurationService - Found 1 configurations for tenantId: 1
2025-04-14 23:52:35 [http-nio-8081-exec-1] INFO  b.s.impl.HouseCleaningServiceImpl - Configured morning shift start time: 07:00
2025-04-14 23:52:35 [http-nio-8081-exec-1] INFO  b.s.impl.HouseCleaningServiceImpl - Configured afternoon shift start time: 11:00
2025-04-14 23:52:35 [http-nio-8081-exec-1] INFO  b.s.impl.HouseCleaningServiceImpl - Configured evening shift start time: 15:00
2025-04-14 23:52:35 [http-nio-8081-exec-1] WARN  b.s.impl.HouseCleaningServiceImpl - No booking ID found for room ID 422
2025-04-14 23:52:35 [http-nio-8081-exec-1] INFO  b.service.TenantConfigurationService - Fetching configurations for tenantId: 1
2025-04-14 23:52:35 [http-nio-8081-exec-1] INFO  b.service.TenantConfigurationService - Found 1 configurations for tenantId: 1
2025-04-14 23:52:35 [http-nio-8081-exec-1] INFO  b.s.impl.HouseCleaningServiceImpl - Using configured time interval: 30 minutes
2025-04-14 23:52:35 [http-nio-8081-exec-1] INFO  b.service.TenantConfigurationService - Fetching configurations for tenantId: 1
2025-04-14 23:52:35 [http-nio-8081-exec-1] INFO  b.service.TenantConfigurationService - Found 1 configurations for tenantId: 1
2025-04-14 23:52:35 [http-nio-8081-exec-1] INFO  b.s.impl.HouseCleaningServiceImpl - Using configured shift duration: 4 hours
2025-04-14 23:52:35 [http-nio-8081-exec-1] INFO  b.service.TenantConfigurationService - Fetching configurations for tenantId: 1
2025-04-14 23:52:35 [http-nio-8081-exec-1] INFO  b.service.TenantConfigurationService - Found 1 configurations for tenantId: 1
2025-04-14 23:52:35 [http-nio-8081-exec-1] INFO  b.s.impl.HouseCleaningServiceImpl - Configured morning shift start time: 07:00
2025-04-14 23:52:35 [http-nio-8081-exec-1] INFO  b.s.impl.HouseCleaningServiceImpl - Configured afternoon shift start time: 11:00
2025-04-14 23:52:35 [http-nio-8081-exec-1] INFO  b.s.impl.HouseCleaningServiceImpl - Configured evening shift start time: 15:00
2025-04-14 23:52:35 [http-nio-8081-exec-1] WARN  b.s.impl.HouseCleaningServiceImpl - No booking ID found for room ID 426
2025-04-14 23:52:35 [http-nio-8081-exec-1] INFO  b.service.TenantConfigurationService - Fetching configurations for tenantId: 1
2025-04-14 23:52:35 [http-nio-8081-exec-1] INFO  b.service.TenantConfigurationService - Found 1 configurations for tenantId: 1
2025-04-14 23:52:35 [http-nio-8081-exec-1] INFO  b.s.impl.HouseCleaningServiceImpl - Using configured time interval: 30 minutes
2025-04-14 23:52:35 [http-nio-8081-exec-1] INFO  b.service.TenantConfigurationService - Fetching configurations for tenantId: 1
2025-04-14 23:52:35 [http-nio-8081-exec-1] INFO  b.service.TenantConfigurationService - Found 1 configurations for tenantId: 1
2025-04-14 23:52:35 [http-nio-8081-exec-1] INFO  b.s.impl.HouseCleaningServiceImpl - Using configured shift duration: 4 hours
2025-04-14 23:52:35 [http-nio-8081-exec-1] INFO  b.service.TenantConfigurationService - Fetching configurations for tenantId: 1
2025-04-14 23:52:35 [http-nio-8081-exec-1] INFO  b.service.TenantConfigurationService - Found 1 configurations for tenantId: 1
2025-04-14 23:52:35 [http-nio-8081-exec-1] INFO  b.s.impl.HouseCleaningServiceImpl - Configured morning shift start time: 07:00
2025-04-14 23:52:35 [http-nio-8081-exec-1] INFO  b.s.impl.HouseCleaningServiceImpl - Configured afternoon shift start time: 11:00
2025-04-14 23:52:35 [http-nio-8081-exec-1] INFO  b.s.impl.HouseCleaningServiceImpl - Configured evening shift start time: 15:00
2025-04-14 23:52:35 [http-nio-8081-exec-1] WARN  b.s.impl.HouseCleaningServiceImpl - No booking ID found for room ID 432
2025-04-14 23:52:35 [http-nio-8081-exec-1] INFO  b.service.TenantConfigurationService - Fetching configurations for tenantId: 1
2025-04-14 23:52:35 [http-nio-8081-exec-1] INFO  b.service.TenantConfigurationService - Found 1 configurations for tenantId: 1
2025-04-14 23:52:35 [http-nio-8081-exec-1] INFO  b.s.impl.HouseCleaningServiceImpl - Using configured time interval: 30 minutes
2025-04-14 23:52:35 [http-nio-8081-exec-1] INFO  b.service.TenantConfigurationService - Fetching configurations for tenantId: 1
2025-04-14 23:52:35 [http-nio-8081-exec-1] INFO  b.service.TenantConfigurationService - Found 1 configurations for tenantId: 1
2025-04-14 23:52:35 [http-nio-8081-exec-1] INFO  b.s.impl.HouseCleaningServiceImpl - Using configured shift duration: 4 hours
2025-04-14 23:52:35 [http-nio-8081-exec-1] INFO  b.service.TenantConfigurationService - Fetching configurations for tenantId: 1
2025-04-14 23:52:35 [http-nio-8081-exec-1] INFO  b.service.TenantConfigurationService - Found 1 configurations for tenantId: 1
2025-04-14 23:52:35 [http-nio-8081-exec-1] INFO  b.s.impl.HouseCleaningServiceImpl - Configured morning shift start time: 07:00
2025-04-14 23:52:35 [http-nio-8081-exec-1] INFO  b.s.impl.HouseCleaningServiceImpl - Configured afternoon shift start time: 11:00
2025-04-14 23:52:35 [http-nio-8081-exec-1] INFO  b.s.impl.HouseCleaningServiceImpl - Configured evening shift start time: 15:00
2025-04-14 23:52:35 [http-nio-8081-exec-1] WARN  b.s.impl.HouseCleaningServiceImpl - No booking ID found for room ID 433
2025-04-14 23:52:35 [http-nio-8081-exec-1] INFO  b.service.TenantConfigurationService - Fetching configurations for tenantId: 1
2025-04-14 23:52:35 [http-nio-8081-exec-1] INFO  b.service.TenantConfigurationService - Found 1 configurations for tenantId: 1
2025-04-14 23:52:35 [http-nio-8081-exec-1] INFO  b.s.impl.HouseCleaningServiceImpl - Using configured time interval: 30 minutes
2025-04-14 23:52:35 [http-nio-8081-exec-1] INFO  b.service.TenantConfigurationService - Fetching configurations for tenantId: 1
2025-04-14 23:52:35 [http-nio-8081-exec-1] INFO  b.service.TenantConfigurationService - Found 1 configurations for tenantId: 1
2025-04-14 23:52:35 [http-nio-8081-exec-1] INFO  b.s.impl.HouseCleaningServiceImpl - Using configured shift duration: 4 hours
2025-04-14 23:52:35 [http-nio-8081-exec-1] INFO  b.service.TenantConfigurationService - Fetching configurations for tenantId: 1
2025-04-14 23:52:35 [http-nio-8081-exec-1] INFO  b.service.TenantConfigurationService - Found 1 configurations for tenantId: 1
2025-04-14 23:52:35 [http-nio-8081-exec-1] INFO  b.s.impl.HouseCleaningServiceImpl - Configured morning shift start time: 07:00
2025-04-14 23:52:35 [http-nio-8081-exec-1] INFO  b.s.impl.HouseCleaningServiceImpl - Configured afternoon shift start time: 11:00
2025-04-14 23:52:35 [http-nio-8081-exec-1] INFO  b.s.impl.HouseCleaningServiceImpl - Configured evening shift start time: 15:00
2025-04-14 23:52:35 [http-nio-8081-exec-1] WARN  b.s.impl.HouseCleaningServiceImpl - No booking ID found for room ID 434
2025-04-14 23:52:35 [http-nio-8081-exec-1] INFO  b.service.TenantConfigurationService - Fetching configurations for tenantId: 1
2025-04-14 23:52:35 [http-nio-8081-exec-1] INFO  b.service.TenantConfigurationService - Found 1 configurations for tenantId: 1
2025-04-14 23:52:35 [http-nio-8081-exec-1] INFO  b.s.impl.HouseCleaningServiceImpl - Using configured time interval: 30 minutes
2025-04-14 23:52:35 [http-nio-8081-exec-1] INFO  b.service.TenantConfigurationService - Fetching configurations for tenantId: 1
2025-04-14 23:52:36 [http-nio-8081-exec-1] INFO  b.service.TenantConfigurationService - Found 1 configurations for tenantId: 1
2025-04-14 23:52:36 [http-nio-8081-exec-1] INFO  b.s.impl.HouseCleaningServiceImpl - Using configured shift duration: 4 hours
2025-04-14 23:52:36 [http-nio-8081-exec-1] INFO  b.service.TenantConfigurationService - Fetching configurations for tenantId: 1
2025-04-14 23:52:36 [http-nio-8081-exec-1] INFO  b.service.TenantConfigurationService - Found 1 configurations for tenantId: 1
2025-04-14 23:52:36 [http-nio-8081-exec-1] INFO  b.s.impl.HouseCleaningServiceImpl - Configured morning shift start time: 07:00
2025-04-14 23:52:36 [http-nio-8081-exec-1] INFO  b.s.impl.HouseCleaningServiceImpl - Configured afternoon shift start time: 11:00
2025-04-14 23:52:36 [http-nio-8081-exec-1] INFO  b.s.impl.HouseCleaningServiceImpl - Configured evening shift start time: 15:00
2025-04-14 23:52:36 [http-nio-8081-exec-1] WARN  b.s.impl.HouseCleaningServiceImpl - No booking ID found for room ID 438
2025-04-14 23:52:36 [http-nio-8081-exec-1] INFO  b.service.TenantConfigurationService - Fetching configurations for tenantId: 1
2025-04-14 23:52:36 [http-nio-8081-exec-1] INFO  b.service.TenantConfigurationService - Found 1 configurations for tenantId: 1
2025-04-14 23:52:36 [http-nio-8081-exec-1] INFO  b.s.impl.HouseCleaningServiceImpl - Using configured time interval: 30 minutes
2025-04-14 23:52:36 [http-nio-8081-exec-1] INFO  b.service.TenantConfigurationService - Fetching configurations for tenantId: 1
2025-04-14 23:52:36 [http-nio-8081-exec-1] INFO  b.service.TenantConfigurationService - Found 1 configurations for tenantId: 1
2025-04-14 23:52:36 [http-nio-8081-exec-1] INFO  b.s.impl.HouseCleaningServiceImpl - Using configured shift duration: 4 hours
2025-04-14 23:52:36 [http-nio-8081-exec-1] INFO  b.service.TenantConfigurationService - Fetching configurations for tenantId: 1
2025-04-14 23:52:36 [http-nio-8081-exec-1] INFO  b.service.TenantConfigurationService - Found 1 configurations for tenantId: 1
2025-04-14 23:52:36 [http-nio-8081-exec-1] INFO  b.s.impl.HouseCleaningServiceImpl - Configured morning shift start time: 07:00
2025-04-14 23:52:36 [http-nio-8081-exec-1] INFO  b.s.impl.HouseCleaningServiceImpl - Configured afternoon shift start time: 11:00
2025-04-14 23:52:36 [http-nio-8081-exec-1] INFO  b.s.impl.HouseCleaningServiceImpl - Configured evening shift start time: 15:00
2025-04-14 23:52:36 [http-nio-8081-exec-1] WARN  b.s.impl.HouseCleaningServiceImpl - No booking ID found for room ID 439
2025-04-14 23:52:36 [http-nio-8081-exec-1] INFO  b.service.TenantConfigurationService - Fetching configurations for tenantId: 1
2025-04-14 23:52:36 [http-nio-8081-exec-1] INFO  b.service.TenantConfigurationService - Found 1 configurations for tenantId: 1
2025-04-14 23:52:36 [http-nio-8081-exec-1] INFO  b.s.impl.HouseCleaningServiceImpl - Using configured time interval: 30 minutes
2025-04-14 23:52:36 [http-nio-8081-exec-1] INFO  b.service.TenantConfigurationService - Fetching configurations for tenantId: 1
2025-04-14 23:52:36 [http-nio-8081-exec-1] INFO  b.service.TenantConfigurationService - Found 1 configurations for tenantId: 1
2025-04-14 23:52:36 [http-nio-8081-exec-1] INFO  b.s.impl.HouseCleaningServiceImpl - Using configured shift duration: 4 hours
2025-04-14 23:52:36 [http-nio-8081-exec-1] INFO  b.service.TenantConfigurationService - Fetching configurations for tenantId: 1
2025-04-14 23:52:36 [http-nio-8081-exec-1] INFO  b.service.TenantConfigurationService - Found 1 configurations for tenantId: 1
2025-04-14 23:52:36 [http-nio-8081-exec-1] INFO  b.s.impl.HouseCleaningServiceImpl - Configured morning shift start time: 07:00
2025-04-14 23:52:36 [http-nio-8081-exec-1] INFO  b.s.impl.HouseCleaningServiceImpl - Configured afternoon shift start time: 11:00
2025-04-14 23:52:36 [http-nio-8081-exec-1] INFO  b.s.impl.HouseCleaningServiceImpl - Configured evening shift start time: 15:00
2025-04-14 23:52:36 [http-nio-8081-exec-1] WARN  b.s.impl.HouseCleaningServiceImpl - No booking ID found for room ID 450
2025-04-14 23:52:36 [http-nio-8081-exec-1] INFO  b.service.TenantConfigurationService - Fetching configurations for tenantId: 1
2025-04-14 23:52:36 [http-nio-8081-exec-1] INFO  b.service.TenantConfigurationService - Found 1 configurations for tenantId: 1
2025-04-14 23:52:36 [http-nio-8081-exec-1] INFO  b.s.impl.HouseCleaningServiceImpl - Using configured time interval: 30 minutes
2025-04-14 23:52:36 [http-nio-8081-exec-1] INFO  b.service.TenantConfigurationService - Fetching configurations for tenantId: 1
2025-04-14 23:52:36 [http-nio-8081-exec-1] INFO  b.service.TenantConfigurationService - Found 1 configurations for tenantId: 1
2025-04-14 23:52:36 [http-nio-8081-exec-1] INFO  b.s.impl.HouseCleaningServiceImpl - Using configured shift duration: 4 hours
2025-04-14 23:52:36 [http-nio-8081-exec-1] INFO  b.service.TenantConfigurationService - Fetching configurations for tenantId: 1
2025-04-14 23:52:36 [http-nio-8081-exec-1] INFO  b.service.TenantConfigurationService - Found 1 configurations for tenantId: 1
2025-04-14 23:52:36 [http-nio-8081-exec-1] INFO  b.s.impl.HouseCleaningServiceImpl - Configured morning shift start time: 07:00
2025-04-14 23:52:36 [http-nio-8081-exec-1] INFO  b.s.impl.HouseCleaningServiceImpl - Configured afternoon shift start time: 11:00
2025-04-14 23:52:36 [http-nio-8081-exec-1] INFO  b.s.impl.HouseCleaningServiceImpl - Configured evening shift start time: 15:00
2025-04-14 23:52:36 [http-nio-8081-exec-1] WARN  b.s.impl.HouseCleaningServiceImpl - No booking ID found for room ID 451
2025-04-14 23:52:36 [http-nio-8081-exec-1] INFO  b.service.TenantConfigurationService - Fetching configurations for tenantId: 1
2025-04-14 23:52:36 [http-nio-8081-exec-1] INFO  b.service.TenantConfigurationService - Found 1 configurations for tenantId: 1
2025-04-14 23:52:36 [http-nio-8081-exec-1] INFO  b.s.impl.HouseCleaningServiceImpl - Using configured time interval: 30 minutes
2025-04-14 23:52:36 [http-nio-8081-exec-1] INFO  b.service.TenantConfigurationService - Fetching configurations for tenantId: 1
2025-04-14 23:52:36 [http-nio-8081-exec-1] INFO  b.service.TenantConfigurationService - Found 1 configurations for tenantId: 1
2025-04-14 23:52:36 [http-nio-8081-exec-1] INFO  b.s.impl.HouseCleaningServiceImpl - Using configured shift duration: 4 hours
2025-04-14 23:52:36 [http-nio-8081-exec-1] INFO  b.service.TenantConfigurationService - Fetching configurations for tenantId: 1
2025-04-14 23:52:36 [http-nio-8081-exec-1] INFO  b.service.TenantConfigurationService - Found 1 configurations for tenantId: 1
2025-04-14 23:52:36 [http-nio-8081-exec-1] INFO  b.s.impl.HouseCleaningServiceImpl - Configured morning shift start time: 07:00
2025-04-14 23:52:36 [http-nio-8081-exec-1] INFO  b.s.impl.HouseCleaningServiceImpl - Configured afternoon shift start time: 11:00
2025-04-14 23:52:36 [http-nio-8081-exec-1] INFO  b.s.impl.HouseCleaningServiceImpl - Configured evening shift start time: 15:00
2025-04-14 23:52:36 [http-nio-8081-exec-1] WARN  b.s.impl.HouseCleaningServiceImpl - No booking ID found for room ID 452
2025-04-14 23:52:36 [http-nio-8081-exec-1] INFO  b.service.TenantConfigurationService - Fetching configurations for tenantId: 1
2025-04-14 23:52:36 [http-nio-8081-exec-1] INFO  b.service.TenantConfigurationService - Found 1 configurations for tenantId: 1
2025-04-14 23:52:36 [http-nio-8081-exec-1] INFO  b.s.impl.HouseCleaningServiceImpl - Using configured time interval: 30 minutes
2025-04-14 23:52:36 [http-nio-8081-exec-1] INFO  b.service.TenantConfigurationService - Fetching configurations for tenantId: 1
2025-04-14 23:52:36 [http-nio-8081-exec-1] INFO  b.service.TenantConfigurationService - Found 1 configurations for tenantId: 1
2025-04-14 23:52:36 [http-nio-8081-exec-1] INFO  b.s.impl.HouseCleaningServiceImpl - Using configured shift duration: 4 hours
2025-04-14 23:52:36 [http-nio-8081-exec-1] INFO  b.service.TenantConfigurationService - Fetching configurations for tenantId: 1
2025-04-14 23:52:36 [http-nio-8081-exec-1] INFO  b.service.TenantConfigurationService - Found 1 configurations for tenantId: 1
2025-04-14 23:52:36 [http-nio-8081-exec-1] INFO  b.s.impl.HouseCleaningServiceImpl - Configured morning shift start time: 07:00
2025-04-14 23:52:36 [http-nio-8081-exec-1] INFO  b.s.impl.HouseCleaningServiceImpl - Configured afternoon shift start time: 11:00
2025-04-14 23:52:36 [http-nio-8081-exec-1] INFO  b.s.impl.HouseCleaningServiceImpl - Configured evening shift start time: 15:00
2025-04-14 23:52:36 [http-nio-8081-exec-1] WARN  b.s.impl.HouseCleaningServiceImpl - No booking ID found for room ID 456
2025-04-14 23:52:36 [http-nio-8081-exec-1] INFO  b.service.TenantConfigurationService - Fetching configurations for tenantId: 1
2025-04-14 23:52:36 [http-nio-8081-exec-1] INFO  b.service.TenantConfigurationService - Found 1 configurations for tenantId: 1
2025-04-14 23:52:36 [http-nio-8081-exec-1] INFO  b.s.impl.HouseCleaningServiceImpl - Using configured time interval: 30 minutes
2025-04-14 23:52:36 [http-nio-8081-exec-1] INFO  b.service.TenantConfigurationService - Fetching configurations for tenantId: 1
2025-04-14 23:52:36 [http-nio-8081-exec-1] INFO  b.service.TenantConfigurationService - Found 1 configurations for tenantId: 1
2025-04-14 23:52:36 [http-nio-8081-exec-1] INFO  b.s.impl.HouseCleaningServiceImpl - Using configured shift duration: 4 hours
2025-04-14 23:52:36 [http-nio-8081-exec-1] INFO  b.service.TenantConfigurationService - Fetching configurations for tenantId: 1
2025-04-14 23:52:36 [http-nio-8081-exec-1] INFO  b.service.TenantConfigurationService - Found 1 configurations for tenantId: 1
2025-04-14 23:52:36 [http-nio-8081-exec-1] INFO  b.s.impl.HouseCleaningServiceImpl - Configured morning shift start time: 07:00
2025-04-14 23:52:36 [http-nio-8081-exec-1] INFO  b.s.impl.HouseCleaningServiceImpl - Configured afternoon shift start time: 11:00
2025-04-14 23:52:36 [http-nio-8081-exec-1] INFO  b.s.impl.HouseCleaningServiceImpl - Configured evening shift start time: 15:00
2025-04-14 23:52:36 [http-nio-8081-exec-1] WARN  b.s.impl.HouseCleaningServiceImpl - No booking ID found for room ID 457
2025-04-14 23:52:36 [http-nio-8081-exec-1] INFO  b.service.TenantConfigurationService - Fetching configurations for tenantId: 1
2025-04-14 23:52:36 [http-nio-8081-exec-1] INFO  b.service.TenantConfigurationService - Found 1 configurations for tenantId: 1
2025-04-14 23:52:36 [http-nio-8081-exec-1] INFO  b.s.impl.HouseCleaningServiceImpl - Using configured time interval: 30 minutes
2025-04-14 23:52:36 [http-nio-8081-exec-1] INFO  b.service.TenantConfigurationService - Fetching configurations for tenantId: 1
2025-04-14 23:52:36 [http-nio-8081-exec-1] INFO  b.service.TenantConfigurationService - Found 1 configurations for tenantId: 1
2025-04-14 23:52:36 [http-nio-8081-exec-1] INFO  b.s.impl.HouseCleaningServiceImpl - Using configured shift duration: 4 hours
2025-04-14 23:52:36 [http-nio-8081-exec-1] INFO  b.service.TenantConfigurationService - Fetching configurations for tenantId: 1
2025-04-14 23:52:37 [http-nio-8081-exec-1] INFO  b.service.TenantConfigurationService - Found 1 configurations for tenantId: 1
2025-04-14 23:52:37 [http-nio-8081-exec-1] INFO  b.s.impl.HouseCleaningServiceImpl - Configured morning shift start time: 07:00
2025-04-14 23:52:37 [http-nio-8081-exec-1] INFO  b.s.impl.HouseCleaningServiceImpl - Configured afternoon shift start time: 11:00
2025-04-14 23:52:37 [http-nio-8081-exec-1] INFO  b.s.impl.HouseCleaningServiceImpl - Configured evening shift start time: 15:00
2025-04-14 23:52:37 [http-nio-8081-exec-1] WARN  b.s.impl.HouseCleaningServiceImpl - No booking ID found for room ID 464
2025-04-14 23:52:37 [http-nio-8081-exec-1] INFO  b.service.TenantConfigurationService - Fetching configurations for tenantId: 1
2025-04-14 23:52:37 [http-nio-8081-exec-1] INFO  b.service.TenantConfigurationService - Found 1 configurations for tenantId: 1
2025-04-14 23:52:37 [http-nio-8081-exec-1] INFO  b.s.impl.HouseCleaningServiceImpl - Using configured time interval: 30 minutes
2025-04-14 23:52:37 [http-nio-8081-exec-1] INFO  b.service.TenantConfigurationService - Fetching configurations for tenantId: 1
2025-04-14 23:52:37 [http-nio-8081-exec-1] INFO  b.service.TenantConfigurationService - Found 1 configurations for tenantId: 1
2025-04-14 23:52:37 [http-nio-8081-exec-1] INFO  b.s.impl.HouseCleaningServiceImpl - Using configured shift duration: 4 hours
2025-04-14 23:52:37 [http-nio-8081-exec-1] INFO  b.service.TenantConfigurationService - Fetching configurations for tenantId: 1
2025-04-14 23:52:37 [http-nio-8081-exec-1] INFO  b.service.TenantConfigurationService - Found 1 configurations for tenantId: 1
2025-04-14 23:52:37 [http-nio-8081-exec-1] INFO  b.s.impl.HouseCleaningServiceImpl - Configured morning shift start time: 07:00
2025-04-14 23:52:37 [http-nio-8081-exec-1] INFO  b.s.impl.HouseCleaningServiceImpl - Configured afternoon shift start time: 11:00
2025-04-14 23:52:37 [http-nio-8081-exec-1] INFO  b.s.impl.HouseCleaningServiceImpl - Configured evening shift start time: 15:00
2025-04-14 23:52:37 [http-nio-8081-exec-1] WARN  b.s.impl.HouseCleaningServiceImpl - No booking ID found for room ID 468
2025-04-14 23:52:37 [http-nio-8081-exec-1] INFO  b.service.TenantConfigurationService - Fetching configurations for tenantId: 1
2025-04-14 23:52:37 [http-nio-8081-exec-1] INFO  b.service.TenantConfigurationService - Found 1 configurations for tenantId: 1
2025-04-14 23:52:37 [http-nio-8081-exec-1] INFO  b.s.impl.HouseCleaningServiceImpl - Using configured time interval: 30 minutes
2025-04-14 23:52:37 [http-nio-8081-exec-1] INFO  b.service.TenantConfigurationService - Fetching configurations for tenantId: 1
2025-04-14 23:52:37 [http-nio-8081-exec-1] INFO  b.service.TenantConfigurationService - Found 1 configurations for tenantId: 1
2025-04-14 23:52:37 [http-nio-8081-exec-1] INFO  b.s.impl.HouseCleaningServiceImpl - Using configured shift duration: 4 hours
2025-04-14 23:52:37 [http-nio-8081-exec-1] INFO  b.service.TenantConfigurationService - Fetching configurations for tenantId: 1
2025-04-14 23:52:37 [http-nio-8081-exec-1] INFO  b.service.TenantConfigurationService - Found 1 configurations for tenantId: 1
2025-04-14 23:52:37 [http-nio-8081-exec-1] INFO  b.s.impl.HouseCleaningServiceImpl - Configured morning shift start time: 07:00
2025-04-14 23:52:37 [http-nio-8081-exec-1] INFO  b.s.impl.HouseCleaningServiceImpl - Configured afternoon shift start time: 11:00
2025-04-14 23:52:37 [http-nio-8081-exec-1] INFO  b.s.impl.HouseCleaningServiceImpl - Configured evening shift start time: 15:00
2025-04-14 23:52:37 [http-nio-8081-exec-1] WARN  b.s.impl.HouseCleaningServiceImpl - No booking ID found for room ID 469
2025-04-14 23:52:37 [http-nio-8081-exec-1] INFO  b.service.TenantConfigurationService - Fetching configurations for tenantId: 1
2025-04-14 23:52:37 [http-nio-8081-exec-1] INFO  b.service.TenantConfigurationService - Found 1 configurations for tenantId: 1
2025-04-14 23:52:37 [http-nio-8081-exec-1] INFO  b.s.impl.HouseCleaningServiceImpl - Using configured time interval: 30 minutes
2025-04-14 23:52:37 [http-nio-8081-exec-1] INFO  b.service.TenantConfigurationService - Fetching configurations for tenantId: 1
2025-04-14 23:52:37 [http-nio-8081-exec-1] INFO  b.service.TenantConfigurationService - Found 1 configurations for tenantId: 1
2025-04-14 23:52:37 [http-nio-8081-exec-1] INFO  b.s.impl.HouseCleaningServiceImpl - Using configured shift duration: 4 hours
2025-04-14 23:52:37 [http-nio-8081-exec-1] INFO  b.service.TenantConfigurationService - Fetching configurations for tenantId: 1
2025-04-14 23:52:37 [http-nio-8081-exec-1] INFO  b.service.TenantConfigurationService - Found 1 configurations for tenantId: 1
2025-04-14 23:52:37 [http-nio-8081-exec-1] INFO  b.s.impl.HouseCleaningServiceImpl - Configured morning shift start time: 07:00
2025-04-14 23:52:37 [http-nio-8081-exec-1] INFO  b.s.impl.HouseCleaningServiceImpl - Configured afternoon shift start time: 11:00
2025-04-14 23:52:37 [http-nio-8081-exec-1] INFO  b.s.impl.HouseCleaningServiceImpl - Configured evening shift start time: 15:00
2025-04-14 23:52:37 [http-nio-8081-exec-1] WARN  b.s.impl.HouseCleaningServiceImpl - No booking ID found for room ID 470
2025-04-14 23:52:37 [http-nio-8081-exec-1] INFO  b.service.TenantConfigurationService - Fetching configurations for tenantId: 1
2025-04-14 23:52:37 [http-nio-8081-exec-1] INFO  b.service.TenantConfigurationService - Found 1 configurations for tenantId: 1
2025-04-14 23:52:37 [http-nio-8081-exec-1] INFO  b.s.impl.HouseCleaningServiceImpl - Using configured time interval: 30 minutes
2025-04-14 23:52:37 [http-nio-8081-exec-1] INFO  b.service.TenantConfigurationService - Fetching configurations for tenantId: 1
2025-04-14 23:52:37 [http-nio-8081-exec-1] INFO  b.service.TenantConfigurationService - Found 1 configurations for tenantId: 1
2025-04-14 23:52:37 [http-nio-8081-exec-1] INFO  b.s.impl.HouseCleaningServiceImpl - Using configured shift duration: 4 hours
2025-04-14 23:52:37 [http-nio-8081-exec-1] INFO  b.service.TenantConfigurationService - Fetching configurations for tenantId: 1
2025-04-14 23:52:37 [http-nio-8081-exec-1] INFO  b.service.TenantConfigurationService - Found 1 configurations for tenantId: 1
2025-04-14 23:52:37 [http-nio-8081-exec-1] INFO  b.s.impl.HouseCleaningServiceImpl - Configured morning shift start time: 07:00
2025-04-14 23:52:37 [http-nio-8081-exec-1] INFO  b.s.impl.HouseCleaningServiceImpl - Configured afternoon shift start time: 11:00
2025-04-14 23:52:37 [http-nio-8081-exec-1] INFO  b.s.impl.HouseCleaningServiceImpl - Configured evening shift start time: 15:00
2025-04-14 23:52:37 [http-nio-8081-exec-1] WARN  b.s.impl.HouseCleaningServiceImpl - No booking ID found for room ID 480
2025-04-14 23:52:37 [http-nio-8081-exec-1] INFO  b.service.TenantConfigurationService - Fetching configurations for tenantId: 1
2025-04-14 23:52:37 [http-nio-8081-exec-1] INFO  b.service.TenantConfigurationService - Found 1 configurations for tenantId: 1
2025-04-14 23:52:37 [http-nio-8081-exec-1] INFO  b.s.impl.HouseCleaningServiceImpl - Using configured time interval: 30 minutes
2025-04-14 23:52:37 [http-nio-8081-exec-1] INFO  b.service.TenantConfigurationService - Fetching configurations for tenantId: 1
2025-04-14 23:52:37 [http-nio-8081-exec-1] INFO  b.service.TenantConfigurationService - Found 1 configurations for tenantId: 1
2025-04-14 23:52:37 [http-nio-8081-exec-1] INFO  b.s.impl.HouseCleaningServiceImpl - Using configured shift duration: 4 hours
2025-04-14 23:52:37 [http-nio-8081-exec-1] INFO  b.service.TenantConfigurationService - Fetching configurations for tenantId: 1
2025-04-14 23:52:37 [http-nio-8081-exec-1] INFO  b.service.TenantConfigurationService - Found 1 configurations for tenantId: 1
2025-04-14 23:52:37 [http-nio-8081-exec-1] INFO  b.s.impl.HouseCleaningServiceImpl - Configured morning shift start time: 07:00
2025-04-14 23:52:37 [http-nio-8081-exec-1] INFO  b.s.impl.HouseCleaningServiceImpl - Configured afternoon shift start time: 11:00
2025-04-14 23:52:37 [http-nio-8081-exec-1] INFO  b.s.impl.HouseCleaningServiceImpl - Configured evening shift start time: 15:00
2025-04-14 23:52:37 [http-nio-8081-exec-1] WARN  b.s.impl.HouseCleaningServiceImpl - No booking ID found for room ID 427
2025-04-14 23:52:57 [http-nio-8081-exec-3] DEBUG o.s.security.web.FilterChainProxy - Securing POST /api/house-cleaning/assign-staff?date=2025-05-01&shift=MORNING_SHIFT
2025-04-14 23:52:57 [http-nio-8081-exec-3] DEBUG o.s.s.w.a.AnonymousAuthenticationFilter - Set SecurityContextHolder to anonymous SecurityContext
2025-04-14 23:52:57 [http-nio-8081-exec-3] DEBUG o.s.security.web.FilterChainProxy - Secured POST /api/house-cleaning/assign-staff?date=2025-05-01&shift=MORNING_SHIFT
2025-04-14 23:52:57 [http-nio-8081-exec-3] INFO  b.s.impl.HouseCleaningServiceImpl - Assigning staff to schedules for date: 2025-05-01 and shift: MORNING_SHIFT
2025-04-14 23:52:57 [http-nio-8081-exec-3] INFO  b.service.TenantConfigurationService - Fetching configurations for tenantId: 1
2025-04-14 23:52:57 [http-nio-8081-exec-3] INFO  b.service.TenantConfigurationService - Found 1 configurations for tenantId: 1
2025-04-14 23:52:57 [http-nio-8081-exec-3] INFO  b.s.impl.HouseCleaningServiceImpl - Using configured shift duration: 4 hours
2025-04-14 23:52:57 [http-nio-8081-exec-3] INFO  b.service.TenantConfigurationService - Fetching configurations for tenantId: 1
2025-04-14 23:52:57 [http-nio-8081-exec-3] INFO  b.service.TenantConfigurationService - Found 1 configurations for tenantId: 1
2025-04-14 23:52:57 [http-nio-8081-exec-3] INFO  b.s.impl.HouseCleaningServiceImpl - Using configured daily cleaning duration: 30 minutes
2025-04-14 23:52:57 [http-nio-8081-exec-3] INFO  b.service.TenantConfigurationService - Fetching configurations for tenantId: 1
2025-04-14 23:52:57 [http-nio-8081-exec-3] INFO  b.service.TenantConfigurationService - Found 1 configurations for tenantId: 1
2025-04-14 23:52:57 [http-nio-8081-exec-3] INFO  b.s.impl.HouseCleaningServiceImpl - Using configured deep cleaning duration: 120 minutes
2025-04-14 23:52:57 [http-nio-8081-exec-3] INFO  b.service.TenantConfigurationService - Fetching configurations for tenantId: 1
2025-04-14 23:52:57 [http-nio-8081-exec-3] INFO  b.service.TenantConfigurationService - Found 1 configurations for tenantId: 1
2025-04-14 23:52:57 [http-nio-8081-exec-3] INFO  b.s.impl.HouseCleaningServiceImpl - Configured morning shift start time: 07:00
2025-04-14 23:52:57 [http-nio-8081-exec-3] INFO  b.s.impl.HouseCleaningServiceImpl - Configured afternoon shift start time: 11:00
2025-04-14 23:52:57 [http-nio-8081-exec-3] INFO  b.s.impl.HouseCleaningServiceImpl - Configured evening shift start time: 15:00
2025-04-14 23:52:57 [http-nio-8081-exec-3] INFO  b.s.impl.HouseCleaningServiceImpl - Shift time: 07:00 to 11:00
2025-04-14 23:52:57 [http-nio-8081-exec-3] INFO  b.s.impl.HouseCleaningServiceImpl - Total cleaning minutes required: 540, Minutes per staff: 240, Required staff count: 3
2025-04-14 23:52:57 [http-nio-8081-exec-3] WARN  b.s.impl.HouseCleaningServiceImpl - STAFF SHORTAGE: 3 staff needed for 18 rooms in shift MORNING_SHIFT. Only 2 staff available.
2025-04-14 23:53:02 [http-nio-8081-exec-3] INFO  backend.service.EmailService - Admin email sent successfully with subject: CRITICAL STAFF SHORTAGE ALERT: MORNING_SHIFT Shift on 2025-05-01
2025-04-14 23:53:02 [http-nio-8081-exec-3] INFO  backend.service.EmailService - Critical staff shortage email notification sent to admin
2025-04-14 23:53:02 [http-nio-8081-exec-3] INFO  b.s.impl.HouseCleaningServiceImpl - Assigned staff 6 to room 421 from 07:00 to 07:30, cleaning type: DAILY_CLEANING, utilization: 12.5%
2025-04-14 23:53:02 [http-nio-8081-exec-3] INFO  b.s.impl.HouseCleaningServiceImpl - Assigned staff 9 to room 422 from 07:00 to 07:30, cleaning type: DAILY_CLEANING, utilization: 12.5%
2025-04-14 23:53:02 [http-nio-8081-exec-3] INFO  b.s.impl.HouseCleaningServiceImpl - Assigned staff 6 to room 426 from 07:30 to 08:00, cleaning type: DAILY_CLEANING, utilization: 25.0%
2025-04-14 23:53:02 [http-nio-8081-exec-3] INFO  b.s.impl.HouseCleaningServiceImpl - Assigned staff 9 to room 432 from 07:30 to 08:00, cleaning type: DAILY_CLEANING, utilization: 25.0%
2025-04-14 23:53:02 [http-nio-8081-exec-3] INFO  b.s.impl.HouseCleaningServiceImpl - Assigned staff 6 to room 433 from 08:00 to 08:30, cleaning type: DAILY_CLEANING, utilization: 37.5%
2025-04-14 23:53:02 [http-nio-8081-exec-3] INFO  b.s.impl.HouseCleaningServiceImpl - Assigned staff 9 to room 434 from 08:00 to 08:30, cleaning type: DAILY_CLEANING, utilization: 37.5%
2025-04-14 23:53:02 [http-nio-8081-exec-3] INFO  b.s.impl.HouseCleaningServiceImpl - Assigned staff 6 to room 438 from 08:30 to 09:00, cleaning type: DAILY_CLEANING, utilization: 50.0%
2025-04-14 23:53:02 [http-nio-8081-exec-3] INFO  b.s.impl.HouseCleaningServiceImpl - Assigned staff 9 to room 439 from 08:30 to 09:00, cleaning type: DAILY_CLEANING, utilization: 50.0%
2025-04-14 23:53:02 [http-nio-8081-exec-3] INFO  b.s.impl.HouseCleaningServiceImpl - Assigned staff 6 to room 450 from 09:00 to 09:30, cleaning type: DAILY_CLEANING, utilization: 62.5%
2025-04-14 23:53:02 [http-nio-8081-exec-3] INFO  b.s.impl.HouseCleaningServiceImpl - Assigned staff 9 to room 451 from 09:00 to 09:30, cleaning type: DAILY_CLEANING, utilization: 62.5%
2025-04-14 23:53:02 [http-nio-8081-exec-3] INFO  b.s.impl.HouseCleaningServiceImpl - Assigned staff 6 to room 452 from 09:30 to 10:00, cleaning type: DAILY_CLEANING, utilization: 75.0%
2025-04-14 23:53:02 [http-nio-8081-exec-3] INFO  b.s.impl.HouseCleaningServiceImpl - Assigned staff 9 to room 456 from 09:30 to 10:00, cleaning type: DAILY_CLEANING, utilization: 75.0%
2025-04-14 23:53:02 [http-nio-8081-exec-3] INFO  b.s.impl.HouseCleaningServiceImpl - Assigned staff 6 to room 457 from 10:00 to 10:30, cleaning type: DAILY_CLEANING, utilization: 87.5%
2025-04-14 23:53:02 [http-nio-8081-exec-3] INFO  b.s.impl.HouseCleaningServiceImpl - Assigned staff 9 to room 464 from 10:00 to 10:30, cleaning type: DAILY_CLEANING, utilization: 87.5%
2025-04-14 23:53:02 [http-nio-8081-exec-3] INFO  b.s.impl.HouseCleaningServiceImpl - Assigned staff 6 to room 468 from 10:30 to 11:00, cleaning type: DAILY_CLEANING, utilization: 100.0%
2025-04-14 23:53:02 [http-nio-8081-exec-3] INFO  b.s.impl.HouseCleaningServiceImpl - Assigned staff 9 to room 469 from 10:30 to 11:00, cleaning type: DAILY_CLEANING, utilization: 100.0%
2025-04-14 23:53:02 [http-nio-8081-exec-3] WARN  b.s.impl.HouseCleaningServiceImpl - Could not find suitable time slot for staff 6 to clean room 470
2025-04-14 23:53:02 [http-nio-8081-exec-3] WARN  b.s.impl.HouseCleaningServiceImpl - Could not find suitable time slot for staff 6 to clean room 480
2025-04-14 23:53:02 [http-nio-8081-exec-3] INFO  b.s.impl.HouseCleaningServiceImpl - Staff 6 has 9 rooms assigned. Utilization: 100.0% (240 minutes of 240 available)
2025-04-14 23:53:02 [http-nio-8081-exec-3] INFO  b.s.impl.HouseCleaningServiceImpl -   - Room 421: 07:00 to 07:30 (DAILY_CLEANING)
2025-04-14 23:53:02 [http-nio-8081-exec-3] INFO  b.s.impl.HouseCleaningServiceImpl -   - Room 470: 07:00 to 07:30 (DAILY_CLEANING)
2025-04-14 23:53:02 [http-nio-8081-exec-3] INFO  b.s.impl.HouseCleaningServiceImpl -   - Room 426: 07:30 to 08:00 (DAILY_CLEANING)
2025-04-14 23:53:02 [http-nio-8081-exec-3] INFO  b.s.impl.HouseCleaningServiceImpl -   - Room 433: 08:00 to 08:30 (DAILY_CLEANING)
2025-04-14 23:53:02 [http-nio-8081-exec-3] INFO  b.s.impl.HouseCleaningServiceImpl -   - Room 438: 08:30 to 09:00 (DAILY_CLEANING)
2025-04-14 23:53:02 [http-nio-8081-exec-3] INFO  b.s.impl.HouseCleaningServiceImpl -   - Room 450: 09:00 to 09:30 (DAILY_CLEANING)
2025-04-14 23:53:02 [http-nio-8081-exec-3] INFO  b.s.impl.HouseCleaningServiceImpl -   - Room 452: 09:30 to 10:00 (DAILY_CLEANING)
2025-04-14 23:53:02 [http-nio-8081-exec-3] INFO  b.s.impl.HouseCleaningServiceImpl -   - Room 457: 10:00 to 10:30 (DAILY_CLEANING)
2025-04-14 23:53:02 [http-nio-8081-exec-3] INFO  b.s.impl.HouseCleaningServiceImpl -   - Room 468: 10:30 to 11:00 (DAILY_CLEANING)
2025-04-14 23:53:02 [http-nio-8081-exec-3] INFO  b.s.impl.HouseCleaningServiceImpl - Staff 9 has 9 rooms assigned. Utilization: 100.0% (240 minutes of 240 available)
2025-04-14 23:53:02 [http-nio-8081-exec-3] INFO  b.s.impl.HouseCleaningServiceImpl -   - Room 422: 07:00 to 07:30 (DAILY_CLEANING)
2025-04-14 23:53:02 [http-nio-8081-exec-3] INFO  b.s.impl.HouseCleaningServiceImpl -   - Room 480: 07:00 to 07:30 (DAILY_CLEANING)
2025-04-14 23:53:02 [http-nio-8081-exec-3] INFO  b.s.impl.HouseCleaningServiceImpl -   - Room 432: 07:30 to 08:00 (DAILY_CLEANING)
2025-04-14 23:53:02 [http-nio-8081-exec-3] INFO  b.s.impl.HouseCleaningServiceImpl -   - Room 434: 08:00 to 08:30 (DAILY_CLEANING)
2025-04-14 23:53:02 [http-nio-8081-exec-3] INFO  b.s.impl.HouseCleaningServiceImpl -   - Room 439: 08:30 to 09:00 (DAILY_CLEANING)
2025-04-14 23:53:02 [http-nio-8081-exec-3] INFO  b.s.impl.HouseCleaningServiceImpl -   - Room 451: 09:00 to 09:30 (DAILY_CLEANING)
2025-04-14 23:53:02 [http-nio-8081-exec-3] INFO  b.s.impl.HouseCleaningServiceImpl -   - Room 456: 09:30 to 10:00 (DAILY_CLEANING)
2025-04-14 23:53:02 [http-nio-8081-exec-3] INFO  b.s.impl.HouseCleaningServiceImpl -   - Room 464: 10:00 to 10:30 (DAILY_CLEANING)
2025-04-14 23:53:02 [http-nio-8081-exec-3] INFO  b.s.impl.HouseCleaningServiceImpl -   - Room 469: 10:30 to 11:00 (DAILY_CLEANING)
2025-04-14 23:53:28 [http-nio-8081-exec-5] DEBUG o.s.security.web.FilterChainProxy - Securing POST /api/house-cleaning/assign-staff?date=2025-05-01&shift=AFTERNOON_SHIFT
2025-04-14 23:53:28 [http-nio-8081-exec-5] DEBUG o.s.s.w.a.AnonymousAuthenticationFilter - Set SecurityContextHolder to anonymous SecurityContext
2025-04-14 23:53:28 [http-nio-8081-exec-5] DEBUG o.s.security.web.FilterChainProxy - Secured POST /api/house-cleaning/assign-staff?date=2025-05-01&shift=AFTERNOON_SHIFT
2025-04-14 23:53:28 [http-nio-8081-exec-5] INFO  b.s.impl.HouseCleaningServiceImpl - Assigning staff to schedules for date: 2025-05-01 and shift: AFTERNOON_SHIFT
2025-04-14 23:53:28 [http-nio-8081-exec-5] INFO  b.service.TenantConfigurationService - Fetching configurations for tenantId: 1
2025-04-14 23:53:28 [http-nio-8081-exec-5] INFO  b.service.TenantConfigurationService - Found 1 configurations for tenantId: 1
2025-04-14 23:53:28 [http-nio-8081-exec-5] INFO  b.s.impl.HouseCleaningServiceImpl - Using configured shift duration: 4 hours
2025-04-14 23:53:28 [http-nio-8081-exec-5] INFO  b.service.TenantConfigurationService - Fetching configurations for tenantId: 1
2025-04-14 23:53:28 [http-nio-8081-exec-5] INFO  b.service.TenantConfigurationService - Found 1 configurations for tenantId: 1
2025-04-14 23:53:28 [http-nio-8081-exec-5] INFO  b.s.impl.HouseCleaningServiceImpl - Using configured daily cleaning duration: 30 minutes
2025-04-14 23:53:28 [http-nio-8081-exec-5] INFO  b.service.TenantConfigurationService - Fetching configurations for tenantId: 1
2025-04-14 23:53:28 [http-nio-8081-exec-5] INFO  b.service.TenantConfigurationService - Found 1 configurations for tenantId: 1
2025-04-14 23:53:28 [http-nio-8081-exec-5] INFO  b.s.impl.HouseCleaningServiceImpl - Using configured deep cleaning duration: 120 minutes
2025-04-14 23:53:28 [http-nio-8081-exec-5] INFO  b.service.TenantConfigurationService - Fetching configurations for tenantId: 1
2025-04-14 23:53:28 [http-nio-8081-exec-5] INFO  b.service.TenantConfigurationService - Found 1 configurations for tenantId: 1
2025-04-14 23:53:28 [http-nio-8081-exec-5] INFO  b.s.impl.HouseCleaningServiceImpl - Configured morning shift start time: 07:00
2025-04-14 23:53:28 [http-nio-8081-exec-5] INFO  b.s.impl.HouseCleaningServiceImpl - Configured afternoon shift start time: 11:00
2025-04-14 23:53:28 [http-nio-8081-exec-5] INFO  b.s.impl.HouseCleaningServiceImpl - Configured evening shift start time: 15:00
2025-04-14 23:53:28 [http-nio-8081-exec-5] INFO  b.s.impl.HouseCleaningServiceImpl - Shift time: 11:00 to 15:00
2025-04-14 23:53:28 [http-nio-8081-exec-5] INFO  b.s.impl.HouseCleaningServiceImpl - Total cleaning minutes required: 1200, Minutes per staff: 240, Required staff count: 5
2025-04-14 23:53:28 [http-nio-8081-exec-5] WARN  b.s.impl.HouseCleaningServiceImpl - STAFF SHORTAGE: 5 staff needed for 10 rooms in shift AFTERNOON_SHIFT. Only 1 staff available.
2025-04-14 23:53:33 [http-nio-8081-exec-5] INFO  backend.service.EmailService - Admin email sent successfully with subject: CRITICAL STAFF SHORTAGE ALERT: AFTERNOON_SHIFT Shift on 2025-05-01
2025-04-14 23:53:33 [http-nio-8081-exec-5] INFO  backend.service.EmailService - Critical staff shortage email notification sent to admin
2025-04-14 23:53:33 [http-nio-8081-exec-5] INFO  b.s.impl.HouseCleaningServiceImpl - Assigned staff 2 to room 427 from 11:00 to 13:00, cleaning type: DEEP_CLEANING, utilization: 50.0%
2025-04-14 23:53:33 [http-nio-8081-exec-5] INFO  b.s.impl.HouseCleaningServiceImpl - Assigned staff 2 to room 474 from 13:00 to 15:00, cleaning type: DEEP_CLEANING, utilization: 100.0%
2025-04-14 23:53:33 [http-nio-8081-exec-5] WARN  b.s.impl.HouseCleaningServiceImpl - Could not find suitable time slot for staff 2 to clean room 468
2025-04-14 23:53:33 [http-nio-8081-exec-5] WARN  b.s.impl.HouseCleaningServiceImpl - Could not find suitable time slot for staff 2 to clean room 462
2025-04-14 23:53:33 [http-nio-8081-exec-5] WARN  b.s.impl.HouseCleaningServiceImpl - Could not find suitable time slot for staff 2 to clean room 456
2025-04-14 23:53:33 [http-nio-8081-exec-5] WARN  b.s.impl.HouseCleaningServiceImpl - Could not find suitable time slot for staff 2 to clean room 450
2025-04-14 23:53:33 [http-nio-8081-exec-5] WARN  b.s.impl.HouseCleaningServiceImpl - Could not find suitable time slot for staff 2 to clean room 444
2025-04-14 23:53:33 [http-nio-8081-exec-5] WARN  b.s.impl.HouseCleaningServiceImpl - Could not find suitable time slot for staff 2 to clean room 438
2025-04-14 23:53:33 [http-nio-8081-exec-5] WARN  b.s.impl.HouseCleaningServiceImpl - Could not find suitable time slot for staff 2 to clean room 432
2025-04-14 23:53:33 [http-nio-8081-exec-5] WARN  b.s.impl.HouseCleaningServiceImpl - Could not find suitable time slot for staff 2 to clean room 426
2025-04-14 23:53:33 [http-nio-8081-exec-5] INFO  b.s.impl.HouseCleaningServiceImpl - Staff 2 has 2 rooms assigned. Utilization: 100.0% (240 minutes of 240 available)
2025-04-14 23:53:33 [http-nio-8081-exec-5] INFO  b.s.impl.HouseCleaningServiceImpl -   - Room 427: 11:00 to 13:00 (DEEP_CLEANING)
2025-04-14 23:53:33 [http-nio-8081-exec-5] INFO  b.s.impl.HouseCleaningServiceImpl -   - Room 474: 13:00 to 15:00 (DEEP_CLEANING)
