2025-04-13 00:00:01 [http-nio-8081-exec-1] INFO  o.a.c.c.C.[Tomcat].[localhost].[/] - Initializing Spring DispatcherServlet 'dispatcherServlet'
2025-04-13 00:00:01 [http-nio-8081-exec-1] INFO  o.s.web.servlet.DispatcherServlet - Initializing Servlet 'dispatcherServlet'
2025-04-13 00:00:01 [http-nio-8081-exec-1] INFO  o.s.web.servlet.DispatcherServlet - Completed initialization in 6 ms
2025-04-13 00:00:01 [http-nio-8081-exec-1] DEBUG o.s.security.web.FilterChainProxy - Securing POST /api/house-cleaning/generate?date=2025-05-01
2025-04-13 00:00:01 [http-nio-8081-exec-1] DEBUG o.s.s.w.a.AnonymousAuthenticationFilter - Set SecurityContextHolder to anonymous SecurityContext
2025-04-13 00:00:01 [http-nio-8081-exec-1] DEBUG o.s.security.web.FilterChainProxy - Secured POST /api/house-cleaning/generate?date=2025-05-01
2025-04-13 00:00:01 [http-nio-8081-exec-1] INFO  b.s.impl.HouseCleaningServiceImpl - Generating cleaning schedules for date: 2025-05-01
2025-04-13 00:00:01 [http-nio-8081-exec-1] INFO  b.s.impl.HouseCleaningServiceImpl - Found 10 check-in bookings, 0 check-out bookings, and 10 current bookings for date 2025-05-01
2025-04-13 00:00:01 [http-nio-8081-exec-1] INFO  b.s.impl.BookedRoomsServiceImpl - Checking check-in rooms for date: 2025-05-01
2025-04-13 00:00:01 [http-nio-8081-exec-1] INFO  b.s.impl.BookedRoomsServiceImpl - Found 10 transactions with check-in date 2025-05-01
2025-04-13 00:00:01 [http-nio-8081-exec-1] INFO  b.s.impl.BookedRoomsServiceImpl - Booking IDs for check-in: [13, 12, 15, 14, 53, 55, 59, 60, 155, 318]
2025-04-13 00:00:07 [http-nio-8081-exec-1] INFO  b.s.impl.BookedRoomsServiceImpl - Room IDs for bookings [13, 12, 15, 14, 53, 55, 59, 60, 155, 318]: [421, 422, 433, 434, 439, 451, 452, 457, 464, 469, 470]
2025-04-13 00:00:07 [http-nio-8081-exec-1] INFO  b.s.impl.BookedRoomsServiceImpl - Checking check-out rooms for date: 2025-05-01
2025-04-13 00:00:07 [http-nio-8081-exec-1] INFO  b.s.impl.BookedRoomsServiceImpl - Found 0 transactions with check-out date 2025-05-01
2025-04-13 00:00:07 [http-nio-8081-exec-1] INFO  b.s.impl.BookedRoomsServiceImpl - Booking IDs for check-out: []
2025-04-13 00:00:07 [http-nio-8081-exec-1] INFO  b.s.impl.BookedRoomsServiceImpl - No booking IDs found, returning empty list
2025-04-13 00:00:07 [http-nio-8081-exec-1] INFO  b.s.impl.BookedRoomsServiceImpl - Checking currently booked rooms for date: 2025-05-01T00:00:00Z
2025-04-13 00:00:07 [http-nio-8081-exec-1] INFO  b.s.impl.BookedRoomsServiceImpl - Currently booked room IDs: [421, 422, 433, 434, 439, 451, 452, 457, 464, 469, 470]
2025-04-13 00:00:07 [http-nio-8081-exec-1] INFO  b.s.impl.HouseCleaningServiceImpl - Found 11 check-in rooms, 0 check-out rooms, and 11 current rooms for date 2025-05-01
2025-04-13 00:00:07 [http-nio-8081-exec-1] WARN  b.s.impl.HouseCleaningServiceImpl - Could not extract room ID from booking details for booking ID 13
2025-04-13 00:00:07 [http-nio-8081-exec-1] WARN  b.s.impl.HouseCleaningServiceImpl - Could not extract room ID from booking details for booking ID 12
2025-04-13 00:00:07 [http-nio-8081-exec-1] WARN  b.s.impl.HouseCleaningServiceImpl - Could not extract room ID from booking details for booking ID 15
2025-04-13 00:00:07 [http-nio-8081-exec-1] WARN  b.s.impl.HouseCleaningServiceImpl - Could not extract room ID from booking details for booking ID 14
2025-04-13 00:00:07 [http-nio-8081-exec-1] WARN  b.s.impl.HouseCleaningServiceImpl - Could not extract room ID from booking details for booking ID 53
2025-04-13 00:00:07 [http-nio-8081-exec-1] WARN  b.s.impl.HouseCleaningServiceImpl - Could not extract room ID from booking details for booking ID 55
2025-04-13 00:00:07 [http-nio-8081-exec-1] WARN  b.s.impl.HouseCleaningServiceImpl - Could not extract room ID from booking details for booking ID 59
2025-04-13 00:00:07 [http-nio-8081-exec-1] WARN  b.s.impl.HouseCleaningServiceImpl - Could not extract room ID from booking details for booking ID 60
2025-04-13 00:00:07 [http-nio-8081-exec-1] WARN  b.s.impl.HouseCleaningServiceImpl - Could not extract room ID from booking details for booking ID 155
2025-04-13 00:00:07 [http-nio-8081-exec-1] WARN  b.s.impl.HouseCleaningServiceImpl - Could not extract room ID from booking details for booking ID 318
2025-04-13 00:00:07 [http-nio-8081-exec-1] WARN  b.s.impl.HouseCleaningServiceImpl - Could not extract room ID from booking details for booking ID 13
2025-04-13 00:00:07 [http-nio-8081-exec-1] WARN  b.s.impl.HouseCleaningServiceImpl - Could not extract room ID from booking details for booking ID 12
2025-04-13 00:00:07 [http-nio-8081-exec-1] WARN  b.s.impl.HouseCleaningServiceImpl - Could not extract room ID from booking details for booking ID 15
2025-04-13 00:00:07 [http-nio-8081-exec-1] WARN  b.s.impl.HouseCleaningServiceImpl - Could not extract room ID from booking details for booking ID 14
2025-04-13 00:00:07 [http-nio-8081-exec-1] WARN  b.s.impl.HouseCleaningServiceImpl - Could not extract room ID from booking details for booking ID 53
2025-04-13 00:00:07 [http-nio-8081-exec-1] WARN  b.s.impl.HouseCleaningServiceImpl - Could not extract room ID from booking details for booking ID 55
2025-04-13 00:00:07 [http-nio-8081-exec-1] WARN  b.s.impl.HouseCleaningServiceImpl - Could not extract room ID from booking details for booking ID 59
2025-04-13 00:00:07 [http-nio-8081-exec-1] WARN  b.s.impl.HouseCleaningServiceImpl - Could not extract room ID from booking details for booking ID 60
2025-04-13 00:00:07 [http-nio-8081-exec-1] WARN  b.s.impl.HouseCleaningServiceImpl - Could not extract room ID from booking details for booking ID 155
2025-04-13 00:00:07 [http-nio-8081-exec-1] WARN  b.s.impl.HouseCleaningServiceImpl - Could not extract room ID from booking details for booking ID 318
2025-04-13 00:00:07 [http-nio-8081-exec-1] INFO  b.s.impl.HouseCleaningServiceImpl - Room to booking map: {}
2025-04-13 00:00:07 [http-nio-8081-exec-1] WARN  b.s.impl.HouseCleaningServiceImpl - No booking ID found for room ID 421
2025-04-13 00:00:07 [http-nio-8081-exec-1] WARN  b.s.impl.HouseCleaningServiceImpl - No booking ID found for room ID 422
2025-04-13 00:00:07 [http-nio-8081-exec-1] WARN  b.s.impl.HouseCleaningServiceImpl - No booking ID found for room ID 433
2025-04-13 00:00:07 [http-nio-8081-exec-1] WARN  b.s.impl.HouseCleaningServiceImpl - No booking ID found for room ID 434
2025-04-13 00:00:07 [http-nio-8081-exec-1] WARN  b.s.impl.HouseCleaningServiceImpl - No booking ID found for room ID 439
2025-04-13 00:00:07 [http-nio-8081-exec-1] WARN  b.s.impl.HouseCleaningServiceImpl - No booking ID found for room ID 451
2025-04-13 00:00:07 [http-nio-8081-exec-1] WARN  b.s.impl.HouseCleaningServiceImpl - No booking ID found for room ID 452
2025-04-13 00:00:07 [http-nio-8081-exec-1] WARN  b.s.impl.HouseCleaningServiceImpl - No booking ID found for room ID 457
2025-04-13 00:00:07 [http-nio-8081-exec-1] WARN  b.s.impl.HouseCleaningServiceImpl - No booking ID found for room ID 464
2025-04-13 00:00:07 [http-nio-8081-exec-1] WARN  b.s.impl.HouseCleaningServiceImpl - No booking ID found for room ID 469
2025-04-13 00:00:07 [http-nio-8081-exec-1] WARN  b.s.impl.HouseCleaningServiceImpl - No booking ID found for room ID 470
2025-04-13 00:00:29 [http-nio-8081-exec-3] DEBUG o.s.security.web.FilterChainProxy - Securing POST /api/house-cleaning/assign-staff?date=2025-05-01&shift=MORNING_SHIFT
2025-04-13 00:00:29 [http-nio-8081-exec-3] DEBUG o.s.s.w.a.AnonymousAuthenticationFilter - Set SecurityContextHolder to anonymous SecurityContext
2025-04-13 00:00:29 [http-nio-8081-exec-3] DEBUG o.s.security.web.FilterChainProxy - Secured POST /api/house-cleaning/assign-staff?date=2025-05-01&shift=MORNING_SHIFT
2025-04-13 00:00:29 [http-nio-8081-exec-3] INFO  b.s.impl.HouseCleaningServiceImpl - Assigning staff to schedules for date: 2025-05-01 and shift: MORNING_SHIFT
2025-04-13 00:00:29 [http-nio-8081-exec-3] INFO  b.s.impl.HouseCleaningServiceImpl - Shift time: 05:00 to 09:00
2025-04-13 00:00:29 [http-nio-8081-exec-3] WARN  b.s.impl.HouseCleaningServiceImpl - Schedule end time 09:30 is after shift end time 09:00. Adjusting to fit within shift.
2025-04-13 00:00:29 [http-nio-8081-exec-3] INFO  b.s.impl.HouseCleaningServiceImpl - Assigned staff 1 to room 422 for cleaning from 08:30 to 09:00
2025-04-13 00:00:29 [http-nio-8081-exec-3] WARN  b.s.impl.HouseCleaningServiceImpl - Schedule end time 09:30 is after shift end time 09:00. Adjusting to fit within shift.
2025-04-13 00:00:29 [http-nio-8081-exec-3] INFO  b.s.impl.HouseCleaningServiceImpl - Assigned staff 4 to room 434 for cleaning from 08:30 to 09:00
2025-04-13 00:00:29 [http-nio-8081-exec-3] WARN  b.s.impl.HouseCleaningServiceImpl - Schedule end time 09:30 is after shift end time 09:00. Adjusting to fit within shift.
2025-04-13 00:00:29 [http-nio-8081-exec-3] INFO  b.s.impl.HouseCleaningServiceImpl - Assigned staff 10 to room 439 for cleaning from 08:30 to 09:00
2025-04-13 00:00:29 [http-nio-8081-exec-3] WARN  b.s.impl.HouseCleaningServiceImpl - Schedule end time 09:30 is after shift end time 09:00. Adjusting to fit within shift.
2025-04-13 00:00:29 [http-nio-8081-exec-3] WARN  b.s.impl.HouseCleaningServiceImpl - No available staff found for room 464 at time 08:30
2025-04-13 00:00:29 [http-nio-8081-exec-3] WARN  b.s.impl.HouseCleaningServiceImpl - Schedule end time 10:00 is after shift end time 09:00. Adjusting to fit within shift.
2025-04-13 00:00:29 [http-nio-8081-exec-3] WARN  b.s.impl.HouseCleaningServiceImpl - No available staff found for room 421 at time 08:30
2025-04-13 00:00:29 [http-nio-8081-exec-3] WARN  b.s.impl.HouseCleaningServiceImpl - Schedule end time 10:00 is after shift end time 09:00. Adjusting to fit within shift.
2025-04-13 00:00:29 [http-nio-8081-exec-3] WARN  b.s.impl.HouseCleaningServiceImpl - No available staff found for room 433 at time 08:30
2025-04-13 00:00:29 [http-nio-8081-exec-3] WARN  b.s.impl.HouseCleaningServiceImpl - Schedule end time 10:00 is after shift end time 09:00. Adjusting to fit within shift.
2025-04-13 00:00:29 [http-nio-8081-exec-3] WARN  b.s.impl.HouseCleaningServiceImpl - No available staff found for room 451 at time 08:30
2025-04-13 00:00:29 [http-nio-8081-exec-3] WARN  b.s.impl.HouseCleaningServiceImpl - Schedule end time 10:00 is after shift end time 09:00. Adjusting to fit within shift.
2025-04-13 00:00:29 [http-nio-8081-exec-3] WARN  b.s.impl.HouseCleaningServiceImpl - No available staff found for room 457 at time 08:30
2025-04-13 00:00:29 [http-nio-8081-exec-3] WARN  b.s.impl.HouseCleaningServiceImpl - Schedule end time 10:30 is after shift end time 09:00. Adjusting to fit within shift.
2025-04-13 00:00:29 [http-nio-8081-exec-3] WARN  b.s.impl.HouseCleaningServiceImpl - No available staff found for room 452 at time 08:30
2025-04-13 00:00:29 [http-nio-8081-exec-3] WARN  b.s.impl.HouseCleaningServiceImpl - Schedule end time 10:30 is after shift end time 09:00. Adjusting to fit within shift.
2025-04-13 00:00:29 [http-nio-8081-exec-3] WARN  b.s.impl.HouseCleaningServiceImpl - No available staff found for room 469 at time 08:30
2025-04-13 00:00:29 [http-nio-8081-exec-3] WARN  b.s.impl.HouseCleaningServiceImpl - Schedule end time 10:30 is after shift end time 09:00. Adjusting to fit within shift.
2025-04-13 00:00:29 [http-nio-8081-exec-3] WARN  b.s.impl.HouseCleaningServiceImpl - No available staff found for room 470 at time 08:30
2025-04-13 00:03:51 [SpringApplicationShutdownHook] INFO  o.s.b.w.e.tomcat.GracefulShutdown - Commencing graceful shutdown. Waiting for active requests to complete
2025-04-13 00:03:51 [tomcat-shutdown] INFO  o.s.b.w.e.tomcat.GracefulShutdown - Graceful shutdown complete
2025-04-13 00:03:51 [SpringApplicationShutdownHook] INFO  o.s.o.j.LocalContainerEntityManagerFactoryBean - Closing JPA EntityManagerFactory for persistence unit 'default'
2025-04-13 00:03:51 [SpringApplicationShutdownHook] INFO  com.zaxxer.hikari.HikariDataSource - HikariPool-1 - Shutdown initiated...
2025-04-13 00:03:51 [SpringApplicationShutdownHook] INFO  com.zaxxer.hikari.HikariDataSource - HikariPool-1 - Shutdown completed.
2025-04-13 00:03:58 [main] INFO  backend.HotelBookingApplication - Starting HotelBookingApplication using Java 17.0.13 with PID 98430 (/Users/sukuna/Documents/coding/IBE/IBE-BE/KDU/target/classes started by sukuna in /Users/sukuna/Documents/coding/IBE/IBE-BE/KDU)
2025-04-13 00:03:58 [main] INFO  backend.HotelBookingApplication - The following 1 profile is active: "dev"
2025-04-13 00:03:59 [main] INFO  o.s.d.r.c.RepositoryConfigurationDelegate - Bootstrapping Spring Data JPA repositories in DEFAULT mode.
2025-04-13 00:03:59 [main] INFO  o.s.d.r.c.RepositoryConfigurationDelegate - Finished Spring Data repository scanning in 60 ms. Found 15 JPA repository interfaces.
2025-04-13 00:04:00 [main] INFO  o.s.b.w.e.tomcat.TomcatWebServer - Tomcat initialized with port 8081 (http)
2025-04-13 00:04:00 [main] INFO  o.a.coyote.http11.Http11NioProtocol - Initializing ProtocolHandler ["http-nio-8081"]
2025-04-13 00:04:00 [main] INFO  o.a.catalina.core.StandardService - Starting service [Tomcat]
2025-04-13 00:04:00 [main] INFO  o.a.catalina.core.StandardEngine - Starting Servlet engine: [Apache Tomcat/10.1.36]
2025-04-13 00:04:00 [main] INFO  o.a.c.c.C.[Tomcat].[localhost].[/] - Initializing Spring embedded WebApplicationContext
2025-04-13 00:04:00 [main] INFO  o.s.b.w.s.c.ServletWebServerApplicationContext - Root WebApplicationContext: initialization completed in 1669 ms
2025-04-13 00:04:00 [main] INFO  com.zaxxer.hikari.HikariDataSource - HikariPool-1 - Starting...
2025-04-13 00:04:01 [main] INFO  com.zaxxer.hikari.pool.HikariPool - HikariPool-1 - Added connection org.postgresql.jdbc.PgConnection@1ff81b0d
2025-04-13 00:04:01 [main] INFO  com.zaxxer.hikari.HikariDataSource - HikariPool-1 - Start completed.
2025-04-13 00:04:01 [main] INFO  o.s.o.j.p.SpringPersistenceUnitInfo - No LoadTimeWeaver setup: ignoring JPA class transformer
2025-04-13 00:04:01 [main] WARN  org.hibernate.orm.deprecation - HHH90000025: PostgreSQLDialect does not need to be specified explicitly using 'hibernate.dialect' (remove the property setting and it will be selected by default)
2025-04-13 00:04:03 [main] WARN  o.h.t.s.i.ExceptionHandlerLoggedImpl - GenerationTarget encountered exception accepting command : Error executing DDL "alter table if exists staff_room_map alter column staff_id set data type bigint" via JDBC [ERROR: column "staff_id" cannot be cast automatically to type bigint
  Hint: You might need to specify "USING staff_id::bigint".]
org.hibernate.tool.schema.spi.CommandAcceptanceException: Error executing DDL "alter table if exists staff_room_map alter column staff_id set data type bigint" via JDBC [ERROR: column "staff_id" cannot be cast automatically to type bigint
  Hint: You might need to specify "USING staff_id::bigint".]
	at org.hibernate.tool.schema.internal.exec.GenerationTargetToDatabase.accept(GenerationTargetToDatabase.java:94)
	at org.hibernate.tool.schema.internal.AbstractSchemaMigrator.applySqlString(AbstractSchemaMigrator.java:576)
	at org.hibernate.tool.schema.internal.AbstractSchemaMigrator.applySqlStrings(AbstractSchemaMigrator.java:516)
	at org.hibernate.tool.schema.internal.AbstractSchemaMigrator.migrateTable(AbstractSchemaMigrator.java:334)
	at org.hibernate.tool.schema.internal.GroupedSchemaMigratorImpl.performTablesMigration(GroupedSchemaMigratorImpl.java:84)
	at org.hibernate.tool.schema.internal.AbstractSchemaMigrator.performMigration(AbstractSchemaMigrator.java:233)
	at org.hibernate.tool.schema.internal.AbstractSchemaMigrator.doMigration(AbstractSchemaMigrator.java:112)
	at org.hibernate.tool.schema.spi.SchemaManagementToolCoordinator.performDatabaseAction(SchemaManagementToolCoordinator.java:280)
	at org.hibernate.tool.schema.spi.SchemaManagementToolCoordinator.lambda$process$5(SchemaManagementToolCoordinator.java:144)
	at java.base/java.util.HashMap.forEach(HashMap.java:1421)
	at org.hibernate.tool.schema.spi.SchemaManagementToolCoordinator.process(SchemaManagementToolCoordinator.java:141)
	at org.hibernate.boot.internal.SessionFactoryObserverForSchemaExport.sessionFactoryCreated(SessionFactoryObserverForSchemaExport.java:37)
	at org.hibernate.internal.SessionFactoryObserverChain.sessionFactoryCreated(SessionFactoryObserverChain.java:35)
	at org.hibernate.internal.SessionFactoryImpl.<init>(SessionFactoryImpl.java:324)
	at org.hibernate.boot.internal.SessionFactoryBuilderImpl.build(SessionFactoryBuilderImpl.java:463)
	at org.hibernate.jpa.boot.internal.EntityManagerFactoryBuilderImpl.build(EntityManagerFactoryBuilderImpl.java:1517)
	at org.springframework.orm.jpa.vendor.SpringHibernateJpaPersistenceProvider.createContainerEntityManagerFactory(SpringHibernateJpaPersistenceProvider.java:66)
	at org.springframework.orm.jpa.LocalContainerEntityManagerFactoryBean.createNativeEntityManagerFactory(LocalContainerEntityManagerFactoryBean.java:390)
	at org.springframework.orm.jpa.AbstractEntityManagerFactoryBean.buildNativeEntityManagerFactory(AbstractEntityManagerFactoryBean.java:419)
	at org.springframework.orm.jpa.AbstractEntityManagerFactoryBean.afterPropertiesSet(AbstractEntityManagerFactoryBean.java:400)
	at org.springframework.orm.jpa.LocalContainerEntityManagerFactoryBean.afterPropertiesSet(LocalContainerEntityManagerFactoryBean.java:366)
	at org.springframework.beans.factory.support.AbstractAutowireCapableBeanFactory.invokeInitMethods(AbstractAutowireCapableBeanFactory.java:1859)
	at org.springframework.beans.factory.support.AbstractAutowireCapableBeanFactory.initializeBean(AbstractAutowireCapableBeanFactory.java:1808)
	at org.springframework.beans.factory.support.AbstractAutowireCapableBeanFactory.doCreateBean(AbstractAutowireCapableBeanFactory.java:601)
	at org.springframework.beans.factory.support.AbstractAutowireCapableBeanFactory.createBean(AbstractAutowireCapableBeanFactory.java:523)
	at org.springframework.beans.factory.support.AbstractBeanFactory.lambda$doGetBean$0(AbstractBeanFactory.java:339)
	at org.springframework.beans.factory.support.DefaultSingletonBeanRegistry.getSingleton(DefaultSingletonBeanRegistry.java:346)
	at org.springframework.beans.factory.support.AbstractBeanFactory.doGetBean(AbstractBeanFactory.java:337)
	at org.springframework.beans.factory.support.AbstractBeanFactory.getBean(AbstractBeanFactory.java:207)
	at org.springframework.context.support.AbstractApplicationContext.finishBeanFactoryInitialization(AbstractApplicationContext.java:970)
	at org.springframework.context.support.AbstractApplicationContext.refresh(AbstractApplicationContext.java:627)
	at org.springframework.boot.web.servlet.context.ServletWebServerApplicationContext.refresh(ServletWebServerApplicationContext.java:146)
	at org.springframework.boot.SpringApplication.refresh(SpringApplication.java:752)
	at org.springframework.boot.SpringApplication.refreshContext(SpringApplication.java:439)
	at org.springframework.boot.SpringApplication.run(SpringApplication.java:318)
	at org.springframework.boot.SpringApplication.run(SpringApplication.java:1361)
	at org.springframework.boot.SpringApplication.run(SpringApplication.java:1350)
	at backend.HotelBookingApplication.main(HotelBookingApplication.java:15)
Caused by: org.postgresql.util.PSQLException: ERROR: column "staff_id" cannot be cast automatically to type bigint
  Hint: You might need to specify "USING staff_id::bigint".
	at org.postgresql.core.v3.QueryExecutorImpl.receiveErrorResponse(QueryExecutorImpl.java:2733)
	at org.postgresql.core.v3.QueryExecutorImpl.processResults(QueryExecutorImpl.java:2420)
	at org.postgresql.core.v3.QueryExecutorImpl.execute(QueryExecutorImpl.java:372)
	at org.postgresql.jdbc.PgStatement.executeInternal(PgStatement.java:517)
	at org.postgresql.jdbc.PgStatement.execute(PgStatement.java:434)
	at org.postgresql.jdbc.PgStatement.executeWithFlags(PgStatement.java:356)
	at org.postgresql.jdbc.PgStatement.executeCachedSql(PgStatement.java:341)
	at org.postgresql.jdbc.PgStatement.executeWithFlags(PgStatement.java:317)
	at org.postgresql.jdbc.PgStatement.execute(PgStatement.java:312)
	at com.zaxxer.hikari.pool.ProxyStatement.execute(ProxyStatement.java:94)
	at com.zaxxer.hikari.pool.HikariProxyStatement.execute(HikariProxyStatement.java)
	at org.hibernate.tool.schema.internal.exec.GenerationTargetToDatabase.accept(GenerationTargetToDatabase.java:80)
	... 37 common frames omitted
2025-04-13 00:04:03 [main] WARN  o.h.t.s.i.ExceptionHandlerLoggedImpl - GenerationTarget encountered exception accepting command : Error executing DDL "alter table if exists staff_room_map add constraint FKyd20ehofj2axxe92vl67pqvx foreign key (staff_id) references staff" via JDBC [ERROR: foreign key constraint "fkyd20ehofj2axxe92vl67pqvx" cannot be implemented
  Detail: Key columns "staff_id" and "staff_id" are of incompatible types: character varying and bigint.]
org.hibernate.tool.schema.spi.CommandAcceptanceException: Error executing DDL "alter table if exists staff_room_map add constraint FKyd20ehofj2axxe92vl67pqvx foreign key (staff_id) references staff" via JDBC [ERROR: foreign key constraint "fkyd20ehofj2axxe92vl67pqvx" cannot be implemented
  Detail: Key columns "staff_id" and "staff_id" are of incompatible types: character varying and bigint.]
	at org.hibernate.tool.schema.internal.exec.GenerationTargetToDatabase.accept(GenerationTargetToDatabase.java:94)
	at org.hibernate.tool.schema.internal.AbstractSchemaMigrator.applySqlString(AbstractSchemaMigrator.java:576)
	at org.hibernate.tool.schema.internal.AbstractSchemaMigrator.applySqlStrings(AbstractSchemaMigrator.java:516)
	at org.hibernate.tool.schema.internal.AbstractSchemaMigrator.applyForeignKeys(AbstractSchemaMigrator.java:448)
	at org.hibernate.tool.schema.internal.AbstractSchemaMigrator.performMigration(AbstractSchemaMigrator.java:269)
	at org.hibernate.tool.schema.internal.AbstractSchemaMigrator.doMigration(AbstractSchemaMigrator.java:112)
	at org.hibernate.tool.schema.spi.SchemaManagementToolCoordinator.performDatabaseAction(SchemaManagementToolCoordinator.java:280)
	at org.hibernate.tool.schema.spi.SchemaManagementToolCoordinator.lambda$process$5(SchemaManagementToolCoordinator.java:144)
	at java.base/java.util.HashMap.forEach(HashMap.java:1421)
	at org.hibernate.tool.schema.spi.SchemaManagementToolCoordinator.process(SchemaManagementToolCoordinator.java:141)
	at org.hibernate.boot.internal.SessionFactoryObserverForSchemaExport.sessionFactoryCreated(SessionFactoryObserverForSchemaExport.java:37)
	at org.hibernate.internal.SessionFactoryObserverChain.sessionFactoryCreated(SessionFactoryObserverChain.java:35)
	at org.hibernate.internal.SessionFactoryImpl.<init>(SessionFactoryImpl.java:324)
	at org.hibernate.boot.internal.SessionFactoryBuilderImpl.build(SessionFactoryBuilderImpl.java:463)
	at org.hibernate.jpa.boot.internal.EntityManagerFactoryBuilderImpl.build(EntityManagerFactoryBuilderImpl.java:1517)
	at org.springframework.orm.jpa.vendor.SpringHibernateJpaPersistenceProvider.createContainerEntityManagerFactory(SpringHibernateJpaPersistenceProvider.java:66)
	at org.springframework.orm.jpa.LocalContainerEntityManagerFactoryBean.createNativeEntityManagerFactory(LocalContainerEntityManagerFactoryBean.java:390)
	at org.springframework.orm.jpa.AbstractEntityManagerFactoryBean.buildNativeEntityManagerFactory(AbstractEntityManagerFactoryBean.java:419)
	at org.springframework.orm.jpa.AbstractEntityManagerFactoryBean.afterPropertiesSet(AbstractEntityManagerFactoryBean.java:400)
	at org.springframework.orm.jpa.LocalContainerEntityManagerFactoryBean.afterPropertiesSet(LocalContainerEntityManagerFactoryBean.java:366)
	at org.springframework.beans.factory.support.AbstractAutowireCapableBeanFactory.invokeInitMethods(AbstractAutowireCapableBeanFactory.java:1859)
	at org.springframework.beans.factory.support.AbstractAutowireCapableBeanFactory.initializeBean(AbstractAutowireCapableBeanFactory.java:1808)
	at org.springframework.beans.factory.support.AbstractAutowireCapableBeanFactory.doCreateBean(AbstractAutowireCapableBeanFactory.java:601)
	at org.springframework.beans.factory.support.AbstractAutowireCapableBeanFactory.createBean(AbstractAutowireCapableBeanFactory.java:523)
	at org.springframework.beans.factory.support.AbstractBeanFactory.lambda$doGetBean$0(AbstractBeanFactory.java:339)
	at org.springframework.beans.factory.support.DefaultSingletonBeanRegistry.getSingleton(DefaultSingletonBeanRegistry.java:346)
	at org.springframework.beans.factory.support.AbstractBeanFactory.doGetBean(AbstractBeanFactory.java:337)
	at org.springframework.beans.factory.support.AbstractBeanFactory.getBean(AbstractBeanFactory.java:207)
	at org.springframework.context.support.AbstractApplicationContext.finishBeanFactoryInitialization(AbstractApplicationContext.java:970)
	at org.springframework.context.support.AbstractApplicationContext.refresh(AbstractApplicationContext.java:627)
	at org.springframework.boot.web.servlet.context.ServletWebServerApplicationContext.refresh(ServletWebServerApplicationContext.java:146)
	at org.springframework.boot.SpringApplication.refresh(SpringApplication.java:752)
	at org.springframework.boot.SpringApplication.refreshContext(SpringApplication.java:439)
	at org.springframework.boot.SpringApplication.run(SpringApplication.java:318)
	at org.springframework.boot.SpringApplication.run(SpringApplication.java:1361)
	at org.springframework.boot.SpringApplication.run(SpringApplication.java:1350)
	at backend.HotelBookingApplication.main(HotelBookingApplication.java:15)
Caused by: org.postgresql.util.PSQLException: ERROR: foreign key constraint "fkyd20ehofj2axxe92vl67pqvx" cannot be implemented
  Detail: Key columns "staff_id" and "staff_id" are of incompatible types: character varying and bigint.
	at org.postgresql.core.v3.QueryExecutorImpl.receiveErrorResponse(QueryExecutorImpl.java:2733)
	at org.postgresql.core.v3.QueryExecutorImpl.processResults(QueryExecutorImpl.java:2420)
	at org.postgresql.core.v3.QueryExecutorImpl.execute(QueryExecutorImpl.java:372)
	at org.postgresql.jdbc.PgStatement.executeInternal(PgStatement.java:517)
	at org.postgresql.jdbc.PgStatement.execute(PgStatement.java:434)
	at org.postgresql.jdbc.PgStatement.executeWithFlags(PgStatement.java:356)
	at org.postgresql.jdbc.PgStatement.executeCachedSql(PgStatement.java:341)
	at org.postgresql.jdbc.PgStatement.executeWithFlags(PgStatement.java:317)
	at org.postgresql.jdbc.PgStatement.execute(PgStatement.java:312)
	at com.zaxxer.hikari.pool.ProxyStatement.execute(ProxyStatement.java:94)
	at com.zaxxer.hikari.pool.HikariProxyStatement.execute(HikariProxyStatement.java)
	at org.hibernate.tool.schema.internal.exec.GenerationTargetToDatabase.accept(GenerationTargetToDatabase.java:80)
	... 36 common frames omitted
2025-04-13 00:04:03 [main] INFO  o.s.o.j.LocalContainerEntityManagerFactoryBean - Initialized JPA EntityManagerFactory for persistence unit 'default'
2025-04-13 00:04:03 [main] INFO  backend.config.CorsConfig - CORS Configuration Loaded!
2025-04-13 00:04:03 [main] DEBUG o.s.c.e.PropertySourcesPropertyResolver - Found key 'spring.security.oauth2.resourceserver.jwt.issuer-uri' in PropertySource 'environmentProperties' with value of type String
2025-04-13 00:04:04 [main] INFO  o.s.d.j.r.query.QueryEnhancerFactory - Hibernate is in classpath; If applicable, HQL parser will be used.
2025-04-13 00:04:04 [main] DEBUG o.s.c.e.PropertySourcesPropertyResolver - Found key 'graphql.endpoint' in PropertySource 'environmentProperties' with value of type String
2025-04-13 00:04:04 [main] DEBUG o.s.c.e.PropertySourcesPropertyResolver - Found key 'graphql.api-key' in PropertySource 'environmentProperties' with value of type String
2025-04-13 00:04:04 [main] DEBUG o.s.c.e.PropertySourcesPropertyResolver - Found key 'graphql.api.key' in PropertySource 'environmentProperties' with value of type String
2025-04-13 00:04:04 [main] DEBUG o.s.c.e.PropertySourcesPropertyResolver - Found key 'graphql.url' in PropertySource 'environmentProperties' with value of type String
2025-04-13 00:04:04 [main] DEBUG o.s.c.e.PropertySourcesPropertyResolver - Found key 'spring.mail.username' in PropertySource 'environmentProperties' with value of type String
2025-04-13 00:04:04 [main] DEBUG o.s.c.e.PropertySourcesPropertyResolver - Found key 'otp.expiry.minutes' in PropertySource 'environmentProperties' with value of type String
2025-04-13 00:04:04 [main] DEBUG o.s.c.e.PropertySourcesPropertyResolver - Found key 'otp.max.attempts' in PropertySource 'environmentProperties' with value of type String
2025-04-13 00:04:04 [main] DEBUG o.s.c.e.PropertySourcesPropertyResolver - Found key 'graphql.endpoint' in PropertySource 'environmentProperties' with value of type String
2025-04-13 00:04:04 [main] DEBUG o.s.c.e.PropertySourcesPropertyResolver - Found key 'graphql.api-key' in PropertySource 'environmentProperties' with value of type String
2025-04-13 00:04:04 [main] DEBUG o.s.c.e.PropertySourcesPropertyResolver - Found key 'graphql.api.key' in PropertySource 'environmentProperties' with value of type String
2025-04-13 00:04:04 [main] DEBUG o.s.c.e.PropertySourcesPropertyResolver - Found key 'graphql.url' in PropertySource 'environmentProperties' with value of type String
2025-04-13 00:04:04 [main] DEBUG o.s.c.e.PropertySourcesPropertyResolver - Found key 'graphql.endpoint' in PropertySource 'environmentProperties' with value of type String
2025-04-13 00:04:04 [main] DEBUG o.s.c.e.PropertySourcesPropertyResolver - Found key 'graphql.api-key' in PropertySource 'environmentProperties' with value of type String
2025-04-13 00:04:04 [main] DEBUG o.s.c.e.PropertySourcesPropertyResolver - Found key 'graphql.endpoint' in PropertySource 'environmentProperties' with value of type String
2025-04-13 00:04:04 [main] DEBUG o.s.c.e.PropertySourcesPropertyResolver - Found key 'graphql.apiKey' in PropertySource 'environmentProperties' with value of type String
2025-04-13 00:04:04 [main] DEBUG o.s.c.e.PropertySourcesPropertyResolver - Found key 'graphql.endpoint' in PropertySource 'environmentProperties' with value of type String
2025-04-13 00:04:04 [main] DEBUG o.s.c.e.PropertySourcesPropertyResolver - Found key 'graphql.apiKey' in PropertySource 'environmentProperties' with value of type String
2025-04-13 00:04:04 [main] DEBUG o.s.c.e.PropertySourcesPropertyResolver - Found key 'api.base.url' in PropertySource 'environmentProperties' with value of type String
2025-04-13 00:04:04 [main] WARN  o.s.b.a.o.j.JpaBaseConfiguration$JpaWebConfiguration - spring.jpa.open-in-view is enabled by default. Therefore, database queries may be performed during view rendering. Explicitly configure spring.jpa.open-in-view to disable this warning
2025-04-13 00:04:04 [main] INFO  backend.config.CorsConfig - Applying CORS settings...
2025-04-13 00:04:05 [main] DEBUG o.s.s.c.a.a.c.AuthenticationConfiguration$DefaultPasswordEncoderAuthenticationManagerBuilder - No authenticationProviders and no parentAuthenticationManager defined. Returning null.
2025-04-13 00:04:05 [main] INFO  o.s.b.a.e.web.EndpointLinksResolver - Exposing 2 endpoints beneath base path '/actuator'
2025-04-13 00:04:05 [main] INFO  backend.config.SecurityConfig - Configuring security filter chain...
2025-04-13 00:04:05 [main] INFO  backend.config.SecurityConfig - Using issuer URI: https://cognito-idp.ap-south-1.amazonaws.com/ap-south-1_IGHZ9OObg
2025-04-13 00:04:05 [main] INFO  backend.config.SecurityConfig - Configuring authorization rules...
2025-04-13 00:04:05 [main] INFO  backend.config.SecurityConfig - Configuring OAuth2 resource server...
2025-04-13 00:04:05 [main] INFO  backend.config.SecurityConfig - Configuring JWT...
2025-04-13 00:04:05 [main] INFO  backend.config.SecurityConfig - Creating JWT decoder with issuer URI: https://cognito-idp.ap-south-1.amazonaws.com/ap-south-1_IGHZ9OObg
2025-04-13 00:04:05 [main] INFO  backend.config.SecurityConfig - Configuring session management...
2025-04-13 00:04:05 [main] DEBUG o.s.s.web.DefaultSecurityFilterChain - Will secure any request with filters: DisableEncodeUrlFilter, WebAsyncManagerIntegrationFilter, SecurityContextHolderFilter, HeaderWriterFilter, LogoutFilter, BearerTokenAuthenticationFilter, RequestCacheAwareFilter, SecurityContextHolderAwareRequestFilter, AnonymousAuthenticationFilter, SessionManagementFilter, ExceptionTranslationFilter, AuthorizationFilter
2025-04-13 00:04:05 [main] INFO  o.a.coyote.http11.Http11NioProtocol - Starting ProtocolHandler ["http-nio-8081"]
2025-04-13 00:04:06 [main] INFO  o.s.b.w.e.tomcat.TomcatWebServer - Tomcat started on port 8081 (http) with context path '/'
2025-04-13 00:04:06 [main] INFO  backend.HotelBookingApplication - Started HotelBookingApplication in 8.093 seconds (process running for 8.638)
2025-04-13 00:04:09 [http-nio-8081-exec-1] INFO  o.a.c.c.C.[Tomcat].[localhost].[/] - Initializing Spring DispatcherServlet 'dispatcherServlet'
2025-04-13 00:04:09 [http-nio-8081-exec-1] INFO  o.s.web.servlet.DispatcherServlet - Initializing Servlet 'dispatcherServlet'
2025-04-13 00:04:09 [http-nio-8081-exec-1] INFO  o.s.web.servlet.DispatcherServlet - Completed initialization in 2 ms
2025-04-13 00:04:09 [http-nio-8081-exec-1] DEBUG o.s.security.web.FilterChainProxy - Securing POST /api/house-cleaning/generate?date=2025-05-01
2025-04-13 00:04:09 [http-nio-8081-exec-1] DEBUG o.s.s.w.a.AnonymousAuthenticationFilter - Set SecurityContextHolder to anonymous SecurityContext
2025-04-13 00:04:09 [http-nio-8081-exec-1] DEBUG o.s.security.web.FilterChainProxy - Secured POST /api/house-cleaning/generate?date=2025-05-01
2025-04-13 00:04:09 [http-nio-8081-exec-1] INFO  b.s.impl.HouseCleaningServiceImpl - Generating cleaning schedules for date: 2025-05-01
2025-04-13 00:04:09 [http-nio-8081-exec-1] INFO  b.s.impl.HouseCleaningServiceImpl - Found 10 check-in bookings, 0 check-out bookings, and 10 current bookings for date 2025-05-01
2025-04-13 00:04:09 [http-nio-8081-exec-1] INFO  b.s.impl.BookedRoomsServiceImpl - Checking check-in rooms for date: 2025-05-01
2025-04-13 00:04:09 [http-nio-8081-exec-1] INFO  b.s.impl.BookedRoomsServiceImpl - Found 10 transactions with check-in date 2025-05-01
2025-04-13 00:04:09 [http-nio-8081-exec-1] INFO  b.s.impl.BookedRoomsServiceImpl - Booking IDs for check-in: [13, 12, 15, 14, 53, 55, 59, 60, 155, 318]
2025-04-13 00:04:15 [http-nio-8081-exec-1] INFO  b.s.impl.BookedRoomsServiceImpl - Room IDs for bookings [13, 12, 15, 14, 53, 55, 59, 60, 155, 318]: [421, 422, 433, 434, 439, 451, 452, 457, 464, 469, 470]
2025-04-13 00:04:15 [http-nio-8081-exec-1] INFO  b.s.impl.BookedRoomsServiceImpl - Checking check-out rooms for date: 2025-05-01
2025-04-13 00:04:15 [http-nio-8081-exec-1] INFO  b.s.impl.BookedRoomsServiceImpl - Found 0 transactions with check-out date 2025-05-01
2025-04-13 00:04:15 [http-nio-8081-exec-1] INFO  b.s.impl.BookedRoomsServiceImpl - Booking IDs for check-out: []
2025-04-13 00:04:15 [http-nio-8081-exec-1] INFO  b.s.impl.BookedRoomsServiceImpl - No booking IDs found, returning empty list
2025-04-13 00:04:15 [http-nio-8081-exec-1] INFO  b.s.impl.BookedRoomsServiceImpl - Checking currently booked rooms for date: 2025-05-01T00:00:00Z
2025-04-13 00:04:15 [http-nio-8081-exec-1] INFO  b.s.impl.BookedRoomsServiceImpl - Currently booked room IDs: [421, 422, 433, 434, 439, 451, 452, 457, 464, 469, 470]
2025-04-13 00:04:15 [http-nio-8081-exec-1] INFO  b.s.impl.HouseCleaningServiceImpl - Found 11 check-in rooms, 0 check-out rooms, and 11 current rooms for date 2025-05-01
2025-04-13 00:04:15 [http-nio-8081-exec-1] WARN  b.s.impl.HouseCleaningServiceImpl - Could not extract room ID from booking details for booking ID 13
2025-04-13 00:04:15 [http-nio-8081-exec-1] WARN  b.s.impl.HouseCleaningServiceImpl - Could not extract room ID from booking details for booking ID 12
2025-04-13 00:04:15 [http-nio-8081-exec-1] WARN  b.s.impl.HouseCleaningServiceImpl - Could not extract room ID from booking details for booking ID 15
2025-04-13 00:04:15 [http-nio-8081-exec-1] WARN  b.s.impl.HouseCleaningServiceImpl - Could not extract room ID from booking details for booking ID 14
2025-04-13 00:04:15 [http-nio-8081-exec-1] WARN  b.s.impl.HouseCleaningServiceImpl - Could not extract room ID from booking details for booking ID 53
2025-04-13 00:04:15 [http-nio-8081-exec-1] WARN  b.s.impl.HouseCleaningServiceImpl - Could not extract room ID from booking details for booking ID 55
2025-04-13 00:04:15 [http-nio-8081-exec-1] WARN  b.s.impl.HouseCleaningServiceImpl - Could not extract room ID from booking details for booking ID 59
2025-04-13 00:04:15 [http-nio-8081-exec-1] WARN  b.s.impl.HouseCleaningServiceImpl - Could not extract room ID from booking details for booking ID 60
2025-04-13 00:04:15 [http-nio-8081-exec-1] WARN  b.s.impl.HouseCleaningServiceImpl - Could not extract room ID from booking details for booking ID 155
2025-04-13 00:04:15 [http-nio-8081-exec-1] WARN  b.s.impl.HouseCleaningServiceImpl - Could not extract room ID from booking details for booking ID 318
2025-04-13 00:04:15 [http-nio-8081-exec-1] WARN  b.s.impl.HouseCleaningServiceImpl - Could not extract room ID from booking details for booking ID 13
2025-04-13 00:04:15 [http-nio-8081-exec-1] WARN  b.s.impl.HouseCleaningServiceImpl - Could not extract room ID from booking details for booking ID 12
2025-04-13 00:04:15 [http-nio-8081-exec-1] WARN  b.s.impl.HouseCleaningServiceImpl - Could not extract room ID from booking details for booking ID 15
2025-04-13 00:04:15 [http-nio-8081-exec-1] WARN  b.s.impl.HouseCleaningServiceImpl - Could not extract room ID from booking details for booking ID 14
2025-04-13 00:04:15 [http-nio-8081-exec-1] WARN  b.s.impl.HouseCleaningServiceImpl - Could not extract room ID from booking details for booking ID 53
2025-04-13 00:04:15 [http-nio-8081-exec-1] WARN  b.s.impl.HouseCleaningServiceImpl - Could not extract room ID from booking details for booking ID 55
2025-04-13 00:04:15 [http-nio-8081-exec-1] WARN  b.s.impl.HouseCleaningServiceImpl - Could not extract room ID from booking details for booking ID 59
2025-04-13 00:04:15 [http-nio-8081-exec-1] WARN  b.s.impl.HouseCleaningServiceImpl - Could not extract room ID from booking details for booking ID 60
2025-04-13 00:04:15 [http-nio-8081-exec-1] WARN  b.s.impl.HouseCleaningServiceImpl - Could not extract room ID from booking details for booking ID 155
2025-04-13 00:04:15 [http-nio-8081-exec-1] WARN  b.s.impl.HouseCleaningServiceImpl - Could not extract room ID from booking details for booking ID 318
2025-04-13 00:04:15 [http-nio-8081-exec-1] INFO  b.s.impl.HouseCleaningServiceImpl - Room to booking map: {}
2025-04-13 00:04:15 [http-nio-8081-exec-1] WARN  b.s.impl.HouseCleaningServiceImpl - No booking ID found for room ID 421
2025-04-13 00:04:15 [http-nio-8081-exec-1] WARN  b.s.impl.HouseCleaningServiceImpl - No booking ID found for room ID 422
2025-04-13 00:04:15 [http-nio-8081-exec-1] WARN  b.s.impl.HouseCleaningServiceImpl - No booking ID found for room ID 433
2025-04-13 00:04:15 [http-nio-8081-exec-1] WARN  b.s.impl.HouseCleaningServiceImpl - No booking ID found for room ID 434
2025-04-13 00:04:15 [http-nio-8081-exec-1] WARN  b.s.impl.HouseCleaningServiceImpl - No booking ID found for room ID 439
2025-04-13 00:04:15 [http-nio-8081-exec-1] WARN  b.s.impl.HouseCleaningServiceImpl - No booking ID found for room ID 451
2025-04-13 00:04:15 [http-nio-8081-exec-1] WARN  b.s.impl.HouseCleaningServiceImpl - No booking ID found for room ID 452
2025-04-13 00:04:15 [http-nio-8081-exec-1] WARN  b.s.impl.HouseCleaningServiceImpl - No booking ID found for room ID 457
2025-04-13 00:04:15 [http-nio-8081-exec-1] WARN  b.s.impl.HouseCleaningServiceImpl - No booking ID found for room ID 464
2025-04-13 00:04:15 [http-nio-8081-exec-1] WARN  b.s.impl.HouseCleaningServiceImpl - No booking ID found for room ID 469
2025-04-13 00:04:15 [http-nio-8081-exec-1] WARN  b.s.impl.HouseCleaningServiceImpl - No booking ID found for room ID 470
2025-04-13 00:06:27 [http-nio-8081-exec-3] DEBUG o.s.security.web.FilterChainProxy - Securing POST /api/house-cleaning/assign-staff?date=2025-05-01&shift=MORNING_SHIFT
2025-04-13 00:06:27 [http-nio-8081-exec-3] DEBUG o.s.s.w.a.AnonymousAuthenticationFilter - Set SecurityContextHolder to anonymous SecurityContext
2025-04-13 00:06:27 [http-nio-8081-exec-3] DEBUG o.s.security.web.FilterChainProxy - Secured POST /api/house-cleaning/assign-staff?date=2025-05-01&shift=MORNING_SHIFT
2025-04-13 00:06:27 [http-nio-8081-exec-3] INFO  b.s.impl.HouseCleaningServiceImpl - Assigning staff to schedules for date: 2025-05-01 and shift: MORNING_SHIFT
2025-04-13 00:06:27 [http-nio-8081-exec-3] INFO  b.s.impl.HouseCleaningServiceImpl - Shift time: 05:00 to 09:00
2025-04-13 00:06:27 [http-nio-8081-exec-3] INFO  b.s.impl.HouseCleaningServiceImpl - Assigned staff 1 to room 421 for cleaning from 08:30 to 09:00
2025-04-13 00:06:27 [http-nio-8081-exec-3] INFO  b.s.impl.HouseCleaningServiceImpl - Assigned staff 4 to room 422 for cleaning from 08:30 to 09:00
2025-04-13 00:06:27 [http-nio-8081-exec-3] INFO  b.s.impl.HouseCleaningServiceImpl - Assigned staff 10 to room 433 for cleaning from 08:30 to 09:00
2025-04-13 00:06:27 [http-nio-8081-exec-3] INFO  b.s.impl.HouseCleaningServiceImpl - Assigned staff 1 to room 434 for cleaning from 08:30 to 09:00
2025-04-13 00:06:27 [http-nio-8081-exec-3] INFO  b.s.impl.HouseCleaningServiceImpl - Assigned staff 4 to room 439 for cleaning from 08:30 to 09:00
2025-04-13 00:06:27 [http-nio-8081-exec-3] INFO  b.s.impl.HouseCleaningServiceImpl - Assigned staff 10 to room 451 for cleaning from 08:30 to 09:00
2025-04-13 00:06:27 [http-nio-8081-exec-3] INFO  b.s.impl.HouseCleaningServiceImpl - Assigned staff 1 to room 452 for cleaning from 08:30 to 09:00
2025-04-13 00:06:27 [http-nio-8081-exec-3] INFO  b.s.impl.HouseCleaningServiceImpl - Assigned staff 4 to room 457 for cleaning from 08:30 to 09:00
2025-04-13 00:06:27 [http-nio-8081-exec-3] INFO  b.s.impl.HouseCleaningServiceImpl - Assigned staff 10 to room 464 for cleaning from 08:30 to 09:00
2025-04-13 00:06:27 [http-nio-8081-exec-3] INFO  b.s.impl.HouseCleaningServiceImpl - Assigned staff 1 to room 469 for cleaning from 08:30 to 09:00
2025-04-13 00:06:27 [http-nio-8081-exec-3] INFO  b.s.impl.HouseCleaningServiceImpl - Assigned staff 4 to room 470 for cleaning from 08:30 to 09:00
2025-04-13 00:06:27 [http-nio-8081-exec-3] WARN  b.s.impl.HouseCleaningServiceImpl - Schedule end time 09:30 is after shift end time 09:00. Adjusting to fit within shift.
2025-04-13 00:06:27 [http-nio-8081-exec-3] INFO  b.s.impl.HouseCleaningServiceImpl - Assigned staff 10 to room 421 for cleaning from 08:30 to 09:00
2025-04-13 00:06:27 [http-nio-8081-exec-3] WARN  b.s.impl.HouseCleaningServiceImpl - Schedule end time 09:30 is after shift end time 09:00. Adjusting to fit within shift.
2025-04-13 00:06:27 [http-nio-8081-exec-3] INFO  b.s.impl.HouseCleaningServiceImpl - Assigned staff 1 to room 434 for cleaning from 08:30 to 09:00
2025-04-13 00:06:27 [http-nio-8081-exec-3] WARN  b.s.impl.HouseCleaningServiceImpl - Schedule end time 09:30 is after shift end time 09:00. Adjusting to fit within shift.
2025-04-13 00:06:27 [http-nio-8081-exec-3] INFO  b.s.impl.HouseCleaningServiceImpl - Assigned staff 4 to room 439 for cleaning from 08:30 to 09:00
2025-04-13 00:06:27 [http-nio-8081-exec-3] WARN  b.s.impl.HouseCleaningServiceImpl - Schedule end time 09:30 is after shift end time 09:00. Adjusting to fit within shift.
2025-04-13 00:06:27 [http-nio-8081-exec-3] INFO  b.s.impl.HouseCleaningServiceImpl - Assigned staff 10 to room 451 for cleaning from 08:30 to 09:00
2025-04-13 00:06:27 [http-nio-8081-exec-3] WARN  b.s.impl.HouseCleaningServiceImpl - Schedule end time 10:00 is after shift end time 09:00. Adjusting to fit within shift.
2025-04-13 00:06:27 [http-nio-8081-exec-3] INFO  b.s.impl.HouseCleaningServiceImpl - Assigned staff 1 to room 422 for cleaning from 08:30 to 09:00
2025-04-13 00:06:27 [http-nio-8081-exec-3] WARN  b.s.impl.HouseCleaningServiceImpl - Schedule end time 10:00 is after shift end time 09:00. Adjusting to fit within shift.
2025-04-13 00:06:27 [http-nio-8081-exec-3] INFO  b.s.impl.HouseCleaningServiceImpl - Assigned staff 4 to room 433 for cleaning from 08:30 to 09:00
2025-04-13 00:06:27 [http-nio-8081-exec-3] WARN  b.s.impl.HouseCleaningServiceImpl - Schedule end time 10:00 is after shift end time 09:00. Adjusting to fit within shift.
2025-04-13 00:06:27 [http-nio-8081-exec-3] INFO  b.s.impl.HouseCleaningServiceImpl - Assigned staff 10 to room 452 for cleaning from 08:30 to 09:00
2025-04-13 00:06:27 [http-nio-8081-exec-3] WARN  b.s.impl.HouseCleaningServiceImpl - Schedule end time 10:00 is after shift end time 09:00. Adjusting to fit within shift.
2025-04-13 00:06:27 [http-nio-8081-exec-3] INFO  b.s.impl.HouseCleaningServiceImpl - Assigned staff 1 to room 457 for cleaning from 08:30 to 09:00
2025-04-13 00:06:27 [http-nio-8081-exec-3] WARN  b.s.impl.HouseCleaningServiceImpl - Schedule end time 10:30 is after shift end time 09:00. Adjusting to fit within shift.
2025-04-13 00:06:27 [http-nio-8081-exec-3] INFO  b.s.impl.HouseCleaningServiceImpl - Assigned staff 4 to room 464 for cleaning from 08:30 to 09:00
2025-04-13 00:06:27 [http-nio-8081-exec-3] WARN  b.s.impl.HouseCleaningServiceImpl - Schedule end time 10:30 is after shift end time 09:00. Adjusting to fit within shift.
2025-04-13 00:06:27 [http-nio-8081-exec-3] INFO  b.s.impl.HouseCleaningServiceImpl - Assigned staff 10 to room 469 for cleaning from 08:30 to 09:00
2025-04-13 00:06:27 [http-nio-8081-exec-3] WARN  b.s.impl.HouseCleaningServiceImpl - Schedule end time 10:30 is after shift end time 09:00. Adjusting to fit within shift.
2025-04-13 00:06:27 [http-nio-8081-exec-3] INFO  b.s.impl.HouseCleaningServiceImpl - Assigned staff 1 to room 470 for cleaning from 08:30 to 09:00
2025-04-13 00:06:27 [http-nio-8081-exec-3] INFO  b.s.impl.HouseCleaningServiceImpl - Staff 1 has 8 assignments
2025-04-13 00:06:27 [http-nio-8081-exec-3] INFO  b.s.impl.HouseCleaningServiceImpl -   - Room 421 at 08:30
2025-04-13 00:06:27 [http-nio-8081-exec-3] INFO  b.s.impl.HouseCleaningServiceImpl -   - Room 434 at 08:30
2025-04-13 00:06:27 [http-nio-8081-exec-3] INFO  b.s.impl.HouseCleaningServiceImpl -   - Room 452 at 08:30
2025-04-13 00:06:27 [http-nio-8081-exec-3] INFO  b.s.impl.HouseCleaningServiceImpl -   - Room 469 at 08:30
2025-04-13 00:06:27 [http-nio-8081-exec-3] INFO  b.s.impl.HouseCleaningServiceImpl -   - Room 434 at 08:30
2025-04-13 00:06:27 [http-nio-8081-exec-3] INFO  b.s.impl.HouseCleaningServiceImpl -   - Room 422 at 08:30
2025-04-13 00:06:27 [http-nio-8081-exec-3] INFO  b.s.impl.HouseCleaningServiceImpl -   - Room 457 at 08:30
2025-04-13 00:06:27 [http-nio-8081-exec-3] INFO  b.s.impl.HouseCleaningServiceImpl -   - Room 470 at 08:30
2025-04-13 00:06:27 [http-nio-8081-exec-3] INFO  b.s.impl.HouseCleaningServiceImpl - Staff 4 has 7 assignments
2025-04-13 00:06:27 [http-nio-8081-exec-3] INFO  b.s.impl.HouseCleaningServiceImpl -   - Room 422 at 08:30
2025-04-13 00:06:27 [http-nio-8081-exec-3] INFO  b.s.impl.HouseCleaningServiceImpl -   - Room 439 at 08:30
2025-04-13 00:06:27 [http-nio-8081-exec-3] INFO  b.s.impl.HouseCleaningServiceImpl -   - Room 457 at 08:30
2025-04-13 00:06:27 [http-nio-8081-exec-3] INFO  b.s.impl.HouseCleaningServiceImpl -   - Room 470 at 08:30
2025-04-13 00:06:27 [http-nio-8081-exec-3] INFO  b.s.impl.HouseCleaningServiceImpl -   - Room 439 at 08:30
2025-04-13 00:06:27 [http-nio-8081-exec-3] INFO  b.s.impl.HouseCleaningServiceImpl -   - Room 433 at 08:30
2025-04-13 00:06:27 [http-nio-8081-exec-3] INFO  b.s.impl.HouseCleaningServiceImpl -   - Room 464 at 08:30
2025-04-13 00:06:27 [http-nio-8081-exec-3] INFO  b.s.impl.HouseCleaningServiceImpl - Staff 10 has 7 assignments
2025-04-13 00:06:27 [http-nio-8081-exec-3] INFO  b.s.impl.HouseCleaningServiceImpl -   - Room 433 at 08:30
2025-04-13 00:06:27 [http-nio-8081-exec-3] INFO  b.s.impl.HouseCleaningServiceImpl -   - Room 451 at 08:30
2025-04-13 00:06:27 [http-nio-8081-exec-3] INFO  b.s.impl.HouseCleaningServiceImpl -   - Room 464 at 08:30
2025-04-13 00:06:27 [http-nio-8081-exec-3] INFO  b.s.impl.HouseCleaningServiceImpl -   - Room 421 at 08:30
2025-04-13 00:06:27 [http-nio-8081-exec-3] INFO  b.s.impl.HouseCleaningServiceImpl -   - Room 451 at 08:30
2025-04-13 00:06:27 [http-nio-8081-exec-3] INFO  b.s.impl.HouseCleaningServiceImpl -   - Room 452 at 08:30
2025-04-13 00:06:27 [http-nio-8081-exec-3] INFO  b.s.impl.HouseCleaningServiceImpl -   - Room 469 at 08:30
2025-04-13 00:09:40 [SpringApplicationShutdownHook] INFO  o.s.b.w.e.tomcat.GracefulShutdown - Commencing graceful shutdown. Waiting for active requests to complete
2025-04-13 00:09:40 [tomcat-shutdown] INFO  o.s.b.w.e.tomcat.GracefulShutdown - Graceful shutdown complete
2025-04-13 00:09:40 [SpringApplicationShutdownHook] INFO  o.s.o.j.LocalContainerEntityManagerFactoryBean - Closing JPA EntityManagerFactory for persistence unit 'default'
2025-04-13 00:09:40 [SpringApplicationShutdownHook] INFO  com.zaxxer.hikari.HikariDataSource - HikariPool-1 - Shutdown initiated...
2025-04-13 00:09:40 [SpringApplicationShutdownHook] INFO  com.zaxxer.hikari.HikariDataSource - HikariPool-1 - Shutdown completed.
2025-04-13 00:09:47 [main] INFO  backend.HotelBookingApplication - Starting HotelBookingApplication using Java 17.0.13 with PID 99237 (/Users/sukuna/Documents/coding/IBE/IBE-BE/KDU/target/classes started by sukuna in /Users/sukuna/Documents/coding/IBE/IBE-BE/KDU)
2025-04-13 00:09:47 [main] INFO  backend.HotelBookingApplication - The following 1 profile is active: "dev"
2025-04-13 00:09:49 [main] INFO  o.s.d.r.c.RepositoryConfigurationDelegate - Bootstrapping Spring Data JPA repositories in DEFAULT mode.
2025-04-13 00:09:49 [main] INFO  o.s.d.r.c.RepositoryConfigurationDelegate - Finished Spring Data repository scanning in 61 ms. Found 15 JPA repository interfaces.
2025-04-13 00:09:49 [main] INFO  o.s.b.w.e.tomcat.TomcatWebServer - Tomcat initialized with port 8081 (http)
2025-04-13 00:09:49 [main] INFO  o.a.coyote.http11.Http11NioProtocol - Initializing ProtocolHandler ["http-nio-8081"]
2025-04-13 00:09:49 [main] INFO  o.a.catalina.core.StandardService - Starting service [Tomcat]
2025-04-13 00:09:49 [main] INFO  o.a.catalina.core.StandardEngine - Starting Servlet engine: [Apache Tomcat/10.1.36]
2025-04-13 00:09:49 [main] INFO  o.a.c.c.C.[Tomcat].[localhost].[/] - Initializing Spring embedded WebApplicationContext
2025-04-13 00:09:49 [main] INFO  o.s.b.w.s.c.ServletWebServerApplicationContext - Root WebApplicationContext: initialization completed in 1635 ms
2025-04-13 00:09:49 [main] INFO  com.zaxxer.hikari.HikariDataSource - HikariPool-1 - Starting...
2025-04-13 00:09:50 [main] INFO  com.zaxxer.hikari.pool.HikariPool - HikariPool-1 - Added connection org.postgresql.jdbc.PgConnection@5e7e7a7e
2025-04-13 00:09:50 [main] INFO  com.zaxxer.hikari.HikariDataSource - HikariPool-1 - Start completed.
2025-04-13 00:09:50 [main] INFO  o.s.o.j.p.SpringPersistenceUnitInfo - No LoadTimeWeaver setup: ignoring JPA class transformer
2025-04-13 00:09:50 [main] WARN  org.hibernate.orm.deprecation - HHH90000025: PostgreSQLDialect does not need to be specified explicitly using 'hibernate.dialect' (remove the property setting and it will be selected by default)
2025-04-13 00:09:51 [main] WARN  o.h.t.s.i.ExceptionHandlerLoggedImpl - GenerationTarget encountered exception accepting command : Error executing DDL "alter table if exists staff_room_map alter column staff_id set data type bigint" via JDBC [ERROR: column "staff_id" cannot be cast automatically to type bigint
  Hint: You might need to specify "USING staff_id::bigint".]
org.hibernate.tool.schema.spi.CommandAcceptanceException: Error executing DDL "alter table if exists staff_room_map alter column staff_id set data type bigint" via JDBC [ERROR: column "staff_id" cannot be cast automatically to type bigint
  Hint: You might need to specify "USING staff_id::bigint".]
	at org.hibernate.tool.schema.internal.exec.GenerationTargetToDatabase.accept(GenerationTargetToDatabase.java:94)
	at org.hibernate.tool.schema.internal.AbstractSchemaMigrator.applySqlString(AbstractSchemaMigrator.java:576)
	at org.hibernate.tool.schema.internal.AbstractSchemaMigrator.applySqlStrings(AbstractSchemaMigrator.java:516)
	at org.hibernate.tool.schema.internal.AbstractSchemaMigrator.migrateTable(AbstractSchemaMigrator.java:334)
	at org.hibernate.tool.schema.internal.GroupedSchemaMigratorImpl.performTablesMigration(GroupedSchemaMigratorImpl.java:84)
	at org.hibernate.tool.schema.internal.AbstractSchemaMigrator.performMigration(AbstractSchemaMigrator.java:233)
	at org.hibernate.tool.schema.internal.AbstractSchemaMigrator.doMigration(AbstractSchemaMigrator.java:112)
	at org.hibernate.tool.schema.spi.SchemaManagementToolCoordinator.performDatabaseAction(SchemaManagementToolCoordinator.java:280)
	at org.hibernate.tool.schema.spi.SchemaManagementToolCoordinator.lambda$process$5(SchemaManagementToolCoordinator.java:144)
	at java.base/java.util.HashMap.forEach(HashMap.java:1421)
	at org.hibernate.tool.schema.spi.SchemaManagementToolCoordinator.process(SchemaManagementToolCoordinator.java:141)
	at org.hibernate.boot.internal.SessionFactoryObserverForSchemaExport.sessionFactoryCreated(SessionFactoryObserverForSchemaExport.java:37)
	at org.hibernate.internal.SessionFactoryObserverChain.sessionFactoryCreated(SessionFactoryObserverChain.java:35)
	at org.hibernate.internal.SessionFactoryImpl.<init>(SessionFactoryImpl.java:324)
	at org.hibernate.boot.internal.SessionFactoryBuilderImpl.build(SessionFactoryBuilderImpl.java:463)
	at org.hibernate.jpa.boot.internal.EntityManagerFactoryBuilderImpl.build(EntityManagerFactoryBuilderImpl.java:1517)
	at org.springframework.orm.jpa.vendor.SpringHibernateJpaPersistenceProvider.createContainerEntityManagerFactory(SpringHibernateJpaPersistenceProvider.java:66)
	at org.springframework.orm.jpa.LocalContainerEntityManagerFactoryBean.createNativeEntityManagerFactory(LocalContainerEntityManagerFactoryBean.java:390)
	at org.springframework.orm.jpa.AbstractEntityManagerFactoryBean.buildNativeEntityManagerFactory(AbstractEntityManagerFactoryBean.java:419)
	at org.springframework.orm.jpa.AbstractEntityManagerFactoryBean.afterPropertiesSet(AbstractEntityManagerFactoryBean.java:400)
	at org.springframework.orm.jpa.LocalContainerEntityManagerFactoryBean.afterPropertiesSet(LocalContainerEntityManagerFactoryBean.java:366)
	at org.springframework.beans.factory.support.AbstractAutowireCapableBeanFactory.invokeInitMethods(AbstractAutowireCapableBeanFactory.java:1859)
	at org.springframework.beans.factory.support.AbstractAutowireCapableBeanFactory.initializeBean(AbstractAutowireCapableBeanFactory.java:1808)
	at org.springframework.beans.factory.support.AbstractAutowireCapableBeanFactory.doCreateBean(AbstractAutowireCapableBeanFactory.java:601)
	at org.springframework.beans.factory.support.AbstractAutowireCapableBeanFactory.createBean(AbstractAutowireCapableBeanFactory.java:523)
	at org.springframework.beans.factory.support.AbstractBeanFactory.lambda$doGetBean$0(AbstractBeanFactory.java:339)
	at org.springframework.beans.factory.support.DefaultSingletonBeanRegistry.getSingleton(DefaultSingletonBeanRegistry.java:346)
	at org.springframework.beans.factory.support.AbstractBeanFactory.doGetBean(AbstractBeanFactory.java:337)
	at org.springframework.beans.factory.support.AbstractBeanFactory.getBean(AbstractBeanFactory.java:207)
	at org.springframework.context.support.AbstractApplicationContext.finishBeanFactoryInitialization(AbstractApplicationContext.java:970)
	at org.springframework.context.support.AbstractApplicationContext.refresh(AbstractApplicationContext.java:627)
	at org.springframework.boot.web.servlet.context.ServletWebServerApplicationContext.refresh(ServletWebServerApplicationContext.java:146)
	at org.springframework.boot.SpringApplication.refresh(SpringApplication.java:752)
	at org.springframework.boot.SpringApplication.refreshContext(SpringApplication.java:439)
	at org.springframework.boot.SpringApplication.run(SpringApplication.java:318)
	at org.springframework.boot.SpringApplication.run(SpringApplication.java:1361)
	at org.springframework.boot.SpringApplication.run(SpringApplication.java:1350)
	at backend.HotelBookingApplication.main(HotelBookingApplication.java:15)
Caused by: org.postgresql.util.PSQLException: ERROR: column "staff_id" cannot be cast automatically to type bigint
  Hint: You might need to specify "USING staff_id::bigint".
	at org.postgresql.core.v3.QueryExecutorImpl.receiveErrorResponse(QueryExecutorImpl.java:2733)
	at org.postgresql.core.v3.QueryExecutorImpl.processResults(QueryExecutorImpl.java:2420)
	at org.postgresql.core.v3.QueryExecutorImpl.execute(QueryExecutorImpl.java:372)
	at org.postgresql.jdbc.PgStatement.executeInternal(PgStatement.java:517)
	at org.postgresql.jdbc.PgStatement.execute(PgStatement.java:434)
	at org.postgresql.jdbc.PgStatement.executeWithFlags(PgStatement.java:356)
	at org.postgresql.jdbc.PgStatement.executeCachedSql(PgStatement.java:341)
	at org.postgresql.jdbc.PgStatement.executeWithFlags(PgStatement.java:317)
	at org.postgresql.jdbc.PgStatement.execute(PgStatement.java:312)
	at com.zaxxer.hikari.pool.ProxyStatement.execute(ProxyStatement.java:94)
	at com.zaxxer.hikari.pool.HikariProxyStatement.execute(HikariProxyStatement.java)
	at org.hibernate.tool.schema.internal.exec.GenerationTargetToDatabase.accept(GenerationTargetToDatabase.java:80)
	... 37 common frames omitted
2025-04-13 00:09:52 [main] WARN  o.h.t.s.i.ExceptionHandlerLoggedImpl - GenerationTarget encountered exception accepting command : Error executing DDL "alter table if exists staff_room_map add constraint FKyd20ehofj2axxe92vl67pqvx foreign key (staff_id) references staff" via JDBC [ERROR: foreign key constraint "fkyd20ehofj2axxe92vl67pqvx" cannot be implemented
  Detail: Key columns "staff_id" and "staff_id" are of incompatible types: character varying and bigint.]
org.hibernate.tool.schema.spi.CommandAcceptanceException: Error executing DDL "alter table if exists staff_room_map add constraint FKyd20ehofj2axxe92vl67pqvx foreign key (staff_id) references staff" via JDBC [ERROR: foreign key constraint "fkyd20ehofj2axxe92vl67pqvx" cannot be implemented
  Detail: Key columns "staff_id" and "staff_id" are of incompatible types: character varying and bigint.]
	at org.hibernate.tool.schema.internal.exec.GenerationTargetToDatabase.accept(GenerationTargetToDatabase.java:94)
	at org.hibernate.tool.schema.internal.AbstractSchemaMigrator.applySqlString(AbstractSchemaMigrator.java:576)
	at org.hibernate.tool.schema.internal.AbstractSchemaMigrator.applySqlStrings(AbstractSchemaMigrator.java:516)
	at org.hibernate.tool.schema.internal.AbstractSchemaMigrator.applyForeignKeys(AbstractSchemaMigrator.java:448)
	at org.hibernate.tool.schema.internal.AbstractSchemaMigrator.performMigration(AbstractSchemaMigrator.java:269)
	at org.hibernate.tool.schema.internal.AbstractSchemaMigrator.doMigration(AbstractSchemaMigrator.java:112)
	at org.hibernate.tool.schema.spi.SchemaManagementToolCoordinator.performDatabaseAction(SchemaManagementToolCoordinator.java:280)
	at org.hibernate.tool.schema.spi.SchemaManagementToolCoordinator.lambda$process$5(SchemaManagementToolCoordinator.java:144)
	at java.base/java.util.HashMap.forEach(HashMap.java:1421)
	at org.hibernate.tool.schema.spi.SchemaManagementToolCoordinator.process(SchemaManagementToolCoordinator.java:141)
	at org.hibernate.boot.internal.SessionFactoryObserverForSchemaExport.sessionFactoryCreated(SessionFactoryObserverForSchemaExport.java:37)
	at org.hibernate.internal.SessionFactoryObserverChain.sessionFactoryCreated(SessionFactoryObserverChain.java:35)
	at org.hibernate.internal.SessionFactoryImpl.<init>(SessionFactoryImpl.java:324)
	at org.hibernate.boot.internal.SessionFactoryBuilderImpl.build(SessionFactoryBuilderImpl.java:463)
	at org.hibernate.jpa.boot.internal.EntityManagerFactoryBuilderImpl.build(EntityManagerFactoryBuilderImpl.java:1517)
	at org.springframework.orm.jpa.vendor.SpringHibernateJpaPersistenceProvider.createContainerEntityManagerFactory(SpringHibernateJpaPersistenceProvider.java:66)
	at org.springframework.orm.jpa.LocalContainerEntityManagerFactoryBean.createNativeEntityManagerFactory(LocalContainerEntityManagerFactoryBean.java:390)
	at org.springframework.orm.jpa.AbstractEntityManagerFactoryBean.buildNativeEntityManagerFactory(AbstractEntityManagerFactoryBean.java:419)
	at org.springframework.orm.jpa.AbstractEntityManagerFactoryBean.afterPropertiesSet(AbstractEntityManagerFactoryBean.java:400)
	at org.springframework.orm.jpa.LocalContainerEntityManagerFactoryBean.afterPropertiesSet(LocalContainerEntityManagerFactoryBean.java:366)
	at org.springframework.beans.factory.support.AbstractAutowireCapableBeanFactory.invokeInitMethods(AbstractAutowireCapableBeanFactory.java:1859)
	at org.springframework.beans.factory.support.AbstractAutowireCapableBeanFactory.initializeBean(AbstractAutowireCapableBeanFactory.java:1808)
	at org.springframework.beans.factory.support.AbstractAutowireCapableBeanFactory.doCreateBean(AbstractAutowireCapableBeanFactory.java:601)
	at org.springframework.beans.factory.support.AbstractAutowireCapableBeanFactory.createBean(AbstractAutowireCapableBeanFactory.java:523)
	at org.springframework.beans.factory.support.AbstractBeanFactory.lambda$doGetBean$0(AbstractBeanFactory.java:339)
	at org.springframework.beans.factory.support.DefaultSingletonBeanRegistry.getSingleton(DefaultSingletonBeanRegistry.java:346)
	at org.springframework.beans.factory.support.AbstractBeanFactory.doGetBean(AbstractBeanFactory.java:337)
	at org.springframework.beans.factory.support.AbstractBeanFactory.getBean(AbstractBeanFactory.java:207)
	at org.springframework.context.support.AbstractApplicationContext.finishBeanFactoryInitialization(AbstractApplicationContext.java:970)
	at org.springframework.context.support.AbstractApplicationContext.refresh(AbstractApplicationContext.java:627)
	at org.springframework.boot.web.servlet.context.ServletWebServerApplicationContext.refresh(ServletWebServerApplicationContext.java:146)
	at org.springframework.boot.SpringApplication.refresh(SpringApplication.java:752)
	at org.springframework.boot.SpringApplication.refreshContext(SpringApplication.java:439)
	at org.springframework.boot.SpringApplication.run(SpringApplication.java:318)
	at org.springframework.boot.SpringApplication.run(SpringApplication.java:1361)
	at org.springframework.boot.SpringApplication.run(SpringApplication.java:1350)
	at backend.HotelBookingApplication.main(HotelBookingApplication.java:15)
Caused by: org.postgresql.util.PSQLException: ERROR: foreign key constraint "fkyd20ehofj2axxe92vl67pqvx" cannot be implemented
  Detail: Key columns "staff_id" and "staff_id" are of incompatible types: character varying and bigint.
	at org.postgresql.core.v3.QueryExecutorImpl.receiveErrorResponse(QueryExecutorImpl.java:2733)
	at org.postgresql.core.v3.QueryExecutorImpl.processResults(QueryExecutorImpl.java:2420)
	at org.postgresql.core.v3.QueryExecutorImpl.execute(QueryExecutorImpl.java:372)
	at org.postgresql.jdbc.PgStatement.executeInternal(PgStatement.java:517)
	at org.postgresql.jdbc.PgStatement.execute(PgStatement.java:434)
	at org.postgresql.jdbc.PgStatement.executeWithFlags(PgStatement.java:356)
	at org.postgresql.jdbc.PgStatement.executeCachedSql(PgStatement.java:341)
	at org.postgresql.jdbc.PgStatement.executeWithFlags(PgStatement.java:317)
	at org.postgresql.jdbc.PgStatement.execute(PgStatement.java:312)
	at com.zaxxer.hikari.pool.ProxyStatement.execute(ProxyStatement.java:94)
	at com.zaxxer.hikari.pool.HikariProxyStatement.execute(HikariProxyStatement.java)
	at org.hibernate.tool.schema.internal.exec.GenerationTargetToDatabase.accept(GenerationTargetToDatabase.java:80)
	... 36 common frames omitted
2025-04-13 00:09:52 [main] INFO  o.s.o.j.LocalContainerEntityManagerFactoryBean - Initialized JPA EntityManagerFactory for persistence unit 'default'
2025-04-13 00:09:52 [main] INFO  backend.config.CorsConfig - CORS Configuration Loaded!
2025-04-13 00:09:52 [main] DEBUG o.s.c.e.PropertySourcesPropertyResolver - Found key 'spring.security.oauth2.resourceserver.jwt.issuer-uri' in PropertySource 'environmentProperties' with value of type String
2025-04-13 00:09:52 [main] INFO  o.s.d.j.r.query.QueryEnhancerFactory - Hibernate is in classpath; If applicable, HQL parser will be used.
2025-04-13 00:09:52 [main] DEBUG o.s.c.e.PropertySourcesPropertyResolver - Found key 'graphql.endpoint' in PropertySource 'environmentProperties' with value of type String
2025-04-13 00:09:52 [main] DEBUG o.s.c.e.PropertySourcesPropertyResolver - Found key 'graphql.api-key' in PropertySource 'environmentProperties' with value of type String
2025-04-13 00:09:53 [main] DEBUG o.s.c.e.PropertySourcesPropertyResolver - Found key 'graphql.api.key' in PropertySource 'environmentProperties' with value of type String
2025-04-13 00:09:53 [main] DEBUG o.s.c.e.PropertySourcesPropertyResolver - Found key 'graphql.url' in PropertySource 'environmentProperties' with value of type String
2025-04-13 00:09:53 [main] DEBUG o.s.c.e.PropertySourcesPropertyResolver - Found key 'spring.mail.username' in PropertySource 'environmentProperties' with value of type String
2025-04-13 00:09:53 [main] DEBUG o.s.c.e.PropertySourcesPropertyResolver - Found key 'otp.expiry.minutes' in PropertySource 'environmentProperties' with value of type String
2025-04-13 00:09:53 [main] DEBUG o.s.c.e.PropertySourcesPropertyResolver - Found key 'otp.max.attempts' in PropertySource 'environmentProperties' with value of type String
2025-04-13 00:09:53 [main] DEBUG o.s.c.e.PropertySourcesPropertyResolver - Found key 'graphql.endpoint' in PropertySource 'environmentProperties' with value of type String
2025-04-13 00:09:53 [main] DEBUG o.s.c.e.PropertySourcesPropertyResolver - Found key 'graphql.api-key' in PropertySource 'environmentProperties' with value of type String
2025-04-13 00:09:53 [main] DEBUG o.s.c.e.PropertySourcesPropertyResolver - Found key 'graphql.api.key' in PropertySource 'environmentProperties' with value of type String
2025-04-13 00:09:53 [main] DEBUG o.s.c.e.PropertySourcesPropertyResolver - Found key 'graphql.url' in PropertySource 'environmentProperties' with value of type String
2025-04-13 00:09:53 [main] DEBUG o.s.c.e.PropertySourcesPropertyResolver - Found key 'graphql.endpoint' in PropertySource 'environmentProperties' with value of type String
2025-04-13 00:09:53 [main] DEBUG o.s.c.e.PropertySourcesPropertyResolver - Found key 'graphql.api-key' in PropertySource 'environmentProperties' with value of type String
2025-04-13 00:09:53 [main] DEBUG o.s.c.e.PropertySourcesPropertyResolver - Found key 'graphql.endpoint' in PropertySource 'environmentProperties' with value of type String
2025-04-13 00:09:53 [main] DEBUG o.s.c.e.PropertySourcesPropertyResolver - Found key 'graphql.apiKey' in PropertySource 'environmentProperties' with value of type String
2025-04-13 00:09:53 [main] DEBUG o.s.c.e.PropertySourcesPropertyResolver - Found key 'graphql.endpoint' in PropertySource 'environmentProperties' with value of type String
2025-04-13 00:09:53 [main] DEBUG o.s.c.e.PropertySourcesPropertyResolver - Found key 'graphql.apiKey' in PropertySource 'environmentProperties' with value of type String
2025-04-13 00:09:53 [main] DEBUG o.s.c.e.PropertySourcesPropertyResolver - Found key 'api.base.url' in PropertySource 'environmentProperties' with value of type String
2025-04-13 00:09:53 [main] WARN  o.s.b.a.o.j.JpaBaseConfiguration$JpaWebConfiguration - spring.jpa.open-in-view is enabled by default. Therefore, database queries may be performed during view rendering. Explicitly configure spring.jpa.open-in-view to disable this warning
2025-04-13 00:09:53 [main] INFO  backend.config.CorsConfig - Applying CORS settings...
2025-04-13 00:09:53 [main] DEBUG o.s.s.c.a.a.c.AuthenticationConfiguration$DefaultPasswordEncoderAuthenticationManagerBuilder - No authenticationProviders and no parentAuthenticationManager defined. Returning null.
2025-04-13 00:09:53 [main] INFO  o.s.b.a.e.web.EndpointLinksResolver - Exposing 2 endpoints beneath base path '/actuator'
2025-04-13 00:09:53 [main] INFO  backend.config.SecurityConfig - Configuring security filter chain...
2025-04-13 00:09:53 [main] INFO  backend.config.SecurityConfig - Using issuer URI: https://cognito-idp.ap-south-1.amazonaws.com/ap-south-1_IGHZ9OObg
2025-04-13 00:09:53 [main] INFO  backend.config.SecurityConfig - Configuring authorization rules...
2025-04-13 00:09:53 [main] INFO  backend.config.SecurityConfig - Configuring OAuth2 resource server...
2025-04-13 00:09:53 [main] INFO  backend.config.SecurityConfig - Configuring JWT...
2025-04-13 00:09:53 [main] INFO  backend.config.SecurityConfig - Creating JWT decoder with issuer URI: https://cognito-idp.ap-south-1.amazonaws.com/ap-south-1_IGHZ9OObg
2025-04-13 00:09:54 [main] INFO  backend.config.SecurityConfig - Configuring session management...
2025-04-13 00:09:54 [main] DEBUG o.s.s.web.DefaultSecurityFilterChain - Will secure any request with filters: DisableEncodeUrlFilter, WebAsyncManagerIntegrationFilter, SecurityContextHolderFilter, HeaderWriterFilter, LogoutFilter, BearerTokenAuthenticationFilter, RequestCacheAwareFilter, SecurityContextHolderAwareRequestFilter, AnonymousAuthenticationFilter, SessionManagementFilter, ExceptionTranslationFilter, AuthorizationFilter
2025-04-13 00:09:54 [main] INFO  o.a.coyote.http11.Http11NioProtocol - Starting ProtocolHandler ["http-nio-8081"]
2025-04-13 00:09:54 [main] INFO  o.s.b.w.e.tomcat.TomcatWebServer - Tomcat started on port 8081 (http) with context path '/'
2025-04-13 00:09:54 [main] INFO  backend.HotelBookingApplication - Started HotelBookingApplication in 7.613 seconds (process running for 8.485)
2025-04-13 00:10:18 [http-nio-8081-exec-1] INFO  o.a.c.c.C.[Tomcat].[localhost].[/] - Initializing Spring DispatcherServlet 'dispatcherServlet'
2025-04-13 00:10:18 [http-nio-8081-exec-1] INFO  o.s.web.servlet.DispatcherServlet - Initializing Servlet 'dispatcherServlet'
2025-04-13 00:10:18 [http-nio-8081-exec-1] INFO  o.s.web.servlet.DispatcherServlet - Completed initialization in 5 ms
2025-04-13 00:10:18 [http-nio-8081-exec-1] DEBUG o.s.security.web.FilterChainProxy - Securing POST /api/house-cleaning/generate?date=2025-05-01
2025-04-13 00:10:18 [http-nio-8081-exec-1] DEBUG o.s.s.w.a.AnonymousAuthenticationFilter - Set SecurityContextHolder to anonymous SecurityContext
2025-04-13 00:10:18 [http-nio-8081-exec-1] DEBUG o.s.security.web.FilterChainProxy - Secured POST /api/house-cleaning/generate?date=2025-05-01
2025-04-13 00:10:18 [http-nio-8081-exec-1] INFO  b.s.impl.HouseCleaningServiceImpl - Generating cleaning schedules for date: 2025-05-01
2025-04-13 00:10:18 [http-nio-8081-exec-1] INFO  b.s.impl.HouseCleaningServiceImpl - Found 10 check-in bookings, 0 check-out bookings, and 10 current bookings for date 2025-05-01
2025-04-13 00:10:18 [http-nio-8081-exec-1] INFO  b.s.impl.BookedRoomsServiceImpl - Checking check-in rooms for date: 2025-05-01
2025-04-13 00:10:18 [http-nio-8081-exec-1] INFO  b.s.impl.BookedRoomsServiceImpl - Found 10 transactions with check-in date 2025-05-01
2025-04-13 00:10:18 [http-nio-8081-exec-1] INFO  b.s.impl.BookedRoomsServiceImpl - Booking IDs for check-in: [13, 12, 15, 14, 53, 55, 59, 60, 155, 318]
2025-04-13 00:10:24 [http-nio-8081-exec-1] INFO  b.s.impl.BookedRoomsServiceImpl - Room IDs for bookings [13, 12, 15, 14, 53, 55, 59, 60, 155, 318]: [421, 422, 433, 434, 439, 451, 452, 457, 464, 469, 470]
2025-04-13 00:10:24 [http-nio-8081-exec-1] INFO  b.s.impl.BookedRoomsServiceImpl - Checking check-out rooms for date: 2025-05-01
2025-04-13 00:10:24 [http-nio-8081-exec-1] INFO  b.s.impl.BookedRoomsServiceImpl - Found 0 transactions with check-out date 2025-05-01
2025-04-13 00:10:24 [http-nio-8081-exec-1] INFO  b.s.impl.BookedRoomsServiceImpl - Booking IDs for check-out: []
2025-04-13 00:10:24 [http-nio-8081-exec-1] INFO  b.s.impl.BookedRoomsServiceImpl - No booking IDs found, returning empty list
2025-04-13 00:10:24 [http-nio-8081-exec-1] INFO  b.s.impl.BookedRoomsServiceImpl - Checking currently booked rooms for date: 2025-05-01T00:00:00Z
2025-04-13 00:10:24 [http-nio-8081-exec-1] INFO  b.s.impl.BookedRoomsServiceImpl - Currently booked room IDs: [421, 422, 433, 434, 439, 451, 452, 457, 464, 469, 470]
2025-04-13 00:10:24 [http-nio-8081-exec-1] INFO  b.s.impl.HouseCleaningServiceImpl - Found 11 check-in rooms, 0 check-out rooms, and 11 current rooms for date 2025-05-01
2025-04-13 00:10:24 [http-nio-8081-exec-1] WARN  b.s.impl.HouseCleaningServiceImpl - Could not extract room ID from booking details for booking ID 13
2025-04-13 00:10:24 [http-nio-8081-exec-1] WARN  b.s.impl.HouseCleaningServiceImpl - Could not extract room ID from booking details for booking ID 12
2025-04-13 00:10:24 [http-nio-8081-exec-1] WARN  b.s.impl.HouseCleaningServiceImpl - Could not extract room ID from booking details for booking ID 15
2025-04-13 00:10:24 [http-nio-8081-exec-1] WARN  b.s.impl.HouseCleaningServiceImpl - Could not extract room ID from booking details for booking ID 14
2025-04-13 00:10:24 [http-nio-8081-exec-1] WARN  b.s.impl.HouseCleaningServiceImpl - Could not extract room ID from booking details for booking ID 53
2025-04-13 00:10:24 [http-nio-8081-exec-1] WARN  b.s.impl.HouseCleaningServiceImpl - Could not extract room ID from booking details for booking ID 55
2025-04-13 00:10:24 [http-nio-8081-exec-1] WARN  b.s.impl.HouseCleaningServiceImpl - Could not extract room ID from booking details for booking ID 59
2025-04-13 00:10:24 [http-nio-8081-exec-1] WARN  b.s.impl.HouseCleaningServiceImpl - Could not extract room ID from booking details for booking ID 60
2025-04-13 00:10:24 [http-nio-8081-exec-1] WARN  b.s.impl.HouseCleaningServiceImpl - Could not extract room ID from booking details for booking ID 155
2025-04-13 00:10:24 [http-nio-8081-exec-1] WARN  b.s.impl.HouseCleaningServiceImpl - Could not extract room ID from booking details for booking ID 318
2025-04-13 00:10:24 [http-nio-8081-exec-1] WARN  b.s.impl.HouseCleaningServiceImpl - Could not extract room ID from booking details for booking ID 13
2025-04-13 00:10:24 [http-nio-8081-exec-1] WARN  b.s.impl.HouseCleaningServiceImpl - Could not extract room ID from booking details for booking ID 12
2025-04-13 00:10:24 [http-nio-8081-exec-1] WARN  b.s.impl.HouseCleaningServiceImpl - Could not extract room ID from booking details for booking ID 15
2025-04-13 00:10:24 [http-nio-8081-exec-1] WARN  b.s.impl.HouseCleaningServiceImpl - Could not extract room ID from booking details for booking ID 14
2025-04-13 00:10:24 [http-nio-8081-exec-1] WARN  b.s.impl.HouseCleaningServiceImpl - Could not extract room ID from booking details for booking ID 53
2025-04-13 00:10:24 [http-nio-8081-exec-1] WARN  b.s.impl.HouseCleaningServiceImpl - Could not extract room ID from booking details for booking ID 55
2025-04-13 00:10:24 [http-nio-8081-exec-1] WARN  b.s.impl.HouseCleaningServiceImpl - Could not extract room ID from booking details for booking ID 59
2025-04-13 00:10:24 [http-nio-8081-exec-1] WARN  b.s.impl.HouseCleaningServiceImpl - Could not extract room ID from booking details for booking ID 60
2025-04-13 00:10:24 [http-nio-8081-exec-1] WARN  b.s.impl.HouseCleaningServiceImpl - Could not extract room ID from booking details for booking ID 155
2025-04-13 00:10:24 [http-nio-8081-exec-1] WARN  b.s.impl.HouseCleaningServiceImpl - Could not extract room ID from booking details for booking ID 318
2025-04-13 00:10:24 [http-nio-8081-exec-1] INFO  b.s.impl.HouseCleaningServiceImpl - Room to booking map: {}
2025-04-13 00:10:24 [http-nio-8081-exec-1] WARN  b.s.impl.HouseCleaningServiceImpl - No booking ID found for room ID 421
2025-04-13 00:10:24 [http-nio-8081-exec-1] WARN  b.s.impl.HouseCleaningServiceImpl - No booking ID found for room ID 422
2025-04-13 00:10:24 [http-nio-8081-exec-1] WARN  b.s.impl.HouseCleaningServiceImpl - No booking ID found for room ID 433
2025-04-13 00:10:24 [http-nio-8081-exec-1] WARN  b.s.impl.HouseCleaningServiceImpl - No booking ID found for room ID 434
2025-04-13 00:10:24 [http-nio-8081-exec-1] WARN  b.s.impl.HouseCleaningServiceImpl - No booking ID found for room ID 439
2025-04-13 00:10:24 [http-nio-8081-exec-1] WARN  b.s.impl.HouseCleaningServiceImpl - No booking ID found for room ID 451
2025-04-13 00:10:24 [http-nio-8081-exec-1] WARN  b.s.impl.HouseCleaningServiceImpl - No booking ID found for room ID 452
2025-04-13 00:10:24 [http-nio-8081-exec-1] WARN  b.s.impl.HouseCleaningServiceImpl - No booking ID found for room ID 457
2025-04-13 00:10:24 [http-nio-8081-exec-1] WARN  b.s.impl.HouseCleaningServiceImpl - No booking ID found for room ID 464
2025-04-13 00:10:24 [http-nio-8081-exec-1] WARN  b.s.impl.HouseCleaningServiceImpl - No booking ID found for room ID 469
2025-04-13 00:10:24 [http-nio-8081-exec-1] WARN  b.s.impl.HouseCleaningServiceImpl - No booking ID found for room ID 470
2025-04-13 00:10:34 [http-nio-8081-exec-3] DEBUG o.s.security.web.FilterChainProxy - Securing POST /api/house-cleaning/assign-staff?date=2025-05-01&shift=MORNING_SHIFT
2025-04-13 00:10:34 [http-nio-8081-exec-3] DEBUG o.s.s.w.a.AnonymousAuthenticationFilter - Set SecurityContextHolder to anonymous SecurityContext
2025-04-13 00:10:34 [http-nio-8081-exec-3] DEBUG o.s.security.web.FilterChainProxy - Secured POST /api/house-cleaning/assign-staff?date=2025-05-01&shift=MORNING_SHIFT
2025-04-13 00:10:34 [http-nio-8081-exec-3] INFO  b.s.impl.HouseCleaningServiceImpl - Assigning staff to schedules for date: 2025-05-01 and shift: MORNING_SHIFT
2025-04-13 00:10:35 [http-nio-8081-exec-3] INFO  b.s.impl.HouseCleaningServiceImpl - Shift time: 05:00 to 09:00
2025-04-13 00:10:35 [http-nio-8081-exec-3] INFO  b.s.impl.HouseCleaningServiceImpl - Original scheduled times before assignment:
2025-04-13 00:10:35 [http-nio-8081-exec-3] INFO  b.s.impl.HouseCleaningServiceImpl - Room 421: 08:30
2025-04-13 00:10:35 [http-nio-8081-exec-3] INFO  b.s.impl.HouseCleaningServiceImpl - Room 422: 08:30
2025-04-13 00:10:35 [http-nio-8081-exec-3] INFO  b.s.impl.HouseCleaningServiceImpl - Room 433: 08:30
2025-04-13 00:10:35 [http-nio-8081-exec-3] INFO  b.s.impl.HouseCleaningServiceImpl - Room 434: 08:30
2025-04-13 00:10:35 [http-nio-8081-exec-3] INFO  b.s.impl.HouseCleaningServiceImpl - Room 439: 08:30
2025-04-13 00:10:35 [http-nio-8081-exec-3] INFO  b.s.impl.HouseCleaningServiceImpl - Room 451: 08:30
2025-04-13 00:10:35 [http-nio-8081-exec-3] INFO  b.s.impl.HouseCleaningServiceImpl - Room 452: 08:30
2025-04-13 00:10:35 [http-nio-8081-exec-3] INFO  b.s.impl.HouseCleaningServiceImpl - Room 457: 08:30
2025-04-13 00:10:35 [http-nio-8081-exec-3] INFO  b.s.impl.HouseCleaningServiceImpl - Room 464: 08:30
2025-04-13 00:10:35 [http-nio-8081-exec-3] INFO  b.s.impl.HouseCleaningServiceImpl - Room 469: 08:30
2025-04-13 00:10:35 [http-nio-8081-exec-3] INFO  b.s.impl.HouseCleaningServiceImpl - Room 470: 08:30
2025-04-13 00:10:35 [http-nio-8081-exec-3] INFO  b.s.impl.HouseCleaningServiceImpl - Room 421: 08:30
2025-04-13 00:10:35 [http-nio-8081-exec-3] INFO  b.s.impl.HouseCleaningServiceImpl - Room 422: 08:30
2025-04-13 00:10:35 [http-nio-8081-exec-3] INFO  b.s.impl.HouseCleaningServiceImpl - Room 433: 08:30
2025-04-13 00:10:35 [http-nio-8081-exec-3] INFO  b.s.impl.HouseCleaningServiceImpl - Room 434: 08:30
2025-04-13 00:10:35 [http-nio-8081-exec-3] INFO  b.s.impl.HouseCleaningServiceImpl - Room 439: 08:30
2025-04-13 00:10:35 [http-nio-8081-exec-3] INFO  b.s.impl.HouseCleaningServiceImpl - Room 451: 08:30
2025-04-13 00:10:35 [http-nio-8081-exec-3] INFO  b.s.impl.HouseCleaningServiceImpl - Room 452: 08:30
2025-04-13 00:10:35 [http-nio-8081-exec-3] INFO  b.s.impl.HouseCleaningServiceImpl - Room 457: 08:30
2025-04-13 00:10:35 [http-nio-8081-exec-3] INFO  b.s.impl.HouseCleaningServiceImpl - Room 464: 08:30
2025-04-13 00:10:35 [http-nio-8081-exec-3] INFO  b.s.impl.HouseCleaningServiceImpl - Room 469: 08:30
2025-04-13 00:10:35 [http-nio-8081-exec-3] INFO  b.s.impl.HouseCleaningServiceImpl - Room 470: 08:30
2025-04-13 00:10:35 [http-nio-8081-exec-3] INFO  b.s.impl.HouseCleaningServiceImpl - Room 422: 09:00
2025-04-13 00:10:35 [http-nio-8081-exec-3] INFO  b.s.impl.HouseCleaningServiceImpl - Room 434: 09:00
2025-04-13 00:10:35 [http-nio-8081-exec-3] INFO  b.s.impl.HouseCleaningServiceImpl - Room 439: 09:00
2025-04-13 00:10:35 [http-nio-8081-exec-3] INFO  b.s.impl.HouseCleaningServiceImpl - Room 452: 09:00
2025-04-13 00:10:35 [http-nio-8081-exec-3] INFO  b.s.impl.HouseCleaningServiceImpl - Room 457: 09:00
2025-04-13 00:10:35 [http-nio-8081-exec-3] INFO  b.s.impl.HouseCleaningServiceImpl - Room 464: 09:00
2025-04-13 00:10:35 [http-nio-8081-exec-3] INFO  b.s.impl.HouseCleaningServiceImpl - Room 433: 09:30
2025-04-13 00:10:35 [http-nio-8081-exec-3] INFO  b.s.impl.HouseCleaningServiceImpl - Room 469: 09:30
2025-04-13 00:10:35 [http-nio-8081-exec-3] INFO  b.s.impl.HouseCleaningServiceImpl - Room 470: 09:30
2025-04-13 00:10:35 [http-nio-8081-exec-3] INFO  b.s.impl.HouseCleaningServiceImpl - Room 421: 10:00
2025-04-13 00:10:35 [http-nio-8081-exec-3] INFO  b.s.impl.HouseCleaningServiceImpl - Room 451: 10:00
2025-04-13 00:10:35 [http-nio-8081-exec-3] INFO  b.s.impl.HouseCleaningServiceImpl - Assigned staff 1 to room 421 for cleaning from 08:30 to 09:00
2025-04-13 00:10:35 [http-nio-8081-exec-3] INFO  b.s.impl.HouseCleaningServiceImpl - Assigned staff 4 to room 422 for cleaning from 08:30 to 09:00
2025-04-13 00:10:35 [http-nio-8081-exec-3] INFO  b.s.impl.HouseCleaningServiceImpl - Assigned staff 10 to room 433 for cleaning from 08:30 to 09:00
2025-04-13 00:10:35 [http-nio-8081-exec-3] INFO  b.s.impl.HouseCleaningServiceImpl - Assigned staff 1 to room 434 for cleaning from 08:30 to 09:00
2025-04-13 00:10:35 [http-nio-8081-exec-3] INFO  b.s.impl.HouseCleaningServiceImpl - Assigned staff 4 to room 439 for cleaning from 08:30 to 09:00
2025-04-13 00:10:35 [http-nio-8081-exec-3] INFO  b.s.impl.HouseCleaningServiceImpl - Assigned staff 10 to room 451 for cleaning from 08:30 to 09:00
2025-04-13 00:10:35 [http-nio-8081-exec-3] INFO  b.s.impl.HouseCleaningServiceImpl - Assigned staff 1 to room 452 for cleaning from 08:30 to 09:00
2025-04-13 00:10:35 [http-nio-8081-exec-3] INFO  b.s.impl.HouseCleaningServiceImpl - Assigned staff 4 to room 457 for cleaning from 08:30 to 09:00
2025-04-13 00:10:35 [http-nio-8081-exec-3] INFO  b.s.impl.HouseCleaningServiceImpl - Assigned staff 10 to room 464 for cleaning from 08:30 to 09:00
2025-04-13 00:10:35 [http-nio-8081-exec-3] INFO  b.s.impl.HouseCleaningServiceImpl - Assigned staff 1 to room 469 for cleaning from 08:30 to 09:00
2025-04-13 00:10:35 [http-nio-8081-exec-3] INFO  b.s.impl.HouseCleaningServiceImpl - Assigned staff 4 to room 470 for cleaning from 08:30 to 09:00
2025-04-13 00:10:35 [http-nio-8081-exec-3] INFO  b.s.impl.HouseCleaningServiceImpl - Assigned staff 10 to room 421 for cleaning from 08:30 to 09:00
2025-04-13 00:10:35 [http-nio-8081-exec-3] INFO  b.s.impl.HouseCleaningServiceImpl - Assigned staff 1 to room 422 for cleaning from 08:30 to 09:00
2025-04-13 00:10:35 [http-nio-8081-exec-3] INFO  b.s.impl.HouseCleaningServiceImpl - Assigned staff 4 to room 433 for cleaning from 08:30 to 09:00
2025-04-13 00:10:35 [http-nio-8081-exec-3] INFO  b.s.impl.HouseCleaningServiceImpl - Assigned staff 10 to room 434 for cleaning from 08:30 to 09:00
2025-04-13 00:10:35 [http-nio-8081-exec-3] INFO  b.s.impl.HouseCleaningServiceImpl - Assigned staff 1 to room 439 for cleaning from 08:30 to 09:00
2025-04-13 00:10:35 [http-nio-8081-exec-3] INFO  b.s.impl.HouseCleaningServiceImpl - Assigned staff 4 to room 451 for cleaning from 08:30 to 09:00
2025-04-13 00:10:35 [http-nio-8081-exec-3] INFO  b.s.impl.HouseCleaningServiceImpl - Assigned staff 10 to room 452 for cleaning from 08:30 to 09:00
2025-04-13 00:10:35 [http-nio-8081-exec-3] INFO  b.s.impl.HouseCleaningServiceImpl - Assigned staff 1 to room 457 for cleaning from 08:30 to 09:00
2025-04-13 00:10:35 [http-nio-8081-exec-3] INFO  b.s.impl.HouseCleaningServiceImpl - Assigned staff 4 to room 464 for cleaning from 08:30 to 09:00
2025-04-13 00:10:35 [http-nio-8081-exec-3] INFO  b.s.impl.HouseCleaningServiceImpl - Assigned staff 10 to room 469 for cleaning from 08:30 to 09:00
2025-04-13 00:10:35 [http-nio-8081-exec-3] INFO  b.s.impl.HouseCleaningServiceImpl - Assigned staff 1 to room 470 for cleaning from 08:30 to 09:00
2025-04-13 00:10:35 [http-nio-8081-exec-3] WARN  b.s.impl.HouseCleaningServiceImpl - Schedule end time 09:30 is after shift end time 09:00. Adjusting to fit within shift.
2025-04-13 00:10:35 [http-nio-8081-exec-3] INFO  b.s.impl.HouseCleaningServiceImpl - Assigned staff 4 to room 422 for cleaning from 08:30 to 09:00
2025-04-13 00:10:35 [http-nio-8081-exec-3] WARN  b.s.impl.HouseCleaningServiceImpl - Schedule end time 09:30 is after shift end time 09:00. Adjusting to fit within shift.
2025-04-13 00:10:35 [http-nio-8081-exec-3] INFO  b.s.impl.HouseCleaningServiceImpl - Assigned staff 10 to room 434 for cleaning from 08:30 to 09:00
2025-04-13 00:10:35 [http-nio-8081-exec-3] WARN  b.s.impl.HouseCleaningServiceImpl - Schedule end time 09:30 is after shift end time 09:00. Adjusting to fit within shift.
2025-04-13 00:10:35 [http-nio-8081-exec-3] INFO  b.s.impl.HouseCleaningServiceImpl - Assigned staff 1 to room 439 for cleaning from 08:30 to 09:00
2025-04-13 00:10:35 [http-nio-8081-exec-3] WARN  b.s.impl.HouseCleaningServiceImpl - Schedule end time 09:30 is after shift end time 09:00. Adjusting to fit within shift.
2025-04-13 00:10:35 [http-nio-8081-exec-3] INFO  b.s.impl.HouseCleaningServiceImpl - Assigned staff 4 to room 452 for cleaning from 08:30 to 09:00
2025-04-13 00:10:35 [http-nio-8081-exec-3] WARN  b.s.impl.HouseCleaningServiceImpl - Schedule end time 09:30 is after shift end time 09:00. Adjusting to fit within shift.
2025-04-13 00:10:35 [http-nio-8081-exec-3] INFO  b.s.impl.HouseCleaningServiceImpl - Assigned staff 10 to room 457 for cleaning from 08:30 to 09:00
2025-04-13 00:10:35 [http-nio-8081-exec-3] WARN  b.s.impl.HouseCleaningServiceImpl - Schedule end time 09:30 is after shift end time 09:00. Adjusting to fit within shift.
2025-04-13 00:10:35 [http-nio-8081-exec-3] INFO  b.s.impl.HouseCleaningServiceImpl - Assigned staff 1 to room 464 for cleaning from 08:30 to 09:00
2025-04-13 00:10:35 [http-nio-8081-exec-3] WARN  b.s.impl.HouseCleaningServiceImpl - Schedule end time 10:00 is after shift end time 09:00. Adjusting to fit within shift.
2025-04-13 00:10:35 [http-nio-8081-exec-3] INFO  b.s.impl.HouseCleaningServiceImpl - Assigned staff 4 to room 433 for cleaning from 08:30 to 09:00
2025-04-13 00:10:35 [http-nio-8081-exec-3] WARN  b.s.impl.HouseCleaningServiceImpl - Schedule end time 10:00 is after shift end time 09:00. Adjusting to fit within shift.
2025-04-13 00:10:35 [http-nio-8081-exec-3] INFO  b.s.impl.HouseCleaningServiceImpl - Assigned staff 10 to room 469 for cleaning from 08:30 to 09:00
2025-04-13 00:10:35 [http-nio-8081-exec-3] WARN  b.s.impl.HouseCleaningServiceImpl - Schedule end time 10:00 is after shift end time 09:00. Adjusting to fit within shift.
2025-04-13 00:10:35 [http-nio-8081-exec-3] INFO  b.s.impl.HouseCleaningServiceImpl - Assigned staff 1 to room 470 for cleaning from 08:30 to 09:00
2025-04-13 00:10:35 [http-nio-8081-exec-3] WARN  b.s.impl.HouseCleaningServiceImpl - Schedule end time 10:30 is after shift end time 09:00. Adjusting to fit within shift.
2025-04-13 00:10:35 [http-nio-8081-exec-3] INFO  b.s.impl.HouseCleaningServiceImpl - Assigned staff 4 to room 421 for cleaning from 08:30 to 09:00
2025-04-13 00:10:35 [http-nio-8081-exec-3] WARN  b.s.impl.HouseCleaningServiceImpl - Schedule end time 10:30 is after shift end time 09:00. Adjusting to fit within shift.
2025-04-13 00:10:35 [http-nio-8081-exec-3] INFO  b.s.impl.HouseCleaningServiceImpl - Assigned staff 10 to room 451 for cleaning from 08:30 to 09:00
2025-04-13 00:10:35 [http-nio-8081-exec-3] INFO  b.s.impl.HouseCleaningServiceImpl - Staff 1 has 11 assignments
2025-04-13 00:10:35 [http-nio-8081-exec-3] INFO  b.s.impl.HouseCleaningServiceImpl -   - Room 421 at 08:30
2025-04-13 00:10:35 [http-nio-8081-exec-3] INFO  b.s.impl.HouseCleaningServiceImpl -   - Room 434 at 08:30
2025-04-13 00:10:35 [http-nio-8081-exec-3] INFO  b.s.impl.HouseCleaningServiceImpl -   - Room 452 at 08:30
2025-04-13 00:10:35 [http-nio-8081-exec-3] INFO  b.s.impl.HouseCleaningServiceImpl -   - Room 469 at 08:30
2025-04-13 00:10:35 [http-nio-8081-exec-3] INFO  b.s.impl.HouseCleaningServiceImpl -   - Room 422 at 08:30
2025-04-13 00:10:35 [http-nio-8081-exec-3] INFO  b.s.impl.HouseCleaningServiceImpl -   - Room 439 at 08:30
2025-04-13 00:10:35 [http-nio-8081-exec-3] INFO  b.s.impl.HouseCleaningServiceImpl -   - Room 457 at 08:30
2025-04-13 00:10:35 [http-nio-8081-exec-3] INFO  b.s.impl.HouseCleaningServiceImpl -   - Room 470 at 08:30
2025-04-13 00:10:35 [http-nio-8081-exec-3] INFO  b.s.impl.HouseCleaningServiceImpl -   - Room 439 at 08:30
2025-04-13 00:10:35 [http-nio-8081-exec-3] INFO  b.s.impl.HouseCleaningServiceImpl -   - Room 464 at 08:30
2025-04-13 00:10:35 [http-nio-8081-exec-3] INFO  b.s.impl.HouseCleaningServiceImpl -   - Room 470 at 08:30
2025-04-13 00:10:35 [http-nio-8081-exec-3] INFO  b.s.impl.HouseCleaningServiceImpl - Staff 4 has 11 assignments
2025-04-13 00:10:35 [http-nio-8081-exec-3] INFO  b.s.impl.HouseCleaningServiceImpl -   - Room 422 at 08:30
2025-04-13 00:10:35 [http-nio-8081-exec-3] INFO  b.s.impl.HouseCleaningServiceImpl -   - Room 439 at 08:30
2025-04-13 00:10:35 [http-nio-8081-exec-3] INFO  b.s.impl.HouseCleaningServiceImpl -   - Room 457 at 08:30
2025-04-13 00:10:35 [http-nio-8081-exec-3] INFO  b.s.impl.HouseCleaningServiceImpl -   - Room 470 at 08:30
2025-04-13 00:10:35 [http-nio-8081-exec-3] INFO  b.s.impl.HouseCleaningServiceImpl -   - Room 433 at 08:30
2025-04-13 00:10:35 [http-nio-8081-exec-3] INFO  b.s.impl.HouseCleaningServiceImpl -   - Room 451 at 08:30
2025-04-13 00:10:35 [http-nio-8081-exec-3] INFO  b.s.impl.HouseCleaningServiceImpl -   - Room 464 at 08:30
2025-04-13 00:10:35 [http-nio-8081-exec-3] INFO  b.s.impl.HouseCleaningServiceImpl -   - Room 422 at 08:30
2025-04-13 00:10:35 [http-nio-8081-exec-3] INFO  b.s.impl.HouseCleaningServiceImpl -   - Room 452 at 08:30
2025-04-13 00:10:35 [http-nio-8081-exec-3] INFO  b.s.impl.HouseCleaningServiceImpl -   - Room 433 at 08:30
2025-04-13 00:10:35 [http-nio-8081-exec-3] INFO  b.s.impl.HouseCleaningServiceImpl -   - Room 421 at 08:30
2025-04-13 00:10:35 [http-nio-8081-exec-3] INFO  b.s.impl.HouseCleaningServiceImpl - Staff 10 has 11 assignments
2025-04-13 00:10:35 [http-nio-8081-exec-3] INFO  b.s.impl.HouseCleaningServiceImpl -   - Room 433 at 08:30
2025-04-13 00:10:35 [http-nio-8081-exec-3] INFO  b.s.impl.HouseCleaningServiceImpl -   - Room 451 at 08:30
2025-04-13 00:10:35 [http-nio-8081-exec-3] INFO  b.s.impl.HouseCleaningServiceImpl -   - Room 464 at 08:30
2025-04-13 00:10:35 [http-nio-8081-exec-3] INFO  b.s.impl.HouseCleaningServiceImpl -   - Room 421 at 08:30
2025-04-13 00:10:35 [http-nio-8081-exec-3] INFO  b.s.impl.HouseCleaningServiceImpl -   - Room 434 at 08:30
2025-04-13 00:10:35 [http-nio-8081-exec-3] INFO  b.s.impl.HouseCleaningServiceImpl -   - Room 452 at 08:30
2025-04-13 00:10:35 [http-nio-8081-exec-3] INFO  b.s.impl.HouseCleaningServiceImpl -   - Room 469 at 08:30
2025-04-13 00:10:35 [http-nio-8081-exec-3] INFO  b.s.impl.HouseCleaningServiceImpl -   - Room 434 at 08:30
2025-04-13 00:10:35 [http-nio-8081-exec-3] INFO  b.s.impl.HouseCleaningServiceImpl -   - Room 457 at 08:30
2025-04-13 00:10:35 [http-nio-8081-exec-3] INFO  b.s.impl.HouseCleaningServiceImpl -   - Room 469 at 08:30
2025-04-13 00:10:35 [http-nio-8081-exec-3] INFO  b.s.impl.HouseCleaningServiceImpl -   - Room 451 at 08:30
2025-04-13 00:10:35 [http-nio-8081-exec-3] INFO  b.s.impl.HouseCleaningServiceImpl - Saved schedules after assignment:
2025-04-13 00:10:35 [http-nio-8081-exec-3] INFO  b.s.impl.HouseCleaningServiceImpl - Room 421: 08:30
2025-04-13 00:10:35 [http-nio-8081-exec-3] INFO  b.s.impl.HouseCleaningServiceImpl - Room 422: 08:30
2025-04-13 00:10:35 [http-nio-8081-exec-3] INFO  b.s.impl.HouseCleaningServiceImpl - Room 433: 08:30
2025-04-13 00:10:35 [http-nio-8081-exec-3] INFO  b.s.impl.HouseCleaningServiceImpl - Room 434: 08:30
2025-04-13 00:10:35 [http-nio-8081-exec-3] INFO  b.s.impl.HouseCleaningServiceImpl - Room 439: 08:30
2025-04-13 00:10:35 [http-nio-8081-exec-3] INFO  b.s.impl.HouseCleaningServiceImpl - Room 451: 08:30
2025-04-13 00:10:35 [http-nio-8081-exec-3] INFO  b.s.impl.HouseCleaningServiceImpl - Room 452: 08:30
2025-04-13 00:10:35 [http-nio-8081-exec-3] INFO  b.s.impl.HouseCleaningServiceImpl - Room 457: 08:30
2025-04-13 00:10:35 [http-nio-8081-exec-3] INFO  b.s.impl.HouseCleaningServiceImpl - Room 464: 08:30
2025-04-13 00:10:35 [http-nio-8081-exec-3] INFO  b.s.impl.HouseCleaningServiceImpl - Room 469: 08:30
2025-04-13 00:10:35 [http-nio-8081-exec-3] INFO  b.s.impl.HouseCleaningServiceImpl - Room 470: 08:30
2025-04-13 00:10:35 [http-nio-8081-exec-3] INFO  b.s.impl.HouseCleaningServiceImpl - Room 421: 08:30
2025-04-13 00:10:35 [http-nio-8081-exec-3] INFO  b.s.impl.HouseCleaningServiceImpl - Room 422: 08:30
2025-04-13 00:10:35 [http-nio-8081-exec-3] INFO  b.s.impl.HouseCleaningServiceImpl - Room 433: 08:30
2025-04-13 00:10:35 [http-nio-8081-exec-3] INFO  b.s.impl.HouseCleaningServiceImpl - Room 434: 08:30
2025-04-13 00:10:35 [http-nio-8081-exec-3] INFO  b.s.impl.HouseCleaningServiceImpl - Room 439: 08:30
2025-04-13 00:10:35 [http-nio-8081-exec-3] INFO  b.s.impl.HouseCleaningServiceImpl - Room 451: 08:30
2025-04-13 00:10:35 [http-nio-8081-exec-3] INFO  b.s.impl.HouseCleaningServiceImpl - Room 452: 08:30
2025-04-13 00:10:35 [http-nio-8081-exec-3] INFO  b.s.impl.HouseCleaningServiceImpl - Room 457: 08:30
2025-04-13 00:10:35 [http-nio-8081-exec-3] INFO  b.s.impl.HouseCleaningServiceImpl - Room 464: 08:30
2025-04-13 00:10:35 [http-nio-8081-exec-3] INFO  b.s.impl.HouseCleaningServiceImpl - Room 469: 08:30
2025-04-13 00:10:35 [http-nio-8081-exec-3] INFO  b.s.impl.HouseCleaningServiceImpl - Room 470: 08:30
2025-04-13 00:10:35 [http-nio-8081-exec-3] INFO  b.s.impl.HouseCleaningServiceImpl - Room 422: 08:30
2025-04-13 00:10:35 [http-nio-8081-exec-3] INFO  b.s.impl.HouseCleaningServiceImpl - Room 434: 08:30
2025-04-13 00:10:35 [http-nio-8081-exec-3] INFO  b.s.impl.HouseCleaningServiceImpl - Room 439: 08:30
2025-04-13 00:10:35 [http-nio-8081-exec-3] INFO  b.s.impl.HouseCleaningServiceImpl - Room 452: 08:30
2025-04-13 00:10:35 [http-nio-8081-exec-3] INFO  b.s.impl.HouseCleaningServiceImpl - Room 457: 08:30
2025-04-13 00:10:35 [http-nio-8081-exec-3] INFO  b.s.impl.HouseCleaningServiceImpl - Room 464: 08:30
2025-04-13 00:10:35 [http-nio-8081-exec-3] INFO  b.s.impl.HouseCleaningServiceImpl - Room 433: 08:30
2025-04-13 00:10:35 [http-nio-8081-exec-3] INFO  b.s.impl.HouseCleaningServiceImpl - Room 469: 08:30
2025-04-13 00:10:35 [http-nio-8081-exec-3] INFO  b.s.impl.HouseCleaningServiceImpl - Room 470: 08:30
2025-04-13 00:10:35 [http-nio-8081-exec-3] INFO  b.s.impl.HouseCleaningServiceImpl - Room 421: 08:30
2025-04-13 00:10:35 [http-nio-8081-exec-3] INFO  b.s.impl.HouseCleaningServiceImpl - Room 451: 08:30
2025-04-13 00:13:54 [SpringApplicationShutdownHook] INFO  o.s.b.w.e.tomcat.GracefulShutdown - Commencing graceful shutdown. Waiting for active requests to complete
2025-04-13 00:13:54 [tomcat-shutdown] INFO  o.s.b.w.e.tomcat.GracefulShutdown - Graceful shutdown complete
2025-04-13 00:13:55 [SpringApplicationShutdownHook] INFO  o.s.o.j.LocalContainerEntityManagerFactoryBean - Closing JPA EntityManagerFactory for persistence unit 'default'
2025-04-13 00:13:55 [SpringApplicationShutdownHook] INFO  com.zaxxer.hikari.HikariDataSource - HikariPool-1 - Shutdown initiated...
2025-04-13 00:13:55 [SpringApplicationShutdownHook] INFO  com.zaxxer.hikari.HikariDataSource - HikariPool-1 - Shutdown completed.
2025-04-13 00:14:01 [main] INFO  backend.HotelBookingApplication - Starting HotelBookingApplication using Java 17.0.13 with PID 99902 (/Users/sukuna/Documents/coding/IBE/IBE-BE/KDU/target/classes started by sukuna in /Users/sukuna/Documents/coding/IBE/IBE-BE/KDU)
2025-04-13 00:14:01 [main] INFO  backend.HotelBookingApplication - The following 1 profile is active: "dev"
2025-04-13 00:14:02 [main] INFO  o.s.d.r.c.RepositoryConfigurationDelegate - Bootstrapping Spring Data JPA repositories in DEFAULT mode.
2025-04-13 00:14:02 [main] INFO  o.s.d.r.c.RepositoryConfigurationDelegate - Finished Spring Data repository scanning in 78 ms. Found 15 JPA repository interfaces.
2025-04-13 00:14:03 [main] INFO  o.s.b.w.e.tomcat.TomcatWebServer - Tomcat initialized with port 8081 (http)
2025-04-13 00:14:03 [main] INFO  o.a.coyote.http11.Http11NioProtocol - Initializing ProtocolHandler ["http-nio-8081"]
2025-04-13 00:14:03 [main] INFO  o.a.catalina.core.StandardService - Starting service [Tomcat]
2025-04-13 00:14:03 [main] INFO  o.a.catalina.core.StandardEngine - Starting Servlet engine: [Apache Tomcat/10.1.36]
2025-04-13 00:14:03 [main] INFO  o.a.c.c.C.[Tomcat].[localhost].[/] - Initializing Spring embedded WebApplicationContext
2025-04-13 00:14:03 [main] INFO  o.s.b.w.s.c.ServletWebServerApplicationContext - Root WebApplicationContext: initialization completed in 2242 ms
2025-04-13 00:14:03 [main] INFO  com.zaxxer.hikari.HikariDataSource - HikariPool-1 - Starting...
2025-04-13 00:14:04 [main] INFO  com.zaxxer.hikari.pool.HikariPool - HikariPool-1 - Added connection org.postgresql.jdbc.PgConnection@66b40dd3
2025-04-13 00:14:04 [main] INFO  com.zaxxer.hikari.HikariDataSource - HikariPool-1 - Start completed.
2025-04-13 00:14:05 [main] INFO  o.s.o.j.p.SpringPersistenceUnitInfo - No LoadTimeWeaver setup: ignoring JPA class transformer
2025-04-13 00:14:05 [main] WARN  org.hibernate.orm.deprecation - HHH90000025: PostgreSQLDialect does not need to be specified explicitly using 'hibernate.dialect' (remove the property setting and it will be selected by default)
2025-04-13 00:14:06 [main] WARN  o.h.t.s.i.ExceptionHandlerLoggedImpl - GenerationTarget encountered exception accepting command : Error executing DDL "alter table if exists staff_room_map alter column staff_id set data type bigint" via JDBC [ERROR: column "staff_id" cannot be cast automatically to type bigint
  Hint: You might need to specify "USING staff_id::bigint".]
org.hibernate.tool.schema.spi.CommandAcceptanceException: Error executing DDL "alter table if exists staff_room_map alter column staff_id set data type bigint" via JDBC [ERROR: column "staff_id" cannot be cast automatically to type bigint
  Hint: You might need to specify "USING staff_id::bigint".]
	at org.hibernate.tool.schema.internal.exec.GenerationTargetToDatabase.accept(GenerationTargetToDatabase.java:94)
	at org.hibernate.tool.schema.internal.AbstractSchemaMigrator.applySqlString(AbstractSchemaMigrator.java:576)
	at org.hibernate.tool.schema.internal.AbstractSchemaMigrator.applySqlStrings(AbstractSchemaMigrator.java:516)
	at org.hibernate.tool.schema.internal.AbstractSchemaMigrator.migrateTable(AbstractSchemaMigrator.java:334)
	at org.hibernate.tool.schema.internal.GroupedSchemaMigratorImpl.performTablesMigration(GroupedSchemaMigratorImpl.java:84)
	at org.hibernate.tool.schema.internal.AbstractSchemaMigrator.performMigration(AbstractSchemaMigrator.java:233)
	at org.hibernate.tool.schema.internal.AbstractSchemaMigrator.doMigration(AbstractSchemaMigrator.java:112)
	at org.hibernate.tool.schema.spi.SchemaManagementToolCoordinator.performDatabaseAction(SchemaManagementToolCoordinator.java:280)
	at org.hibernate.tool.schema.spi.SchemaManagementToolCoordinator.lambda$process$5(SchemaManagementToolCoordinator.java:144)
	at java.base/java.util.HashMap.forEach(HashMap.java:1421)
	at org.hibernate.tool.schema.spi.SchemaManagementToolCoordinator.process(SchemaManagementToolCoordinator.java:141)
	at org.hibernate.boot.internal.SessionFactoryObserverForSchemaExport.sessionFactoryCreated(SessionFactoryObserverForSchemaExport.java:37)
	at org.hibernate.internal.SessionFactoryObserverChain.sessionFactoryCreated(SessionFactoryObserverChain.java:35)
	at org.hibernate.internal.SessionFactoryImpl.<init>(SessionFactoryImpl.java:324)
	at org.hibernate.boot.internal.SessionFactoryBuilderImpl.build(SessionFactoryBuilderImpl.java:463)
	at org.hibernate.jpa.boot.internal.EntityManagerFactoryBuilderImpl.build(EntityManagerFactoryBuilderImpl.java:1517)
	at org.springframework.orm.jpa.vendor.SpringHibernateJpaPersistenceProvider.createContainerEntityManagerFactory(SpringHibernateJpaPersistenceProvider.java:66)
	at org.springframework.orm.jpa.LocalContainerEntityManagerFactoryBean.createNativeEntityManagerFactory(LocalContainerEntityManagerFactoryBean.java:390)
	at org.springframework.orm.jpa.AbstractEntityManagerFactoryBean.buildNativeEntityManagerFactory(AbstractEntityManagerFactoryBean.java:419)
	at org.springframework.orm.jpa.AbstractEntityManagerFactoryBean.afterPropertiesSet(AbstractEntityManagerFactoryBean.java:400)
	at org.springframework.orm.jpa.LocalContainerEntityManagerFactoryBean.afterPropertiesSet(LocalContainerEntityManagerFactoryBean.java:366)
	at org.springframework.beans.factory.support.AbstractAutowireCapableBeanFactory.invokeInitMethods(AbstractAutowireCapableBeanFactory.java:1859)
	at org.springframework.beans.factory.support.AbstractAutowireCapableBeanFactory.initializeBean(AbstractAutowireCapableBeanFactory.java:1808)
	at org.springframework.beans.factory.support.AbstractAutowireCapableBeanFactory.doCreateBean(AbstractAutowireCapableBeanFactory.java:601)
	at org.springframework.beans.factory.support.AbstractAutowireCapableBeanFactory.createBean(AbstractAutowireCapableBeanFactory.java:523)
	at org.springframework.beans.factory.support.AbstractBeanFactory.lambda$doGetBean$0(AbstractBeanFactory.java:339)
	at org.springframework.beans.factory.support.DefaultSingletonBeanRegistry.getSingleton(DefaultSingletonBeanRegistry.java:346)
	at org.springframework.beans.factory.support.AbstractBeanFactory.doGetBean(AbstractBeanFactory.java:337)
	at org.springframework.beans.factory.support.AbstractBeanFactory.getBean(AbstractBeanFactory.java:207)
	at org.springframework.context.support.AbstractApplicationContext.finishBeanFactoryInitialization(AbstractApplicationContext.java:970)
	at org.springframework.context.support.AbstractApplicationContext.refresh(AbstractApplicationContext.java:627)
	at org.springframework.boot.web.servlet.context.ServletWebServerApplicationContext.refresh(ServletWebServerApplicationContext.java:146)
	at org.springframework.boot.SpringApplication.refresh(SpringApplication.java:752)
	at org.springframework.boot.SpringApplication.refreshContext(SpringApplication.java:439)
	at org.springframework.boot.SpringApplication.run(SpringApplication.java:318)
	at org.springframework.boot.SpringApplication.run(SpringApplication.java:1361)
	at org.springframework.boot.SpringApplication.run(SpringApplication.java:1350)
	at backend.HotelBookingApplication.main(HotelBookingApplication.java:15)
Caused by: org.postgresql.util.PSQLException: ERROR: column "staff_id" cannot be cast automatically to type bigint
  Hint: You might need to specify "USING staff_id::bigint".
	at org.postgresql.core.v3.QueryExecutorImpl.receiveErrorResponse(QueryExecutorImpl.java:2733)
	at org.postgresql.core.v3.QueryExecutorImpl.processResults(QueryExecutorImpl.java:2420)
	at org.postgresql.core.v3.QueryExecutorImpl.execute(QueryExecutorImpl.java:372)
	at org.postgresql.jdbc.PgStatement.executeInternal(PgStatement.java:517)
	at org.postgresql.jdbc.PgStatement.execute(PgStatement.java:434)
	at org.postgresql.jdbc.PgStatement.executeWithFlags(PgStatement.java:356)
	at org.postgresql.jdbc.PgStatement.executeCachedSql(PgStatement.java:341)
	at org.postgresql.jdbc.PgStatement.executeWithFlags(PgStatement.java:317)
	at org.postgresql.jdbc.PgStatement.execute(PgStatement.java:312)
	at com.zaxxer.hikari.pool.ProxyStatement.execute(ProxyStatement.java:94)
	at com.zaxxer.hikari.pool.HikariProxyStatement.execute(HikariProxyStatement.java)
	at org.hibernate.tool.schema.internal.exec.GenerationTargetToDatabase.accept(GenerationTargetToDatabase.java:80)
	... 37 common frames omitted
2025-04-13 00:14:07 [main] WARN  o.h.t.s.i.ExceptionHandlerLoggedImpl - GenerationTarget encountered exception accepting command : Error executing DDL "alter table if exists staff_room_map add constraint FKyd20ehofj2axxe92vl67pqvx foreign key (staff_id) references staff" via JDBC [ERROR: foreign key constraint "fkyd20ehofj2axxe92vl67pqvx" cannot be implemented
  Detail: Key columns "staff_id" and "staff_id" are of incompatible types: character varying and bigint.]
org.hibernate.tool.schema.spi.CommandAcceptanceException: Error executing DDL "alter table if exists staff_room_map add constraint FKyd20ehofj2axxe92vl67pqvx foreign key (staff_id) references staff" via JDBC [ERROR: foreign key constraint "fkyd20ehofj2axxe92vl67pqvx" cannot be implemented
  Detail: Key columns "staff_id" and "staff_id" are of incompatible types: character varying and bigint.]
	at org.hibernate.tool.schema.internal.exec.GenerationTargetToDatabase.accept(GenerationTargetToDatabase.java:94)
	at org.hibernate.tool.schema.internal.AbstractSchemaMigrator.applySqlString(AbstractSchemaMigrator.java:576)
	at org.hibernate.tool.schema.internal.AbstractSchemaMigrator.applySqlStrings(AbstractSchemaMigrator.java:516)
	at org.hibernate.tool.schema.internal.AbstractSchemaMigrator.applyForeignKeys(AbstractSchemaMigrator.java:448)
	at org.hibernate.tool.schema.internal.AbstractSchemaMigrator.performMigration(AbstractSchemaMigrator.java:269)
	at org.hibernate.tool.schema.internal.AbstractSchemaMigrator.doMigration(AbstractSchemaMigrator.java:112)
	at org.hibernate.tool.schema.spi.SchemaManagementToolCoordinator.performDatabaseAction(SchemaManagementToolCoordinator.java:280)
	at org.hibernate.tool.schema.spi.SchemaManagementToolCoordinator.lambda$process$5(SchemaManagementToolCoordinator.java:144)
	at java.base/java.util.HashMap.forEach(HashMap.java:1421)
	at org.hibernate.tool.schema.spi.SchemaManagementToolCoordinator.process(SchemaManagementToolCoordinator.java:141)
	at org.hibernate.boot.internal.SessionFactoryObserverForSchemaExport.sessionFactoryCreated(SessionFactoryObserverForSchemaExport.java:37)
	at org.hibernate.internal.SessionFactoryObserverChain.sessionFactoryCreated(SessionFactoryObserverChain.java:35)
	at org.hibernate.internal.SessionFactoryImpl.<init>(SessionFactoryImpl.java:324)
	at org.hibernate.boot.internal.SessionFactoryBuilderImpl.build(SessionFactoryBuilderImpl.java:463)
	at org.hibernate.jpa.boot.internal.EntityManagerFactoryBuilderImpl.build(EntityManagerFactoryBuilderImpl.java:1517)
	at org.springframework.orm.jpa.vendor.SpringHibernateJpaPersistenceProvider.createContainerEntityManagerFactory(SpringHibernateJpaPersistenceProvider.java:66)
	at org.springframework.orm.jpa.LocalContainerEntityManagerFactoryBean.createNativeEntityManagerFactory(LocalContainerEntityManagerFactoryBean.java:390)
	at org.springframework.orm.jpa.AbstractEntityManagerFactoryBean.buildNativeEntityManagerFactory(AbstractEntityManagerFactoryBean.java:419)
	at org.springframework.orm.jpa.AbstractEntityManagerFactoryBean.afterPropertiesSet(AbstractEntityManagerFactoryBean.java:400)
	at org.springframework.orm.jpa.LocalContainerEntityManagerFactoryBean.afterPropertiesSet(LocalContainerEntityManagerFactoryBean.java:366)
	at org.springframework.beans.factory.support.AbstractAutowireCapableBeanFactory.invokeInitMethods(AbstractAutowireCapableBeanFactory.java:1859)
	at org.springframework.beans.factory.support.AbstractAutowireCapableBeanFactory.initializeBean(AbstractAutowireCapableBeanFactory.java:1808)
	at org.springframework.beans.factory.support.AbstractAutowireCapableBeanFactory.doCreateBean(AbstractAutowireCapableBeanFactory.java:601)
	at org.springframework.beans.factory.support.AbstractAutowireCapableBeanFactory.createBean(AbstractAutowireCapableBeanFactory.java:523)
	at org.springframework.beans.factory.support.AbstractBeanFactory.lambda$doGetBean$0(AbstractBeanFactory.java:339)
	at org.springframework.beans.factory.support.DefaultSingletonBeanRegistry.getSingleton(DefaultSingletonBeanRegistry.java:346)
	at org.springframework.beans.factory.support.AbstractBeanFactory.doGetBean(AbstractBeanFactory.java:337)
	at org.springframework.beans.factory.support.AbstractBeanFactory.getBean(AbstractBeanFactory.java:207)
	at org.springframework.context.support.AbstractApplicationContext.finishBeanFactoryInitialization(AbstractApplicationContext.java:970)
	at org.springframework.context.support.AbstractApplicationContext.refresh(AbstractApplicationContext.java:627)
	at org.springframework.boot.web.servlet.context.ServletWebServerApplicationContext.refresh(ServletWebServerApplicationContext.java:146)
	at org.springframework.boot.SpringApplication.refresh(SpringApplication.java:752)
	at org.springframework.boot.SpringApplication.refreshContext(SpringApplication.java:439)
	at org.springframework.boot.SpringApplication.run(SpringApplication.java:318)
	at org.springframework.boot.SpringApplication.run(SpringApplication.java:1361)
	at org.springframework.boot.SpringApplication.run(SpringApplication.java:1350)
	at backend.HotelBookingApplication.main(HotelBookingApplication.java:15)
Caused by: org.postgresql.util.PSQLException: ERROR: foreign key constraint "fkyd20ehofj2axxe92vl67pqvx" cannot be implemented
  Detail: Key columns "staff_id" and "staff_id" are of incompatible types: character varying and bigint.
	at org.postgresql.core.v3.QueryExecutorImpl.receiveErrorResponse(QueryExecutorImpl.java:2733)
	at org.postgresql.core.v3.QueryExecutorImpl.processResults(QueryExecutorImpl.java:2420)
	at org.postgresql.core.v3.QueryExecutorImpl.execute(QueryExecutorImpl.java:372)
	at org.postgresql.jdbc.PgStatement.executeInternal(PgStatement.java:517)
	at org.postgresql.jdbc.PgStatement.execute(PgStatement.java:434)
	at org.postgresql.jdbc.PgStatement.executeWithFlags(PgStatement.java:356)
	at org.postgresql.jdbc.PgStatement.executeCachedSql(PgStatement.java:341)
	at org.postgresql.jdbc.PgStatement.executeWithFlags(PgStatement.java:317)
	at org.postgresql.jdbc.PgStatement.execute(PgStatement.java:312)
	at com.zaxxer.hikari.pool.ProxyStatement.execute(ProxyStatement.java:94)
	at com.zaxxer.hikari.pool.HikariProxyStatement.execute(HikariProxyStatement.java)
	at org.hibernate.tool.schema.internal.exec.GenerationTargetToDatabase.accept(GenerationTargetToDatabase.java:80)
	... 36 common frames omitted
2025-04-13 00:14:07 [main] INFO  o.s.o.j.LocalContainerEntityManagerFactoryBean - Initialized JPA EntityManagerFactory for persistence unit 'default'
2025-04-13 00:14:07 [main] INFO  backend.config.CorsConfig - CORS Configuration Loaded!
2025-04-13 00:14:07 [main] DEBUG o.s.c.e.PropertySourcesPropertyResolver - Found key 'spring.security.oauth2.resourceserver.jwt.issuer-uri' in PropertySource 'environmentProperties' with value of type String
2025-04-13 00:14:07 [main] INFO  o.s.d.j.r.query.QueryEnhancerFactory - Hibernate is in classpath; If applicable, HQL parser will be used.
2025-04-13 00:14:07 [main] DEBUG o.s.c.e.PropertySourcesPropertyResolver - Found key 'graphql.endpoint' in PropertySource 'environmentProperties' with value of type String
2025-04-13 00:14:07 [main] DEBUG o.s.c.e.PropertySourcesPropertyResolver - Found key 'graphql.api-key' in PropertySource 'environmentProperties' with value of type String
2025-04-13 00:14:08 [main] DEBUG o.s.c.e.PropertySourcesPropertyResolver - Found key 'graphql.api.key' in PropertySource 'environmentProperties' with value of type String
2025-04-13 00:14:08 [main] DEBUG o.s.c.e.PropertySourcesPropertyResolver - Found key 'graphql.url' in PropertySource 'environmentProperties' with value of type String
2025-04-13 00:14:08 [main] DEBUG o.s.c.e.PropertySourcesPropertyResolver - Found key 'spring.mail.username' in PropertySource 'environmentProperties' with value of type String
2025-04-13 00:14:08 [main] DEBUG o.s.c.e.PropertySourcesPropertyResolver - Found key 'otp.expiry.minutes' in PropertySource 'environmentProperties' with value of type String
2025-04-13 00:14:08 [main] DEBUG o.s.c.e.PropertySourcesPropertyResolver - Found key 'otp.max.attempts' in PropertySource 'environmentProperties' with value of type String
2025-04-13 00:14:08 [main] DEBUG o.s.c.e.PropertySourcesPropertyResolver - Found key 'graphql.endpoint' in PropertySource 'environmentProperties' with value of type String
2025-04-13 00:14:08 [main] DEBUG o.s.c.e.PropertySourcesPropertyResolver - Found key 'graphql.api-key' in PropertySource 'environmentProperties' with value of type String
2025-04-13 00:14:08 [main] DEBUG o.s.c.e.PropertySourcesPropertyResolver - Found key 'graphql.api.key' in PropertySource 'environmentProperties' with value of type String
2025-04-13 00:14:08 [main] DEBUG o.s.c.e.PropertySourcesPropertyResolver - Found key 'graphql.url' in PropertySource 'environmentProperties' with value of type String
2025-04-13 00:14:08 [main] DEBUG o.s.c.e.PropertySourcesPropertyResolver - Found key 'graphql.endpoint' in PropertySource 'environmentProperties' with value of type String
2025-04-13 00:14:08 [main] DEBUG o.s.c.e.PropertySourcesPropertyResolver - Found key 'graphql.api-key' in PropertySource 'environmentProperties' with value of type String
2025-04-13 00:14:08 [main] DEBUG o.s.c.e.PropertySourcesPropertyResolver - Found key 'graphql.endpoint' in PropertySource 'environmentProperties' with value of type String
2025-04-13 00:14:08 [main] DEBUG o.s.c.e.PropertySourcesPropertyResolver - Found key 'graphql.apiKey' in PropertySource 'environmentProperties' with value of type String
2025-04-13 00:14:08 [main] DEBUG o.s.c.e.PropertySourcesPropertyResolver - Found key 'graphql.endpoint' in PropertySource 'environmentProperties' with value of type String
2025-04-13 00:14:08 [main] DEBUG o.s.c.e.PropertySourcesPropertyResolver - Found key 'graphql.apiKey' in PropertySource 'environmentProperties' with value of type String
2025-04-13 00:14:08 [main] DEBUG o.s.c.e.PropertySourcesPropertyResolver - Found key 'api.base.url' in PropertySource 'environmentProperties' with value of type String
2025-04-13 00:14:08 [main] WARN  o.s.b.a.o.j.JpaBaseConfiguration$JpaWebConfiguration - spring.jpa.open-in-view is enabled by default. Therefore, database queries may be performed during view rendering. Explicitly configure spring.jpa.open-in-view to disable this warning
2025-04-13 00:14:08 [main] INFO  backend.config.CorsConfig - Applying CORS settings...
2025-04-13 00:14:09 [main] DEBUG o.s.s.c.a.a.c.AuthenticationConfiguration$DefaultPasswordEncoderAuthenticationManagerBuilder - No authenticationProviders and no parentAuthenticationManager defined. Returning null.
2025-04-13 00:14:09 [main] INFO  o.s.b.a.e.web.EndpointLinksResolver - Exposing 2 endpoints beneath base path '/actuator'
2025-04-13 00:14:09 [main] INFO  backend.config.SecurityConfig - Configuring security filter chain...
2025-04-13 00:14:09 [main] INFO  backend.config.SecurityConfig - Using issuer URI: https://cognito-idp.ap-south-1.amazonaws.com/ap-south-1_IGHZ9OObg
2025-04-13 00:14:09 [main] INFO  backend.config.SecurityConfig - Configuring authorization rules...
2025-04-13 00:14:09 [main] INFO  backend.config.SecurityConfig - Configuring OAuth2 resource server...
2025-04-13 00:14:09 [main] INFO  backend.config.SecurityConfig - Configuring JWT...
2025-04-13 00:14:09 [main] INFO  backend.config.SecurityConfig - Creating JWT decoder with issuer URI: https://cognito-idp.ap-south-1.amazonaws.com/ap-south-1_IGHZ9OObg
2025-04-13 00:14:09 [main] INFO  backend.config.SecurityConfig - Configuring session management...
2025-04-13 00:14:09 [main] DEBUG o.s.s.web.DefaultSecurityFilterChain - Will secure any request with filters: DisableEncodeUrlFilter, WebAsyncManagerIntegrationFilter, SecurityContextHolderFilter, HeaderWriterFilter, LogoutFilter, BearerTokenAuthenticationFilter, RequestCacheAwareFilter, SecurityContextHolderAwareRequestFilter, AnonymousAuthenticationFilter, SessionManagementFilter, ExceptionTranslationFilter, AuthorizationFilter
2025-04-13 00:14:09 [main] INFO  o.a.coyote.http11.Http11NioProtocol - Starting ProtocolHandler ["http-nio-8081"]
2025-04-13 00:14:10 [main] INFO  o.s.b.w.e.tomcat.TomcatWebServer - Tomcat started on port 8081 (http) with context path '/'
2025-04-13 00:14:10 [main] INFO  backend.HotelBookingApplication - Started HotelBookingApplication in 10.19 seconds (process running for 10.841)
2025-04-13 00:14:30 [http-nio-8081-exec-1] INFO  o.a.c.c.C.[Tomcat].[localhost].[/] - Initializing Spring DispatcherServlet 'dispatcherServlet'
2025-04-13 00:14:30 [http-nio-8081-exec-1] INFO  o.s.web.servlet.DispatcherServlet - Initializing Servlet 'dispatcherServlet'
2025-04-13 00:14:30 [http-nio-8081-exec-1] INFO  o.s.web.servlet.DispatcherServlet - Completed initialization in 15 ms
2025-04-13 00:14:30 [http-nio-8081-exec-1] DEBUG o.s.security.web.FilterChainProxy - Securing POST /api/house-cleaning/generate?date=2025-05-01
2025-04-13 00:14:30 [http-nio-8081-exec-1] DEBUG o.s.s.w.a.AnonymousAuthenticationFilter - Set SecurityContextHolder to anonymous SecurityContext
2025-04-13 00:14:30 [http-nio-8081-exec-1] DEBUG o.s.security.web.FilterChainProxy - Secured POST /api/house-cleaning/generate?date=2025-05-01
2025-04-13 00:14:31 [http-nio-8081-exec-1] INFO  b.s.impl.HouseCleaningServiceImpl - Generating cleaning schedules for date: 2025-05-01
2025-04-13 00:14:31 [http-nio-8081-exec-1] INFO  b.s.impl.HouseCleaningServiceImpl - Found 10 check-in bookings, 0 check-out bookings, and 10 current bookings for date 2025-05-01
2025-04-13 00:14:31 [http-nio-8081-exec-1] INFO  b.s.impl.BookedRoomsServiceImpl - Checking check-in rooms for date: 2025-05-01
2025-04-13 00:14:31 [http-nio-8081-exec-1] INFO  b.s.impl.BookedRoomsServiceImpl - Found 10 transactions with check-in date 2025-05-01
2025-04-13 00:14:31 [http-nio-8081-exec-1] INFO  b.s.impl.BookedRoomsServiceImpl - Booking IDs for check-in: [13, 12, 15, 14, 53, 55, 59, 60, 155, 318]
2025-04-13 00:14:36 [http-nio-8081-exec-1] INFO  b.s.impl.BookedRoomsServiceImpl - Room IDs for bookings [13, 12, 15, 14, 53, 55, 59, 60, 155, 318]: [421, 422, 433, 434, 439, 451, 452, 457, 464, 469, 470]
2025-04-13 00:14:36 [http-nio-8081-exec-1] INFO  b.s.impl.BookedRoomsServiceImpl - Checking check-out rooms for date: 2025-05-01
2025-04-13 00:14:36 [http-nio-8081-exec-1] INFO  b.s.impl.BookedRoomsServiceImpl - Found 0 transactions with check-out date 2025-05-01
2025-04-13 00:14:36 [http-nio-8081-exec-1] INFO  b.s.impl.BookedRoomsServiceImpl - Booking IDs for check-out: []
2025-04-13 00:14:36 [http-nio-8081-exec-1] INFO  b.s.impl.BookedRoomsServiceImpl - No booking IDs found, returning empty list
2025-04-13 00:14:36 [http-nio-8081-exec-1] INFO  b.s.impl.BookedRoomsServiceImpl - Checking currently booked rooms for date: 2025-05-01T00:00:00Z
2025-04-13 00:14:37 [http-nio-8081-exec-1] INFO  b.s.impl.BookedRoomsServiceImpl - Currently booked room IDs: [421, 422, 433, 434, 439, 451, 452, 457, 464, 469, 470]
2025-04-13 00:14:37 [http-nio-8081-exec-1] INFO  b.s.impl.HouseCleaningServiceImpl - Found 11 check-in rooms, 0 check-out rooms, and 11 current rooms for date 2025-05-01
2025-04-13 00:14:37 [http-nio-8081-exec-1] WARN  b.s.impl.HouseCleaningServiceImpl - Could not extract room ID from booking details for booking ID 13
2025-04-13 00:14:37 [http-nio-8081-exec-1] WARN  b.s.impl.HouseCleaningServiceImpl - Could not extract room ID from booking details for booking ID 12
2025-04-13 00:14:37 [http-nio-8081-exec-1] WARN  b.s.impl.HouseCleaningServiceImpl - Could not extract room ID from booking details for booking ID 15
2025-04-13 00:14:37 [http-nio-8081-exec-1] WARN  b.s.impl.HouseCleaningServiceImpl - Could not extract room ID from booking details for booking ID 14
2025-04-13 00:14:37 [http-nio-8081-exec-1] WARN  b.s.impl.HouseCleaningServiceImpl - Could not extract room ID from booking details for booking ID 53
2025-04-13 00:14:37 [http-nio-8081-exec-1] WARN  b.s.impl.HouseCleaningServiceImpl - Could not extract room ID from booking details for booking ID 55
2025-04-13 00:14:37 [http-nio-8081-exec-1] WARN  b.s.impl.HouseCleaningServiceImpl - Could not extract room ID from booking details for booking ID 59
2025-04-13 00:14:37 [http-nio-8081-exec-1] WARN  b.s.impl.HouseCleaningServiceImpl - Could not extract room ID from booking details for booking ID 60
2025-04-13 00:14:37 [http-nio-8081-exec-1] WARN  b.s.impl.HouseCleaningServiceImpl - Could not extract room ID from booking details for booking ID 155
2025-04-13 00:14:37 [http-nio-8081-exec-1] WARN  b.s.impl.HouseCleaningServiceImpl - Could not extract room ID from booking details for booking ID 318
2025-04-13 00:14:37 [http-nio-8081-exec-1] WARN  b.s.impl.HouseCleaningServiceImpl - Could not extract room ID from booking details for booking ID 13
2025-04-13 00:14:37 [http-nio-8081-exec-1] WARN  b.s.impl.HouseCleaningServiceImpl - Could not extract room ID from booking details for booking ID 12
2025-04-13 00:14:37 [http-nio-8081-exec-1] WARN  b.s.impl.HouseCleaningServiceImpl - Could not extract room ID from booking details for booking ID 15
2025-04-13 00:14:37 [http-nio-8081-exec-1] WARN  b.s.impl.HouseCleaningServiceImpl - Could not extract room ID from booking details for booking ID 14
2025-04-13 00:14:37 [http-nio-8081-exec-1] WARN  b.s.impl.HouseCleaningServiceImpl - Could not extract room ID from booking details for booking ID 53
2025-04-13 00:14:37 [http-nio-8081-exec-1] WARN  b.s.impl.HouseCleaningServiceImpl - Could not extract room ID from booking details for booking ID 55
2025-04-13 00:14:37 [http-nio-8081-exec-1] WARN  b.s.impl.HouseCleaningServiceImpl - Could not extract room ID from booking details for booking ID 59
2025-04-13 00:14:37 [http-nio-8081-exec-1] WARN  b.s.impl.HouseCleaningServiceImpl - Could not extract room ID from booking details for booking ID 60
2025-04-13 00:14:37 [http-nio-8081-exec-1] WARN  b.s.impl.HouseCleaningServiceImpl - Could not extract room ID from booking details for booking ID 155
2025-04-13 00:14:37 [http-nio-8081-exec-1] WARN  b.s.impl.HouseCleaningServiceImpl - Could not extract room ID from booking details for booking ID 318
2025-04-13 00:14:37 [http-nio-8081-exec-1] INFO  b.s.impl.HouseCleaningServiceImpl - Room to booking map: {}
2025-04-13 00:14:37 [http-nio-8081-exec-1] WARN  b.s.impl.HouseCleaningServiceImpl - No booking ID found for room ID 421
2025-04-13 00:14:37 [http-nio-8081-exec-1] WARN  b.s.impl.HouseCleaningServiceImpl - No booking ID found for room ID 422
2025-04-13 00:14:37 [http-nio-8081-exec-1] WARN  b.s.impl.HouseCleaningServiceImpl - No booking ID found for room ID 433
2025-04-13 00:14:37 [http-nio-8081-exec-1] WARN  b.s.impl.HouseCleaningServiceImpl - No booking ID found for room ID 434
2025-04-13 00:14:37 [http-nio-8081-exec-1] WARN  b.s.impl.HouseCleaningServiceImpl - No booking ID found for room ID 439
2025-04-13 00:14:37 [http-nio-8081-exec-1] WARN  b.s.impl.HouseCleaningServiceImpl - No booking ID found for room ID 451
2025-04-13 00:14:37 [http-nio-8081-exec-1] WARN  b.s.impl.HouseCleaningServiceImpl - No booking ID found for room ID 452
2025-04-13 00:14:37 [http-nio-8081-exec-1] WARN  b.s.impl.HouseCleaningServiceImpl - No booking ID found for room ID 457
2025-04-13 00:14:37 [http-nio-8081-exec-1] WARN  b.s.impl.HouseCleaningServiceImpl - No booking ID found for room ID 464
2025-04-13 00:14:37 [http-nio-8081-exec-1] WARN  b.s.impl.HouseCleaningServiceImpl - No booking ID found for room ID 469
2025-04-13 00:14:37 [http-nio-8081-exec-1] WARN  b.s.impl.HouseCleaningServiceImpl - No booking ID found for room ID 470
2025-04-13 00:15:15 [http-nio-8081-exec-3] DEBUG o.s.security.web.FilterChainProxy - Securing POST /api/house-cleaning/assign-staff?date=2025-05-01&shift=MORNING_SHIFT
2025-04-13 00:15:15 [http-nio-8081-exec-3] DEBUG o.s.s.w.a.AnonymousAuthenticationFilter - Set SecurityContextHolder to anonymous SecurityContext
2025-04-13 00:15:15 [http-nio-8081-exec-3] DEBUG o.s.security.web.FilterChainProxy - Secured POST /api/house-cleaning/assign-staff?date=2025-05-01&shift=MORNING_SHIFT
2025-04-13 00:15:15 [http-nio-8081-exec-3] INFO  b.s.impl.HouseCleaningServiceImpl - Assigning staff to schedules for date: 2025-05-01 and shift: MORNING_SHIFT
2025-04-13 00:15:15 [http-nio-8081-exec-3] INFO  b.s.impl.HouseCleaningServiceImpl - Shift time: 05:00 to 09:00
2025-04-13 00:15:15 [http-nio-8081-exec-3] INFO  b.s.impl.HouseCleaningServiceImpl - Original scheduled time for room 434: 08:30
2025-04-13 00:15:15 [http-nio-8081-exec-3] INFO  b.s.impl.HouseCleaningServiceImpl - Assigned staff 1 to room 434 for cleaning from 08:30 to 09:00
2025-04-13 00:15:15 [http-nio-8081-exec-3] INFO  b.s.impl.HouseCleaningServiceImpl - Original scheduled time for room 439: 08:30
2025-04-13 00:15:15 [http-nio-8081-exec-3] INFO  b.s.impl.HouseCleaningServiceImpl - Assigned staff 4 to room 439 for cleaning from 08:30 to 09:00
2025-04-13 00:15:15 [http-nio-8081-exec-3] INFO  b.s.impl.HouseCleaningServiceImpl - Original scheduled time for room 451: 08:30
2025-04-13 00:15:15 [http-nio-8081-exec-3] INFO  b.s.impl.HouseCleaningServiceImpl - Assigned staff 10 to room 451 for cleaning from 08:30 to 09:00
2025-04-13 00:15:15 [http-nio-8081-exec-3] INFO  b.s.impl.HouseCleaningServiceImpl - Original scheduled time for room 421: 08:30
2025-04-13 00:15:15 [http-nio-8081-exec-3] INFO  b.s.impl.HouseCleaningServiceImpl - Assigned staff 1 to room 421 for cleaning from 08:30 to 09:00
2025-04-13 00:15:15 [http-nio-8081-exec-3] INFO  b.s.impl.HouseCleaningServiceImpl - Original scheduled time for room 422: 08:30
2025-04-13 00:15:15 [http-nio-8081-exec-3] INFO  b.s.impl.HouseCleaningServiceImpl - Assigned staff 4 to room 422 for cleaning from 08:30 to 09:00
2025-04-13 00:15:15 [http-nio-8081-exec-3] INFO  b.s.impl.HouseCleaningServiceImpl - Original scheduled time for room 433: 08:30
2025-04-13 00:15:15 [http-nio-8081-exec-3] INFO  b.s.impl.HouseCleaningServiceImpl - Assigned staff 10 to room 433 for cleaning from 08:30 to 09:00
2025-04-13 00:15:15 [http-nio-8081-exec-3] INFO  b.s.impl.HouseCleaningServiceImpl - Original scheduled time for room 434: 08:30
2025-04-13 00:15:15 [http-nio-8081-exec-3] INFO  b.s.impl.HouseCleaningServiceImpl - Assigned staff 1 to room 434 for cleaning from 08:30 to 09:00
2025-04-13 00:15:15 [http-nio-8081-exec-3] INFO  b.s.impl.HouseCleaningServiceImpl - Original scheduled time for room 439: 08:30
2025-04-13 00:15:15 [http-nio-8081-exec-3] INFO  b.s.impl.HouseCleaningServiceImpl - Assigned staff 4 to room 439 for cleaning from 08:30 to 09:00
2025-04-13 00:15:15 [http-nio-8081-exec-3] INFO  b.s.impl.HouseCleaningServiceImpl - Original scheduled time for room 451: 08:30
2025-04-13 00:15:15 [http-nio-8081-exec-3] INFO  b.s.impl.HouseCleaningServiceImpl - Assigned staff 10 to room 451 for cleaning from 08:30 to 09:00
2025-04-13 00:15:15 [http-nio-8081-exec-3] INFO  b.s.impl.HouseCleaningServiceImpl - Original scheduled time for room 452: 08:30
2025-04-13 00:15:15 [http-nio-8081-exec-3] INFO  b.s.impl.HouseCleaningServiceImpl - Assigned staff 1 to room 452 for cleaning from 08:30 to 09:00
2025-04-13 00:15:15 [http-nio-8081-exec-3] INFO  b.s.impl.HouseCleaningServiceImpl - Original scheduled time for room 457: 08:30
2025-04-13 00:15:15 [http-nio-8081-exec-3] INFO  b.s.impl.HouseCleaningServiceImpl - Assigned staff 4 to room 457 for cleaning from 08:30 to 09:00
2025-04-13 00:15:15 [http-nio-8081-exec-3] INFO  b.s.impl.HouseCleaningServiceImpl - Original scheduled time for room 421: 08:30
2025-04-13 00:15:15 [http-nio-8081-exec-3] INFO  b.s.impl.HouseCleaningServiceImpl - Assigned staff 10 to room 421 for cleaning from 08:30 to 09:00
2025-04-13 00:15:15 [http-nio-8081-exec-3] INFO  b.s.impl.HouseCleaningServiceImpl - Original scheduled time for room 422: 08:30
2025-04-13 00:15:15 [http-nio-8081-exec-3] INFO  b.s.impl.HouseCleaningServiceImpl - Assigned staff 1 to room 422 for cleaning from 08:30 to 09:00
2025-04-13 00:15:15 [http-nio-8081-exec-3] INFO  b.s.impl.HouseCleaningServiceImpl - Original scheduled time for room 433: 08:30
2025-04-13 00:15:15 [http-nio-8081-exec-3] INFO  b.s.impl.HouseCleaningServiceImpl - Assigned staff 4 to room 433 for cleaning from 08:30 to 09:00
2025-04-13 00:15:15 [http-nio-8081-exec-3] INFO  b.s.impl.HouseCleaningServiceImpl - Original scheduled time for room 434: 08:30
2025-04-13 00:15:15 [http-nio-8081-exec-3] INFO  b.s.impl.HouseCleaningServiceImpl - Assigned staff 10 to room 434 for cleaning from 08:30 to 09:00
2025-04-13 00:15:15 [http-nio-8081-exec-3] INFO  b.s.impl.HouseCleaningServiceImpl - Original scheduled time for room 439: 08:30
2025-04-13 00:15:15 [http-nio-8081-exec-3] INFO  b.s.impl.HouseCleaningServiceImpl - Assigned staff 1 to room 439 for cleaning from 08:30 to 09:00
2025-04-13 00:15:15 [http-nio-8081-exec-3] INFO  b.s.impl.HouseCleaningServiceImpl - Original scheduled time for room 451: 08:30
2025-04-13 00:15:15 [http-nio-8081-exec-3] INFO  b.s.impl.HouseCleaningServiceImpl - Assigned staff 4 to room 451 for cleaning from 08:30 to 09:00
2025-04-13 00:15:15 [http-nio-8081-exec-3] INFO  b.s.impl.HouseCleaningServiceImpl - Original scheduled time for room 452: 08:30
2025-04-13 00:15:15 [http-nio-8081-exec-3] INFO  b.s.impl.HouseCleaningServiceImpl - Assigned staff 10 to room 452 for cleaning from 08:30 to 09:00
2025-04-13 00:15:15 [http-nio-8081-exec-3] INFO  b.s.impl.HouseCleaningServiceImpl - Original scheduled time for room 457: 08:30
2025-04-13 00:15:15 [http-nio-8081-exec-3] INFO  b.s.impl.HouseCleaningServiceImpl - Assigned staff 1 to room 457 for cleaning from 08:30 to 09:00
2025-04-13 00:15:15 [http-nio-8081-exec-3] INFO  b.s.impl.HouseCleaningServiceImpl - Original scheduled time for room 464: 08:30
2025-04-13 00:15:15 [http-nio-8081-exec-3] INFO  b.s.impl.HouseCleaningServiceImpl - Assigned staff 4 to room 464 for cleaning from 08:30 to 09:00
2025-04-13 00:15:15 [http-nio-8081-exec-3] INFO  b.s.impl.HouseCleaningServiceImpl - Original scheduled time for room 469: 08:30
2025-04-13 00:15:15 [http-nio-8081-exec-3] INFO  b.s.impl.HouseCleaningServiceImpl - Assigned staff 10 to room 469 for cleaning from 08:30 to 09:00
2025-04-13 00:15:15 [http-nio-8081-exec-3] INFO  b.s.impl.HouseCleaningServiceImpl - Original scheduled time for room 470: 08:30
2025-04-13 00:15:15 [http-nio-8081-exec-3] INFO  b.s.impl.HouseCleaningServiceImpl - Assigned staff 1 to room 470 for cleaning from 08:30 to 09:00
2025-04-13 00:15:15 [http-nio-8081-exec-3] INFO  b.s.impl.HouseCleaningServiceImpl - Original scheduled time for room 421: 08:30
2025-04-13 00:15:15 [http-nio-8081-exec-3] INFO  b.s.impl.HouseCleaningServiceImpl - Assigned staff 4 to room 421 for cleaning from 08:30 to 09:00
2025-04-13 00:15:15 [http-nio-8081-exec-3] INFO  b.s.impl.HouseCleaningServiceImpl - Original scheduled time for room 422: 08:30
2025-04-13 00:15:15 [http-nio-8081-exec-3] INFO  b.s.impl.HouseCleaningServiceImpl - Assigned staff 10 to room 422 for cleaning from 08:30 to 09:00
2025-04-13 00:15:15 [http-nio-8081-exec-3] INFO  b.s.impl.HouseCleaningServiceImpl - Original scheduled time for room 433: 08:30
2025-04-13 00:15:15 [http-nio-8081-exec-3] INFO  b.s.impl.HouseCleaningServiceImpl - Assigned staff 1 to room 433 for cleaning from 08:30 to 09:00
2025-04-13 00:15:15 [http-nio-8081-exec-3] INFO  b.s.impl.HouseCleaningServiceImpl - Original scheduled time for room 452: 08:30
2025-04-13 00:15:15 [http-nio-8081-exec-3] INFO  b.s.impl.HouseCleaningServiceImpl - Assigned staff 4 to room 452 for cleaning from 08:30 to 09:00
2025-04-13 00:15:15 [http-nio-8081-exec-3] INFO  b.s.impl.HouseCleaningServiceImpl - Original scheduled time for room 457: 08:30
2025-04-13 00:15:15 [http-nio-8081-exec-3] INFO  b.s.impl.HouseCleaningServiceImpl - Assigned staff 10 to room 457 for cleaning from 08:30 to 09:00
2025-04-13 00:15:15 [http-nio-8081-exec-3] INFO  b.s.impl.HouseCleaningServiceImpl - Original scheduled time for room 464: 08:30
2025-04-13 00:15:15 [http-nio-8081-exec-3] INFO  b.s.impl.HouseCleaningServiceImpl - Assigned staff 1 to room 464 for cleaning from 08:30 to 09:00
2025-04-13 00:15:15 [http-nio-8081-exec-3] INFO  b.s.impl.HouseCleaningServiceImpl - Original scheduled time for room 469: 08:30
2025-04-13 00:15:15 [http-nio-8081-exec-3] INFO  b.s.impl.HouseCleaningServiceImpl - Assigned staff 4 to room 469 for cleaning from 08:30 to 09:00
2025-04-13 00:15:15 [http-nio-8081-exec-3] INFO  b.s.impl.HouseCleaningServiceImpl - Original scheduled time for room 470: 08:30
2025-04-13 00:15:15 [http-nio-8081-exec-3] INFO  b.s.impl.HouseCleaningServiceImpl - Assigned staff 10 to room 470 for cleaning from 08:30 to 09:00
2025-04-13 00:15:15 [http-nio-8081-exec-3] INFO  b.s.impl.HouseCleaningServiceImpl - Original scheduled time for room 464: 08:30
2025-04-13 00:15:15 [http-nio-8081-exec-3] INFO  b.s.impl.HouseCleaningServiceImpl - Assigned staff 1 to room 464 for cleaning from 08:30 to 09:00
2025-04-13 00:15:15 [http-nio-8081-exec-3] INFO  b.s.impl.HouseCleaningServiceImpl - Original scheduled time for room 469: 08:30
2025-04-13 00:15:15 [http-nio-8081-exec-3] INFO  b.s.impl.HouseCleaningServiceImpl - Assigned staff 4 to room 469 for cleaning from 08:30 to 09:00
2025-04-13 00:15:15 [http-nio-8081-exec-3] INFO  b.s.impl.HouseCleaningServiceImpl - Original scheduled time for room 470: 08:30
2025-04-13 00:15:15 [http-nio-8081-exec-3] INFO  b.s.impl.HouseCleaningServiceImpl - Assigned staff 10 to room 470 for cleaning from 08:30 to 09:00
2025-04-13 00:15:15 [http-nio-8081-exec-3] INFO  b.s.impl.HouseCleaningServiceImpl - Original scheduled time for room 422: 09:00
2025-04-13 00:15:15 [http-nio-8081-exec-3] WARN  b.s.impl.HouseCleaningServiceImpl - Schedule end time 09:30 is after shift end time 09:00. Adjusting to fit within shift.
2025-04-13 00:15:15 [http-nio-8081-exec-3] INFO  b.s.impl.HouseCleaningServiceImpl - Assigned staff 1 to room 422 for cleaning from 08:30 to 09:00
2025-04-13 00:15:15 [http-nio-8081-exec-3] INFO  b.s.impl.HouseCleaningServiceImpl - Original scheduled time for room 433: 09:00
2025-04-13 00:15:15 [http-nio-8081-exec-3] WARN  b.s.impl.HouseCleaningServiceImpl - Schedule end time 09:30 is after shift end time 09:00. Adjusting to fit within shift.
2025-04-13 00:15:15 [http-nio-8081-exec-3] INFO  b.s.impl.HouseCleaningServiceImpl - Assigned staff 4 to room 433 for cleaning from 08:30 to 09:00
2025-04-13 00:15:15 [http-nio-8081-exec-3] INFO  b.s.impl.HouseCleaningServiceImpl - Original scheduled time for room 434: 09:00
2025-04-13 00:15:15 [http-nio-8081-exec-3] WARN  b.s.impl.HouseCleaningServiceImpl - Schedule end time 09:30 is after shift end time 09:00. Adjusting to fit within shift.
2025-04-13 00:15:15 [http-nio-8081-exec-3] INFO  b.s.impl.HouseCleaningServiceImpl - Assigned staff 10 to room 434 for cleaning from 08:30 to 09:00
2025-04-13 00:15:15 [http-nio-8081-exec-3] INFO  b.s.impl.HouseCleaningServiceImpl - Original scheduled time for room 457: 09:00
2025-04-13 00:15:15 [http-nio-8081-exec-3] WARN  b.s.impl.HouseCleaningServiceImpl - Schedule end time 09:30 is after shift end time 09:00. Adjusting to fit within shift.
2025-04-13 00:15:15 [http-nio-8081-exec-3] INFO  b.s.impl.HouseCleaningServiceImpl - Assigned staff 1 to room 457 for cleaning from 08:30 to 09:00
2025-04-13 00:15:15 [http-nio-8081-exec-3] INFO  b.s.impl.HouseCleaningServiceImpl - Original scheduled time for room 470: 09:00
2025-04-13 00:15:15 [http-nio-8081-exec-3] WARN  b.s.impl.HouseCleaningServiceImpl - Schedule end time 09:30 is after shift end time 09:00. Adjusting to fit within shift.
2025-04-13 00:15:15 [http-nio-8081-exec-3] INFO  b.s.impl.HouseCleaningServiceImpl - Assigned staff 4 to room 470 for cleaning from 08:30 to 09:00
2025-04-13 00:15:15 [http-nio-8081-exec-3] INFO  b.s.impl.HouseCleaningServiceImpl - Original scheduled time for room 421: 10:00
2025-04-13 00:15:15 [http-nio-8081-exec-3] WARN  b.s.impl.HouseCleaningServiceImpl - Schedule end time 10:30 is after shift end time 09:00. Adjusting to fit within shift.
2025-04-13 00:15:15 [http-nio-8081-exec-3] INFO  b.s.impl.HouseCleaningServiceImpl - Assigned staff 10 to room 421 for cleaning from 08:30 to 09:00
2025-04-13 00:15:15 [http-nio-8081-exec-3] INFO  b.s.impl.HouseCleaningServiceImpl - Original scheduled time for room 439: 10:00
2025-04-13 00:15:15 [http-nio-8081-exec-3] WARN  b.s.impl.HouseCleaningServiceImpl - Schedule end time 10:30 is after shift end time 09:00. Adjusting to fit within shift.
2025-04-13 00:15:15 [http-nio-8081-exec-3] INFO  b.s.impl.HouseCleaningServiceImpl - Assigned staff 1 to room 439 for cleaning from 08:30 to 09:00
2025-04-13 00:15:15 [http-nio-8081-exec-3] INFO  b.s.impl.HouseCleaningServiceImpl - Original scheduled time for room 451: 10:00
2025-04-13 00:15:15 [http-nio-8081-exec-3] WARN  b.s.impl.HouseCleaningServiceImpl - Schedule end time 10:30 is after shift end time 09:00. Adjusting to fit within shift.
2025-04-13 00:15:15 [http-nio-8081-exec-3] INFO  b.s.impl.HouseCleaningServiceImpl - Assigned staff 4 to room 451 for cleaning from 08:30 to 09:00
2025-04-13 00:15:15 [http-nio-8081-exec-3] INFO  b.s.impl.HouseCleaningServiceImpl - Original scheduled time for room 452: 10:00
2025-04-13 00:15:15 [http-nio-8081-exec-3] WARN  b.s.impl.HouseCleaningServiceImpl - Schedule end time 10:30 is after shift end time 09:00. Adjusting to fit within shift.
2025-04-13 00:15:15 [http-nio-8081-exec-3] INFO  b.s.impl.HouseCleaningServiceImpl - Assigned staff 10 to room 452 for cleaning from 08:30 to 09:00
2025-04-13 00:15:15 [http-nio-8081-exec-3] INFO  b.s.impl.HouseCleaningServiceImpl - Original scheduled time for room 464: 10:00
2025-04-13 00:15:15 [http-nio-8081-exec-3] WARN  b.s.impl.HouseCleaningServiceImpl - Schedule end time 10:30 is after shift end time 09:00. Adjusting to fit within shift.
2025-04-13 00:15:15 [http-nio-8081-exec-3] INFO  b.s.impl.HouseCleaningServiceImpl - Assigned staff 1 to room 464 for cleaning from 08:30 to 09:00
2025-04-13 00:15:15 [http-nio-8081-exec-3] INFO  b.s.impl.HouseCleaningServiceImpl - Original scheduled time for room 469: 10:00
2025-04-13 00:15:15 [http-nio-8081-exec-3] WARN  b.s.impl.HouseCleaningServiceImpl - Schedule end time 10:30 is after shift end time 09:00. Adjusting to fit within shift.
2025-04-13 00:15:15 [http-nio-8081-exec-3] INFO  b.s.impl.HouseCleaningServiceImpl - Assigned staff 4 to room 469 for cleaning from 08:30 to 09:00
2025-04-13 00:15:15 [http-nio-8081-exec-3] INFO  b.s.impl.HouseCleaningServiceImpl - Staff 1 has 15 assignments
2025-04-13 00:15:15 [http-nio-8081-exec-3] INFO  b.s.impl.HouseCleaningServiceImpl -   - Room 434 at 08:30
2025-04-13 00:15:15 [http-nio-8081-exec-3] INFO  b.s.impl.HouseCleaningServiceImpl -   - Room 421 at 08:30
2025-04-13 00:15:15 [http-nio-8081-exec-3] INFO  b.s.impl.HouseCleaningServiceImpl -   - Room 434 at 08:30
2025-04-13 00:15:15 [http-nio-8081-exec-3] INFO  b.s.impl.HouseCleaningServiceImpl -   - Room 452 at 08:30
2025-04-13 00:15:15 [http-nio-8081-exec-3] INFO  b.s.impl.HouseCleaningServiceImpl -   - Room 422 at 08:30
2025-04-13 00:15:15 [http-nio-8081-exec-3] INFO  b.s.impl.HouseCleaningServiceImpl -   - Room 439 at 08:30
2025-04-13 00:15:15 [http-nio-8081-exec-3] INFO  b.s.impl.HouseCleaningServiceImpl -   - Room 457 at 08:30
2025-04-13 00:15:15 [http-nio-8081-exec-3] INFO  b.s.impl.HouseCleaningServiceImpl -   - Room 470 at 08:30
2025-04-13 00:15:15 [http-nio-8081-exec-3] INFO  b.s.impl.HouseCleaningServiceImpl -   - Room 433 at 08:30
2025-04-13 00:15:15 [http-nio-8081-exec-3] INFO  b.s.impl.HouseCleaningServiceImpl -   - Room 464 at 08:30
2025-04-13 00:15:15 [http-nio-8081-exec-3] INFO  b.s.impl.HouseCleaningServiceImpl -   - Room 464 at 08:30
2025-04-13 00:15:15 [http-nio-8081-exec-3] INFO  b.s.impl.HouseCleaningServiceImpl -   - Room 422 at 08:30
2025-04-13 00:15:15 [http-nio-8081-exec-3] INFO  b.s.impl.HouseCleaningServiceImpl -   - Room 457 at 08:30
2025-04-13 00:15:15 [http-nio-8081-exec-3] INFO  b.s.impl.HouseCleaningServiceImpl -   - Room 439 at 08:30
2025-04-13 00:15:15 [http-nio-8081-exec-3] INFO  b.s.impl.HouseCleaningServiceImpl -   - Room 464 at 08:30
2025-04-13 00:15:15 [http-nio-8081-exec-3] INFO  b.s.impl.HouseCleaningServiceImpl - Staff 4 has 15 assignments
2025-04-13 00:15:15 [http-nio-8081-exec-3] INFO  b.s.impl.HouseCleaningServiceImpl -   - Room 439 at 08:30
2025-04-13 00:15:15 [http-nio-8081-exec-3] INFO  b.s.impl.HouseCleaningServiceImpl -   - Room 422 at 08:30
2025-04-13 00:15:15 [http-nio-8081-exec-3] INFO  b.s.impl.HouseCleaningServiceImpl -   - Room 439 at 08:30
2025-04-13 00:15:15 [http-nio-8081-exec-3] INFO  b.s.impl.HouseCleaningServiceImpl -   - Room 457 at 08:30
2025-04-13 00:15:15 [http-nio-8081-exec-3] INFO  b.s.impl.HouseCleaningServiceImpl -   - Room 433 at 08:30
2025-04-13 00:15:15 [http-nio-8081-exec-3] INFO  b.s.impl.HouseCleaningServiceImpl -   - Room 451 at 08:30
2025-04-13 00:15:15 [http-nio-8081-exec-3] INFO  b.s.impl.HouseCleaningServiceImpl -   - Room 464 at 08:30
2025-04-13 00:15:15 [http-nio-8081-exec-3] INFO  b.s.impl.HouseCleaningServiceImpl -   - Room 421 at 08:30
2025-04-13 00:15:15 [http-nio-8081-exec-3] INFO  b.s.impl.HouseCleaningServiceImpl -   - Room 452 at 08:30
2025-04-13 00:15:15 [http-nio-8081-exec-3] INFO  b.s.impl.HouseCleaningServiceImpl -   - Room 469 at 08:30
2025-04-13 00:15:15 [http-nio-8081-exec-3] INFO  b.s.impl.HouseCleaningServiceImpl -   - Room 469 at 08:30
2025-04-13 00:15:15 [http-nio-8081-exec-3] INFO  b.s.impl.HouseCleaningServiceImpl -   - Room 433 at 08:30
2025-04-13 00:15:15 [http-nio-8081-exec-3] INFO  b.s.impl.HouseCleaningServiceImpl -   - Room 470 at 08:30
2025-04-13 00:15:15 [http-nio-8081-exec-3] INFO  b.s.impl.HouseCleaningServiceImpl -   - Room 451 at 08:30
2025-04-13 00:15:15 [http-nio-8081-exec-3] INFO  b.s.impl.HouseCleaningServiceImpl -   - Room 469 at 08:30
2025-04-13 00:15:15 [http-nio-8081-exec-3] INFO  b.s.impl.HouseCleaningServiceImpl - Staff 10 has 14 assignments
2025-04-13 00:15:15 [http-nio-8081-exec-3] INFO  b.s.impl.HouseCleaningServiceImpl -   - Room 451 at 08:30
2025-04-13 00:15:15 [http-nio-8081-exec-3] INFO  b.s.impl.HouseCleaningServiceImpl -   - Room 433 at 08:30
2025-04-13 00:15:15 [http-nio-8081-exec-3] INFO  b.s.impl.HouseCleaningServiceImpl -   - Room 451 at 08:30
2025-04-13 00:15:15 [http-nio-8081-exec-3] INFO  b.s.impl.HouseCleaningServiceImpl -   - Room 421 at 08:30
2025-04-13 00:15:15 [http-nio-8081-exec-3] INFO  b.s.impl.HouseCleaningServiceImpl -   - Room 434 at 08:30
2025-04-13 00:15:15 [http-nio-8081-exec-3] INFO  b.s.impl.HouseCleaningServiceImpl -   - Room 452 at 08:30
2025-04-13 00:15:15 [http-nio-8081-exec-3] INFO  b.s.impl.HouseCleaningServiceImpl -   - Room 469 at 08:30
2025-04-13 00:15:15 [http-nio-8081-exec-3] INFO  b.s.impl.HouseCleaningServiceImpl -   - Room 422 at 08:30
2025-04-13 00:15:15 [http-nio-8081-exec-3] INFO  b.s.impl.HouseCleaningServiceImpl -   - Room 457 at 08:30
2025-04-13 00:15:15 [http-nio-8081-exec-3] INFO  b.s.impl.HouseCleaningServiceImpl -   - Room 470 at 08:30
2025-04-13 00:15:15 [http-nio-8081-exec-3] INFO  b.s.impl.HouseCleaningServiceImpl -   - Room 470 at 08:30
2025-04-13 00:15:15 [http-nio-8081-exec-3] INFO  b.s.impl.HouseCleaningServiceImpl -   - Room 434 at 08:30
2025-04-13 00:15:15 [http-nio-8081-exec-3] INFO  b.s.impl.HouseCleaningServiceImpl -   - Room 421 at 08:30
2025-04-13 00:15:15 [http-nio-8081-exec-3] INFO  b.s.impl.HouseCleaningServiceImpl -   - Room 452 at 08:30
2025-04-13 00:15:15 [http-nio-8081-exec-3] INFO  b.s.impl.HouseCleaningServiceImpl - Saved schedule for room 434: staffId=1, scheduledTime=08:30
2025-04-13 00:15:15 [http-nio-8081-exec-3] INFO  b.s.impl.HouseCleaningServiceImpl - Saved schedule for room 439: staffId=4, scheduledTime=08:30
2025-04-13 00:15:15 [http-nio-8081-exec-3] INFO  b.s.impl.HouseCleaningServiceImpl - Saved schedule for room 451: staffId=10, scheduledTime=08:30
2025-04-13 00:15:15 [http-nio-8081-exec-3] INFO  b.s.impl.HouseCleaningServiceImpl - Saved schedule for room 421: staffId=1, scheduledTime=08:30
2025-04-13 00:15:15 [http-nio-8081-exec-3] INFO  b.s.impl.HouseCleaningServiceImpl - Saved schedule for room 422: staffId=4, scheduledTime=08:30
2025-04-13 00:15:15 [http-nio-8081-exec-3] INFO  b.s.impl.HouseCleaningServiceImpl - Saved schedule for room 433: staffId=10, scheduledTime=08:30
2025-04-13 00:15:15 [http-nio-8081-exec-3] INFO  b.s.impl.HouseCleaningServiceImpl - Saved schedule for room 434: staffId=1, scheduledTime=08:30
2025-04-13 00:15:15 [http-nio-8081-exec-3] INFO  b.s.impl.HouseCleaningServiceImpl - Saved schedule for room 439: staffId=4, scheduledTime=08:30
2025-04-13 00:15:15 [http-nio-8081-exec-3] INFO  b.s.impl.HouseCleaningServiceImpl - Saved schedule for room 451: staffId=10, scheduledTime=08:30
2025-04-13 00:15:15 [http-nio-8081-exec-3] INFO  b.s.impl.HouseCleaningServiceImpl - Saved schedule for room 452: staffId=1, scheduledTime=08:30
2025-04-13 00:15:15 [http-nio-8081-exec-3] INFO  b.s.impl.HouseCleaningServiceImpl - Saved schedule for room 457: staffId=4, scheduledTime=08:30
2025-04-13 00:15:15 [http-nio-8081-exec-3] INFO  b.s.impl.HouseCleaningServiceImpl - Saved schedule for room 421: staffId=10, scheduledTime=08:30
2025-04-13 00:15:15 [http-nio-8081-exec-3] INFO  b.s.impl.HouseCleaningServiceImpl - Saved schedule for room 422: staffId=1, scheduledTime=08:30
2025-04-13 00:15:15 [http-nio-8081-exec-3] INFO  b.s.impl.HouseCleaningServiceImpl - Saved schedule for room 433: staffId=4, scheduledTime=08:30
2025-04-13 00:15:15 [http-nio-8081-exec-3] INFO  b.s.impl.HouseCleaningServiceImpl - Saved schedule for room 434: staffId=10, scheduledTime=08:30
2025-04-13 00:15:15 [http-nio-8081-exec-3] INFO  b.s.impl.HouseCleaningServiceImpl - Saved schedule for room 439: staffId=1, scheduledTime=08:30
2025-04-13 00:15:15 [http-nio-8081-exec-3] INFO  b.s.impl.HouseCleaningServiceImpl - Saved schedule for room 451: staffId=4, scheduledTime=08:30
2025-04-13 00:15:15 [http-nio-8081-exec-3] INFO  b.s.impl.HouseCleaningServiceImpl - Saved schedule for room 452: staffId=10, scheduledTime=08:30
2025-04-13 00:15:15 [http-nio-8081-exec-3] INFO  b.s.impl.HouseCleaningServiceImpl - Saved schedule for room 457: staffId=1, scheduledTime=08:30
2025-04-13 00:15:15 [http-nio-8081-exec-3] INFO  b.s.impl.HouseCleaningServiceImpl - Saved schedule for room 464: staffId=4, scheduledTime=08:30
2025-04-13 00:15:15 [http-nio-8081-exec-3] INFO  b.s.impl.HouseCleaningServiceImpl - Saved schedule for room 469: staffId=10, scheduledTime=08:30
2025-04-13 00:15:15 [http-nio-8081-exec-3] INFO  b.s.impl.HouseCleaningServiceImpl - Saved schedule for room 470: staffId=1, scheduledTime=08:30
2025-04-13 00:15:15 [http-nio-8081-exec-3] INFO  b.s.impl.HouseCleaningServiceImpl - Saved schedule for room 421: staffId=4, scheduledTime=08:30
2025-04-13 00:15:15 [http-nio-8081-exec-3] INFO  b.s.impl.HouseCleaningServiceImpl - Saved schedule for room 422: staffId=10, scheduledTime=08:30
2025-04-13 00:15:15 [http-nio-8081-exec-3] INFO  b.s.impl.HouseCleaningServiceImpl - Saved schedule for room 433: staffId=1, scheduledTime=08:30
2025-04-13 00:15:15 [http-nio-8081-exec-3] INFO  b.s.impl.HouseCleaningServiceImpl - Saved schedule for room 452: staffId=4, scheduledTime=08:30
2025-04-13 00:15:15 [http-nio-8081-exec-3] INFO  b.s.impl.HouseCleaningServiceImpl - Saved schedule for room 457: staffId=10, scheduledTime=08:30
2025-04-13 00:15:15 [http-nio-8081-exec-3] INFO  b.s.impl.HouseCleaningServiceImpl - Saved schedule for room 464: staffId=1, scheduledTime=08:30
2025-04-13 00:15:15 [http-nio-8081-exec-3] INFO  b.s.impl.HouseCleaningServiceImpl - Saved schedule for room 469: staffId=4, scheduledTime=08:30
2025-04-13 00:15:15 [http-nio-8081-exec-3] INFO  b.s.impl.HouseCleaningServiceImpl - Saved schedule for room 470: staffId=10, scheduledTime=08:30
2025-04-13 00:15:15 [http-nio-8081-exec-3] INFO  b.s.impl.HouseCleaningServiceImpl - Saved schedule for room 464: staffId=1, scheduledTime=08:30
2025-04-13 00:15:15 [http-nio-8081-exec-3] INFO  b.s.impl.HouseCleaningServiceImpl - Saved schedule for room 469: staffId=4, scheduledTime=08:30
2025-04-13 00:15:15 [http-nio-8081-exec-3] INFO  b.s.impl.HouseCleaningServiceImpl - Saved schedule for room 470: staffId=10, scheduledTime=08:30
2025-04-13 00:15:15 [http-nio-8081-exec-3] INFO  b.s.impl.HouseCleaningServiceImpl - Saved schedule for room 422: staffId=1, scheduledTime=08:30
2025-04-13 00:15:15 [http-nio-8081-exec-3] INFO  b.s.impl.HouseCleaningServiceImpl - Saved schedule for room 433: staffId=4, scheduledTime=08:30
2025-04-13 00:15:15 [http-nio-8081-exec-3] INFO  b.s.impl.HouseCleaningServiceImpl - Saved schedule for room 434: staffId=10, scheduledTime=08:30
2025-04-13 00:15:15 [http-nio-8081-exec-3] INFO  b.s.impl.HouseCleaningServiceImpl - Saved schedule for room 457: staffId=1, scheduledTime=08:30
2025-04-13 00:15:15 [http-nio-8081-exec-3] INFO  b.s.impl.HouseCleaningServiceImpl - Saved schedule for room 470: staffId=4, scheduledTime=08:30
2025-04-13 00:15:15 [http-nio-8081-exec-3] INFO  b.s.impl.HouseCleaningServiceImpl - Saved schedule for room 421: staffId=10, scheduledTime=08:30
2025-04-13 00:15:15 [http-nio-8081-exec-3] INFO  b.s.impl.HouseCleaningServiceImpl - Saved schedule for room 439: staffId=1, scheduledTime=08:30
2025-04-13 00:15:15 [http-nio-8081-exec-3] INFO  b.s.impl.HouseCleaningServiceImpl - Saved schedule for room 451: staffId=4, scheduledTime=08:30
2025-04-13 00:15:15 [http-nio-8081-exec-3] INFO  b.s.impl.HouseCleaningServiceImpl - Saved schedule for room 452: staffId=10, scheduledTime=08:30
2025-04-13 00:15:15 [http-nio-8081-exec-3] INFO  b.s.impl.HouseCleaningServiceImpl - Saved schedule for room 464: staffId=1, scheduledTime=08:30
2025-04-13 00:15:15 [http-nio-8081-exec-3] INFO  b.s.impl.HouseCleaningServiceImpl - Saved schedule for room 469: staffId=4, scheduledTime=08:30
2025-04-13 00:18:51 [SpringApplicationShutdownHook] INFO  o.s.b.w.e.tomcat.GracefulShutdown - Commencing graceful shutdown. Waiting for active requests to complete
2025-04-13 00:18:52 [tomcat-shutdown] INFO  o.s.b.w.e.tomcat.GracefulShutdown - Graceful shutdown complete
2025-04-13 00:18:52 [SpringApplicationShutdownHook] INFO  o.s.o.j.LocalContainerEntityManagerFactoryBean - Closing JPA EntityManagerFactory for persistence unit 'default'
2025-04-13 00:18:52 [SpringApplicationShutdownHook] INFO  com.zaxxer.hikari.HikariDataSource - HikariPool-1 - Shutdown initiated...
2025-04-13 00:18:52 [SpringApplicationShutdownHook] INFO  com.zaxxer.hikari.HikariDataSource - HikariPool-1 - Shutdown completed.
2025-04-13 00:19:07 [main] INFO  backend.HotelBookingApplication - Starting HotelBookingApplication using Java 17.0.13 with PID 368 (/Users/sukuna/Documents/coding/IBE/IBE-BE/KDU/target/classes started by sukuna in /Users/sukuna/Documents/coding/IBE/IBE-BE/KDU)
2025-04-13 00:19:07 [main] INFO  backend.HotelBookingApplication - The following 1 profile is active: "dev"
2025-04-13 00:19:09 [main] INFO  o.s.d.r.c.RepositoryConfigurationDelegate - Bootstrapping Spring Data JPA repositories in DEFAULT mode.
2025-04-13 00:19:09 [main] INFO  o.s.d.r.c.RepositoryConfigurationDelegate - Finished Spring Data repository scanning in 94 ms. Found 15 JPA repository interfaces.
2025-04-13 00:19:10 [main] INFO  o.s.b.w.e.tomcat.TomcatWebServer - Tomcat initialized with port 8081 (http)
2025-04-13 00:19:10 [main] INFO  o.a.coyote.http11.Http11NioProtocol - Initializing ProtocolHandler ["http-nio-8081"]
2025-04-13 00:19:10 [main] INFO  o.a.catalina.core.StandardService - Starting service [Tomcat]
2025-04-13 00:19:10 [main] INFO  o.a.catalina.core.StandardEngine - Starting Servlet engine: [Apache Tomcat/10.1.36]
2025-04-13 00:19:10 [main] INFO  o.a.c.c.C.[Tomcat].[localhost].[/] - Initializing Spring embedded WebApplicationContext
2025-04-13 00:19:10 [main] INFO  o.s.b.w.s.c.ServletWebServerApplicationContext - Root WebApplicationContext: initialization completed in 2201 ms
2025-04-13 00:19:10 [main] INFO  com.zaxxer.hikari.HikariDataSource - HikariPool-1 - Starting...
2025-04-13 00:19:13 [main] INFO  com.zaxxer.hikari.pool.HikariPool - HikariPool-1 - Added connection org.postgresql.jdbc.PgConnection@58a8ea6f
2025-04-13 00:19:13 [main] INFO  com.zaxxer.hikari.HikariDataSource - HikariPool-1 - Start completed.
2025-04-13 00:19:13 [main] INFO  o.s.o.j.p.SpringPersistenceUnitInfo - No LoadTimeWeaver setup: ignoring JPA class transformer
2025-04-13 00:19:13 [main] WARN  org.hibernate.orm.deprecation - HHH90000025: PostgreSQLDialect does not need to be specified explicitly using 'hibernate.dialect' (remove the property setting and it will be selected by default)
2025-04-13 00:19:15 [main] WARN  o.h.t.s.i.ExceptionHandlerLoggedImpl - GenerationTarget encountered exception accepting command : Error executing DDL "alter table if exists staff_room_map alter column staff_id set data type bigint" via JDBC [ERROR: column "staff_id" cannot be cast automatically to type bigint
  Hint: You might need to specify "USING staff_id::bigint".]
org.hibernate.tool.schema.spi.CommandAcceptanceException: Error executing DDL "alter table if exists staff_room_map alter column staff_id set data type bigint" via JDBC [ERROR: column "staff_id" cannot be cast automatically to type bigint
  Hint: You might need to specify "USING staff_id::bigint".]
	at org.hibernate.tool.schema.internal.exec.GenerationTargetToDatabase.accept(GenerationTargetToDatabase.java:94)
	at org.hibernate.tool.schema.internal.AbstractSchemaMigrator.applySqlString(AbstractSchemaMigrator.java:576)
	at org.hibernate.tool.schema.internal.AbstractSchemaMigrator.applySqlStrings(AbstractSchemaMigrator.java:516)
	at org.hibernate.tool.schema.internal.AbstractSchemaMigrator.migrateTable(AbstractSchemaMigrator.java:334)
	at org.hibernate.tool.schema.internal.GroupedSchemaMigratorImpl.performTablesMigration(GroupedSchemaMigratorImpl.java:84)
	at org.hibernate.tool.schema.internal.AbstractSchemaMigrator.performMigration(AbstractSchemaMigrator.java:233)
	at org.hibernate.tool.schema.internal.AbstractSchemaMigrator.doMigration(AbstractSchemaMigrator.java:112)
	at org.hibernate.tool.schema.spi.SchemaManagementToolCoordinator.performDatabaseAction(SchemaManagementToolCoordinator.java:280)
	at org.hibernate.tool.schema.spi.SchemaManagementToolCoordinator.lambda$process$5(SchemaManagementToolCoordinator.java:144)
	at java.base/java.util.HashMap.forEach(HashMap.java:1421)
	at org.hibernate.tool.schema.spi.SchemaManagementToolCoordinator.process(SchemaManagementToolCoordinator.java:141)
	at org.hibernate.boot.internal.SessionFactoryObserverForSchemaExport.sessionFactoryCreated(SessionFactoryObserverForSchemaExport.java:37)
	at org.hibernate.internal.SessionFactoryObserverChain.sessionFactoryCreated(SessionFactoryObserverChain.java:35)
	at org.hibernate.internal.SessionFactoryImpl.<init>(SessionFactoryImpl.java:324)
	at org.hibernate.boot.internal.SessionFactoryBuilderImpl.build(SessionFactoryBuilderImpl.java:463)
	at org.hibernate.jpa.boot.internal.EntityManagerFactoryBuilderImpl.build(EntityManagerFactoryBuilderImpl.java:1517)
	at org.springframework.orm.jpa.vendor.SpringHibernateJpaPersistenceProvider.createContainerEntityManagerFactory(SpringHibernateJpaPersistenceProvider.java:66)
	at org.springframework.orm.jpa.LocalContainerEntityManagerFactoryBean.createNativeEntityManagerFactory(LocalContainerEntityManagerFactoryBean.java:390)
	at org.springframework.orm.jpa.AbstractEntityManagerFactoryBean.buildNativeEntityManagerFactory(AbstractEntityManagerFactoryBean.java:419)
	at org.springframework.orm.jpa.AbstractEntityManagerFactoryBean.afterPropertiesSet(AbstractEntityManagerFactoryBean.java:400)
	at org.springframework.orm.jpa.LocalContainerEntityManagerFactoryBean.afterPropertiesSet(LocalContainerEntityManagerFactoryBean.java:366)
	at org.springframework.beans.factory.support.AbstractAutowireCapableBeanFactory.invokeInitMethods(AbstractAutowireCapableBeanFactory.java:1859)
	at org.springframework.beans.factory.support.AbstractAutowireCapableBeanFactory.initializeBean(AbstractAutowireCapableBeanFactory.java:1808)
	at org.springframework.beans.factory.support.AbstractAutowireCapableBeanFactory.doCreateBean(AbstractAutowireCapableBeanFactory.java:601)
	at org.springframework.beans.factory.support.AbstractAutowireCapableBeanFactory.createBean(AbstractAutowireCapableBeanFactory.java:523)
	at org.springframework.beans.factory.support.AbstractBeanFactory.lambda$doGetBean$0(AbstractBeanFactory.java:339)
	at org.springframework.beans.factory.support.DefaultSingletonBeanRegistry.getSingleton(DefaultSingletonBeanRegistry.java:346)
	at org.springframework.beans.factory.support.AbstractBeanFactory.doGetBean(AbstractBeanFactory.java:337)
	at org.springframework.beans.factory.support.AbstractBeanFactory.getBean(AbstractBeanFactory.java:207)
	at org.springframework.context.support.AbstractApplicationContext.finishBeanFactoryInitialization(AbstractApplicationContext.java:970)
	at org.springframework.context.support.AbstractApplicationContext.refresh(AbstractApplicationContext.java:627)
	at org.springframework.boot.web.servlet.context.ServletWebServerApplicationContext.refresh(ServletWebServerApplicationContext.java:146)
	at org.springframework.boot.SpringApplication.refresh(SpringApplication.java:752)
	at org.springframework.boot.SpringApplication.refreshContext(SpringApplication.java:439)
	at org.springframework.boot.SpringApplication.run(SpringApplication.java:318)
	at org.springframework.boot.SpringApplication.run(SpringApplication.java:1361)
	at org.springframework.boot.SpringApplication.run(SpringApplication.java:1350)
	at backend.HotelBookingApplication.main(HotelBookingApplication.java:15)
Caused by: org.postgresql.util.PSQLException: ERROR: column "staff_id" cannot be cast automatically to type bigint
  Hint: You might need to specify "USING staff_id::bigint".
	at org.postgresql.core.v3.QueryExecutorImpl.receiveErrorResponse(QueryExecutorImpl.java:2733)
	at org.postgresql.core.v3.QueryExecutorImpl.processResults(QueryExecutorImpl.java:2420)
	at org.postgresql.core.v3.QueryExecutorImpl.execute(QueryExecutorImpl.java:372)
	at org.postgresql.jdbc.PgStatement.executeInternal(PgStatement.java:517)
	at org.postgresql.jdbc.PgStatement.execute(PgStatement.java:434)
	at org.postgresql.jdbc.PgStatement.executeWithFlags(PgStatement.java:356)
	at org.postgresql.jdbc.PgStatement.executeCachedSql(PgStatement.java:341)
	at org.postgresql.jdbc.PgStatement.executeWithFlags(PgStatement.java:317)
	at org.postgresql.jdbc.PgStatement.execute(PgStatement.java:312)
	at com.zaxxer.hikari.pool.ProxyStatement.execute(ProxyStatement.java:94)
	at com.zaxxer.hikari.pool.HikariProxyStatement.execute(HikariProxyStatement.java)
	at org.hibernate.tool.schema.internal.exec.GenerationTargetToDatabase.accept(GenerationTargetToDatabase.java:80)
	... 37 common frames omitted
2025-04-13 00:19:16 [main] WARN  o.h.t.s.i.ExceptionHandlerLoggedImpl - GenerationTarget encountered exception accepting command : Error executing DDL "alter table if exists staff_room_map add constraint FKyd20ehofj2axxe92vl67pqvx foreign key (staff_id) references staff" via JDBC [ERROR: foreign key constraint "fkyd20ehofj2axxe92vl67pqvx" cannot be implemented
  Detail: Key columns "staff_id" and "staff_id" are of incompatible types: character varying and bigint.]
org.hibernate.tool.schema.spi.CommandAcceptanceException: Error executing DDL "alter table if exists staff_room_map add constraint FKyd20ehofj2axxe92vl67pqvx foreign key (staff_id) references staff" via JDBC [ERROR: foreign key constraint "fkyd20ehofj2axxe92vl67pqvx" cannot be implemented
  Detail: Key columns "staff_id" and "staff_id" are of incompatible types: character varying and bigint.]
	at org.hibernate.tool.schema.internal.exec.GenerationTargetToDatabase.accept(GenerationTargetToDatabase.java:94)
	at org.hibernate.tool.schema.internal.AbstractSchemaMigrator.applySqlString(AbstractSchemaMigrator.java:576)
	at org.hibernate.tool.schema.internal.AbstractSchemaMigrator.applySqlStrings(AbstractSchemaMigrator.java:516)
	at org.hibernate.tool.schema.internal.AbstractSchemaMigrator.applyForeignKeys(AbstractSchemaMigrator.java:448)
	at org.hibernate.tool.schema.internal.AbstractSchemaMigrator.performMigration(AbstractSchemaMigrator.java:269)
	at org.hibernate.tool.schema.internal.AbstractSchemaMigrator.doMigration(AbstractSchemaMigrator.java:112)
	at org.hibernate.tool.schema.spi.SchemaManagementToolCoordinator.performDatabaseAction(SchemaManagementToolCoordinator.java:280)
	at org.hibernate.tool.schema.spi.SchemaManagementToolCoordinator.lambda$process$5(SchemaManagementToolCoordinator.java:144)
	at java.base/java.util.HashMap.forEach(HashMap.java:1421)
	at org.hibernate.tool.schema.spi.SchemaManagementToolCoordinator.process(SchemaManagementToolCoordinator.java:141)
	at org.hibernate.boot.internal.SessionFactoryObserverForSchemaExport.sessionFactoryCreated(SessionFactoryObserverForSchemaExport.java:37)
	at org.hibernate.internal.SessionFactoryObserverChain.sessionFactoryCreated(SessionFactoryObserverChain.java:35)
	at org.hibernate.internal.SessionFactoryImpl.<init>(SessionFactoryImpl.java:324)
	at org.hibernate.boot.internal.SessionFactoryBuilderImpl.build(SessionFactoryBuilderImpl.java:463)
	at org.hibernate.jpa.boot.internal.EntityManagerFactoryBuilderImpl.build(EntityManagerFactoryBuilderImpl.java:1517)
	at org.springframework.orm.jpa.vendor.SpringHibernateJpaPersistenceProvider.createContainerEntityManagerFactory(SpringHibernateJpaPersistenceProvider.java:66)
	at org.springframework.orm.jpa.LocalContainerEntityManagerFactoryBean.createNativeEntityManagerFactory(LocalContainerEntityManagerFactoryBean.java:390)
	at org.springframework.orm.jpa.AbstractEntityManagerFactoryBean.buildNativeEntityManagerFactory(AbstractEntityManagerFactoryBean.java:419)
	at org.springframework.orm.jpa.AbstractEntityManagerFactoryBean.afterPropertiesSet(AbstractEntityManagerFactoryBean.java:400)
	at org.springframework.orm.jpa.LocalContainerEntityManagerFactoryBean.afterPropertiesSet(LocalContainerEntityManagerFactoryBean.java:366)
	at org.springframework.beans.factory.support.AbstractAutowireCapableBeanFactory.invokeInitMethods(AbstractAutowireCapableBeanFactory.java:1859)
	at org.springframework.beans.factory.support.AbstractAutowireCapableBeanFactory.initializeBean(AbstractAutowireCapableBeanFactory.java:1808)
	at org.springframework.beans.factory.support.AbstractAutowireCapableBeanFactory.doCreateBean(AbstractAutowireCapableBeanFactory.java:601)
	at org.springframework.beans.factory.support.AbstractAutowireCapableBeanFactory.createBean(AbstractAutowireCapableBeanFactory.java:523)
	at org.springframework.beans.factory.support.AbstractBeanFactory.lambda$doGetBean$0(AbstractBeanFactory.java:339)
	at org.springframework.beans.factory.support.DefaultSingletonBeanRegistry.getSingleton(DefaultSingletonBeanRegistry.java:346)
	at org.springframework.beans.factory.support.AbstractBeanFactory.doGetBean(AbstractBeanFactory.java:337)
	at org.springframework.beans.factory.support.AbstractBeanFactory.getBean(AbstractBeanFactory.java:207)
	at org.springframework.context.support.AbstractApplicationContext.finishBeanFactoryInitialization(AbstractApplicationContext.java:970)
	at org.springframework.context.support.AbstractApplicationContext.refresh(AbstractApplicationContext.java:627)
	at org.springframework.boot.web.servlet.context.ServletWebServerApplicationContext.refresh(ServletWebServerApplicationContext.java:146)
	at org.springframework.boot.SpringApplication.refresh(SpringApplication.java:752)
	at org.springframework.boot.SpringApplication.refreshContext(SpringApplication.java:439)
	at org.springframework.boot.SpringApplication.run(SpringApplication.java:318)
	at org.springframework.boot.SpringApplication.run(SpringApplication.java:1361)
	at org.springframework.boot.SpringApplication.run(SpringApplication.java:1350)
	at backend.HotelBookingApplication.main(HotelBookingApplication.java:15)
Caused by: org.postgresql.util.PSQLException: ERROR: foreign key constraint "fkyd20ehofj2axxe92vl67pqvx" cannot be implemented
  Detail: Key columns "staff_id" and "staff_id" are of incompatible types: character varying and bigint.
	at org.postgresql.core.v3.QueryExecutorImpl.receiveErrorResponse(QueryExecutorImpl.java:2733)
	at org.postgresql.core.v3.QueryExecutorImpl.processResults(QueryExecutorImpl.java:2420)
	at org.postgresql.core.v3.QueryExecutorImpl.execute(QueryExecutorImpl.java:372)
	at org.postgresql.jdbc.PgStatement.executeInternal(PgStatement.java:517)
	at org.postgresql.jdbc.PgStatement.execute(PgStatement.java:434)
	at org.postgresql.jdbc.PgStatement.executeWithFlags(PgStatement.java:356)
	at org.postgresql.jdbc.PgStatement.executeCachedSql(PgStatement.java:341)
	at org.postgresql.jdbc.PgStatement.executeWithFlags(PgStatement.java:317)
	at org.postgresql.jdbc.PgStatement.execute(PgStatement.java:312)
	at com.zaxxer.hikari.pool.ProxyStatement.execute(ProxyStatement.java:94)
	at com.zaxxer.hikari.pool.HikariProxyStatement.execute(HikariProxyStatement.java)
	at org.hibernate.tool.schema.internal.exec.GenerationTargetToDatabase.accept(GenerationTargetToDatabase.java:80)
	... 36 common frames omitted
2025-04-13 00:19:16 [main] INFO  o.s.o.j.LocalContainerEntityManagerFactoryBean - Initialized JPA EntityManagerFactory for persistence unit 'default'
2025-04-13 00:19:16 [main] INFO  backend.config.CorsConfig - CORS Configuration Loaded!
2025-04-13 00:19:16 [main] DEBUG o.s.c.e.PropertySourcesPropertyResolver - Found key 'spring.security.oauth2.resourceserver.jwt.issuer-uri' in PropertySource 'environmentProperties' with value of type String
2025-04-13 00:19:16 [main] INFO  o.s.d.j.r.query.QueryEnhancerFactory - Hibernate is in classpath; If applicable, HQL parser will be used.
2025-04-13 00:19:16 [main] DEBUG o.s.c.e.PropertySourcesPropertyResolver - Found key 'graphql.endpoint' in PropertySource 'environmentProperties' with value of type String
2025-04-13 00:19:16 [main] DEBUG o.s.c.e.PropertySourcesPropertyResolver - Found key 'graphql.api-key' in PropertySource 'environmentProperties' with value of type String
2025-04-13 00:19:17 [main] DEBUG o.s.c.e.PropertySourcesPropertyResolver - Found key 'graphql.api.key' in PropertySource 'environmentProperties' with value of type String
2025-04-13 00:19:17 [main] DEBUG o.s.c.e.PropertySourcesPropertyResolver - Found key 'graphql.url' in PropertySource 'environmentProperties' with value of type String
2025-04-13 00:19:17 [main] DEBUG o.s.c.e.PropertySourcesPropertyResolver - Found key 'spring.mail.username' in PropertySource 'environmentProperties' with value of type String
2025-04-13 00:19:17 [main] DEBUG o.s.c.e.PropertySourcesPropertyResolver - Found key 'otp.expiry.minutes' in PropertySource 'environmentProperties' with value of type String
2025-04-13 00:19:17 [main] DEBUG o.s.c.e.PropertySourcesPropertyResolver - Found key 'otp.max.attempts' in PropertySource 'environmentProperties' with value of type String
2025-04-13 00:19:17 [main] DEBUG o.s.c.e.PropertySourcesPropertyResolver - Found key 'graphql.endpoint' in PropertySource 'environmentProperties' with value of type String
2025-04-13 00:19:17 [main] DEBUG o.s.c.e.PropertySourcesPropertyResolver - Found key 'graphql.api-key' in PropertySource 'environmentProperties' with value of type String
2025-04-13 00:19:17 [main] DEBUG o.s.c.e.PropertySourcesPropertyResolver - Found key 'graphql.api.key' in PropertySource 'environmentProperties' with value of type String
2025-04-13 00:19:17 [main] DEBUG o.s.c.e.PropertySourcesPropertyResolver - Found key 'graphql.url' in PropertySource 'environmentProperties' with value of type String
2025-04-13 00:19:17 [main] DEBUG o.s.c.e.PropertySourcesPropertyResolver - Found key 'graphql.endpoint' in PropertySource 'environmentProperties' with value of type String
2025-04-13 00:19:17 [main] DEBUG o.s.c.e.PropertySourcesPropertyResolver - Found key 'graphql.api-key' in PropertySource 'environmentProperties' with value of type String
2025-04-13 00:19:17 [main] DEBUG o.s.c.e.PropertySourcesPropertyResolver - Found key 'graphql.endpoint' in PropertySource 'environmentProperties' with value of type String
2025-04-13 00:19:17 [main] DEBUG o.s.c.e.PropertySourcesPropertyResolver - Found key 'graphql.apiKey' in PropertySource 'environmentProperties' with value of type String
2025-04-13 00:19:17 [main] DEBUG o.s.c.e.PropertySourcesPropertyResolver - Found key 'graphql.endpoint' in PropertySource 'environmentProperties' with value of type String
2025-04-13 00:19:17 [main] DEBUG o.s.c.e.PropertySourcesPropertyResolver - Found key 'graphql.apiKey' in PropertySource 'environmentProperties' with value of type String
2025-04-13 00:19:17 [main] DEBUG o.s.c.e.PropertySourcesPropertyResolver - Found key 'api.base.url' in PropertySource 'environmentProperties' with value of type String
2025-04-13 00:19:17 [main] WARN  o.s.b.a.o.j.JpaBaseConfiguration$JpaWebConfiguration - spring.jpa.open-in-view is enabled by default. Therefore, database queries may be performed during view rendering. Explicitly configure spring.jpa.open-in-view to disable this warning
2025-04-13 00:19:17 [main] INFO  backend.config.CorsConfig - Applying CORS settings...
2025-04-13 00:19:18 [main] DEBUG o.s.s.c.a.a.c.AuthenticationConfiguration$DefaultPasswordEncoderAuthenticationManagerBuilder - No authenticationProviders and no parentAuthenticationManager defined. Returning null.
2025-04-13 00:19:18 [main] INFO  o.s.b.a.e.web.EndpointLinksResolver - Exposing 2 endpoints beneath base path '/actuator'
2025-04-13 00:19:18 [main] INFO  backend.config.SecurityConfig - Configuring security filter chain...
2025-04-13 00:19:18 [main] INFO  backend.config.SecurityConfig - Using issuer URI: https://cognito-idp.ap-south-1.amazonaws.com/ap-south-1_IGHZ9OObg
2025-04-13 00:19:19 [main] INFO  backend.config.SecurityConfig - Configuring authorization rules...
2025-04-13 00:19:19 [main] INFO  backend.config.SecurityConfig - Configuring OAuth2 resource server...
2025-04-13 00:19:19 [main] INFO  backend.config.SecurityConfig - Configuring JWT...
2025-04-13 00:19:19 [main] INFO  backend.config.SecurityConfig - Creating JWT decoder with issuer URI: https://cognito-idp.ap-south-1.amazonaws.com/ap-south-1_IGHZ9OObg
2025-04-13 00:19:19 [main] INFO  backend.config.SecurityConfig - Configuring session management...
2025-04-13 00:19:19 [main] DEBUG o.s.s.web.DefaultSecurityFilterChain - Will secure any request with filters: DisableEncodeUrlFilter, WebAsyncManagerIntegrationFilter, SecurityContextHolderFilter, HeaderWriterFilter, LogoutFilter, BearerTokenAuthenticationFilter, RequestCacheAwareFilter, SecurityContextHolderAwareRequestFilter, AnonymousAuthenticationFilter, SessionManagementFilter, ExceptionTranslationFilter, AuthorizationFilter
2025-04-13 00:19:19 [main] INFO  o.a.coyote.http11.Http11NioProtocol - Starting ProtocolHandler ["http-nio-8081"]
2025-04-13 00:19:19 [main] INFO  o.s.b.w.e.tomcat.TomcatWebServer - Tomcat started on port 8081 (http) with context path '/'
2025-04-13 00:19:19 [main] INFO  backend.HotelBookingApplication - Started HotelBookingApplication in 13.212 seconds (process running for 13.933)
2025-04-13 00:19:56 [http-nio-8081-exec-1] INFO  o.a.c.c.C.[Tomcat].[localhost].[/] - Initializing Spring DispatcherServlet 'dispatcherServlet'
2025-04-13 00:19:56 [http-nio-8081-exec-1] INFO  o.s.web.servlet.DispatcherServlet - Initializing Servlet 'dispatcherServlet'
2025-04-13 00:19:56 [http-nio-8081-exec-1] INFO  o.s.web.servlet.DispatcherServlet - Completed initialization in 8 ms
2025-04-13 00:19:56 [http-nio-8081-exec-1] DEBUG o.s.security.web.FilterChainProxy - Securing POST /api/house-cleaning/generate?date=2025-05-01
2025-04-13 00:19:56 [http-nio-8081-exec-1] DEBUG o.s.s.w.a.AnonymousAuthenticationFilter - Set SecurityContextHolder to anonymous SecurityContext
2025-04-13 00:19:56 [http-nio-8081-exec-1] DEBUG o.s.security.web.FilterChainProxy - Secured POST /api/house-cleaning/generate?date=2025-05-01
2025-04-13 00:19:56 [http-nio-8081-exec-1] INFO  b.s.impl.HouseCleaningServiceImpl - Generating cleaning schedules for date: 2025-05-01
2025-04-13 00:19:56 [http-nio-8081-exec-1] INFO  b.s.impl.HouseCleaningServiceImpl - Found 10 check-in bookings, 0 check-out bookings, and 10 current bookings for date 2025-05-01
2025-04-13 00:19:56 [http-nio-8081-exec-1] INFO  b.s.impl.BookedRoomsServiceImpl - Checking check-in rooms for date: 2025-05-01
2025-04-13 00:19:56 [http-nio-8081-exec-1] INFO  b.s.impl.BookedRoomsServiceImpl - Found 10 transactions with check-in date 2025-05-01
2025-04-13 00:19:56 [http-nio-8081-exec-1] INFO  b.s.impl.BookedRoomsServiceImpl - Booking IDs for check-in: [13, 12, 15, 14, 53, 55, 59, 60, 155, 318]
2025-04-13 00:20:02 [http-nio-8081-exec-1] INFO  b.s.impl.BookedRoomsServiceImpl - Room IDs for bookings [13, 12, 15, 14, 53, 55, 59, 60, 155, 318]: [421, 422, 433, 434, 439, 451, 452, 457, 464, 469, 470]
2025-04-13 00:20:02 [http-nio-8081-exec-1] INFO  b.s.impl.BookedRoomsServiceImpl - Checking check-out rooms for date: 2025-05-01
2025-04-13 00:20:02 [http-nio-8081-exec-1] INFO  b.s.impl.BookedRoomsServiceImpl - Found 0 transactions with check-out date 2025-05-01
2025-04-13 00:20:02 [http-nio-8081-exec-1] INFO  b.s.impl.BookedRoomsServiceImpl - Booking IDs for check-out: []
2025-04-13 00:20:02 [http-nio-8081-exec-1] INFO  b.s.impl.BookedRoomsServiceImpl - No booking IDs found, returning empty list
2025-04-13 00:20:02 [http-nio-8081-exec-1] INFO  b.s.impl.BookedRoomsServiceImpl - Checking currently booked rooms for date: 2025-05-01T00:00:00Z
2025-04-13 00:20:02 [http-nio-8081-exec-1] INFO  b.s.impl.BookedRoomsServiceImpl - Currently booked room IDs: [421, 422, 433, 434, 439, 451, 452, 457, 464, 469, 470]
2025-04-13 00:20:02 [http-nio-8081-exec-1] INFO  b.s.impl.HouseCleaningServiceImpl - Found 11 check-in rooms, 0 check-out rooms, and 11 current rooms for date 2025-05-01
2025-04-13 00:20:02 [http-nio-8081-exec-1] WARN  b.s.impl.HouseCleaningServiceImpl - Could not extract room ID from booking details for booking ID 13
2025-04-13 00:20:02 [http-nio-8081-exec-1] WARN  b.s.impl.HouseCleaningServiceImpl - Could not extract room ID from booking details for booking ID 12
2025-04-13 00:20:02 [http-nio-8081-exec-1] WARN  b.s.impl.HouseCleaningServiceImpl - Could not extract room ID from booking details for booking ID 15
2025-04-13 00:20:02 [http-nio-8081-exec-1] WARN  b.s.impl.HouseCleaningServiceImpl - Could not extract room ID from booking details for booking ID 14
2025-04-13 00:20:02 [http-nio-8081-exec-1] WARN  b.s.impl.HouseCleaningServiceImpl - Could not extract room ID from booking details for booking ID 53
2025-04-13 00:20:02 [http-nio-8081-exec-1] WARN  b.s.impl.HouseCleaningServiceImpl - Could not extract room ID from booking details for booking ID 55
2025-04-13 00:20:02 [http-nio-8081-exec-1] WARN  b.s.impl.HouseCleaningServiceImpl - Could not extract room ID from booking details for booking ID 59
2025-04-13 00:20:02 [http-nio-8081-exec-1] WARN  b.s.impl.HouseCleaningServiceImpl - Could not extract room ID from booking details for booking ID 60
2025-04-13 00:20:02 [http-nio-8081-exec-1] WARN  b.s.impl.HouseCleaningServiceImpl - Could not extract room ID from booking details for booking ID 155
2025-04-13 00:20:02 [http-nio-8081-exec-1] WARN  b.s.impl.HouseCleaningServiceImpl - Could not extract room ID from booking details for booking ID 318
2025-04-13 00:20:02 [http-nio-8081-exec-1] WARN  b.s.impl.HouseCleaningServiceImpl - Could not extract room ID from booking details for booking ID 13
2025-04-13 00:20:02 [http-nio-8081-exec-1] WARN  b.s.impl.HouseCleaningServiceImpl - Could not extract room ID from booking details for booking ID 12
2025-04-13 00:20:02 [http-nio-8081-exec-1] WARN  b.s.impl.HouseCleaningServiceImpl - Could not extract room ID from booking details for booking ID 15
2025-04-13 00:20:02 [http-nio-8081-exec-1] WARN  b.s.impl.HouseCleaningServiceImpl - Could not extract room ID from booking details for booking ID 14
2025-04-13 00:20:02 [http-nio-8081-exec-1] WARN  b.s.impl.HouseCleaningServiceImpl - Could not extract room ID from booking details for booking ID 53
2025-04-13 00:20:02 [http-nio-8081-exec-1] WARN  b.s.impl.HouseCleaningServiceImpl - Could not extract room ID from booking details for booking ID 55
2025-04-13 00:20:02 [http-nio-8081-exec-1] WARN  b.s.impl.HouseCleaningServiceImpl - Could not extract room ID from booking details for booking ID 59
2025-04-13 00:20:02 [http-nio-8081-exec-1] WARN  b.s.impl.HouseCleaningServiceImpl - Could not extract room ID from booking details for booking ID 60
2025-04-13 00:20:02 [http-nio-8081-exec-1] WARN  b.s.impl.HouseCleaningServiceImpl - Could not extract room ID from booking details for booking ID 155
2025-04-13 00:20:02 [http-nio-8081-exec-1] WARN  b.s.impl.HouseCleaningServiceImpl - Could not extract room ID from booking details for booking ID 318
2025-04-13 00:20:02 [http-nio-8081-exec-1] INFO  b.s.impl.HouseCleaningServiceImpl - Room to booking map: {}
2025-04-13 00:20:02 [http-nio-8081-exec-1] WARN  b.s.impl.HouseCleaningServiceImpl - No booking ID found for room ID 421
2025-04-13 00:20:02 [http-nio-8081-exec-1] WARN  b.s.impl.HouseCleaningServiceImpl - No booking ID found for room ID 422
2025-04-13 00:20:02 [http-nio-8081-exec-1] WARN  b.s.impl.HouseCleaningServiceImpl - No booking ID found for room ID 433
2025-04-13 00:20:02 [http-nio-8081-exec-1] WARN  b.s.impl.HouseCleaningServiceImpl - No booking ID found for room ID 434
2025-04-13 00:20:02 [http-nio-8081-exec-1] WARN  b.s.impl.HouseCleaningServiceImpl - No booking ID found for room ID 439
2025-04-13 00:20:02 [http-nio-8081-exec-1] WARN  b.s.impl.HouseCleaningServiceImpl - No booking ID found for room ID 451
2025-04-13 00:20:02 [http-nio-8081-exec-1] WARN  b.s.impl.HouseCleaningServiceImpl - No booking ID found for room ID 452
2025-04-13 00:20:02 [http-nio-8081-exec-1] WARN  b.s.impl.HouseCleaningServiceImpl - No booking ID found for room ID 457
2025-04-13 00:20:02 [http-nio-8081-exec-1] WARN  b.s.impl.HouseCleaningServiceImpl - No booking ID found for room ID 464
2025-04-13 00:20:02 [http-nio-8081-exec-1] WARN  b.s.impl.HouseCleaningServiceImpl - No booking ID found for room ID 469
2025-04-13 00:20:02 [http-nio-8081-exec-1] WARN  b.s.impl.HouseCleaningServiceImpl - No booking ID found for room ID 470
2025-04-13 00:20:25 [http-nio-8081-exec-3] DEBUG o.s.security.web.FilterChainProxy - Securing POST /api/house-cleaning/assign-staff?date=2025-05-01&shift=EVENING_SHIFT
2025-04-13 00:20:25 [http-nio-8081-exec-3] DEBUG o.s.s.w.a.AnonymousAuthenticationFilter - Set SecurityContextHolder to anonymous SecurityContext
2025-04-13 00:20:25 [http-nio-8081-exec-3] DEBUG o.s.security.web.FilterChainProxy - Secured POST /api/house-cleaning/assign-staff?date=2025-05-01&shift=EVENING_SHIFT
2025-04-13 00:20:25 [http-nio-8081-exec-3] INFO  b.s.impl.HouseCleaningServiceImpl - Assigning staff to schedules for date: 2025-05-01 and shift: EVENING_SHIFT
2025-04-13 00:20:25 [http-nio-8081-exec-3] INFO  b.s.impl.HouseCleaningServiceImpl - No pending schedules found for date: 2025-05-01 and shift: EVENING_SHIFT
2025-04-13 00:20:30 [http-nio-8081-exec-5] DEBUG o.s.security.web.FilterChainProxy - Securing POST /api/house-cleaning/assign-staff?date=2025-05-01&shift=MORNING_SHIFT
2025-04-13 00:20:30 [http-nio-8081-exec-5] DEBUG o.s.s.w.a.AnonymousAuthenticationFilter - Set SecurityContextHolder to anonymous SecurityContext
2025-04-13 00:20:30 [http-nio-8081-exec-5] DEBUG o.s.security.web.FilterChainProxy - Secured POST /api/house-cleaning/assign-staff?date=2025-05-01&shift=MORNING_SHIFT
2025-04-13 00:20:30 [http-nio-8081-exec-5] INFO  b.s.impl.HouseCleaningServiceImpl - Assigning staff to schedules for date: 2025-05-01 and shift: MORNING_SHIFT
2025-04-13 00:20:30 [http-nio-8081-exec-5] INFO  b.s.impl.HouseCleaningServiceImpl - Shift time: 05:00 to 09:00
2025-04-13 00:20:30 [http-nio-8081-exec-5] INFO  b.s.impl.HouseCleaningServiceImpl - Original scheduled time for room 434: 09:00
2025-04-13 00:20:30 [http-nio-8081-exec-5] WARN  b.s.impl.HouseCleaningServiceImpl - Schedule end time 09:30 is after shift end time 09:00. Adjusting to fit within shift.
2025-04-13 00:20:30 [http-nio-8081-exec-5] INFO  b.s.impl.HouseCleaningServiceImpl - Assigned staff 1 to room 434 for cleaning from 08:30 to 09:00
2025-04-13 00:20:30 [http-nio-8081-exec-5] INFO  b.s.impl.HouseCleaningServiceImpl - Original scheduled time for room 457: 09:00
2025-04-13 00:20:30 [http-nio-8081-exec-5] WARN  b.s.impl.HouseCleaningServiceImpl - Schedule end time 09:30 is after shift end time 09:00. Adjusting to fit within shift.
2025-04-13 00:20:30 [http-nio-8081-exec-5] INFO  b.s.impl.HouseCleaningServiceImpl - Assigned staff 4 to room 457 for cleaning from 08:30 to 09:00
2025-04-13 00:20:30 [http-nio-8081-exec-5] INFO  b.s.impl.HouseCleaningServiceImpl - Original scheduled time for room 433: 09:30
2025-04-13 00:20:30 [http-nio-8081-exec-5] WARN  b.s.impl.HouseCleaningServiceImpl - Schedule end time 10:00 is after shift end time 09:00. Adjusting to fit within shift.
2025-04-13 00:20:30 [http-nio-8081-exec-5] INFO  b.s.impl.HouseCleaningServiceImpl - Assigned staff 10 to room 433 for cleaning from 08:30 to 09:00
2025-04-13 00:20:30 [http-nio-8081-exec-5] INFO  b.s.impl.HouseCleaningServiceImpl - Original scheduled time for room 451: 09:30
2025-04-13 00:20:30 [http-nio-8081-exec-5] WARN  b.s.impl.HouseCleaningServiceImpl - Schedule end time 10:00 is after shift end time 09:00. Adjusting to fit within shift.
2025-04-13 00:20:30 [http-nio-8081-exec-5] WARN  b.s.impl.HouseCleaningServiceImpl - No available staff found for room 451 at time 08:30. Skipping assignment.
2025-04-13 00:20:30 [http-nio-8081-exec-5] INFO  b.s.impl.HouseCleaningServiceImpl - Original scheduled time for room 421: 10:00
2025-04-13 00:20:30 [http-nio-8081-exec-5] WARN  b.s.impl.HouseCleaningServiceImpl - Schedule end time 10:30 is after shift end time 09:00. Adjusting to fit within shift.
2025-04-13 00:20:30 [http-nio-8081-exec-5] WARN  b.s.impl.HouseCleaningServiceImpl - No available staff found for room 421 at time 08:30. Skipping assignment.
2025-04-13 00:20:30 [http-nio-8081-exec-5] INFO  b.s.impl.HouseCleaningServiceImpl - Original scheduled time for room 422: 10:00
2025-04-13 00:20:30 [http-nio-8081-exec-5] WARN  b.s.impl.HouseCleaningServiceImpl - Schedule end time 10:30 is after shift end time 09:00. Adjusting to fit within shift.
2025-04-13 00:20:30 [http-nio-8081-exec-5] WARN  b.s.impl.HouseCleaningServiceImpl - No available staff found for room 422 at time 08:30. Skipping assignment.
2025-04-13 00:20:30 [http-nio-8081-exec-5] INFO  b.s.impl.HouseCleaningServiceImpl - Original scheduled time for room 439: 10:00
2025-04-13 00:20:30 [http-nio-8081-exec-5] WARN  b.s.impl.HouseCleaningServiceImpl - Schedule end time 10:30 is after shift end time 09:00. Adjusting to fit within shift.
2025-04-13 00:20:30 [http-nio-8081-exec-5] WARN  b.s.impl.HouseCleaningServiceImpl - No available staff found for room 439 at time 08:30. Skipping assignment.
2025-04-13 00:20:30 [http-nio-8081-exec-5] INFO  b.s.impl.HouseCleaningServiceImpl - Original scheduled time for room 452: 10:00
2025-04-13 00:20:30 [http-nio-8081-exec-5] WARN  b.s.impl.HouseCleaningServiceImpl - Schedule end time 10:30 is after shift end time 09:00. Adjusting to fit within shift.
2025-04-13 00:20:30 [http-nio-8081-exec-5] WARN  b.s.impl.HouseCleaningServiceImpl - No available staff found for room 452 at time 08:30. Skipping assignment.
2025-04-13 00:20:30 [http-nio-8081-exec-5] INFO  b.s.impl.HouseCleaningServiceImpl - Original scheduled time for room 464: 10:00
2025-04-13 00:20:30 [http-nio-8081-exec-5] WARN  b.s.impl.HouseCleaningServiceImpl - Schedule end time 10:30 is after shift end time 09:00. Adjusting to fit within shift.
2025-04-13 00:20:30 [http-nio-8081-exec-5] WARN  b.s.impl.HouseCleaningServiceImpl - No available staff found for room 464 at time 08:30. Skipping assignment.
2025-04-13 00:20:30 [http-nio-8081-exec-5] INFO  b.s.impl.HouseCleaningServiceImpl - Original scheduled time for room 469: 10:00
2025-04-13 00:20:30 [http-nio-8081-exec-5] WARN  b.s.impl.HouseCleaningServiceImpl - Schedule end time 10:30 is after shift end time 09:00. Adjusting to fit within shift.
2025-04-13 00:20:30 [http-nio-8081-exec-5] WARN  b.s.impl.HouseCleaningServiceImpl - No available staff found for room 469 at time 08:30. Skipping assignment.
2025-04-13 00:20:30 [http-nio-8081-exec-5] INFO  b.s.impl.HouseCleaningServiceImpl - Original scheduled time for room 470: 10:00
2025-04-13 00:20:30 [http-nio-8081-exec-5] WARN  b.s.impl.HouseCleaningServiceImpl - Schedule end time 10:30 is after shift end time 09:00. Adjusting to fit within shift.
2025-04-13 00:20:30 [http-nio-8081-exec-5] WARN  b.s.impl.HouseCleaningServiceImpl - No available staff found for room 470 at time 08:30. Skipping assignment.
2025-04-13 00:20:30 [http-nio-8081-exec-5] INFO  b.s.impl.HouseCleaningServiceImpl - Staff 1 has 1 assignments
2025-04-13 00:20:30 [http-nio-8081-exec-5] INFO  b.s.impl.HouseCleaningServiceImpl -   - Room 434 at 08:30
2025-04-13 00:20:30 [http-nio-8081-exec-5] INFO  b.s.impl.HouseCleaningServiceImpl - Staff 4 has 1 assignments
2025-04-13 00:20:30 [http-nio-8081-exec-5] INFO  b.s.impl.HouseCleaningServiceImpl -   - Room 457 at 08:30
2025-04-13 00:20:30 [http-nio-8081-exec-5] INFO  b.s.impl.HouseCleaningServiceImpl - Staff 10 has 1 assignments
2025-04-13 00:20:30 [http-nio-8081-exec-5] INFO  b.s.impl.HouseCleaningServiceImpl -   - Room 433 at 08:30
2025-04-13 00:20:30 [http-nio-8081-exec-5] INFO  b.s.impl.HouseCleaningServiceImpl - Saved schedule for room 434: staffId=1, scheduledTime=08:30
2025-04-13 00:20:30 [http-nio-8081-exec-5] INFO  b.s.impl.HouseCleaningServiceImpl - Saved schedule for room 457: staffId=4, scheduledTime=08:30
2025-04-13 00:20:30 [http-nio-8081-exec-5] INFO  b.s.impl.HouseCleaningServiceImpl - Saved schedule for room 433: staffId=10, scheduledTime=08:30
2025-04-13 00:20:30 [http-nio-8081-exec-5] INFO  b.s.impl.HouseCleaningServiceImpl - Saved schedule for room 451: staffId=null, scheduledTime=08:30
2025-04-13 00:20:30 [http-nio-8081-exec-5] INFO  b.s.impl.HouseCleaningServiceImpl - Saved schedule for room 421: staffId=null, scheduledTime=08:30
2025-04-13 00:20:30 [http-nio-8081-exec-5] INFO  b.s.impl.HouseCleaningServiceImpl - Saved schedule for room 422: staffId=null, scheduledTime=08:30
2025-04-13 00:20:30 [http-nio-8081-exec-5] INFO  b.s.impl.HouseCleaningServiceImpl - Saved schedule for room 439: staffId=null, scheduledTime=08:30
2025-04-13 00:20:30 [http-nio-8081-exec-5] INFO  b.s.impl.HouseCleaningServiceImpl - Saved schedule for room 452: staffId=null, scheduledTime=08:30
2025-04-13 00:20:30 [http-nio-8081-exec-5] INFO  b.s.impl.HouseCleaningServiceImpl - Saved schedule for room 464: staffId=null, scheduledTime=08:30
2025-04-13 00:20:30 [http-nio-8081-exec-5] INFO  b.s.impl.HouseCleaningServiceImpl - Saved schedule for room 469: staffId=null, scheduledTime=08:30
2025-04-13 00:20:30 [http-nio-8081-exec-5] INFO  b.s.impl.HouseCleaningServiceImpl - Saved schedule for room 470: staffId=null, scheduledTime=08:30
2025-04-13 00:51:28 [HikariPool-1 housekeeper] WARN  com.zaxxer.hikari.pool.HikariPool - HikariPool-1 - Thread starvation or clock leap detected (housekeeper delta=18m14s764ms).
2025-04-13 00:52:23 [HikariPool-1 housekeeper] WARN  com.zaxxer.hikari.pool.HikariPool - HikariPool-1 - Thread starvation or clock leap detected (housekeeper delta=55s16ms).
2025-04-13 01:10:33 [HikariPool-1 housekeeper] WARN  com.zaxxer.hikari.pool.HikariPool - HikariPool-1 - Thread starvation or clock leap detected (housekeeper delta=17m9s708ms).
2025-04-13 01:11:52 [HikariPool-1 housekeeper] WARN  com.zaxxer.hikari.pool.HikariPool - HikariPool-1 - Thread starvation or clock leap detected (housekeeper delta=1m19s838ms).
2025-04-13 01:19:34 [HikariPool-1 housekeeper] WARN  com.zaxxer.hikari.pool.HikariPool - HikariPool-1 - Thread starvation or clock leap detected (housekeeper delta=6m11s532ms).
2025-04-13 01:21:53 [SpringApplicationShutdownHook] INFO  o.s.b.w.e.tomcat.GracefulShutdown - Commencing graceful shutdown. Waiting for active requests to complete
2025-04-13 01:21:53 [tomcat-shutdown] INFO  o.s.b.w.e.tomcat.GracefulShutdown - Graceful shutdown complete
2025-04-13 01:21:53 [SpringApplicationShutdownHook] INFO  o.s.o.j.LocalContainerEntityManagerFactoryBean - Closing JPA EntityManagerFactory for persistence unit 'default'
2025-04-13 01:21:53 [SpringApplicationShutdownHook] INFO  com.zaxxer.hikari.HikariDataSource - HikariPool-1 - Shutdown initiated...
2025-04-13 01:21:53 [SpringApplicationShutdownHook] INFO  com.zaxxer.hikari.HikariDataSource - HikariPool-1 - Shutdown completed.
2025-04-13 01:21:58 [main] INFO  backend.HotelBookingApplication - Starting HotelBookingApplication using Java 17.0.13 with PID 1640 (/Users/sukuna/Documents/coding/IBE/IBE-BE/KDU/target/classes started by sukuna in /Users/sukuna/Documents/coding/IBE/IBE-BE/KDU)
2025-04-13 01:21:58 [main] INFO  backend.HotelBookingApplication - The following 1 profile is active: "dev"
2025-04-13 01:21:59 [main] INFO  o.s.d.r.c.RepositoryConfigurationDelegate - Bootstrapping Spring Data JPA repositories in DEFAULT mode.
2025-04-13 01:21:59 [main] INFO  o.s.d.r.c.RepositoryConfigurationDelegate - Finished Spring Data repository scanning in 61 ms. Found 15 JPA repository interfaces.
2025-04-13 01:22:00 [main] INFO  o.s.b.w.e.tomcat.TomcatWebServer - Tomcat initialized with port 8081 (http)
2025-04-13 01:22:00 [main] INFO  o.a.coyote.http11.Http11NioProtocol - Initializing ProtocolHandler ["http-nio-8081"]
2025-04-13 01:22:00 [main] INFO  o.a.catalina.core.StandardService - Starting service [Tomcat]
2025-04-13 01:22:00 [main] INFO  o.a.catalina.core.StandardEngine - Starting Servlet engine: [Apache Tomcat/10.1.36]
2025-04-13 01:22:00 [main] INFO  o.a.c.c.C.[Tomcat].[localhost].[/] - Initializing Spring embedded WebApplicationContext
2025-04-13 01:22:00 [main] INFO  o.s.b.w.s.c.ServletWebServerApplicationContext - Root WebApplicationContext: initialization completed in 1508 ms
2025-04-13 01:22:00 [main] INFO  com.zaxxer.hikari.HikariDataSource - HikariPool-1 - Starting...
2025-04-13 01:22:00 [main] INFO  com.zaxxer.hikari.pool.HikariPool - HikariPool-1 - Added connection org.postgresql.jdbc.PgConnection@1ff81b0d
2025-04-13 01:22:00 [main] INFO  com.zaxxer.hikari.HikariDataSource - HikariPool-1 - Start completed.
2025-04-13 01:22:01 [main] INFO  o.s.o.j.p.SpringPersistenceUnitInfo - No LoadTimeWeaver setup: ignoring JPA class transformer
2025-04-13 01:22:01 [main] WARN  org.hibernate.orm.deprecation - HHH90000025: PostgreSQLDialect does not need to be specified explicitly using 'hibernate.dialect' (remove the property setting and it will be selected by default)
2025-04-13 01:22:02 [main] WARN  o.h.t.s.i.ExceptionHandlerLoggedImpl - GenerationTarget encountered exception accepting command : Error executing DDL "alter table if exists staff_room_map alter column staff_id set data type bigint" via JDBC [ERROR: column "staff_id" cannot be cast automatically to type bigint
  Hint: You might need to specify "USING staff_id::bigint".]
org.hibernate.tool.schema.spi.CommandAcceptanceException: Error executing DDL "alter table if exists staff_room_map alter column staff_id set data type bigint" via JDBC [ERROR: column "staff_id" cannot be cast automatically to type bigint
  Hint: You might need to specify "USING staff_id::bigint".]
	at org.hibernate.tool.schema.internal.exec.GenerationTargetToDatabase.accept(GenerationTargetToDatabase.java:94)
	at org.hibernate.tool.schema.internal.AbstractSchemaMigrator.applySqlString(AbstractSchemaMigrator.java:576)
	at org.hibernate.tool.schema.internal.AbstractSchemaMigrator.applySqlStrings(AbstractSchemaMigrator.java:516)
	at org.hibernate.tool.schema.internal.AbstractSchemaMigrator.migrateTable(AbstractSchemaMigrator.java:334)
	at org.hibernate.tool.schema.internal.GroupedSchemaMigratorImpl.performTablesMigration(GroupedSchemaMigratorImpl.java:84)
	at org.hibernate.tool.schema.internal.AbstractSchemaMigrator.performMigration(AbstractSchemaMigrator.java:233)
	at org.hibernate.tool.schema.internal.AbstractSchemaMigrator.doMigration(AbstractSchemaMigrator.java:112)
	at org.hibernate.tool.schema.spi.SchemaManagementToolCoordinator.performDatabaseAction(SchemaManagementToolCoordinator.java:280)
	at org.hibernate.tool.schema.spi.SchemaManagementToolCoordinator.lambda$process$5(SchemaManagementToolCoordinator.java:144)
	at java.base/java.util.HashMap.forEach(HashMap.java:1421)
	at org.hibernate.tool.schema.spi.SchemaManagementToolCoordinator.process(SchemaManagementToolCoordinator.java:141)
	at org.hibernate.boot.internal.SessionFactoryObserverForSchemaExport.sessionFactoryCreated(SessionFactoryObserverForSchemaExport.java:37)
	at org.hibernate.internal.SessionFactoryObserverChain.sessionFactoryCreated(SessionFactoryObserverChain.java:35)
	at org.hibernate.internal.SessionFactoryImpl.<init>(SessionFactoryImpl.java:324)
	at org.hibernate.boot.internal.SessionFactoryBuilderImpl.build(SessionFactoryBuilderImpl.java:463)
	at org.hibernate.jpa.boot.internal.EntityManagerFactoryBuilderImpl.build(EntityManagerFactoryBuilderImpl.java:1517)
	at org.springframework.orm.jpa.vendor.SpringHibernateJpaPersistenceProvider.createContainerEntityManagerFactory(SpringHibernateJpaPersistenceProvider.java:66)
	at org.springframework.orm.jpa.LocalContainerEntityManagerFactoryBean.createNativeEntityManagerFactory(LocalContainerEntityManagerFactoryBean.java:390)
	at org.springframework.orm.jpa.AbstractEntityManagerFactoryBean.buildNativeEntityManagerFactory(AbstractEntityManagerFactoryBean.java:419)
	at org.springframework.orm.jpa.AbstractEntityManagerFactoryBean.afterPropertiesSet(AbstractEntityManagerFactoryBean.java:400)
	at org.springframework.orm.jpa.LocalContainerEntityManagerFactoryBean.afterPropertiesSet(LocalContainerEntityManagerFactoryBean.java:366)
	at org.springframework.beans.factory.support.AbstractAutowireCapableBeanFactory.invokeInitMethods(AbstractAutowireCapableBeanFactory.java:1859)
	at org.springframework.beans.factory.support.AbstractAutowireCapableBeanFactory.initializeBean(AbstractAutowireCapableBeanFactory.java:1808)
	at org.springframework.beans.factory.support.AbstractAutowireCapableBeanFactory.doCreateBean(AbstractAutowireCapableBeanFactory.java:601)
	at org.springframework.beans.factory.support.AbstractAutowireCapableBeanFactory.createBean(AbstractAutowireCapableBeanFactory.java:523)
	at org.springframework.beans.factory.support.AbstractBeanFactory.lambda$doGetBean$0(AbstractBeanFactory.java:339)
	at org.springframework.beans.factory.support.DefaultSingletonBeanRegistry.getSingleton(DefaultSingletonBeanRegistry.java:346)
	at org.springframework.beans.factory.support.AbstractBeanFactory.doGetBean(AbstractBeanFactory.java:337)
	at org.springframework.beans.factory.support.AbstractBeanFactory.getBean(AbstractBeanFactory.java:207)
	at org.springframework.context.support.AbstractApplicationContext.finishBeanFactoryInitialization(AbstractApplicationContext.java:970)
	at org.springframework.context.support.AbstractApplicationContext.refresh(AbstractApplicationContext.java:627)
	at org.springframework.boot.web.servlet.context.ServletWebServerApplicationContext.refresh(ServletWebServerApplicationContext.java:146)
	at org.springframework.boot.SpringApplication.refresh(SpringApplication.java:752)
	at org.springframework.boot.SpringApplication.refreshContext(SpringApplication.java:439)
	at org.springframework.boot.SpringApplication.run(SpringApplication.java:318)
	at org.springframework.boot.SpringApplication.run(SpringApplication.java:1361)
	at org.springframework.boot.SpringApplication.run(SpringApplication.java:1350)
	at backend.HotelBookingApplication.main(HotelBookingApplication.java:15)
Caused by: org.postgresql.util.PSQLException: ERROR: column "staff_id" cannot be cast automatically to type bigint
  Hint: You might need to specify "USING staff_id::bigint".
	at org.postgresql.core.v3.QueryExecutorImpl.receiveErrorResponse(QueryExecutorImpl.java:2733)
	at org.postgresql.core.v3.QueryExecutorImpl.processResults(QueryExecutorImpl.java:2420)
	at org.postgresql.core.v3.QueryExecutorImpl.execute(QueryExecutorImpl.java:372)
	at org.postgresql.jdbc.PgStatement.executeInternal(PgStatement.java:517)
	at org.postgresql.jdbc.PgStatement.execute(PgStatement.java:434)
	at org.postgresql.jdbc.PgStatement.executeWithFlags(PgStatement.java:356)
	at org.postgresql.jdbc.PgStatement.executeCachedSql(PgStatement.java:341)
	at org.postgresql.jdbc.PgStatement.executeWithFlags(PgStatement.java:317)
	at org.postgresql.jdbc.PgStatement.execute(PgStatement.java:312)
	at com.zaxxer.hikari.pool.ProxyStatement.execute(ProxyStatement.java:94)
	at com.zaxxer.hikari.pool.HikariProxyStatement.execute(HikariProxyStatement.java)
	at org.hibernate.tool.schema.internal.exec.GenerationTargetToDatabase.accept(GenerationTargetToDatabase.java:80)
	... 37 common frames omitted
2025-04-13 01:22:03 [main] WARN  o.h.t.s.i.ExceptionHandlerLoggedImpl - GenerationTarget encountered exception accepting command : Error executing DDL "alter table if exists staff_room_map add constraint FKyd20ehofj2axxe92vl67pqvx foreign key (staff_id) references staff" via JDBC [ERROR: foreign key constraint "fkyd20ehofj2axxe92vl67pqvx" cannot be implemented
  Detail: Key columns "staff_id" and "staff_id" are of incompatible types: character varying and bigint.]
org.hibernate.tool.schema.spi.CommandAcceptanceException: Error executing DDL "alter table if exists staff_room_map add constraint FKyd20ehofj2axxe92vl67pqvx foreign key (staff_id) references staff" via JDBC [ERROR: foreign key constraint "fkyd20ehofj2axxe92vl67pqvx" cannot be implemented
  Detail: Key columns "staff_id" and "staff_id" are of incompatible types: character varying and bigint.]
	at org.hibernate.tool.schema.internal.exec.GenerationTargetToDatabase.accept(GenerationTargetToDatabase.java:94)
	at org.hibernate.tool.schema.internal.AbstractSchemaMigrator.applySqlString(AbstractSchemaMigrator.java:576)
	at org.hibernate.tool.schema.internal.AbstractSchemaMigrator.applySqlStrings(AbstractSchemaMigrator.java:516)
	at org.hibernate.tool.schema.internal.AbstractSchemaMigrator.applyForeignKeys(AbstractSchemaMigrator.java:448)
	at org.hibernate.tool.schema.internal.AbstractSchemaMigrator.performMigration(AbstractSchemaMigrator.java:269)
	at org.hibernate.tool.schema.internal.AbstractSchemaMigrator.doMigration(AbstractSchemaMigrator.java:112)
	at org.hibernate.tool.schema.spi.SchemaManagementToolCoordinator.performDatabaseAction(SchemaManagementToolCoordinator.java:280)
	at org.hibernate.tool.schema.spi.SchemaManagementToolCoordinator.lambda$process$5(SchemaManagementToolCoordinator.java:144)
	at java.base/java.util.HashMap.forEach(HashMap.java:1421)
	at org.hibernate.tool.schema.spi.SchemaManagementToolCoordinator.process(SchemaManagementToolCoordinator.java:141)
	at org.hibernate.boot.internal.SessionFactoryObserverForSchemaExport.sessionFactoryCreated(SessionFactoryObserverForSchemaExport.java:37)
	at org.hibernate.internal.SessionFactoryObserverChain.sessionFactoryCreated(SessionFactoryObserverChain.java:35)
	at org.hibernate.internal.SessionFactoryImpl.<init>(SessionFactoryImpl.java:324)
	at org.hibernate.boot.internal.SessionFactoryBuilderImpl.build(SessionFactoryBuilderImpl.java:463)
	at org.hibernate.jpa.boot.internal.EntityManagerFactoryBuilderImpl.build(EntityManagerFactoryBuilderImpl.java:1517)
	at org.springframework.orm.jpa.vendor.SpringHibernateJpaPersistenceProvider.createContainerEntityManagerFactory(SpringHibernateJpaPersistenceProvider.java:66)
	at org.springframework.orm.jpa.LocalContainerEntityManagerFactoryBean.createNativeEntityManagerFactory(LocalContainerEntityManagerFactoryBean.java:390)
	at org.springframework.orm.jpa.AbstractEntityManagerFactoryBean.buildNativeEntityManagerFactory(AbstractEntityManagerFactoryBean.java:419)
	at org.springframework.orm.jpa.AbstractEntityManagerFactoryBean.afterPropertiesSet(AbstractEntityManagerFactoryBean.java:400)
	at org.springframework.orm.jpa.LocalContainerEntityManagerFactoryBean.afterPropertiesSet(LocalContainerEntityManagerFactoryBean.java:366)
	at org.springframework.beans.factory.support.AbstractAutowireCapableBeanFactory.invokeInitMethods(AbstractAutowireCapableBeanFactory.java:1859)
	at org.springframework.beans.factory.support.AbstractAutowireCapableBeanFactory.initializeBean(AbstractAutowireCapableBeanFactory.java:1808)
	at org.springframework.beans.factory.support.AbstractAutowireCapableBeanFactory.doCreateBean(AbstractAutowireCapableBeanFactory.java:601)
	at org.springframework.beans.factory.support.AbstractAutowireCapableBeanFactory.createBean(AbstractAutowireCapableBeanFactory.java:523)
	at org.springframework.beans.factory.support.AbstractBeanFactory.lambda$doGetBean$0(AbstractBeanFactory.java:339)
	at org.springframework.beans.factory.support.DefaultSingletonBeanRegistry.getSingleton(DefaultSingletonBeanRegistry.java:346)
	at org.springframework.beans.factory.support.AbstractBeanFactory.doGetBean(AbstractBeanFactory.java:337)
	at org.springframework.beans.factory.support.AbstractBeanFactory.getBean(AbstractBeanFactory.java:207)
	at org.springframework.context.support.AbstractApplicationContext.finishBeanFactoryInitialization(AbstractApplicationContext.java:970)
	at org.springframework.context.support.AbstractApplicationContext.refresh(AbstractApplicationContext.java:627)
	at org.springframework.boot.web.servlet.context.ServletWebServerApplicationContext.refresh(ServletWebServerApplicationContext.java:146)
	at org.springframework.boot.SpringApplication.refresh(SpringApplication.java:752)
	at org.springframework.boot.SpringApplication.refreshContext(SpringApplication.java:439)
	at org.springframework.boot.SpringApplication.run(SpringApplication.java:318)
	at org.springframework.boot.SpringApplication.run(SpringApplication.java:1361)
	at org.springframework.boot.SpringApplication.run(SpringApplication.java:1350)
	at backend.HotelBookingApplication.main(HotelBookingApplication.java:15)
Caused by: org.postgresql.util.PSQLException: ERROR: foreign key constraint "fkyd20ehofj2axxe92vl67pqvx" cannot be implemented
  Detail: Key columns "staff_id" and "staff_id" are of incompatible types: character varying and bigint.
	at org.postgresql.core.v3.QueryExecutorImpl.receiveErrorResponse(QueryExecutorImpl.java:2733)
	at org.postgresql.core.v3.QueryExecutorImpl.processResults(QueryExecutorImpl.java:2420)
	at org.postgresql.core.v3.QueryExecutorImpl.execute(QueryExecutorImpl.java:372)
	at org.postgresql.jdbc.PgStatement.executeInternal(PgStatement.java:517)
	at org.postgresql.jdbc.PgStatement.execute(PgStatement.java:434)
	at org.postgresql.jdbc.PgStatement.executeWithFlags(PgStatement.java:356)
	at org.postgresql.jdbc.PgStatement.executeCachedSql(PgStatement.java:341)
	at org.postgresql.jdbc.PgStatement.executeWithFlags(PgStatement.java:317)
	at org.postgresql.jdbc.PgStatement.execute(PgStatement.java:312)
	at com.zaxxer.hikari.pool.ProxyStatement.execute(ProxyStatement.java:94)
	at com.zaxxer.hikari.pool.HikariProxyStatement.execute(HikariProxyStatement.java)
	at org.hibernate.tool.schema.internal.exec.GenerationTargetToDatabase.accept(GenerationTargetToDatabase.java:80)
	... 36 common frames omitted
2025-04-13 01:22:03 [main] INFO  o.s.o.j.LocalContainerEntityManagerFactoryBean - Initialized JPA EntityManagerFactory for persistence unit 'default'
2025-04-13 01:22:03 [main] INFO  backend.config.CorsConfig - CORS Configuration Loaded!
2025-04-13 01:22:03 [main] DEBUG o.s.c.e.PropertySourcesPropertyResolver - Found key 'spring.security.oauth2.resourceserver.jwt.issuer-uri' in PropertySource 'environmentProperties' with value of type String
2025-04-13 01:22:03 [main] INFO  o.s.d.j.r.query.QueryEnhancerFactory - Hibernate is in classpath; If applicable, HQL parser will be used.
2025-04-13 01:22:03 [main] DEBUG o.s.c.e.PropertySourcesPropertyResolver - Found key 'graphql.endpoint' in PropertySource 'environmentProperties' with value of type String
2025-04-13 01:22:03 [main] DEBUG o.s.c.e.PropertySourcesPropertyResolver - Found key 'graphql.api-key' in PropertySource 'environmentProperties' with value of type String
2025-04-13 01:22:03 [main] DEBUG o.s.c.e.PropertySourcesPropertyResolver - Found key 'graphql.api.key' in PropertySource 'environmentProperties' with value of type String
2025-04-13 01:22:03 [main] DEBUG o.s.c.e.PropertySourcesPropertyResolver - Found key 'graphql.url' in PropertySource 'environmentProperties' with value of type String
2025-04-13 01:22:03 [main] DEBUG o.s.c.e.PropertySourcesPropertyResolver - Found key 'spring.mail.username' in PropertySource 'environmentProperties' with value of type String
2025-04-13 01:22:03 [main] DEBUG o.s.c.e.PropertySourcesPropertyResolver - Found key 'otp.expiry.minutes' in PropertySource 'environmentProperties' with value of type String
2025-04-13 01:22:03 [main] DEBUG o.s.c.e.PropertySourcesPropertyResolver - Found key 'otp.max.attempts' in PropertySource 'environmentProperties' with value of type String
2025-04-13 01:22:04 [main] DEBUG o.s.c.e.PropertySourcesPropertyResolver - Found key 'graphql.endpoint' in PropertySource 'environmentProperties' with value of type String
2025-04-13 01:22:04 [main] DEBUG o.s.c.e.PropertySourcesPropertyResolver - Found key 'graphql.api-key' in PropertySource 'environmentProperties' with value of type String
2025-04-13 01:22:04 [main] DEBUG o.s.c.e.PropertySourcesPropertyResolver - Found key 'graphql.api.key' in PropertySource 'environmentProperties' with value of type String
2025-04-13 01:22:04 [main] DEBUG o.s.c.e.PropertySourcesPropertyResolver - Found key 'graphql.url' in PropertySource 'environmentProperties' with value of type String
2025-04-13 01:22:04 [main] DEBUG o.s.c.e.PropertySourcesPropertyResolver - Found key 'graphql.endpoint' in PropertySource 'environmentProperties' with value of type String
2025-04-13 01:22:04 [main] DEBUG o.s.c.e.PropertySourcesPropertyResolver - Found key 'graphql.api-key' in PropertySource 'environmentProperties' with value of type String
2025-04-13 01:22:04 [main] DEBUG o.s.c.e.PropertySourcesPropertyResolver - Found key 'graphql.endpoint' in PropertySource 'environmentProperties' with value of type String
2025-04-13 01:22:04 [main] DEBUG o.s.c.e.PropertySourcesPropertyResolver - Found key 'graphql.apiKey' in PropertySource 'environmentProperties' with value of type String
2025-04-13 01:22:04 [main] DEBUG o.s.c.e.PropertySourcesPropertyResolver - Found key 'graphql.endpoint' in PropertySource 'environmentProperties' with value of type String
2025-04-13 01:22:04 [main] DEBUG o.s.c.e.PropertySourcesPropertyResolver - Found key 'graphql.apiKey' in PropertySource 'environmentProperties' with value of type String
2025-04-13 01:22:04 [main] DEBUG o.s.c.e.PropertySourcesPropertyResolver - Found key 'api.base.url' in PropertySource 'environmentProperties' with value of type String
2025-04-13 01:22:04 [main] WARN  o.s.b.a.o.j.JpaBaseConfiguration$JpaWebConfiguration - spring.jpa.open-in-view is enabled by default. Therefore, database queries may be performed during view rendering. Explicitly configure spring.jpa.open-in-view to disable this warning
2025-04-13 01:22:04 [main] INFO  backend.config.CorsConfig - Applying CORS settings...
2025-04-13 01:22:04 [main] DEBUG o.s.s.c.a.a.c.AuthenticationConfiguration$DefaultPasswordEncoderAuthenticationManagerBuilder - No authenticationProviders and no parentAuthenticationManager defined. Returning null.
2025-04-13 01:22:04 [main] INFO  o.s.b.a.e.web.EndpointLinksResolver - Exposing 2 endpoints beneath base path '/actuator'
2025-04-13 01:22:04 [main] INFO  backend.config.SecurityConfig - Configuring security filter chain...
2025-04-13 01:22:04 [main] INFO  backend.config.SecurityConfig - Using issuer URI: https://cognito-idp.ap-south-1.amazonaws.com/ap-south-1_IGHZ9OObg
2025-04-13 01:22:04 [main] INFO  backend.config.SecurityConfig - Configuring authorization rules...
2025-04-13 01:22:04 [main] INFO  backend.config.SecurityConfig - Configuring OAuth2 resource server...
2025-04-13 01:22:04 [main] INFO  backend.config.SecurityConfig - Configuring JWT...
2025-04-13 01:22:04 [main] INFO  backend.config.SecurityConfig - Creating JWT decoder with issuer URI: https://cognito-idp.ap-south-1.amazonaws.com/ap-south-1_IGHZ9OObg
2025-04-13 01:22:05 [main] INFO  backend.config.SecurityConfig - Configuring session management...
2025-04-13 01:22:05 [main] DEBUG o.s.s.web.DefaultSecurityFilterChain - Will secure any request with filters: DisableEncodeUrlFilter, WebAsyncManagerIntegrationFilter, SecurityContextHolderFilter, HeaderWriterFilter, LogoutFilter, BearerTokenAuthenticationFilter, RequestCacheAwareFilter, SecurityContextHolderAwareRequestFilter, AnonymousAuthenticationFilter, SessionManagementFilter, ExceptionTranslationFilter, AuthorizationFilter
2025-04-13 01:22:05 [main] INFO  o.a.coyote.http11.Http11NioProtocol - Starting ProtocolHandler ["http-nio-8081"]
2025-04-13 01:22:05 [main] INFO  o.s.b.w.e.tomcat.TomcatWebServer - Tomcat started on port 8081 (http) with context path '/'
2025-04-13 01:22:05 [main] INFO  backend.HotelBookingApplication - Started HotelBookingApplication in 7.565 seconds (process running for 7.957)
2025-04-13 01:22:07 [http-nio-8081-exec-1] INFO  o.a.c.c.C.[Tomcat].[localhost].[/] - Initializing Spring DispatcherServlet 'dispatcherServlet'
2025-04-13 01:22:07 [http-nio-8081-exec-1] INFO  o.s.web.servlet.DispatcherServlet - Initializing Servlet 'dispatcherServlet'
2025-04-13 01:22:07 [http-nio-8081-exec-1] INFO  o.s.web.servlet.DispatcherServlet - Completed initialization in 5 ms
2025-04-13 01:22:07 [http-nio-8081-exec-1] DEBUG o.s.security.web.FilterChainProxy - Securing POST /api/house-cleaning/assign-staff?date=2025-05-01&shift=MORNING_SHIFT
2025-04-13 01:22:07 [http-nio-8081-exec-1] DEBUG o.s.s.w.a.AnonymousAuthenticationFilter - Set SecurityContextHolder to anonymous SecurityContext
2025-04-13 01:22:07 [http-nio-8081-exec-1] DEBUG o.s.security.web.FilterChainProxy - Secured POST /api/house-cleaning/assign-staff?date=2025-05-01&shift=MORNING_SHIFT
2025-04-13 01:22:07 [http-nio-8081-exec-1] INFO  b.s.impl.HouseCleaningServiceImpl - Assigning staff to schedules for date: 2025-05-01 and shift: MORNING_SHIFT
2025-04-13 01:22:07 [http-nio-8081-exec-1] INFO  b.s.impl.HouseCleaningServiceImpl - No pending schedules found for date: 2025-05-01 and shift: MORNING_SHIFT
2025-04-13 01:22:16 [http-nio-8081-exec-3] DEBUG o.s.security.web.FilterChainProxy - Securing POST /api/house-cleaning/assign-staff?date=2025-05-01&shift=MORNING_SHIFT
2025-04-13 01:22:16 [http-nio-8081-exec-3] DEBUG o.s.s.w.a.AnonymousAuthenticationFilter - Set SecurityContextHolder to anonymous SecurityContext
2025-04-13 01:22:16 [http-nio-8081-exec-3] DEBUG o.s.security.web.FilterChainProxy - Secured POST /api/house-cleaning/assign-staff?date=2025-05-01&shift=MORNING_SHIFT
2025-04-13 01:22:16 [http-nio-8081-exec-3] INFO  b.s.impl.HouseCleaningServiceImpl - Assigning staff to schedules for date: 2025-05-01 and shift: MORNING_SHIFT
2025-04-13 01:22:16 [http-nio-8081-exec-3] INFO  b.s.impl.HouseCleaningServiceImpl - No pending schedules found for date: 2025-05-01 and shift: MORNING_SHIFT
2025-04-13 01:22:29 [http-nio-8081-exec-5] DEBUG o.s.security.web.FilterChainProxy - Securing POST /api/house-cleaning/generate?date=2025-05-01
2025-04-13 01:22:29 [http-nio-8081-exec-5] DEBUG o.s.s.w.a.AnonymousAuthenticationFilter - Set SecurityContextHolder to anonymous SecurityContext
2025-04-13 01:22:29 [http-nio-8081-exec-5] DEBUG o.s.security.web.FilterChainProxy - Secured POST /api/house-cleaning/generate?date=2025-05-01
2025-04-13 01:22:29 [http-nio-8081-exec-5] INFO  b.s.impl.HouseCleaningServiceImpl - Generating cleaning schedules for date: 2025-05-01
2025-04-13 01:22:30 [http-nio-8081-exec-5] INFO  b.s.impl.HouseCleaningServiceImpl - Found 10 check-in bookings, 0 check-out bookings, and 10 current bookings for date 2025-05-01
2025-04-13 01:22:30 [http-nio-8081-exec-5] INFO  b.s.impl.BookedRoomsServiceImpl - Checking check-in rooms for date: 2025-05-01
2025-04-13 01:22:30 [http-nio-8081-exec-5] INFO  b.s.impl.BookedRoomsServiceImpl - Found 10 transactions with check-in date 2025-05-01
2025-04-13 01:22:30 [http-nio-8081-exec-5] INFO  b.s.impl.BookedRoomsServiceImpl - Booking IDs for check-in: [13, 12, 15, 14, 53, 55, 59, 60, 155, 318]
2025-04-13 01:22:35 [http-nio-8081-exec-5] INFO  b.s.impl.BookedRoomsServiceImpl - Room IDs for bookings [13, 12, 15, 14, 53, 55, 59, 60, 155, 318]: [421, 422, 433, 434, 439, 451, 452, 457, 464, 469, 470]
2025-04-13 01:22:35 [http-nio-8081-exec-5] INFO  b.s.impl.BookedRoomsServiceImpl - Checking check-out rooms for date: 2025-05-01
2025-04-13 01:22:35 [http-nio-8081-exec-5] INFO  b.s.impl.BookedRoomsServiceImpl - Found 0 transactions with check-out date 2025-05-01
2025-04-13 01:22:35 [http-nio-8081-exec-5] INFO  b.s.impl.BookedRoomsServiceImpl - Booking IDs for check-out: []
2025-04-13 01:22:35 [http-nio-8081-exec-5] INFO  b.s.impl.BookedRoomsServiceImpl - No booking IDs found, returning empty list
2025-04-13 01:22:35 [http-nio-8081-exec-5] INFO  b.s.impl.BookedRoomsServiceImpl - Checking currently booked rooms for date: 2025-05-01T00:00:00Z
2025-04-13 01:22:35 [http-nio-8081-exec-5] INFO  b.s.impl.BookedRoomsServiceImpl - Currently booked room IDs: [421, 422, 433, 434, 439, 451, 452, 457, 464, 469, 470]
2025-04-13 01:22:35 [http-nio-8081-exec-5] INFO  b.s.impl.HouseCleaningServiceImpl - Found 11 check-in rooms, 0 check-out rooms, and 11 current rooms for date 2025-05-01
2025-04-13 01:22:35 [http-nio-8081-exec-5] WARN  b.s.impl.HouseCleaningServiceImpl - Could not extract room ID from booking details for booking ID 13
2025-04-13 01:22:35 [http-nio-8081-exec-5] WARN  b.s.impl.HouseCleaningServiceImpl - Could not extract room ID from booking details for booking ID 12
2025-04-13 01:22:35 [http-nio-8081-exec-5] WARN  b.s.impl.HouseCleaningServiceImpl - Could not extract room ID from booking details for booking ID 15
2025-04-13 01:22:35 [http-nio-8081-exec-5] WARN  b.s.impl.HouseCleaningServiceImpl - Could not extract room ID from booking details for booking ID 14
2025-04-13 01:22:35 [http-nio-8081-exec-5] WARN  b.s.impl.HouseCleaningServiceImpl - Could not extract room ID from booking details for booking ID 53
2025-04-13 01:22:35 [http-nio-8081-exec-5] WARN  b.s.impl.HouseCleaningServiceImpl - Could not extract room ID from booking details for booking ID 55
2025-04-13 01:22:35 [http-nio-8081-exec-5] WARN  b.s.impl.HouseCleaningServiceImpl - Could not extract room ID from booking details for booking ID 59
2025-04-13 01:22:35 [http-nio-8081-exec-5] WARN  b.s.impl.HouseCleaningServiceImpl - Could not extract room ID from booking details for booking ID 60
2025-04-13 01:22:35 [http-nio-8081-exec-5] WARN  b.s.impl.HouseCleaningServiceImpl - Could not extract room ID from booking details for booking ID 155
2025-04-13 01:22:35 [http-nio-8081-exec-5] WARN  b.s.impl.HouseCleaningServiceImpl - Could not extract room ID from booking details for booking ID 318
2025-04-13 01:22:35 [http-nio-8081-exec-5] WARN  b.s.impl.HouseCleaningServiceImpl - Could not extract room ID from booking details for booking ID 13
2025-04-13 01:22:35 [http-nio-8081-exec-5] WARN  b.s.impl.HouseCleaningServiceImpl - Could not extract room ID from booking details for booking ID 12
2025-04-13 01:22:35 [http-nio-8081-exec-5] WARN  b.s.impl.HouseCleaningServiceImpl - Could not extract room ID from booking details for booking ID 15
2025-04-13 01:22:35 [http-nio-8081-exec-5] WARN  b.s.impl.HouseCleaningServiceImpl - Could not extract room ID from booking details for booking ID 14
2025-04-13 01:22:35 [http-nio-8081-exec-5] WARN  b.s.impl.HouseCleaningServiceImpl - Could not extract room ID from booking details for booking ID 53
2025-04-13 01:22:35 [http-nio-8081-exec-5] WARN  b.s.impl.HouseCleaningServiceImpl - Could not extract room ID from booking details for booking ID 55
2025-04-13 01:22:35 [http-nio-8081-exec-5] WARN  b.s.impl.HouseCleaningServiceImpl - Could not extract room ID from booking details for booking ID 59
2025-04-13 01:22:35 [http-nio-8081-exec-5] WARN  b.s.impl.HouseCleaningServiceImpl - Could not extract room ID from booking details for booking ID 60
2025-04-13 01:22:35 [http-nio-8081-exec-5] WARN  b.s.impl.HouseCleaningServiceImpl - Could not extract room ID from booking details for booking ID 155
2025-04-13 01:22:35 [http-nio-8081-exec-5] WARN  b.s.impl.HouseCleaningServiceImpl - Could not extract room ID from booking details for booking ID 318
2025-04-13 01:22:35 [http-nio-8081-exec-5] INFO  b.s.impl.HouseCleaningServiceImpl - Room to booking map: {}
2025-04-13 01:22:35 [http-nio-8081-exec-5] WARN  b.s.impl.HouseCleaningServiceImpl - No booking ID found for room ID 421
2025-04-13 01:22:35 [http-nio-8081-exec-5] WARN  b.s.impl.HouseCleaningServiceImpl - No booking ID found for room ID 422
2025-04-13 01:22:35 [http-nio-8081-exec-5] WARN  b.s.impl.HouseCleaningServiceImpl - No booking ID found for room ID 433
2025-04-13 01:22:35 [http-nio-8081-exec-5] WARN  b.s.impl.HouseCleaningServiceImpl - No booking ID found for room ID 434
2025-04-13 01:22:35 [http-nio-8081-exec-5] WARN  b.s.impl.HouseCleaningServiceImpl - No booking ID found for room ID 439
2025-04-13 01:22:35 [http-nio-8081-exec-5] WARN  b.s.impl.HouseCleaningServiceImpl - No booking ID found for room ID 451
2025-04-13 01:22:35 [http-nio-8081-exec-5] WARN  b.s.impl.HouseCleaningServiceImpl - No booking ID found for room ID 452
2025-04-13 01:22:35 [http-nio-8081-exec-5] WARN  b.s.impl.HouseCleaningServiceImpl - No booking ID found for room ID 457
2025-04-13 01:22:35 [http-nio-8081-exec-5] WARN  b.s.impl.HouseCleaningServiceImpl - No booking ID found for room ID 464
2025-04-13 01:22:35 [http-nio-8081-exec-5] WARN  b.s.impl.HouseCleaningServiceImpl - No booking ID found for room ID 469
2025-04-13 01:22:35 [http-nio-8081-exec-5] WARN  b.s.impl.HouseCleaningServiceImpl - No booking ID found for room ID 470
2025-04-13 01:22:54 [http-nio-8081-exec-7] DEBUG o.s.security.web.FilterChainProxy - Securing POST /api/house-cleaning/assign-staff?date=2025-05-01&shift=MORNING_SHIFT
2025-04-13 01:22:54 [http-nio-8081-exec-7] DEBUG o.s.s.w.a.AnonymousAuthenticationFilter - Set SecurityContextHolder to anonymous SecurityContext
2025-04-13 01:22:54 [http-nio-8081-exec-7] DEBUG o.s.security.web.FilterChainProxy - Secured POST /api/house-cleaning/assign-staff?date=2025-05-01&shift=MORNING_SHIFT
2025-04-13 01:22:54 [http-nio-8081-exec-7] INFO  b.s.impl.HouseCleaningServiceImpl - Assigning staff to schedules for date: 2025-05-01 and shift: MORNING_SHIFT
2025-04-13 01:22:54 [http-nio-8081-exec-7] INFO  b.s.impl.HouseCleaningServiceImpl - Shift time: 05:00 to 09:00
2025-04-13 01:22:54 [http-nio-8081-exec-7] INFO  b.s.impl.HouseCleaningServiceImpl - Original scheduled time for room 434: 09:00
2025-04-13 01:22:54 [http-nio-8081-exec-7] WARN  b.s.impl.HouseCleaningServiceImpl - Schedule end time 09:30 is after shift end time 09:00. Adjusting to fit within shift.
2025-04-13 01:22:54 [http-nio-8081-exec-7] INFO  b.s.impl.HouseCleaningServiceImpl - Adjusted schedule for room 434: staffId=1, scheduledTime=08:30, endTime=09:00
2025-04-13 01:22:54 [http-nio-8081-exec-7] INFO  b.s.impl.HouseCleaningServiceImpl - Original scheduled time for room 439: 09:00
2025-04-13 01:22:54 [http-nio-8081-exec-7] WARN  b.s.impl.HouseCleaningServiceImpl - Schedule end time 09:30 is after shift end time 09:00. Adjusting to fit within shift.
2025-04-13 01:22:54 [http-nio-8081-exec-7] INFO  b.s.impl.HouseCleaningServiceImpl - Adjusted schedule for room 439: staffId=4, scheduledTime=08:30, endTime=09:00
2025-04-13 01:22:54 [http-nio-8081-exec-7] INFO  b.s.impl.HouseCleaningServiceImpl - Original scheduled time for room 470: 09:00
2025-04-13 01:22:54 [http-nio-8081-exec-7] WARN  b.s.impl.HouseCleaningServiceImpl - Schedule end time 09:30 is after shift end time 09:00. Adjusting to fit within shift.
2025-04-13 01:22:54 [http-nio-8081-exec-7] INFO  b.s.impl.HouseCleaningServiceImpl - Adjusted schedule for room 470: staffId=10, scheduledTime=08:30, endTime=09:00
2025-04-13 01:22:54 [http-nio-8081-exec-7] INFO  b.s.impl.HouseCleaningServiceImpl - Original scheduled time for room 422: 09:30
2025-04-13 01:22:54 [http-nio-8081-exec-7] WARN  b.s.impl.HouseCleaningServiceImpl - Schedule end time 10:00 is after shift end time 09:00. Adjusting to fit within shift.
2025-04-13 01:22:54 [http-nio-8081-exec-7] INFO  b.s.impl.HouseCleaningServiceImpl - Adjusted schedule for room 422: staffId=1, scheduledTime=08:30, endTime=09:00
2025-04-13 01:22:54 [http-nio-8081-exec-7] INFO  b.s.impl.HouseCleaningServiceImpl - Original scheduled time for room 451: 09:30
2025-04-13 01:22:54 [http-nio-8081-exec-7] WARN  b.s.impl.HouseCleaningServiceImpl - Schedule end time 10:00 is after shift end time 09:00. Adjusting to fit within shift.
2025-04-13 01:22:54 [http-nio-8081-exec-7] INFO  b.s.impl.HouseCleaningServiceImpl - Adjusted schedule for room 451: staffId=4, scheduledTime=08:30, endTime=09:00
2025-04-13 01:22:54 [http-nio-8081-exec-7] INFO  b.s.impl.HouseCleaningServiceImpl - Original scheduled time for room 469: 09:30
2025-04-13 01:22:54 [http-nio-8081-exec-7] WARN  b.s.impl.HouseCleaningServiceImpl - Schedule end time 10:00 is after shift end time 09:00. Adjusting to fit within shift.
2025-04-13 01:22:54 [http-nio-8081-exec-7] INFO  b.s.impl.HouseCleaningServiceImpl - Adjusted schedule for room 469: staffId=10, scheduledTime=08:30, endTime=09:00
2025-04-13 01:22:54 [http-nio-8081-exec-7] INFO  b.s.impl.HouseCleaningServiceImpl - Original scheduled time for room 421: 10:00
2025-04-13 01:22:54 [http-nio-8081-exec-7] WARN  b.s.impl.HouseCleaningServiceImpl - Schedule end time 10:30 is after shift end time 09:00. Adjusting to fit within shift.
2025-04-13 01:22:54 [http-nio-8081-exec-7] INFO  b.s.impl.HouseCleaningServiceImpl - Adjusted schedule for room 421: staffId=1, scheduledTime=08:30, endTime=09:00
2025-04-13 01:22:54 [http-nio-8081-exec-7] INFO  b.s.impl.HouseCleaningServiceImpl - Original scheduled time for room 433: 10:00
2025-04-13 01:22:54 [http-nio-8081-exec-7] WARN  b.s.impl.HouseCleaningServiceImpl - Schedule end time 10:30 is after shift end time 09:00. Adjusting to fit within shift.
2025-04-13 01:22:54 [http-nio-8081-exec-7] INFO  b.s.impl.HouseCleaningServiceImpl - Adjusted schedule for room 433: staffId=4, scheduledTime=08:30, endTime=09:00
2025-04-13 01:22:54 [http-nio-8081-exec-7] INFO  b.s.impl.HouseCleaningServiceImpl - Original scheduled time for room 452: 10:00
2025-04-13 01:22:54 [http-nio-8081-exec-7] WARN  b.s.impl.HouseCleaningServiceImpl - Schedule end time 10:30 is after shift end time 09:00. Adjusting to fit within shift.
2025-04-13 01:22:54 [http-nio-8081-exec-7] INFO  b.s.impl.HouseCleaningServiceImpl - Adjusted schedule for room 452: staffId=10, scheduledTime=08:30, endTime=09:00
2025-04-13 01:22:54 [http-nio-8081-exec-7] INFO  b.s.impl.HouseCleaningServiceImpl - Original scheduled time for room 457: 10:00
2025-04-13 01:22:54 [http-nio-8081-exec-7] WARN  b.s.impl.HouseCleaningServiceImpl - Schedule end time 10:30 is after shift end time 09:00. Adjusting to fit within shift.
2025-04-13 01:22:54 [http-nio-8081-exec-7] INFO  b.s.impl.HouseCleaningServiceImpl - Adjusted schedule for room 457: staffId=1, scheduledTime=08:30, endTime=09:00
2025-04-13 01:22:54 [http-nio-8081-exec-7] INFO  b.s.impl.HouseCleaningServiceImpl - Original scheduled time for room 464: 10:00
2025-04-13 01:22:54 [http-nio-8081-exec-7] WARN  b.s.impl.HouseCleaningServiceImpl - Schedule end time 10:30 is after shift end time 09:00. Adjusting to fit within shift.
2025-04-13 01:22:54 [http-nio-8081-exec-7] INFO  b.s.impl.HouseCleaningServiceImpl - Adjusted schedule for room 464: staffId=4, scheduledTime=08:30, endTime=09:00
2025-04-13 01:22:54 [http-nio-8081-exec-7] INFO  b.s.impl.HouseCleaningServiceImpl - Staff 1 has 4 assignments
2025-04-13 01:22:54 [http-nio-8081-exec-7] INFO  b.s.impl.HouseCleaningServiceImpl -   - Room 434 at 08:30
2025-04-13 01:22:54 [http-nio-8081-exec-7] INFO  b.s.impl.HouseCleaningServiceImpl -   - Room 422 at 08:30
2025-04-13 01:22:54 [http-nio-8081-exec-7] INFO  b.s.impl.HouseCleaningServiceImpl -   - Room 421 at 08:30
2025-04-13 01:22:54 [http-nio-8081-exec-7] INFO  b.s.impl.HouseCleaningServiceImpl -   - Room 457 at 08:30
2025-04-13 01:22:54 [http-nio-8081-exec-7] INFO  b.s.impl.HouseCleaningServiceImpl - Staff 4 has 4 assignments
2025-04-13 01:22:54 [http-nio-8081-exec-7] INFO  b.s.impl.HouseCleaningServiceImpl -   - Room 439 at 08:30
2025-04-13 01:22:54 [http-nio-8081-exec-7] INFO  b.s.impl.HouseCleaningServiceImpl -   - Room 451 at 08:30
2025-04-13 01:22:54 [http-nio-8081-exec-7] INFO  b.s.impl.HouseCleaningServiceImpl -   - Room 433 at 08:30
2025-04-13 01:22:54 [http-nio-8081-exec-7] INFO  b.s.impl.HouseCleaningServiceImpl -   - Room 464 at 08:30
2025-04-13 01:22:54 [http-nio-8081-exec-7] INFO  b.s.impl.HouseCleaningServiceImpl - Staff 10 has 3 assignments
2025-04-13 01:22:54 [http-nio-8081-exec-7] INFO  b.s.impl.HouseCleaningServiceImpl -   - Room 470 at 08:30
2025-04-13 01:22:54 [http-nio-8081-exec-7] INFO  b.s.impl.HouseCleaningServiceImpl -   - Room 469 at 08:30
2025-04-13 01:22:54 [http-nio-8081-exec-7] INFO  b.s.impl.HouseCleaningServiceImpl -   - Room 452 at 08:30
2025-04-13 01:22:54 [http-nio-8081-exec-7] INFO  b.s.impl.HouseCleaningServiceImpl - Saved schedule for room 434: staffId=1, scheduledTime=08:30
2025-04-13 01:22:54 [http-nio-8081-exec-7] INFO  b.s.impl.HouseCleaningServiceImpl - Saved schedule for room 439: staffId=4, scheduledTime=08:30
2025-04-13 01:22:54 [http-nio-8081-exec-7] INFO  b.s.impl.HouseCleaningServiceImpl - Saved schedule for room 470: staffId=10, scheduledTime=08:30
2025-04-13 01:22:54 [http-nio-8081-exec-7] INFO  b.s.impl.HouseCleaningServiceImpl - Saved schedule for room 422: staffId=1, scheduledTime=08:30
2025-04-13 01:22:54 [http-nio-8081-exec-7] INFO  b.s.impl.HouseCleaningServiceImpl - Saved schedule for room 451: staffId=4, scheduledTime=08:30
2025-04-13 01:22:54 [http-nio-8081-exec-7] INFO  b.s.impl.HouseCleaningServiceImpl - Saved schedule for room 469: staffId=10, scheduledTime=08:30
2025-04-13 01:22:54 [http-nio-8081-exec-7] INFO  b.s.impl.HouseCleaningServiceImpl - Saved schedule for room 421: staffId=1, scheduledTime=08:30
2025-04-13 01:22:54 [http-nio-8081-exec-7] INFO  b.s.impl.HouseCleaningServiceImpl - Saved schedule for room 433: staffId=4, scheduledTime=08:30
2025-04-13 01:22:54 [http-nio-8081-exec-7] INFO  b.s.impl.HouseCleaningServiceImpl - Saved schedule for room 452: staffId=10, scheduledTime=08:30
2025-04-13 01:22:54 [http-nio-8081-exec-7] INFO  b.s.impl.HouseCleaningServiceImpl - Saved schedule for room 457: staffId=1, scheduledTime=08:30
2025-04-13 01:22:54 [http-nio-8081-exec-7] INFO  b.s.impl.HouseCleaningServiceImpl - Saved schedule for room 464: staffId=4, scheduledTime=08:30
2025-04-13 01:27:08 [SpringApplicationShutdownHook] INFO  o.s.b.w.e.tomcat.GracefulShutdown - Commencing graceful shutdown. Waiting for active requests to complete
2025-04-13 01:27:08 [tomcat-shutdown] INFO  o.s.b.w.e.tomcat.GracefulShutdown - Graceful shutdown complete
2025-04-13 01:27:08 [SpringApplicationShutdownHook] INFO  o.s.o.j.LocalContainerEntityManagerFactoryBean - Closing JPA EntityManagerFactory for persistence unit 'default'
2025-04-13 01:27:08 [SpringApplicationShutdownHook] INFO  com.zaxxer.hikari.HikariDataSource - HikariPool-1 - Shutdown initiated...
2025-04-13 01:27:08 [SpringApplicationShutdownHook] INFO  com.zaxxer.hikari.HikariDataSource - HikariPool-1 - Shutdown completed.
2025-04-13 01:27:14 [main] INFO  backend.HotelBookingApplication - Starting HotelBookingApplication using Java 17.0.13 with PID 2113 (/Users/sukuna/Documents/coding/IBE/IBE-BE/KDU/target/classes started by sukuna in /Users/sukuna/Documents/coding/IBE/IBE-BE/KDU)
2025-04-13 01:27:14 [main] INFO  backend.HotelBookingApplication - The following 1 profile is active: "dev"
2025-04-13 01:27:15 [main] INFO  o.s.d.r.c.RepositoryConfigurationDelegate - Bootstrapping Spring Data JPA repositories in DEFAULT mode.
2025-04-13 01:27:15 [main] INFO  o.s.d.r.c.RepositoryConfigurationDelegate - Finished Spring Data repository scanning in 58 ms. Found 15 JPA repository interfaces.
2025-04-13 01:27:16 [main] INFO  o.s.b.w.e.tomcat.TomcatWebServer - Tomcat initialized with port 8081 (http)
2025-04-13 01:27:16 [main] INFO  o.a.coyote.http11.Http11NioProtocol - Initializing ProtocolHandler ["http-nio-8081"]
2025-04-13 01:27:16 [main] INFO  o.a.catalina.core.StandardService - Starting service [Tomcat]
2025-04-13 01:27:16 [main] INFO  o.a.catalina.core.StandardEngine - Starting Servlet engine: [Apache Tomcat/10.1.36]
2025-04-13 01:27:16 [main] INFO  o.a.c.c.C.[Tomcat].[localhost].[/] - Initializing Spring embedded WebApplicationContext
2025-04-13 01:27:16 [main] INFO  o.s.b.w.s.c.ServletWebServerApplicationContext - Root WebApplicationContext: initialization completed in 1489 ms
2025-04-13 01:27:16 [main] INFO  com.zaxxer.hikari.HikariDataSource - HikariPool-1 - Starting...
2025-04-13 01:27:17 [main] INFO  com.zaxxer.hikari.pool.HikariPool - HikariPool-1 - Added connection org.postgresql.jdbc.PgConnection@5e7e7a7e
2025-04-13 01:27:17 [main] INFO  com.zaxxer.hikari.HikariDataSource - HikariPool-1 - Start completed.
2025-04-13 01:27:17 [main] INFO  o.s.o.j.p.SpringPersistenceUnitInfo - No LoadTimeWeaver setup: ignoring JPA class transformer
2025-04-13 01:27:17 [main] WARN  org.hibernate.orm.deprecation - HHH90000025: PostgreSQLDialect does not need to be specified explicitly using 'hibernate.dialect' (remove the property setting and it will be selected by default)
2025-04-13 01:27:18 [main] WARN  o.h.t.s.i.ExceptionHandlerLoggedImpl - GenerationTarget encountered exception accepting command : Error executing DDL "alter table if exists staff_room_map alter column staff_id set data type bigint" via JDBC [ERROR: column "staff_id" cannot be cast automatically to type bigint
  Hint: You might need to specify "USING staff_id::bigint".]
org.hibernate.tool.schema.spi.CommandAcceptanceException: Error executing DDL "alter table if exists staff_room_map alter column staff_id set data type bigint" via JDBC [ERROR: column "staff_id" cannot be cast automatically to type bigint
  Hint: You might need to specify "USING staff_id::bigint".]
	at org.hibernate.tool.schema.internal.exec.GenerationTargetToDatabase.accept(GenerationTargetToDatabase.java:94)
	at org.hibernate.tool.schema.internal.AbstractSchemaMigrator.applySqlString(AbstractSchemaMigrator.java:576)
	at org.hibernate.tool.schema.internal.AbstractSchemaMigrator.applySqlStrings(AbstractSchemaMigrator.java:516)
	at org.hibernate.tool.schema.internal.AbstractSchemaMigrator.migrateTable(AbstractSchemaMigrator.java:334)
	at org.hibernate.tool.schema.internal.GroupedSchemaMigratorImpl.performTablesMigration(GroupedSchemaMigratorImpl.java:84)
	at org.hibernate.tool.schema.internal.AbstractSchemaMigrator.performMigration(AbstractSchemaMigrator.java:233)
	at org.hibernate.tool.schema.internal.AbstractSchemaMigrator.doMigration(AbstractSchemaMigrator.java:112)
	at org.hibernate.tool.schema.spi.SchemaManagementToolCoordinator.performDatabaseAction(SchemaManagementToolCoordinator.java:280)
	at org.hibernate.tool.schema.spi.SchemaManagementToolCoordinator.lambda$process$5(SchemaManagementToolCoordinator.java:144)
	at java.base/java.util.HashMap.forEach(HashMap.java:1421)
	at org.hibernate.tool.schema.spi.SchemaManagementToolCoordinator.process(SchemaManagementToolCoordinator.java:141)
	at org.hibernate.boot.internal.SessionFactoryObserverForSchemaExport.sessionFactoryCreated(SessionFactoryObserverForSchemaExport.java:37)
	at org.hibernate.internal.SessionFactoryObserverChain.sessionFactoryCreated(SessionFactoryObserverChain.java:35)
	at org.hibernate.internal.SessionFactoryImpl.<init>(SessionFactoryImpl.java:324)
	at org.hibernate.boot.internal.SessionFactoryBuilderImpl.build(SessionFactoryBuilderImpl.java:463)
	at org.hibernate.jpa.boot.internal.EntityManagerFactoryBuilderImpl.build(EntityManagerFactoryBuilderImpl.java:1517)
	at org.springframework.orm.jpa.vendor.SpringHibernateJpaPersistenceProvider.createContainerEntityManagerFactory(SpringHibernateJpaPersistenceProvider.java:66)
	at org.springframework.orm.jpa.LocalContainerEntityManagerFactoryBean.createNativeEntityManagerFactory(LocalContainerEntityManagerFactoryBean.java:390)
	at org.springframework.orm.jpa.AbstractEntityManagerFactoryBean.buildNativeEntityManagerFactory(AbstractEntityManagerFactoryBean.java:419)
	at org.springframework.orm.jpa.AbstractEntityManagerFactoryBean.afterPropertiesSet(AbstractEntityManagerFactoryBean.java:400)
	at org.springframework.orm.jpa.LocalContainerEntityManagerFactoryBean.afterPropertiesSet(LocalContainerEntityManagerFactoryBean.java:366)
	at org.springframework.beans.factory.support.AbstractAutowireCapableBeanFactory.invokeInitMethods(AbstractAutowireCapableBeanFactory.java:1859)
	at org.springframework.beans.factory.support.AbstractAutowireCapableBeanFactory.initializeBean(AbstractAutowireCapableBeanFactory.java:1808)
	at org.springframework.beans.factory.support.AbstractAutowireCapableBeanFactory.doCreateBean(AbstractAutowireCapableBeanFactory.java:601)
	at org.springframework.beans.factory.support.AbstractAutowireCapableBeanFactory.createBean(AbstractAutowireCapableBeanFactory.java:523)
	at org.springframework.beans.factory.support.AbstractBeanFactory.lambda$doGetBean$0(AbstractBeanFactory.java:339)
	at org.springframework.beans.factory.support.DefaultSingletonBeanRegistry.getSingleton(DefaultSingletonBeanRegistry.java:346)
	at org.springframework.beans.factory.support.AbstractBeanFactory.doGetBean(AbstractBeanFactory.java:337)
	at org.springframework.beans.factory.support.AbstractBeanFactory.getBean(AbstractBeanFactory.java:207)
	at org.springframework.context.support.AbstractApplicationContext.finishBeanFactoryInitialization(AbstractApplicationContext.java:970)
	at org.springframework.context.support.AbstractApplicationContext.refresh(AbstractApplicationContext.java:627)
	at org.springframework.boot.web.servlet.context.ServletWebServerApplicationContext.refresh(ServletWebServerApplicationContext.java:146)
	at org.springframework.boot.SpringApplication.refresh(SpringApplication.java:752)
	at org.springframework.boot.SpringApplication.refreshContext(SpringApplication.java:439)
	at org.springframework.boot.SpringApplication.run(SpringApplication.java:318)
	at org.springframework.boot.SpringApplication.run(SpringApplication.java:1361)
	at org.springframework.boot.SpringApplication.run(SpringApplication.java:1350)
	at backend.HotelBookingApplication.main(HotelBookingApplication.java:15)
Caused by: org.postgresql.util.PSQLException: ERROR: column "staff_id" cannot be cast automatically to type bigint
  Hint: You might need to specify "USING staff_id::bigint".
	at org.postgresql.core.v3.QueryExecutorImpl.receiveErrorResponse(QueryExecutorImpl.java:2733)
	at org.postgresql.core.v3.QueryExecutorImpl.processResults(QueryExecutorImpl.java:2420)
	at org.postgresql.core.v3.QueryExecutorImpl.execute(QueryExecutorImpl.java:372)
	at org.postgresql.jdbc.PgStatement.executeInternal(PgStatement.java:517)
	at org.postgresql.jdbc.PgStatement.execute(PgStatement.java:434)
	at org.postgresql.jdbc.PgStatement.executeWithFlags(PgStatement.java:356)
	at org.postgresql.jdbc.PgStatement.executeCachedSql(PgStatement.java:341)
	at org.postgresql.jdbc.PgStatement.executeWithFlags(PgStatement.java:317)
	at org.postgresql.jdbc.PgStatement.execute(PgStatement.java:312)
	at com.zaxxer.hikari.pool.ProxyStatement.execute(ProxyStatement.java:94)
	at com.zaxxer.hikari.pool.HikariProxyStatement.execute(HikariProxyStatement.java)
	at org.hibernate.tool.schema.internal.exec.GenerationTargetToDatabase.accept(GenerationTargetToDatabase.java:80)
	... 37 common frames omitted
2025-04-13 01:27:19 [main] WARN  o.h.t.s.i.ExceptionHandlerLoggedImpl - GenerationTarget encountered exception accepting command : Error executing DDL "alter table if exists staff_room_map add constraint FKyd20ehofj2axxe92vl67pqvx foreign key (staff_id) references staff" via JDBC [ERROR: foreign key constraint "fkyd20ehofj2axxe92vl67pqvx" cannot be implemented
  Detail: Key columns "staff_id" and "staff_id" are of incompatible types: character varying and bigint.]
org.hibernate.tool.schema.spi.CommandAcceptanceException: Error executing DDL "alter table if exists staff_room_map add constraint FKyd20ehofj2axxe92vl67pqvx foreign key (staff_id) references staff" via JDBC [ERROR: foreign key constraint "fkyd20ehofj2axxe92vl67pqvx" cannot be implemented
  Detail: Key columns "staff_id" and "staff_id" are of incompatible types: character varying and bigint.]
	at org.hibernate.tool.schema.internal.exec.GenerationTargetToDatabase.accept(GenerationTargetToDatabase.java:94)
	at org.hibernate.tool.schema.internal.AbstractSchemaMigrator.applySqlString(AbstractSchemaMigrator.java:576)
	at org.hibernate.tool.schema.internal.AbstractSchemaMigrator.applySqlStrings(AbstractSchemaMigrator.java:516)
	at org.hibernate.tool.schema.internal.AbstractSchemaMigrator.applyForeignKeys(AbstractSchemaMigrator.java:448)
	at org.hibernate.tool.schema.internal.AbstractSchemaMigrator.performMigration(AbstractSchemaMigrator.java:269)
	at org.hibernate.tool.schema.internal.AbstractSchemaMigrator.doMigration(AbstractSchemaMigrator.java:112)
	at org.hibernate.tool.schema.spi.SchemaManagementToolCoordinator.performDatabaseAction(SchemaManagementToolCoordinator.java:280)
	at org.hibernate.tool.schema.spi.SchemaManagementToolCoordinator.lambda$process$5(SchemaManagementToolCoordinator.java:144)
	at java.base/java.util.HashMap.forEach(HashMap.java:1421)
	at org.hibernate.tool.schema.spi.SchemaManagementToolCoordinator.process(SchemaManagementToolCoordinator.java:141)
	at org.hibernate.boot.internal.SessionFactoryObserverForSchemaExport.sessionFactoryCreated(SessionFactoryObserverForSchemaExport.java:37)
	at org.hibernate.internal.SessionFactoryObserverChain.sessionFactoryCreated(SessionFactoryObserverChain.java:35)
	at org.hibernate.internal.SessionFactoryImpl.<init>(SessionFactoryImpl.java:324)
	at org.hibernate.boot.internal.SessionFactoryBuilderImpl.build(SessionFactoryBuilderImpl.java:463)
	at org.hibernate.jpa.boot.internal.EntityManagerFactoryBuilderImpl.build(EntityManagerFactoryBuilderImpl.java:1517)
	at org.springframework.orm.jpa.vendor.SpringHibernateJpaPersistenceProvider.createContainerEntityManagerFactory(SpringHibernateJpaPersistenceProvider.java:66)
	at org.springframework.orm.jpa.LocalContainerEntityManagerFactoryBean.createNativeEntityManagerFactory(LocalContainerEntityManagerFactoryBean.java:390)
	at org.springframework.orm.jpa.AbstractEntityManagerFactoryBean.buildNativeEntityManagerFactory(AbstractEntityManagerFactoryBean.java:419)
	at org.springframework.orm.jpa.AbstractEntityManagerFactoryBean.afterPropertiesSet(AbstractEntityManagerFactoryBean.java:400)
	at org.springframework.orm.jpa.LocalContainerEntityManagerFactoryBean.afterPropertiesSet(LocalContainerEntityManagerFactoryBean.java:366)
	at org.springframework.beans.factory.support.AbstractAutowireCapableBeanFactory.invokeInitMethods(AbstractAutowireCapableBeanFactory.java:1859)
	at org.springframework.beans.factory.support.AbstractAutowireCapableBeanFactory.initializeBean(AbstractAutowireCapableBeanFactory.java:1808)
	at org.springframework.beans.factory.support.AbstractAutowireCapableBeanFactory.doCreateBean(AbstractAutowireCapableBeanFactory.java:601)
	at org.springframework.beans.factory.support.AbstractAutowireCapableBeanFactory.createBean(AbstractAutowireCapableBeanFactory.java:523)
	at org.springframework.beans.factory.support.AbstractBeanFactory.lambda$doGetBean$0(AbstractBeanFactory.java:339)
	at org.springframework.beans.factory.support.DefaultSingletonBeanRegistry.getSingleton(DefaultSingletonBeanRegistry.java:346)
	at org.springframework.beans.factory.support.AbstractBeanFactory.doGetBean(AbstractBeanFactory.java:337)
	at org.springframework.beans.factory.support.AbstractBeanFactory.getBean(AbstractBeanFactory.java:207)
	at org.springframework.context.support.AbstractApplicationContext.finishBeanFactoryInitialization(AbstractApplicationContext.java:970)
	at org.springframework.context.support.AbstractApplicationContext.refresh(AbstractApplicationContext.java:627)
	at org.springframework.boot.web.servlet.context.ServletWebServerApplicationContext.refresh(ServletWebServerApplicationContext.java:146)
	at org.springframework.boot.SpringApplication.refresh(SpringApplication.java:752)
	at org.springframework.boot.SpringApplication.refreshContext(SpringApplication.java:439)
	at org.springframework.boot.SpringApplication.run(SpringApplication.java:318)
	at org.springframework.boot.SpringApplication.run(SpringApplication.java:1361)
	at org.springframework.boot.SpringApplication.run(SpringApplication.java:1350)
	at backend.HotelBookingApplication.main(HotelBookingApplication.java:15)
Caused by: org.postgresql.util.PSQLException: ERROR: foreign key constraint "fkyd20ehofj2axxe92vl67pqvx" cannot be implemented
  Detail: Key columns "staff_id" and "staff_id" are of incompatible types: character varying and bigint.
	at org.postgresql.core.v3.QueryExecutorImpl.receiveErrorResponse(QueryExecutorImpl.java:2733)
	at org.postgresql.core.v3.QueryExecutorImpl.processResults(QueryExecutorImpl.java:2420)
	at org.postgresql.core.v3.QueryExecutorImpl.execute(QueryExecutorImpl.java:372)
	at org.postgresql.jdbc.PgStatement.executeInternal(PgStatement.java:517)
	at org.postgresql.jdbc.PgStatement.execute(PgStatement.java:434)
	at org.postgresql.jdbc.PgStatement.executeWithFlags(PgStatement.java:356)
	at org.postgresql.jdbc.PgStatement.executeCachedSql(PgStatement.java:341)
	at org.postgresql.jdbc.PgStatement.executeWithFlags(PgStatement.java:317)
	at org.postgresql.jdbc.PgStatement.execute(PgStatement.java:312)
	at com.zaxxer.hikari.pool.ProxyStatement.execute(ProxyStatement.java:94)
	at com.zaxxer.hikari.pool.HikariProxyStatement.execute(HikariProxyStatement.java)
	at org.hibernate.tool.schema.internal.exec.GenerationTargetToDatabase.accept(GenerationTargetToDatabase.java:80)
	... 36 common frames omitted
2025-04-13 01:27:19 [main] INFO  o.s.o.j.LocalContainerEntityManagerFactoryBean - Initialized JPA EntityManagerFactory for persistence unit 'default'
2025-04-13 01:27:19 [main] INFO  backend.config.CorsConfig - CORS Configuration Loaded!
2025-04-13 01:27:19 [main] DEBUG o.s.c.e.PropertySourcesPropertyResolver - Found key 'spring.security.oauth2.resourceserver.jwt.issuer-uri' in PropertySource 'environmentProperties' with value of type String
2025-04-13 01:27:19 [main] INFO  o.s.d.j.r.query.QueryEnhancerFactory - Hibernate is in classpath; If applicable, HQL parser will be used.
2025-04-13 01:27:19 [main] DEBUG o.s.c.e.PropertySourcesPropertyResolver - Found key 'graphql.endpoint' in PropertySource 'environmentProperties' with value of type String
2025-04-13 01:27:19 [main] DEBUG o.s.c.e.PropertySourcesPropertyResolver - Found key 'graphql.api-key' in PropertySource 'environmentProperties' with value of type String
2025-04-13 01:27:19 [main] DEBUG o.s.c.e.PropertySourcesPropertyResolver - Found key 'graphql.api.key' in PropertySource 'environmentProperties' with value of type String
2025-04-13 01:27:19 [main] DEBUG o.s.c.e.PropertySourcesPropertyResolver - Found key 'graphql.url' in PropertySource 'environmentProperties' with value of type String
2025-04-13 01:27:19 [main] DEBUG o.s.c.e.PropertySourcesPropertyResolver - Found key 'spring.mail.username' in PropertySource 'environmentProperties' with value of type String
2025-04-13 01:27:19 [main] DEBUG o.s.c.e.PropertySourcesPropertyResolver - Found key 'otp.expiry.minutes' in PropertySource 'environmentProperties' with value of type String
2025-04-13 01:27:19 [main] DEBUG o.s.c.e.PropertySourcesPropertyResolver - Found key 'otp.max.attempts' in PropertySource 'environmentProperties' with value of type String
2025-04-13 01:27:19 [main] DEBUG o.s.c.e.PropertySourcesPropertyResolver - Found key 'graphql.endpoint' in PropertySource 'environmentProperties' with value of type String
2025-04-13 01:27:19 [main] DEBUG o.s.c.e.PropertySourcesPropertyResolver - Found key 'graphql.api-key' in PropertySource 'environmentProperties' with value of type String
2025-04-13 01:27:19 [main] DEBUG o.s.c.e.PropertySourcesPropertyResolver - Found key 'graphql.api.key' in PropertySource 'environmentProperties' with value of type String
2025-04-13 01:27:19 [main] DEBUG o.s.c.e.PropertySourcesPropertyResolver - Found key 'graphql.url' in PropertySource 'environmentProperties' with value of type String
2025-04-13 01:27:20 [main] DEBUG o.s.c.e.PropertySourcesPropertyResolver - Found key 'graphql.endpoint' in PropertySource 'environmentProperties' with value of type String
2025-04-13 01:27:20 [main] DEBUG o.s.c.e.PropertySourcesPropertyResolver - Found key 'graphql.api-key' in PropertySource 'environmentProperties' with value of type String
2025-04-13 01:27:20 [main] DEBUG o.s.c.e.PropertySourcesPropertyResolver - Found key 'graphql.endpoint' in PropertySource 'environmentProperties' with value of type String
2025-04-13 01:27:20 [main] DEBUG o.s.c.e.PropertySourcesPropertyResolver - Found key 'graphql.apiKey' in PropertySource 'environmentProperties' with value of type String
2025-04-13 01:27:20 [main] DEBUG o.s.c.e.PropertySourcesPropertyResolver - Found key 'graphql.endpoint' in PropertySource 'environmentProperties' with value of type String
2025-04-13 01:27:20 [main] DEBUG o.s.c.e.PropertySourcesPropertyResolver - Found key 'graphql.apiKey' in PropertySource 'environmentProperties' with value of type String
2025-04-13 01:27:20 [main] DEBUG o.s.c.e.PropertySourcesPropertyResolver - Found key 'api.base.url' in PropertySource 'environmentProperties' with value of type String
2025-04-13 01:27:20 [main] WARN  o.s.b.a.o.j.JpaBaseConfiguration$JpaWebConfiguration - spring.jpa.open-in-view is enabled by default. Therefore, database queries may be performed during view rendering. Explicitly configure spring.jpa.open-in-view to disable this warning
2025-04-13 01:27:20 [main] INFO  backend.config.CorsConfig - Applying CORS settings...
2025-04-13 01:27:20 [main] DEBUG o.s.s.c.a.a.c.AuthenticationConfiguration$DefaultPasswordEncoderAuthenticationManagerBuilder - No authenticationProviders and no parentAuthenticationManager defined. Returning null.
2025-04-13 01:27:20 [main] INFO  o.s.b.a.e.web.EndpointLinksResolver - Exposing 2 endpoints beneath base path '/actuator'
2025-04-13 01:27:20 [main] INFO  backend.config.SecurityConfig - Configuring security filter chain...
2025-04-13 01:27:20 [main] INFO  backend.config.SecurityConfig - Using issuer URI: https://cognito-idp.ap-south-1.amazonaws.com/ap-south-1_IGHZ9OObg
2025-04-13 01:27:20 [main] INFO  backend.config.SecurityConfig - Configuring authorization rules...
2025-04-13 01:27:20 [main] INFO  backend.config.SecurityConfig - Configuring OAuth2 resource server...
2025-04-13 01:27:20 [main] INFO  backend.config.SecurityConfig - Configuring JWT...
2025-04-13 01:27:20 [main] INFO  backend.config.SecurityConfig - Creating JWT decoder with issuer URI: https://cognito-idp.ap-south-1.amazonaws.com/ap-south-1_IGHZ9OObg
2025-04-13 01:27:20 [main] INFO  backend.config.SecurityConfig - Configuring session management...
2025-04-13 01:27:20 [main] DEBUG o.s.s.web.DefaultSecurityFilterChain - Will secure any request with filters: DisableEncodeUrlFilter, WebAsyncManagerIntegrationFilter, SecurityContextHolderFilter, HeaderWriterFilter, LogoutFilter, BearerTokenAuthenticationFilter, RequestCacheAwareFilter, SecurityContextHolderAwareRequestFilter, AnonymousAuthenticationFilter, SessionManagementFilter, ExceptionTranslationFilter, AuthorizationFilter
2025-04-13 01:27:21 [main] INFO  o.a.coyote.http11.Http11NioProtocol - Starting ProtocolHandler ["http-nio-8081"]
2025-04-13 01:27:21 [main] INFO  o.s.b.w.e.tomcat.TomcatWebServer - Tomcat started on port 8081 (http) with context path '/'
2025-04-13 01:27:21 [main] INFO  backend.HotelBookingApplication - Started HotelBookingApplication in 7.234 seconds (process running for 7.648)
2025-04-13 01:27:41 [http-nio-8081-exec-1] INFO  o.a.c.c.C.[Tomcat].[localhost].[/] - Initializing Spring DispatcherServlet 'dispatcherServlet'
2025-04-13 01:27:41 [http-nio-8081-exec-1] INFO  o.s.web.servlet.DispatcherServlet - Initializing Servlet 'dispatcherServlet'
2025-04-13 01:27:41 [http-nio-8081-exec-1] INFO  o.s.web.servlet.DispatcherServlet - Completed initialization in 5 ms
2025-04-13 01:27:41 [http-nio-8081-exec-1] DEBUG o.s.security.web.FilterChainProxy - Securing POST /api/house-cleaning/generate?date=2025-05-01
2025-04-13 01:27:41 [http-nio-8081-exec-1] DEBUG o.s.s.w.a.AnonymousAuthenticationFilter - Set SecurityContextHolder to anonymous SecurityContext
2025-04-13 01:27:41 [http-nio-8081-exec-1] DEBUG o.s.security.web.FilterChainProxy - Secured POST /api/house-cleaning/generate?date=2025-05-01
2025-04-13 01:27:41 [http-nio-8081-exec-1] INFO  b.s.impl.HouseCleaningServiceImpl - Generating cleaning schedules for date: 2025-05-01
2025-04-13 01:27:41 [http-nio-8081-exec-1] INFO  b.s.impl.HouseCleaningServiceImpl - Found 10 check-in bookings, 0 check-out bookings, and 10 current bookings for date 2025-05-01
2025-04-13 01:27:41 [http-nio-8081-exec-1] INFO  b.s.impl.BookedRoomsServiceImpl - Checking check-in rooms for date: 2025-05-01
2025-04-13 01:27:41 [http-nio-8081-exec-1] INFO  b.s.impl.BookedRoomsServiceImpl - Found 10 transactions with check-in date 2025-05-01
2025-04-13 01:27:41 [http-nio-8081-exec-1] INFO  b.s.impl.BookedRoomsServiceImpl - Booking IDs for check-in: [13, 12, 15, 14, 53, 55, 59, 60, 155, 318]
2025-04-13 01:27:47 [http-nio-8081-exec-1] INFO  b.s.impl.BookedRoomsServiceImpl - Room IDs for bookings [13, 12, 15, 14, 53, 55, 59, 60, 155, 318]: [421, 422, 433, 434, 439, 451, 452, 457, 464, 469, 470]
2025-04-13 01:27:47 [http-nio-8081-exec-1] INFO  b.s.impl.BookedRoomsServiceImpl - Checking check-out rooms for date: 2025-05-01
2025-04-13 01:27:47 [http-nio-8081-exec-1] INFO  b.s.impl.BookedRoomsServiceImpl - Found 0 transactions with check-out date 2025-05-01
2025-04-13 01:27:47 [http-nio-8081-exec-1] INFO  b.s.impl.BookedRoomsServiceImpl - Booking IDs for check-out: []
2025-04-13 01:27:47 [http-nio-8081-exec-1] INFO  b.s.impl.BookedRoomsServiceImpl - No booking IDs found, returning empty list
2025-04-13 01:27:47 [http-nio-8081-exec-1] INFO  b.s.impl.BookedRoomsServiceImpl - Checking currently booked rooms for date: 2025-05-01T00:00:00Z
2025-04-13 01:27:47 [http-nio-8081-exec-1] INFO  b.s.impl.BookedRoomsServiceImpl - Currently booked room IDs: [421, 422, 433, 434, 439, 451, 452, 457, 464, 469, 470]
2025-04-13 01:27:47 [http-nio-8081-exec-1] INFO  b.s.impl.HouseCleaningServiceImpl - Found 11 check-in rooms, 0 check-out rooms, and 11 current rooms for date 2025-05-01
2025-04-13 01:27:47 [http-nio-8081-exec-1] WARN  b.s.impl.HouseCleaningServiceImpl - Could not extract room ID from booking details for booking ID 13
2025-04-13 01:27:47 [http-nio-8081-exec-1] WARN  b.s.impl.HouseCleaningServiceImpl - Could not extract room ID from booking details for booking ID 12
2025-04-13 01:27:47 [http-nio-8081-exec-1] WARN  b.s.impl.HouseCleaningServiceImpl - Could not extract room ID from booking details for booking ID 15
2025-04-13 01:27:47 [http-nio-8081-exec-1] WARN  b.s.impl.HouseCleaningServiceImpl - Could not extract room ID from booking details for booking ID 14
2025-04-13 01:27:47 [http-nio-8081-exec-1] WARN  b.s.impl.HouseCleaningServiceImpl - Could not extract room ID from booking details for booking ID 53
2025-04-13 01:27:47 [http-nio-8081-exec-1] WARN  b.s.impl.HouseCleaningServiceImpl - Could not extract room ID from booking details for booking ID 55
2025-04-13 01:27:47 [http-nio-8081-exec-1] WARN  b.s.impl.HouseCleaningServiceImpl - Could not extract room ID from booking details for booking ID 59
2025-04-13 01:27:47 [http-nio-8081-exec-1] WARN  b.s.impl.HouseCleaningServiceImpl - Could not extract room ID from booking details for booking ID 60
2025-04-13 01:27:47 [http-nio-8081-exec-1] WARN  b.s.impl.HouseCleaningServiceImpl - Could not extract room ID from booking details for booking ID 155
2025-04-13 01:27:47 [http-nio-8081-exec-1] WARN  b.s.impl.HouseCleaningServiceImpl - Could not extract room ID from booking details for booking ID 318
2025-04-13 01:27:47 [http-nio-8081-exec-1] WARN  b.s.impl.HouseCleaningServiceImpl - Could not extract room ID from booking details for booking ID 13
2025-04-13 01:27:47 [http-nio-8081-exec-1] WARN  b.s.impl.HouseCleaningServiceImpl - Could not extract room ID from booking details for booking ID 12
2025-04-13 01:27:47 [http-nio-8081-exec-1] WARN  b.s.impl.HouseCleaningServiceImpl - Could not extract room ID from booking details for booking ID 15
2025-04-13 01:27:47 [http-nio-8081-exec-1] WARN  b.s.impl.HouseCleaningServiceImpl - Could not extract room ID from booking details for booking ID 14
2025-04-13 01:27:47 [http-nio-8081-exec-1] WARN  b.s.impl.HouseCleaningServiceImpl - Could not extract room ID from booking details for booking ID 53
2025-04-13 01:27:47 [http-nio-8081-exec-1] WARN  b.s.impl.HouseCleaningServiceImpl - Could not extract room ID from booking details for booking ID 55
2025-04-13 01:27:47 [http-nio-8081-exec-1] WARN  b.s.impl.HouseCleaningServiceImpl - Could not extract room ID from booking details for booking ID 59
2025-04-13 01:27:47 [http-nio-8081-exec-1] WARN  b.s.impl.HouseCleaningServiceImpl - Could not extract room ID from booking details for booking ID 60
2025-04-13 01:27:47 [http-nio-8081-exec-1] WARN  b.s.impl.HouseCleaningServiceImpl - Could not extract room ID from booking details for booking ID 155
2025-04-13 01:27:47 [http-nio-8081-exec-1] WARN  b.s.impl.HouseCleaningServiceImpl - Could not extract room ID from booking details for booking ID 318
2025-04-13 01:27:47 [http-nio-8081-exec-1] INFO  b.s.impl.HouseCleaningServiceImpl - Room to booking map: {}
2025-04-13 01:27:47 [http-nio-8081-exec-1] WARN  b.s.impl.HouseCleaningServiceImpl - No booking ID found for room ID 421
2025-04-13 01:27:47 [http-nio-8081-exec-1] WARN  b.s.impl.HouseCleaningServiceImpl - No booking ID found for room ID 422
2025-04-13 01:27:47 [http-nio-8081-exec-1] WARN  b.s.impl.HouseCleaningServiceImpl - No booking ID found for room ID 433
2025-04-13 01:27:47 [http-nio-8081-exec-1] WARN  b.s.impl.HouseCleaningServiceImpl - No booking ID found for room ID 434
2025-04-13 01:27:47 [http-nio-8081-exec-1] WARN  b.s.impl.HouseCleaningServiceImpl - No booking ID found for room ID 439
2025-04-13 01:27:47 [http-nio-8081-exec-1] WARN  b.s.impl.HouseCleaningServiceImpl - No booking ID found for room ID 451
2025-04-13 01:27:47 [http-nio-8081-exec-1] WARN  b.s.impl.HouseCleaningServiceImpl - No booking ID found for room ID 452
2025-04-13 01:27:47 [http-nio-8081-exec-1] WARN  b.s.impl.HouseCleaningServiceImpl - No booking ID found for room ID 457
2025-04-13 01:27:47 [http-nio-8081-exec-1] WARN  b.s.impl.HouseCleaningServiceImpl - No booking ID found for room ID 464
2025-04-13 01:27:47 [http-nio-8081-exec-1] WARN  b.s.impl.HouseCleaningServiceImpl - No booking ID found for room ID 469
2025-04-13 01:27:47 [http-nio-8081-exec-1] WARN  b.s.impl.HouseCleaningServiceImpl - No booking ID found for room ID 470
2025-04-13 01:28:23 [http-nio-8081-exec-3] DEBUG o.s.security.web.FilterChainProxy - Securing POST /api/house-cleaning/assign-staff?date=2025-05-01&shift=MORNING_SHIFT
2025-04-13 01:28:23 [http-nio-8081-exec-3] DEBUG o.s.s.w.a.AnonymousAuthenticationFilter - Set SecurityContextHolder to anonymous SecurityContext
2025-04-13 01:28:23 [http-nio-8081-exec-3] DEBUG o.s.security.web.FilterChainProxy - Secured POST /api/house-cleaning/assign-staff?date=2025-05-01&shift=MORNING_SHIFT
2025-04-13 01:28:23 [http-nio-8081-exec-3] INFO  b.s.impl.HouseCleaningServiceImpl - Assigning staff to schedules for date: 2025-05-01 and shift: MORNING_SHIFT
2025-04-13 01:28:23 [http-nio-8081-exec-3] INFO  b.s.impl.HouseCleaningServiceImpl - Shift time: 05:00 to 09:00
2025-04-13 01:28:23 [http-nio-8081-exec-3] INFO  b.s.impl.HouseCleaningServiceImpl - Original scheduled time for room 421: 06:00
2025-04-13 01:28:23 [http-nio-8081-exec-3] INFO  b.s.impl.HouseCleaningServiceImpl - Assigned staff 1 to room 421 for cleaning from 06:00 to 06:30
2025-04-13 01:28:23 [http-nio-8081-exec-3] INFO  b.s.impl.HouseCleaningServiceImpl - Original scheduled time for room 439: 06:00
2025-04-13 01:28:23 [http-nio-8081-exec-3] INFO  b.s.impl.HouseCleaningServiceImpl - Assigned staff 4 to room 439 for cleaning from 06:00 to 06:30
2025-04-13 01:28:23 [http-nio-8081-exec-3] INFO  b.s.impl.HouseCleaningServiceImpl - Original scheduled time for room 451: 06:00
2025-04-13 01:28:23 [http-nio-8081-exec-3] INFO  b.s.impl.HouseCleaningServiceImpl - Assigned staff 10 to room 451 for cleaning from 06:00 to 06:30
2025-04-13 01:28:23 [http-nio-8081-exec-3] INFO  b.s.impl.HouseCleaningServiceImpl - Original scheduled time for room 470: 06:00
2025-04-13 01:28:23 [http-nio-8081-exec-3] INFO  b.s.impl.HouseCleaningServiceImpl - Assigned staff 1 to room 470 for cleaning from 06:00 to 06:30
2025-04-13 01:28:23 [http-nio-8081-exec-3] INFO  b.s.impl.HouseCleaningServiceImpl - Original scheduled time for room 434: 06:30
2025-04-13 01:28:23 [http-nio-8081-exec-3] INFO  b.s.impl.HouseCleaningServiceImpl - Assigned staff 4 to room 434 for cleaning from 06:30 to 07:00
2025-04-13 01:28:23 [http-nio-8081-exec-3] INFO  b.s.impl.HouseCleaningServiceImpl - Original scheduled time for room 422: 07:00
2025-04-13 01:28:23 [http-nio-8081-exec-3] INFO  b.s.impl.HouseCleaningServiceImpl - Assigned staff 10 to room 422 for cleaning from 07:00 to 07:30
2025-04-13 01:28:23 [http-nio-8081-exec-3] INFO  b.s.impl.HouseCleaningServiceImpl - Original scheduled time for room 433: 07:00
2025-04-13 01:28:23 [http-nio-8081-exec-3] INFO  b.s.impl.HouseCleaningServiceImpl - Assigned staff 1 to room 433 for cleaning from 07:00 to 07:30
2025-04-13 01:28:23 [http-nio-8081-exec-3] INFO  b.s.impl.HouseCleaningServiceImpl - Original scheduled time for room 452: 07:00
2025-04-13 01:28:23 [http-nio-8081-exec-3] INFO  b.s.impl.HouseCleaningServiceImpl - Assigned staff 4 to room 452 for cleaning from 07:00 to 07:30
2025-04-13 01:28:23 [http-nio-8081-exec-3] INFO  b.s.impl.HouseCleaningServiceImpl - Original scheduled time for room 457: 07:00
2025-04-13 01:28:23 [http-nio-8081-exec-3] INFO  b.s.impl.HouseCleaningServiceImpl - Assigned staff 10 to room 457 for cleaning from 07:00 to 07:30
2025-04-13 01:28:23 [http-nio-8081-exec-3] INFO  b.s.impl.HouseCleaningServiceImpl - Original scheduled time for room 464: 07:00
2025-04-13 01:28:23 [http-nio-8081-exec-3] INFO  b.s.impl.HouseCleaningServiceImpl - Assigned staff 1 to room 464 for cleaning from 07:00 to 07:30
2025-04-13 01:28:23 [http-nio-8081-exec-3] INFO  b.s.impl.HouseCleaningServiceImpl - Original scheduled time for room 469: 07:00
2025-04-13 01:28:23 [http-nio-8081-exec-3] INFO  b.s.impl.HouseCleaningServiceImpl - Assigned staff 4 to room 469 for cleaning from 07:00 to 07:30
2025-04-13 01:28:23 [http-nio-8081-exec-3] INFO  b.s.impl.HouseCleaningServiceImpl - Staff 1 has 4 assignments
2025-04-13 01:28:23 [http-nio-8081-exec-3] INFO  b.s.impl.HouseCleaningServiceImpl -   - Room 421 at 06:00
2025-04-13 01:28:23 [http-nio-8081-exec-3] INFO  b.s.impl.HouseCleaningServiceImpl -   - Room 470 at 06:00
2025-04-13 01:28:23 [http-nio-8081-exec-3] INFO  b.s.impl.HouseCleaningServiceImpl -   - Room 433 at 07:00
2025-04-13 01:28:23 [http-nio-8081-exec-3] INFO  b.s.impl.HouseCleaningServiceImpl -   - Room 464 at 07:00
2025-04-13 01:28:23 [http-nio-8081-exec-3] INFO  b.s.impl.HouseCleaningServiceImpl - Staff 4 has 4 assignments
2025-04-13 01:28:23 [http-nio-8081-exec-3] INFO  b.s.impl.HouseCleaningServiceImpl -   - Room 439 at 06:00
2025-04-13 01:28:23 [http-nio-8081-exec-3] INFO  b.s.impl.HouseCleaningServiceImpl -   - Room 434 at 06:30
2025-04-13 01:28:23 [http-nio-8081-exec-3] INFO  b.s.impl.HouseCleaningServiceImpl -   - Room 452 at 07:00
2025-04-13 01:28:23 [http-nio-8081-exec-3] INFO  b.s.impl.HouseCleaningServiceImpl -   - Room 469 at 07:00
2025-04-13 01:28:23 [http-nio-8081-exec-3] INFO  b.s.impl.HouseCleaningServiceImpl - Staff 10 has 3 assignments
2025-04-13 01:28:23 [http-nio-8081-exec-3] INFO  b.s.impl.HouseCleaningServiceImpl -   - Room 451 at 06:00
2025-04-13 01:28:23 [http-nio-8081-exec-3] INFO  b.s.impl.HouseCleaningServiceImpl -   - Room 422 at 07:00
2025-04-13 01:28:23 [http-nio-8081-exec-3] INFO  b.s.impl.HouseCleaningServiceImpl -   - Room 457 at 07:00
2025-04-13 01:28:23 [http-nio-8081-exec-3] INFO  b.s.impl.HouseCleaningServiceImpl - Saved schedule for room 421: staffId=1, scheduledTime=06:00
2025-04-13 01:28:23 [http-nio-8081-exec-3] INFO  b.s.impl.HouseCleaningServiceImpl - Saved schedule for room 439: staffId=4, scheduledTime=06:00
2025-04-13 01:28:23 [http-nio-8081-exec-3] INFO  b.s.impl.HouseCleaningServiceImpl - Saved schedule for room 451: staffId=10, scheduledTime=06:00
2025-04-13 01:28:23 [http-nio-8081-exec-3] INFO  b.s.impl.HouseCleaningServiceImpl - Saved schedule for room 470: staffId=1, scheduledTime=06:00
2025-04-13 01:28:23 [http-nio-8081-exec-3] INFO  b.s.impl.HouseCleaningServiceImpl - Saved schedule for room 434: staffId=4, scheduledTime=06:30
2025-04-13 01:28:23 [http-nio-8081-exec-3] INFO  b.s.impl.HouseCleaningServiceImpl - Saved schedule for room 422: staffId=10, scheduledTime=07:00
2025-04-13 01:28:23 [http-nio-8081-exec-3] INFO  b.s.impl.HouseCleaningServiceImpl - Saved schedule for room 433: staffId=1, scheduledTime=07:00
2025-04-13 01:28:23 [http-nio-8081-exec-3] INFO  b.s.impl.HouseCleaningServiceImpl - Saved schedule for room 452: staffId=4, scheduledTime=07:00
2025-04-13 01:28:23 [http-nio-8081-exec-3] INFO  b.s.impl.HouseCleaningServiceImpl - Saved schedule for room 457: staffId=10, scheduledTime=07:00
2025-04-13 01:28:23 [http-nio-8081-exec-3] INFO  b.s.impl.HouseCleaningServiceImpl - Saved schedule for room 464: staffId=1, scheduledTime=07:00
2025-04-13 01:28:23 [http-nio-8081-exec-3] INFO  b.s.impl.HouseCleaningServiceImpl - Saved schedule for room 469: staffId=4, scheduledTime=07:00
2025-04-13 01:31:33 [SpringApplicationShutdownHook] INFO  o.s.b.w.e.tomcat.GracefulShutdown - Commencing graceful shutdown. Waiting for active requests to complete
2025-04-13 01:31:33 [tomcat-shutdown] INFO  o.s.b.w.e.tomcat.GracefulShutdown - Graceful shutdown complete
2025-04-13 01:31:33 [SpringApplicationShutdownHook] INFO  o.s.o.j.LocalContainerEntityManagerFactoryBean - Closing JPA EntityManagerFactory for persistence unit 'default'
2025-04-13 01:31:33 [SpringApplicationShutdownHook] INFO  com.zaxxer.hikari.HikariDataSource - HikariPool-1 - Shutdown initiated...
2025-04-13 01:31:33 [SpringApplicationShutdownHook] INFO  com.zaxxer.hikari.HikariDataSource - HikariPool-1 - Shutdown completed.
2025-04-13 01:31:39 [main] INFO  backend.HotelBookingApplication - Starting HotelBookingApplication using Java 17.0.13 with PID 2758 (/Users/sukuna/Documents/coding/IBE/IBE-BE/KDU/target/classes started by sukuna in /Users/sukuna/Documents/coding/IBE/IBE-BE/KDU)
2025-04-13 01:31:39 [main] INFO  backend.HotelBookingApplication - The following 1 profile is active: "dev"
2025-04-13 01:31:40 [main] INFO  o.s.d.r.c.RepositoryConfigurationDelegate - Bootstrapping Spring Data JPA repositories in DEFAULT mode.
2025-04-13 01:31:40 [main] INFO  o.s.d.r.c.RepositoryConfigurationDelegate - Finished Spring Data repository scanning in 59 ms. Found 15 JPA repository interfaces.
2025-04-13 01:31:40 [main] INFO  o.s.b.w.e.tomcat.TomcatWebServer - Tomcat initialized with port 8081 (http)
2025-04-13 01:31:40 [main] INFO  o.a.coyote.http11.Http11NioProtocol - Initializing ProtocolHandler ["http-nio-8081"]
2025-04-13 01:31:40 [main] INFO  o.a.catalina.core.StandardService - Starting service [Tomcat]
2025-04-13 01:31:40 [main] INFO  o.a.catalina.core.StandardEngine - Starting Servlet engine: [Apache Tomcat/10.1.36]
2025-04-13 01:31:40 [main] INFO  o.a.c.c.C.[Tomcat].[localhost].[/] - Initializing Spring embedded WebApplicationContext
2025-04-13 01:31:40 [main] INFO  o.s.b.w.s.c.ServletWebServerApplicationContext - Root WebApplicationContext: initialization completed in 1462 ms
2025-04-13 01:31:41 [main] INFO  com.zaxxer.hikari.HikariDataSource - HikariPool-1 - Starting...
2025-04-13 01:31:41 [main] INFO  com.zaxxer.hikari.pool.HikariPool - HikariPool-1 - Added connection org.postgresql.jdbc.PgConnection@5abc5854
2025-04-13 01:31:41 [main] INFO  com.zaxxer.hikari.HikariDataSource - HikariPool-1 - Start completed.
2025-04-13 01:31:41 [main] INFO  o.s.o.j.p.SpringPersistenceUnitInfo - No LoadTimeWeaver setup: ignoring JPA class transformer
2025-04-13 01:31:41 [main] WARN  org.hibernate.orm.deprecation - HHH90000025: PostgreSQLDialect does not need to be specified explicitly using 'hibernate.dialect' (remove the property setting and it will be selected by default)
2025-04-13 01:31:43 [main] WARN  o.h.t.s.i.ExceptionHandlerLoggedImpl - GenerationTarget encountered exception accepting command : Error executing DDL "alter table if exists staff_room_map alter column staff_id set data type bigint" via JDBC [ERROR: column "staff_id" cannot be cast automatically to type bigint
  Hint: You might need to specify "USING staff_id::bigint".]
org.hibernate.tool.schema.spi.CommandAcceptanceException: Error executing DDL "alter table if exists staff_room_map alter column staff_id set data type bigint" via JDBC [ERROR: column "staff_id" cannot be cast automatically to type bigint
  Hint: You might need to specify "USING staff_id::bigint".]
	at org.hibernate.tool.schema.internal.exec.GenerationTargetToDatabase.accept(GenerationTargetToDatabase.java:94)
	at org.hibernate.tool.schema.internal.AbstractSchemaMigrator.applySqlString(AbstractSchemaMigrator.java:576)
	at org.hibernate.tool.schema.internal.AbstractSchemaMigrator.applySqlStrings(AbstractSchemaMigrator.java:516)
	at org.hibernate.tool.schema.internal.AbstractSchemaMigrator.migrateTable(AbstractSchemaMigrator.java:334)
	at org.hibernate.tool.schema.internal.GroupedSchemaMigratorImpl.performTablesMigration(GroupedSchemaMigratorImpl.java:84)
	at org.hibernate.tool.schema.internal.AbstractSchemaMigrator.performMigration(AbstractSchemaMigrator.java:233)
	at org.hibernate.tool.schema.internal.AbstractSchemaMigrator.doMigration(AbstractSchemaMigrator.java:112)
	at org.hibernate.tool.schema.spi.SchemaManagementToolCoordinator.performDatabaseAction(SchemaManagementToolCoordinator.java:280)
	at org.hibernate.tool.schema.spi.SchemaManagementToolCoordinator.lambda$process$5(SchemaManagementToolCoordinator.java:144)
	at java.base/java.util.HashMap.forEach(HashMap.java:1421)
	at org.hibernate.tool.schema.spi.SchemaManagementToolCoordinator.process(SchemaManagementToolCoordinator.java:141)
	at org.hibernate.boot.internal.SessionFactoryObserverForSchemaExport.sessionFactoryCreated(SessionFactoryObserverForSchemaExport.java:37)
	at org.hibernate.internal.SessionFactoryObserverChain.sessionFactoryCreated(SessionFactoryObserverChain.java:35)
	at org.hibernate.internal.SessionFactoryImpl.<init>(SessionFactoryImpl.java:324)
	at org.hibernate.boot.internal.SessionFactoryBuilderImpl.build(SessionFactoryBuilderImpl.java:463)
	at org.hibernate.jpa.boot.internal.EntityManagerFactoryBuilderImpl.build(EntityManagerFactoryBuilderImpl.java:1517)
	at org.springframework.orm.jpa.vendor.SpringHibernateJpaPersistenceProvider.createContainerEntityManagerFactory(SpringHibernateJpaPersistenceProvider.java:66)
	at org.springframework.orm.jpa.LocalContainerEntityManagerFactoryBean.createNativeEntityManagerFactory(LocalContainerEntityManagerFactoryBean.java:390)
	at org.springframework.orm.jpa.AbstractEntityManagerFactoryBean.buildNativeEntityManagerFactory(AbstractEntityManagerFactoryBean.java:419)
	at org.springframework.orm.jpa.AbstractEntityManagerFactoryBean.afterPropertiesSet(AbstractEntityManagerFactoryBean.java:400)
	at org.springframework.orm.jpa.LocalContainerEntityManagerFactoryBean.afterPropertiesSet(LocalContainerEntityManagerFactoryBean.java:366)
	at org.springframework.beans.factory.support.AbstractAutowireCapableBeanFactory.invokeInitMethods(AbstractAutowireCapableBeanFactory.java:1859)
	at org.springframework.beans.factory.support.AbstractAutowireCapableBeanFactory.initializeBean(AbstractAutowireCapableBeanFactory.java:1808)
	at org.springframework.beans.factory.support.AbstractAutowireCapableBeanFactory.doCreateBean(AbstractAutowireCapableBeanFactory.java:601)
	at org.springframework.beans.factory.support.AbstractAutowireCapableBeanFactory.createBean(AbstractAutowireCapableBeanFactory.java:523)
	at org.springframework.beans.factory.support.AbstractBeanFactory.lambda$doGetBean$0(AbstractBeanFactory.java:339)
	at org.springframework.beans.factory.support.DefaultSingletonBeanRegistry.getSingleton(DefaultSingletonBeanRegistry.java:346)
	at org.springframework.beans.factory.support.AbstractBeanFactory.doGetBean(AbstractBeanFactory.java:337)
	at org.springframework.beans.factory.support.AbstractBeanFactory.getBean(AbstractBeanFactory.java:207)
	at org.springframework.context.support.AbstractApplicationContext.finishBeanFactoryInitialization(AbstractApplicationContext.java:970)
	at org.springframework.context.support.AbstractApplicationContext.refresh(AbstractApplicationContext.java:627)
	at org.springframework.boot.web.servlet.context.ServletWebServerApplicationContext.refresh(ServletWebServerApplicationContext.java:146)
	at org.springframework.boot.SpringApplication.refresh(SpringApplication.java:752)
	at org.springframework.boot.SpringApplication.refreshContext(SpringApplication.java:439)
	at org.springframework.boot.SpringApplication.run(SpringApplication.java:318)
	at org.springframework.boot.SpringApplication.run(SpringApplication.java:1361)
	at org.springframework.boot.SpringApplication.run(SpringApplication.java:1350)
	at backend.HotelBookingApplication.main(HotelBookingApplication.java:15)
Caused by: org.postgresql.util.PSQLException: ERROR: column "staff_id" cannot be cast automatically to type bigint
  Hint: You might need to specify "USING staff_id::bigint".
	at org.postgresql.core.v3.QueryExecutorImpl.receiveErrorResponse(QueryExecutorImpl.java:2733)
	at org.postgresql.core.v3.QueryExecutorImpl.processResults(QueryExecutorImpl.java:2420)
	at org.postgresql.core.v3.QueryExecutorImpl.execute(QueryExecutorImpl.java:372)
	at org.postgresql.jdbc.PgStatement.executeInternal(PgStatement.java:517)
	at org.postgresql.jdbc.PgStatement.execute(PgStatement.java:434)
	at org.postgresql.jdbc.PgStatement.executeWithFlags(PgStatement.java:356)
	at org.postgresql.jdbc.PgStatement.executeCachedSql(PgStatement.java:341)
	at org.postgresql.jdbc.PgStatement.executeWithFlags(PgStatement.java:317)
	at org.postgresql.jdbc.PgStatement.execute(PgStatement.java:312)
	at com.zaxxer.hikari.pool.ProxyStatement.execute(ProxyStatement.java:94)
	at com.zaxxer.hikari.pool.HikariProxyStatement.execute(HikariProxyStatement.java)
	at org.hibernate.tool.schema.internal.exec.GenerationTargetToDatabase.accept(GenerationTargetToDatabase.java:80)
	... 37 common frames omitted
2025-04-13 01:31:43 [main] WARN  o.h.t.s.i.ExceptionHandlerLoggedImpl - GenerationTarget encountered exception accepting command : Error executing DDL "alter table if exists staff_room_map add constraint FKyd20ehofj2axxe92vl67pqvx foreign key (staff_id) references staff" via JDBC [ERROR: foreign key constraint "fkyd20ehofj2axxe92vl67pqvx" cannot be implemented
  Detail: Key columns "staff_id" and "staff_id" are of incompatible types: character varying and bigint.]
org.hibernate.tool.schema.spi.CommandAcceptanceException: Error executing DDL "alter table if exists staff_room_map add constraint FKyd20ehofj2axxe92vl67pqvx foreign key (staff_id) references staff" via JDBC [ERROR: foreign key constraint "fkyd20ehofj2axxe92vl67pqvx" cannot be implemented
  Detail: Key columns "staff_id" and "staff_id" are of incompatible types: character varying and bigint.]
	at org.hibernate.tool.schema.internal.exec.GenerationTargetToDatabase.accept(GenerationTargetToDatabase.java:94)
	at org.hibernate.tool.schema.internal.AbstractSchemaMigrator.applySqlString(AbstractSchemaMigrator.java:576)
	at org.hibernate.tool.schema.internal.AbstractSchemaMigrator.applySqlStrings(AbstractSchemaMigrator.java:516)
	at org.hibernate.tool.schema.internal.AbstractSchemaMigrator.applyForeignKeys(AbstractSchemaMigrator.java:448)
	at org.hibernate.tool.schema.internal.AbstractSchemaMigrator.performMigration(AbstractSchemaMigrator.java:269)
	at org.hibernate.tool.schema.internal.AbstractSchemaMigrator.doMigration(AbstractSchemaMigrator.java:112)
	at org.hibernate.tool.schema.spi.SchemaManagementToolCoordinator.performDatabaseAction(SchemaManagementToolCoordinator.java:280)
	at org.hibernate.tool.schema.spi.SchemaManagementToolCoordinator.lambda$process$5(SchemaManagementToolCoordinator.java:144)
	at java.base/java.util.HashMap.forEach(HashMap.java:1421)
	at org.hibernate.tool.schema.spi.SchemaManagementToolCoordinator.process(SchemaManagementToolCoordinator.java:141)
	at org.hibernate.boot.internal.SessionFactoryObserverForSchemaExport.sessionFactoryCreated(SessionFactoryObserverForSchemaExport.java:37)
	at org.hibernate.internal.SessionFactoryObserverChain.sessionFactoryCreated(SessionFactoryObserverChain.java:35)
	at org.hibernate.internal.SessionFactoryImpl.<init>(SessionFactoryImpl.java:324)
	at org.hibernate.boot.internal.SessionFactoryBuilderImpl.build(SessionFactoryBuilderImpl.java:463)
	at org.hibernate.jpa.boot.internal.EntityManagerFactoryBuilderImpl.build(EntityManagerFactoryBuilderImpl.java:1517)
	at org.springframework.orm.jpa.vendor.SpringHibernateJpaPersistenceProvider.createContainerEntityManagerFactory(SpringHibernateJpaPersistenceProvider.java:66)
	at org.springframework.orm.jpa.LocalContainerEntityManagerFactoryBean.createNativeEntityManagerFactory(LocalContainerEntityManagerFactoryBean.java:390)
	at org.springframework.orm.jpa.AbstractEntityManagerFactoryBean.buildNativeEntityManagerFactory(AbstractEntityManagerFactoryBean.java:419)
	at org.springframework.orm.jpa.AbstractEntityManagerFactoryBean.afterPropertiesSet(AbstractEntityManagerFactoryBean.java:400)
	at org.springframework.orm.jpa.LocalContainerEntityManagerFactoryBean.afterPropertiesSet(LocalContainerEntityManagerFactoryBean.java:366)
	at org.springframework.beans.factory.support.AbstractAutowireCapableBeanFactory.invokeInitMethods(AbstractAutowireCapableBeanFactory.java:1859)
	at org.springframework.beans.factory.support.AbstractAutowireCapableBeanFactory.initializeBean(AbstractAutowireCapableBeanFactory.java:1808)
	at org.springframework.beans.factory.support.AbstractAutowireCapableBeanFactory.doCreateBean(AbstractAutowireCapableBeanFactory.java:601)
	at org.springframework.beans.factory.support.AbstractAutowireCapableBeanFactory.createBean(AbstractAutowireCapableBeanFactory.java:523)
	at org.springframework.beans.factory.support.AbstractBeanFactory.lambda$doGetBean$0(AbstractBeanFactory.java:339)
	at org.springframework.beans.factory.support.DefaultSingletonBeanRegistry.getSingleton(DefaultSingletonBeanRegistry.java:346)
	at org.springframework.beans.factory.support.AbstractBeanFactory.doGetBean(AbstractBeanFactory.java:337)
	at org.springframework.beans.factory.support.AbstractBeanFactory.getBean(AbstractBeanFactory.java:207)
	at org.springframework.context.support.AbstractApplicationContext.finishBeanFactoryInitialization(AbstractApplicationContext.java:970)
	at org.springframework.context.support.AbstractApplicationContext.refresh(AbstractApplicationContext.java:627)
	at org.springframework.boot.web.servlet.context.ServletWebServerApplicationContext.refresh(ServletWebServerApplicationContext.java:146)
	at org.springframework.boot.SpringApplication.refresh(SpringApplication.java:752)
	at org.springframework.boot.SpringApplication.refreshContext(SpringApplication.java:439)
	at org.springframework.boot.SpringApplication.run(SpringApplication.java:318)
	at org.springframework.boot.SpringApplication.run(SpringApplication.java:1361)
	at org.springframework.boot.SpringApplication.run(SpringApplication.java:1350)
	at backend.HotelBookingApplication.main(HotelBookingApplication.java:15)
Caused by: org.postgresql.util.PSQLException: ERROR: foreign key constraint "fkyd20ehofj2axxe92vl67pqvx" cannot be implemented
  Detail: Key columns "staff_id" and "staff_id" are of incompatible types: character varying and bigint.
	at org.postgresql.core.v3.QueryExecutorImpl.receiveErrorResponse(QueryExecutorImpl.java:2733)
	at org.postgresql.core.v3.QueryExecutorImpl.processResults(QueryExecutorImpl.java:2420)
	at org.postgresql.core.v3.QueryExecutorImpl.execute(QueryExecutorImpl.java:372)
	at org.postgresql.jdbc.PgStatement.executeInternal(PgStatement.java:517)
	at org.postgresql.jdbc.PgStatement.execute(PgStatement.java:434)
	at org.postgresql.jdbc.PgStatement.executeWithFlags(PgStatement.java:356)
	at org.postgresql.jdbc.PgStatement.executeCachedSql(PgStatement.java:341)
	at org.postgresql.jdbc.PgStatement.executeWithFlags(PgStatement.java:317)
	at org.postgresql.jdbc.PgStatement.execute(PgStatement.java:312)
	at com.zaxxer.hikari.pool.ProxyStatement.execute(ProxyStatement.java:94)
	at com.zaxxer.hikari.pool.HikariProxyStatement.execute(HikariProxyStatement.java)
	at org.hibernate.tool.schema.internal.exec.GenerationTargetToDatabase.accept(GenerationTargetToDatabase.java:80)
	... 36 common frames omitted
2025-04-13 01:31:43 [main] INFO  o.s.o.j.LocalContainerEntityManagerFactoryBean - Initialized JPA EntityManagerFactory for persistence unit 'default'
2025-04-13 01:31:43 [main] INFO  backend.config.CorsConfig - CORS Configuration Loaded!
2025-04-13 01:31:43 [main] DEBUG o.s.c.e.PropertySourcesPropertyResolver - Found key 'spring.security.oauth2.resourceserver.jwt.issuer-uri' in PropertySource 'environmentProperties' with value of type String
2025-04-13 01:31:43 [main] INFO  o.s.d.j.r.query.QueryEnhancerFactory - Hibernate is in classpath; If applicable, HQL parser will be used.
2025-04-13 01:31:43 [main] DEBUG o.s.c.e.PropertySourcesPropertyResolver - Found key 'graphql.endpoint' in PropertySource 'environmentProperties' with value of type String
2025-04-13 01:31:43 [main] DEBUG o.s.c.e.PropertySourcesPropertyResolver - Found key 'graphql.api-key' in PropertySource 'environmentProperties' with value of type String
2025-04-13 01:31:44 [main] DEBUG o.s.c.e.PropertySourcesPropertyResolver - Found key 'graphql.api.key' in PropertySource 'environmentProperties' with value of type String
2025-04-13 01:31:44 [main] DEBUG o.s.c.e.PropertySourcesPropertyResolver - Found key 'graphql.url' in PropertySource 'environmentProperties' with value of type String
2025-04-13 01:31:44 [main] DEBUG o.s.c.e.PropertySourcesPropertyResolver - Found key 'spring.mail.username' in PropertySource 'environmentProperties' with value of type String
2025-04-13 01:31:44 [main] DEBUG o.s.c.e.PropertySourcesPropertyResolver - Found key 'otp.expiry.minutes' in PropertySource 'environmentProperties' with value of type String
2025-04-13 01:31:44 [main] DEBUG o.s.c.e.PropertySourcesPropertyResolver - Found key 'otp.max.attempts' in PropertySource 'environmentProperties' with value of type String
2025-04-13 01:31:44 [main] DEBUG o.s.c.e.PropertySourcesPropertyResolver - Found key 'graphql.endpoint' in PropertySource 'environmentProperties' with value of type String
2025-04-13 01:31:44 [main] DEBUG o.s.c.e.PropertySourcesPropertyResolver - Found key 'graphql.api-key' in PropertySource 'environmentProperties' with value of type String
2025-04-13 01:31:44 [main] DEBUG o.s.c.e.PropertySourcesPropertyResolver - Found key 'graphql.api.key' in PropertySource 'environmentProperties' with value of type String
2025-04-13 01:31:44 [main] DEBUG o.s.c.e.PropertySourcesPropertyResolver - Found key 'graphql.url' in PropertySource 'environmentProperties' with value of type String
2025-04-13 01:31:44 [main] DEBUG o.s.c.e.PropertySourcesPropertyResolver - Found key 'graphql.endpoint' in PropertySource 'environmentProperties' with value of type String
2025-04-13 01:31:44 [main] DEBUG o.s.c.e.PropertySourcesPropertyResolver - Found key 'graphql.api-key' in PropertySource 'environmentProperties' with value of type String
2025-04-13 01:31:44 [main] DEBUG o.s.c.e.PropertySourcesPropertyResolver - Found key 'graphql.endpoint' in PropertySource 'environmentProperties' with value of type String
2025-04-13 01:31:44 [main] DEBUG o.s.c.e.PropertySourcesPropertyResolver - Found key 'graphql.apiKey' in PropertySource 'environmentProperties' with value of type String
2025-04-13 01:31:44 [main] DEBUG o.s.c.e.PropertySourcesPropertyResolver - Found key 'graphql.endpoint' in PropertySource 'environmentProperties' with value of type String
2025-04-13 01:31:44 [main] DEBUG o.s.c.e.PropertySourcesPropertyResolver - Found key 'graphql.apiKey' in PropertySource 'environmentProperties' with value of type String
2025-04-13 01:31:44 [main] DEBUG o.s.c.e.PropertySourcesPropertyResolver - Found key 'api.base.url' in PropertySource 'environmentProperties' with value of type String
2025-04-13 01:31:44 [main] WARN  o.s.b.a.o.j.JpaBaseConfiguration$JpaWebConfiguration - spring.jpa.open-in-view is enabled by default. Therefore, database queries may be performed during view rendering. Explicitly configure spring.jpa.open-in-view to disable this warning
2025-04-13 01:31:44 [main] INFO  backend.config.CorsConfig - Applying CORS settings...
2025-04-13 01:31:44 [main] DEBUG o.s.s.c.a.a.c.AuthenticationConfiguration$DefaultPasswordEncoderAuthenticationManagerBuilder - No authenticationProviders and no parentAuthenticationManager defined. Returning null.
2025-04-13 01:31:44 [main] INFO  o.s.b.a.e.web.EndpointLinksResolver - Exposing 2 endpoints beneath base path '/actuator'
2025-04-13 01:31:45 [main] INFO  backend.config.SecurityConfig - Configuring security filter chain...
2025-04-13 01:31:45 [main] INFO  backend.config.SecurityConfig - Using issuer URI: https://cognito-idp.ap-south-1.amazonaws.com/ap-south-1_IGHZ9OObg
2025-04-13 01:31:45 [main] INFO  backend.config.SecurityConfig - Configuring authorization rules...
2025-04-13 01:31:45 [main] INFO  backend.config.SecurityConfig - Configuring OAuth2 resource server...
2025-04-13 01:31:45 [main] INFO  backend.config.SecurityConfig - Configuring JWT...
2025-04-13 01:31:45 [main] INFO  backend.config.SecurityConfig - Creating JWT decoder with issuer URI: https://cognito-idp.ap-south-1.amazonaws.com/ap-south-1_IGHZ9OObg
2025-04-13 01:31:45 [main] INFO  backend.config.SecurityConfig - Configuring session management...
2025-04-13 01:31:45 [main] DEBUG o.s.s.web.DefaultSecurityFilterChain - Will secure any request with filters: DisableEncodeUrlFilter, WebAsyncManagerIntegrationFilter, SecurityContextHolderFilter, HeaderWriterFilter, LogoutFilter, BearerTokenAuthenticationFilter, RequestCacheAwareFilter, SecurityContextHolderAwareRequestFilter, AnonymousAuthenticationFilter, SessionManagementFilter, ExceptionTranslationFilter, AuthorizationFilter
2025-04-13 01:31:45 [main] INFO  o.a.coyote.http11.Http11NioProtocol - Starting ProtocolHandler ["http-nio-8081"]
2025-04-13 01:31:45 [main] INFO  o.s.b.w.e.tomcat.TomcatWebServer - Tomcat started on port 8081 (http) with context path '/'
2025-04-13 01:31:45 [main] INFO  backend.HotelBookingApplication - Started HotelBookingApplication in 7.114 seconds (process running for 7.625)
2025-04-13 01:31:59 [http-nio-8081-exec-1] INFO  o.a.c.c.C.[Tomcat].[localhost].[/] - Initializing Spring DispatcherServlet 'dispatcherServlet'
2025-04-13 01:31:59 [http-nio-8081-exec-1] INFO  o.s.web.servlet.DispatcherServlet - Initializing Servlet 'dispatcherServlet'
2025-04-13 01:31:59 [http-nio-8081-exec-1] INFO  o.s.web.servlet.DispatcherServlet - Completed initialization in 4 ms
2025-04-13 01:31:59 [http-nio-8081-exec-1] DEBUG o.s.security.web.FilterChainProxy - Securing POST /api/house-cleaning/generate?date=2025-05-01
2025-04-13 01:32:00 [http-nio-8081-exec-1] DEBUG o.s.s.w.a.AnonymousAuthenticationFilter - Set SecurityContextHolder to anonymous SecurityContext
2025-04-13 01:32:00 [http-nio-8081-exec-1] DEBUG o.s.security.web.FilterChainProxy - Secured POST /api/house-cleaning/generate?date=2025-05-01
2025-04-13 01:32:00 [http-nio-8081-exec-1] INFO  b.s.impl.HouseCleaningServiceImpl - Generating cleaning schedules for date: 2025-05-01
2025-04-13 01:32:00 [http-nio-8081-exec-1] INFO  b.s.impl.HouseCleaningServiceImpl - Found 10 check-in bookings, 0 check-out bookings, and 10 current bookings for date 2025-05-01
2025-04-13 01:32:00 [http-nio-8081-exec-1] INFO  b.s.impl.BookedRoomsServiceImpl - Checking check-in rooms for date: 2025-05-01
2025-04-13 01:32:00 [http-nio-8081-exec-1] INFO  b.s.impl.BookedRoomsServiceImpl - Found 10 transactions with check-in date 2025-05-01
2025-04-13 01:32:00 [http-nio-8081-exec-1] INFO  b.s.impl.BookedRoomsServiceImpl - Booking IDs for check-in: [13, 12, 15, 14, 53, 55, 59, 60, 155, 318]
2025-04-13 01:32:05 [http-nio-8081-exec-1] INFO  b.s.impl.BookedRoomsServiceImpl - Room IDs for bookings [13, 12, 15, 14, 53, 55, 59, 60, 155, 318]: [421, 422, 433, 434, 439, 451, 452, 457, 464, 469, 470]
2025-04-13 01:32:05 [http-nio-8081-exec-1] INFO  b.s.impl.BookedRoomsServiceImpl - Checking check-out rooms for date: 2025-05-01
2025-04-13 01:32:05 [http-nio-8081-exec-1] INFO  b.s.impl.BookedRoomsServiceImpl - Found 0 transactions with check-out date 2025-05-01
2025-04-13 01:32:05 [http-nio-8081-exec-1] INFO  b.s.impl.BookedRoomsServiceImpl - Booking IDs for check-out: []
2025-04-13 01:32:05 [http-nio-8081-exec-1] INFO  b.s.impl.BookedRoomsServiceImpl - No booking IDs found, returning empty list
2025-04-13 01:32:05 [http-nio-8081-exec-1] INFO  b.s.impl.BookedRoomsServiceImpl - Checking currently booked rooms for date: 2025-05-01T00:00:00Z
2025-04-13 01:32:06 [http-nio-8081-exec-1] INFO  b.s.impl.BookedRoomsServiceImpl - Currently booked room IDs: [421, 422, 433, 434, 439, 451, 452, 457, 464, 469, 470]
2025-04-13 01:32:06 [http-nio-8081-exec-1] INFO  b.s.impl.HouseCleaningServiceImpl - Found 11 check-in rooms, 0 check-out rooms, and 11 current rooms for date 2025-05-01
2025-04-13 01:32:06 [http-nio-8081-exec-1] WARN  b.s.impl.HouseCleaningServiceImpl - Could not extract room ID from booking details for booking ID 13
2025-04-13 01:32:06 [http-nio-8081-exec-1] WARN  b.s.impl.HouseCleaningServiceImpl - Could not extract room ID from booking details for booking ID 12
2025-04-13 01:32:06 [http-nio-8081-exec-1] WARN  b.s.impl.HouseCleaningServiceImpl - Could not extract room ID from booking details for booking ID 15
2025-04-13 01:32:06 [http-nio-8081-exec-1] WARN  b.s.impl.HouseCleaningServiceImpl - Could not extract room ID from booking details for booking ID 14
2025-04-13 01:32:06 [http-nio-8081-exec-1] WARN  b.s.impl.HouseCleaningServiceImpl - Could not extract room ID from booking details for booking ID 53
2025-04-13 01:32:06 [http-nio-8081-exec-1] WARN  b.s.impl.HouseCleaningServiceImpl - Could not extract room ID from booking details for booking ID 55
2025-04-13 01:32:06 [http-nio-8081-exec-1] WARN  b.s.impl.HouseCleaningServiceImpl - Could not extract room ID from booking details for booking ID 59
2025-04-13 01:32:06 [http-nio-8081-exec-1] WARN  b.s.impl.HouseCleaningServiceImpl - Could not extract room ID from booking details for booking ID 60
2025-04-13 01:32:06 [http-nio-8081-exec-1] WARN  b.s.impl.HouseCleaningServiceImpl - Could not extract room ID from booking details for booking ID 155
2025-04-13 01:32:06 [http-nio-8081-exec-1] WARN  b.s.impl.HouseCleaningServiceImpl - Could not extract room ID from booking details for booking ID 318
2025-04-13 01:32:06 [http-nio-8081-exec-1] WARN  b.s.impl.HouseCleaningServiceImpl - Could not extract room ID from booking details for booking ID 13
2025-04-13 01:32:06 [http-nio-8081-exec-1] WARN  b.s.impl.HouseCleaningServiceImpl - Could not extract room ID from booking details for booking ID 12
2025-04-13 01:32:06 [http-nio-8081-exec-1] WARN  b.s.impl.HouseCleaningServiceImpl - Could not extract room ID from booking details for booking ID 15
2025-04-13 01:32:06 [http-nio-8081-exec-1] WARN  b.s.impl.HouseCleaningServiceImpl - Could not extract room ID from booking details for booking ID 14
2025-04-13 01:32:06 [http-nio-8081-exec-1] WARN  b.s.impl.HouseCleaningServiceImpl - Could not extract room ID from booking details for booking ID 53
2025-04-13 01:32:06 [http-nio-8081-exec-1] WARN  b.s.impl.HouseCleaningServiceImpl - Could not extract room ID from booking details for booking ID 55
2025-04-13 01:32:06 [http-nio-8081-exec-1] WARN  b.s.impl.HouseCleaningServiceImpl - Could not extract room ID from booking details for booking ID 59
2025-04-13 01:32:06 [http-nio-8081-exec-1] WARN  b.s.impl.HouseCleaningServiceImpl - Could not extract room ID from booking details for booking ID 60
2025-04-13 01:32:06 [http-nio-8081-exec-1] WARN  b.s.impl.HouseCleaningServiceImpl - Could not extract room ID from booking details for booking ID 155
2025-04-13 01:32:06 [http-nio-8081-exec-1] WARN  b.s.impl.HouseCleaningServiceImpl - Could not extract room ID from booking details for booking ID 318
2025-04-13 01:32:06 [http-nio-8081-exec-1] INFO  b.s.impl.HouseCleaningServiceImpl - Room to booking map: {}
2025-04-13 01:32:06 [http-nio-8081-exec-1] WARN  b.s.impl.HouseCleaningServiceImpl - No booking ID found for room ID 421
2025-04-13 01:32:06 [http-nio-8081-exec-1] WARN  b.s.impl.HouseCleaningServiceImpl - No booking ID found for room ID 422
2025-04-13 01:32:06 [http-nio-8081-exec-1] WARN  b.s.impl.HouseCleaningServiceImpl - No booking ID found for room ID 433
2025-04-13 01:32:06 [http-nio-8081-exec-1] WARN  b.s.impl.HouseCleaningServiceImpl - No booking ID found for room ID 434
2025-04-13 01:32:06 [http-nio-8081-exec-1] WARN  b.s.impl.HouseCleaningServiceImpl - No booking ID found for room ID 439
2025-04-13 01:32:06 [http-nio-8081-exec-1] WARN  b.s.impl.HouseCleaningServiceImpl - No booking ID found for room ID 451
2025-04-13 01:32:06 [http-nio-8081-exec-1] WARN  b.s.impl.HouseCleaningServiceImpl - No booking ID found for room ID 452
2025-04-13 01:32:06 [http-nio-8081-exec-1] WARN  b.s.impl.HouseCleaningServiceImpl - No booking ID found for room ID 457
2025-04-13 01:32:06 [http-nio-8081-exec-1] WARN  b.s.impl.HouseCleaningServiceImpl - No booking ID found for room ID 464
2025-04-13 01:32:06 [http-nio-8081-exec-1] WARN  b.s.impl.HouseCleaningServiceImpl - No booking ID found for room ID 469
2025-04-13 01:32:06 [http-nio-8081-exec-1] WARN  b.s.impl.HouseCleaningServiceImpl - No booking ID found for room ID 470
2025-04-13 01:32:09 [http-nio-8081-exec-3] DEBUG o.s.security.web.FilterChainProxy - Securing POST /api/house-cleaning/assign-staff?date=2025-05-01&shift=MORNING_SHIFT
2025-04-13 01:32:09 [http-nio-8081-exec-3] DEBUG o.s.s.w.a.AnonymousAuthenticationFilter - Set SecurityContextHolder to anonymous SecurityContext
2025-04-13 01:32:09 [http-nio-8081-exec-3] DEBUG o.s.security.web.FilterChainProxy - Secured POST /api/house-cleaning/assign-staff?date=2025-05-01&shift=MORNING_SHIFT
2025-04-13 01:32:09 [http-nio-8081-exec-3] INFO  b.s.impl.HouseCleaningServiceImpl - Assigning staff to schedules for date: 2025-05-01 and shift: MORNING_SHIFT
2025-04-13 01:32:09 [http-nio-8081-exec-3] INFO  b.s.impl.HouseCleaningServiceImpl - Shift time: 05:00 to 09:00
2025-04-13 01:32:09 [http-nio-8081-exec-3] INFO  b.s.impl.HouseCleaningServiceImpl - Original scheduled time for room 439: 05:00
2025-04-13 01:32:09 [http-nio-8081-exec-3] INFO  b.s.impl.HouseCleaningServiceImpl - Assigned staff 1 to room 439 for cleaning from 05:00 to 05:30
2025-04-13 01:32:09 [http-nio-8081-exec-3] INFO  b.s.impl.HouseCleaningServiceImpl - Original scheduled time for room 457: 05:00
2025-04-13 01:32:09 [http-nio-8081-exec-3] INFO  b.s.impl.HouseCleaningServiceImpl - Assigned staff 4 to room 457 for cleaning from 05:00 to 05:30
2025-04-13 01:32:09 [http-nio-8081-exec-3] INFO  b.s.impl.HouseCleaningServiceImpl - Original scheduled time for room 470: 05:00
2025-04-13 01:32:09 [http-nio-8081-exec-3] INFO  b.s.impl.HouseCleaningServiceImpl - Assigned staff 10 to room 470 for cleaning from 05:00 to 05:30
2025-04-13 01:32:09 [http-nio-8081-exec-3] INFO  b.s.impl.HouseCleaningServiceImpl - Original scheduled time for room 452: 05:30
2025-04-13 01:32:09 [http-nio-8081-exec-3] INFO  b.s.impl.HouseCleaningServiceImpl - Assigned staff 1 to room 452 for cleaning from 05:30 to 06:00
2025-04-13 01:32:09 [http-nio-8081-exec-3] INFO  b.s.impl.HouseCleaningServiceImpl - Original scheduled time for room 421: 06:00
2025-04-13 01:32:09 [http-nio-8081-exec-3] INFO  b.s.impl.HouseCleaningServiceImpl - Assigned staff 4 to room 421 for cleaning from 06:00 to 06:30
2025-04-13 01:32:09 [http-nio-8081-exec-3] INFO  b.s.impl.HouseCleaningServiceImpl - Original scheduled time for room 439: 06:00
2025-04-13 01:32:09 [http-nio-8081-exec-3] INFO  b.s.impl.HouseCleaningServiceImpl - Assigned staff 10 to room 439 for cleaning from 06:00 to 06:30
2025-04-13 01:32:09 [http-nio-8081-exec-3] INFO  b.s.impl.HouseCleaningServiceImpl - Original scheduled time for room 451: 06:00
2025-04-13 01:32:09 [http-nio-8081-exec-3] INFO  b.s.impl.HouseCleaningServiceImpl - Assigned staff 1 to room 451 for cleaning from 06:00 to 06:30
2025-04-13 01:32:09 [http-nio-8081-exec-3] INFO  b.s.impl.HouseCleaningServiceImpl - Original scheduled time for room 470: 06:00
2025-04-13 01:32:09 [http-nio-8081-exec-3] INFO  b.s.impl.HouseCleaningServiceImpl - Assigned staff 4 to room 470 for cleaning from 06:00 to 06:30
2025-04-13 01:32:09 [http-nio-8081-exec-3] INFO  b.s.impl.HouseCleaningServiceImpl - Original scheduled time for room 434: 06:30
2025-04-13 01:32:09 [http-nio-8081-exec-3] INFO  b.s.impl.HouseCleaningServiceImpl - Assigned staff 10 to room 434 for cleaning from 06:30 to 07:00
2025-04-13 01:32:09 [http-nio-8081-exec-3] INFO  b.s.impl.HouseCleaningServiceImpl - Original scheduled time for room 422: 07:00
2025-04-13 01:32:09 [http-nio-8081-exec-3] INFO  b.s.impl.HouseCleaningServiceImpl - Assigned staff 1 to room 422 for cleaning from 07:00 to 07:30
2025-04-13 01:32:09 [http-nio-8081-exec-3] INFO  b.s.impl.HouseCleaningServiceImpl - Original scheduled time for room 433: 07:00
2025-04-13 01:32:09 [http-nio-8081-exec-3] INFO  b.s.impl.HouseCleaningServiceImpl - Assigned staff 4 to room 433 for cleaning from 07:00 to 07:30
2025-04-13 01:32:09 [http-nio-8081-exec-3] INFO  b.s.impl.HouseCleaningServiceImpl - Original scheduled time for room 452: 07:00
2025-04-13 01:32:09 [http-nio-8081-exec-3] INFO  b.s.impl.HouseCleaningServiceImpl - Assigned staff 10 to room 452 for cleaning from 07:00 to 07:30
2025-04-13 01:32:09 [http-nio-8081-exec-3] INFO  b.s.impl.HouseCleaningServiceImpl - Original scheduled time for room 457: 07:00
2025-04-13 01:32:09 [http-nio-8081-exec-3] INFO  b.s.impl.HouseCleaningServiceImpl - Assigned staff 1 to room 457 for cleaning from 07:00 to 07:30
2025-04-13 01:32:09 [http-nio-8081-exec-3] INFO  b.s.impl.HouseCleaningServiceImpl - Original scheduled time for room 464: 07:00
2025-04-13 01:32:09 [http-nio-8081-exec-3] INFO  b.s.impl.HouseCleaningServiceImpl - Assigned staff 4 to room 464 for cleaning from 07:00 to 07:30
2025-04-13 01:32:09 [http-nio-8081-exec-3] INFO  b.s.impl.HouseCleaningServiceImpl - Original scheduled time for room 469: 07:00
2025-04-13 01:32:09 [http-nio-8081-exec-3] INFO  b.s.impl.HouseCleaningServiceImpl - Assigned staff 10 to room 469 for cleaning from 07:00 to 07:30
2025-04-13 01:32:09 [http-nio-8081-exec-3] INFO  b.s.impl.HouseCleaningServiceImpl - Original scheduled time for room 421: 07:00
2025-04-13 01:32:09 [http-nio-8081-exec-3] INFO  b.s.impl.HouseCleaningServiceImpl - Assigned staff 1 to room 421 for cleaning from 07:00 to 07:30
2025-04-13 01:32:09 [http-nio-8081-exec-3] INFO  b.s.impl.HouseCleaningServiceImpl - Original scheduled time for room 433: 07:00
2025-04-13 01:32:09 [http-nio-8081-exec-3] INFO  b.s.impl.HouseCleaningServiceImpl - Assigned staff 4 to room 433 for cleaning from 07:00 to 07:30
2025-04-13 01:32:09 [http-nio-8081-exec-3] INFO  b.s.impl.HouseCleaningServiceImpl - Original scheduled time for room 451: 07:00
2025-04-13 01:32:09 [http-nio-8081-exec-3] INFO  b.s.impl.HouseCleaningServiceImpl - Assigned staff 10 to room 451 for cleaning from 07:00 to 07:30
2025-04-13 01:32:09 [http-nio-8081-exec-3] INFO  b.s.impl.HouseCleaningServiceImpl - Original scheduled time for room 464: 07:00
2025-04-13 01:32:09 [http-nio-8081-exec-3] INFO  b.s.impl.HouseCleaningServiceImpl - Assigned staff 1 to room 464 for cleaning from 07:00 to 07:30
2025-04-13 01:32:09 [http-nio-8081-exec-3] INFO  b.s.impl.HouseCleaningServiceImpl - Original scheduled time for room 469: 07:00
2025-04-13 01:32:09 [http-nio-8081-exec-3] INFO  b.s.impl.HouseCleaningServiceImpl - Assigned staff 4 to room 469 for cleaning from 07:00 to 07:30
2025-04-13 01:32:09 [http-nio-8081-exec-3] INFO  b.s.impl.HouseCleaningServiceImpl - Original scheduled time for room 422: 08:30
2025-04-13 01:32:09 [http-nio-8081-exec-3] INFO  b.s.impl.HouseCleaningServiceImpl - Assigned staff 10 to room 422 for cleaning from 08:30 to 09:00
2025-04-13 01:32:09 [http-nio-8081-exec-3] INFO  b.s.impl.HouseCleaningServiceImpl - Original scheduled time for room 434: 08:30
2025-04-13 01:32:09 [http-nio-8081-exec-3] INFO  b.s.impl.HouseCleaningServiceImpl - Assigned staff 1 to room 434 for cleaning from 08:30 to 09:00
2025-04-13 01:32:09 [http-nio-8081-exec-3] INFO  b.s.impl.HouseCleaningServiceImpl - Staff 1 has 8 assignments
2025-04-13 01:32:09 [http-nio-8081-exec-3] INFO  b.s.impl.HouseCleaningServiceImpl -   - Room 439 at 05:00
2025-04-13 01:32:09 [http-nio-8081-exec-3] INFO  b.s.impl.HouseCleaningServiceImpl -   - Room 452 at 05:30
2025-04-13 01:32:09 [http-nio-8081-exec-3] INFO  b.s.impl.HouseCleaningServiceImpl -   - Room 451 at 06:00
2025-04-13 01:32:09 [http-nio-8081-exec-3] INFO  b.s.impl.HouseCleaningServiceImpl -   - Room 422 at 07:00
2025-04-13 01:32:09 [http-nio-8081-exec-3] INFO  b.s.impl.HouseCleaningServiceImpl -   - Room 457 at 07:00
2025-04-13 01:32:09 [http-nio-8081-exec-3] INFO  b.s.impl.HouseCleaningServiceImpl -   - Room 421 at 07:00
2025-04-13 01:32:09 [http-nio-8081-exec-3] INFO  b.s.impl.HouseCleaningServiceImpl -   - Room 464 at 07:00
2025-04-13 01:32:09 [http-nio-8081-exec-3] INFO  b.s.impl.HouseCleaningServiceImpl -   - Room 434 at 08:30
2025-04-13 01:32:09 [http-nio-8081-exec-3] INFO  b.s.impl.HouseCleaningServiceImpl - Staff 4 has 7 assignments
2025-04-13 01:32:09 [http-nio-8081-exec-3] INFO  b.s.impl.HouseCleaningServiceImpl -   - Room 457 at 05:00
2025-04-13 01:32:09 [http-nio-8081-exec-3] INFO  b.s.impl.HouseCleaningServiceImpl -   - Room 421 at 06:00
2025-04-13 01:32:09 [http-nio-8081-exec-3] INFO  b.s.impl.HouseCleaningServiceImpl -   - Room 470 at 06:00
2025-04-13 01:32:09 [http-nio-8081-exec-3] INFO  b.s.impl.HouseCleaningServiceImpl -   - Room 433 at 07:00
2025-04-13 01:32:09 [http-nio-8081-exec-3] INFO  b.s.impl.HouseCleaningServiceImpl -   - Room 464 at 07:00
2025-04-13 01:32:09 [http-nio-8081-exec-3] INFO  b.s.impl.HouseCleaningServiceImpl -   - Room 433 at 07:00
2025-04-13 01:32:09 [http-nio-8081-exec-3] INFO  b.s.impl.HouseCleaningServiceImpl -   - Room 469 at 07:00
2025-04-13 01:32:09 [http-nio-8081-exec-3] INFO  b.s.impl.HouseCleaningServiceImpl - Staff 10 has 7 assignments
2025-04-13 01:32:09 [http-nio-8081-exec-3] INFO  b.s.impl.HouseCleaningServiceImpl -   - Room 470 at 05:00
2025-04-13 01:32:09 [http-nio-8081-exec-3] INFO  b.s.impl.HouseCleaningServiceImpl -   - Room 439 at 06:00
2025-04-13 01:32:09 [http-nio-8081-exec-3] INFO  b.s.impl.HouseCleaningServiceImpl -   - Room 434 at 06:30
2025-04-13 01:32:09 [http-nio-8081-exec-3] INFO  b.s.impl.HouseCleaningServiceImpl -   - Room 452 at 07:00
2025-04-13 01:32:09 [http-nio-8081-exec-3] INFO  b.s.impl.HouseCleaningServiceImpl -   - Room 469 at 07:00
2025-04-13 01:32:09 [http-nio-8081-exec-3] INFO  b.s.impl.HouseCleaningServiceImpl -   - Room 451 at 07:00
2025-04-13 01:32:09 [http-nio-8081-exec-3] INFO  b.s.impl.HouseCleaningServiceImpl -   - Room 422 at 08:30
2025-04-13 01:32:09 [http-nio-8081-exec-3] INFO  b.s.impl.HouseCleaningServiceImpl - Saved schedule for room 439: staffId=1, scheduledTime=05:00
2025-04-13 01:32:09 [http-nio-8081-exec-3] INFO  b.s.impl.HouseCleaningServiceImpl - Saved schedule for room 457: staffId=4, scheduledTime=05:00
2025-04-13 01:32:09 [http-nio-8081-exec-3] INFO  b.s.impl.HouseCleaningServiceImpl - Saved schedule for room 470: staffId=10, scheduledTime=05:00
2025-04-13 01:32:09 [http-nio-8081-exec-3] INFO  b.s.impl.HouseCleaningServiceImpl - Saved schedule for room 452: staffId=1, scheduledTime=05:30
2025-04-13 01:32:09 [http-nio-8081-exec-3] INFO  b.s.impl.HouseCleaningServiceImpl - Saved schedule for room 421: staffId=4, scheduledTime=06:00
2025-04-13 01:32:09 [http-nio-8081-exec-3] INFO  b.s.impl.HouseCleaningServiceImpl - Saved schedule for room 439: staffId=10, scheduledTime=06:00
2025-04-13 01:32:09 [http-nio-8081-exec-3] INFO  b.s.impl.HouseCleaningServiceImpl - Saved schedule for room 451: staffId=1, scheduledTime=06:00
2025-04-13 01:32:09 [http-nio-8081-exec-3] INFO  b.s.impl.HouseCleaningServiceImpl - Saved schedule for room 470: staffId=4, scheduledTime=06:00
2025-04-13 01:32:09 [http-nio-8081-exec-3] INFO  b.s.impl.HouseCleaningServiceImpl - Saved schedule for room 434: staffId=10, scheduledTime=06:30
2025-04-13 01:32:09 [http-nio-8081-exec-3] INFO  b.s.impl.HouseCleaningServiceImpl - Saved schedule for room 422: staffId=1, scheduledTime=07:00
2025-04-13 01:32:09 [http-nio-8081-exec-3] INFO  b.s.impl.HouseCleaningServiceImpl - Saved schedule for room 433: staffId=4, scheduledTime=07:00
2025-04-13 01:32:09 [http-nio-8081-exec-3] INFO  b.s.impl.HouseCleaningServiceImpl - Saved schedule for room 452: staffId=10, scheduledTime=07:00
2025-04-13 01:32:09 [http-nio-8081-exec-3] INFO  b.s.impl.HouseCleaningServiceImpl - Saved schedule for room 457: staffId=1, scheduledTime=07:00
2025-04-13 01:32:09 [http-nio-8081-exec-3] INFO  b.s.impl.HouseCleaningServiceImpl - Saved schedule for room 464: staffId=4, scheduledTime=07:00
2025-04-13 01:32:09 [http-nio-8081-exec-3] INFO  b.s.impl.HouseCleaningServiceImpl - Saved schedule for room 469: staffId=10, scheduledTime=07:00
2025-04-13 01:32:09 [http-nio-8081-exec-3] INFO  b.s.impl.HouseCleaningServiceImpl - Saved schedule for room 421: staffId=1, scheduledTime=07:00
2025-04-13 01:32:09 [http-nio-8081-exec-3] INFO  b.s.impl.HouseCleaningServiceImpl - Saved schedule for room 433: staffId=4, scheduledTime=07:00
2025-04-13 01:32:09 [http-nio-8081-exec-3] INFO  b.s.impl.HouseCleaningServiceImpl - Saved schedule for room 451: staffId=10, scheduledTime=07:00
2025-04-13 01:32:09 [http-nio-8081-exec-3] INFO  b.s.impl.HouseCleaningServiceImpl - Saved schedule for room 464: staffId=1, scheduledTime=07:00
2025-04-13 01:32:09 [http-nio-8081-exec-3] INFO  b.s.impl.HouseCleaningServiceImpl - Saved schedule for room 469: staffId=4, scheduledTime=07:00
2025-04-13 01:32:09 [http-nio-8081-exec-3] INFO  b.s.impl.HouseCleaningServiceImpl - Saved schedule for room 422: staffId=10, scheduledTime=08:30
2025-04-13 01:32:09 [http-nio-8081-exec-3] INFO  b.s.impl.HouseCleaningServiceImpl - Saved schedule for room 434: staffId=1, scheduledTime=08:30
2025-04-13 01:38:57 [SpringApplicationShutdownHook] INFO  o.s.b.w.e.tomcat.GracefulShutdown - Commencing graceful shutdown. Waiting for active requests to complete
2025-04-13 01:38:57 [tomcat-shutdown] INFO  o.s.b.w.e.tomcat.GracefulShutdown - Graceful shutdown complete
2025-04-13 01:38:57 [SpringApplicationShutdownHook] INFO  o.s.o.j.LocalContainerEntityManagerFactoryBean - Closing JPA EntityManagerFactory for persistence unit 'default'
2025-04-13 01:38:57 [SpringApplicationShutdownHook] INFO  com.zaxxer.hikari.HikariDataSource - HikariPool-1 - Shutdown initiated...
2025-04-13 01:38:58 [SpringApplicationShutdownHook] INFO  com.zaxxer.hikari.HikariDataSource - HikariPool-1 - Shutdown completed.
2025-04-13 01:39:04 [main] INFO  backend.HotelBookingApplication - Starting HotelBookingApplication using Java 17.0.13 with PID 4073 (/Users/sukuna/Documents/coding/IBE/IBE-BE/KDU/target/classes started by sukuna in /Users/sukuna/Documents/coding/IBE/IBE-BE/KDU)
2025-04-13 01:39:04 [main] INFO  backend.HotelBookingApplication - The following 1 profile is active: "dev"
2025-04-13 01:39:05 [main] INFO  o.s.d.r.c.RepositoryConfigurationDelegate - Bootstrapping Spring Data JPA repositories in DEFAULT mode.
2025-04-13 01:39:05 [main] INFO  o.s.d.r.c.RepositoryConfigurationDelegate - Finished Spring Data repository scanning in 60 ms. Found 15 JPA repository interfaces.
2025-04-13 01:39:05 [main] INFO  o.s.b.w.e.tomcat.TomcatWebServer - Tomcat initialized with port 8081 (http)
2025-04-13 01:39:05 [main] INFO  o.a.coyote.http11.Http11NioProtocol - Initializing ProtocolHandler ["http-nio-8081"]
2025-04-13 01:39:05 [main] INFO  o.a.catalina.core.StandardService - Starting service [Tomcat]
2025-04-13 01:39:05 [main] INFO  o.a.catalina.core.StandardEngine - Starting Servlet engine: [Apache Tomcat/10.1.36]
2025-04-13 01:39:05 [main] INFO  o.a.c.c.C.[Tomcat].[localhost].[/] - Initializing Spring embedded WebApplicationContext
2025-04-13 01:39:05 [main] INFO  o.s.b.w.s.c.ServletWebServerApplicationContext - Root WebApplicationContext: initialization completed in 1480 ms
2025-04-13 01:39:06 [main] INFO  com.zaxxer.hikari.HikariDataSource - HikariPool-1 - Starting...
2025-04-13 01:39:06 [main] INFO  com.zaxxer.hikari.pool.HikariPool - HikariPool-1 - Added connection org.postgresql.jdbc.PgConnection@5e7e7a7e
2025-04-13 01:39:06 [main] INFO  com.zaxxer.hikari.HikariDataSource - HikariPool-1 - Start completed.
2025-04-13 01:39:06 [main] INFO  o.s.o.j.p.SpringPersistenceUnitInfo - No LoadTimeWeaver setup: ignoring JPA class transformer
2025-04-13 01:39:06 [main] WARN  org.hibernate.orm.deprecation - HHH90000025: PostgreSQLDialect does not need to be specified explicitly using 'hibernate.dialect' (remove the property setting and it will be selected by default)
2025-04-13 01:39:08 [main] WARN  o.h.t.s.i.ExceptionHandlerLoggedImpl - GenerationTarget encountered exception accepting command : Error executing DDL "alter table if exists staff_room_map alter column staff_id set data type bigint" via JDBC [ERROR: column "staff_id" cannot be cast automatically to type bigint
  Hint: You might need to specify "USING staff_id::bigint".]
org.hibernate.tool.schema.spi.CommandAcceptanceException: Error executing DDL "alter table if exists staff_room_map alter column staff_id set data type bigint" via JDBC [ERROR: column "staff_id" cannot be cast automatically to type bigint
  Hint: You might need to specify "USING staff_id::bigint".]
	at org.hibernate.tool.schema.internal.exec.GenerationTargetToDatabase.accept(GenerationTargetToDatabase.java:94)
	at org.hibernate.tool.schema.internal.AbstractSchemaMigrator.applySqlString(AbstractSchemaMigrator.java:576)
	at org.hibernate.tool.schema.internal.AbstractSchemaMigrator.applySqlStrings(AbstractSchemaMigrator.java:516)
	at org.hibernate.tool.schema.internal.AbstractSchemaMigrator.migrateTable(AbstractSchemaMigrator.java:334)
	at org.hibernate.tool.schema.internal.GroupedSchemaMigratorImpl.performTablesMigration(GroupedSchemaMigratorImpl.java:84)
	at org.hibernate.tool.schema.internal.AbstractSchemaMigrator.performMigration(AbstractSchemaMigrator.java:233)
	at org.hibernate.tool.schema.internal.AbstractSchemaMigrator.doMigration(AbstractSchemaMigrator.java:112)
	at org.hibernate.tool.schema.spi.SchemaManagementToolCoordinator.performDatabaseAction(SchemaManagementToolCoordinator.java:280)
	at org.hibernate.tool.schema.spi.SchemaManagementToolCoordinator.lambda$process$5(SchemaManagementToolCoordinator.java:144)
	at java.base/java.util.HashMap.forEach(HashMap.java:1421)
	at org.hibernate.tool.schema.spi.SchemaManagementToolCoordinator.process(SchemaManagementToolCoordinator.java:141)
	at org.hibernate.boot.internal.SessionFactoryObserverForSchemaExport.sessionFactoryCreated(SessionFactoryObserverForSchemaExport.java:37)
	at org.hibernate.internal.SessionFactoryObserverChain.sessionFactoryCreated(SessionFactoryObserverChain.java:35)
	at org.hibernate.internal.SessionFactoryImpl.<init>(SessionFactoryImpl.java:324)
	at org.hibernate.boot.internal.SessionFactoryBuilderImpl.build(SessionFactoryBuilderImpl.java:463)
	at org.hibernate.jpa.boot.internal.EntityManagerFactoryBuilderImpl.build(EntityManagerFactoryBuilderImpl.java:1517)
	at org.springframework.orm.jpa.vendor.SpringHibernateJpaPersistenceProvider.createContainerEntityManagerFactory(SpringHibernateJpaPersistenceProvider.java:66)
	at org.springframework.orm.jpa.LocalContainerEntityManagerFactoryBean.createNativeEntityManagerFactory(LocalContainerEntityManagerFactoryBean.java:390)
	at org.springframework.orm.jpa.AbstractEntityManagerFactoryBean.buildNativeEntityManagerFactory(AbstractEntityManagerFactoryBean.java:419)
	at org.springframework.orm.jpa.AbstractEntityManagerFactoryBean.afterPropertiesSet(AbstractEntityManagerFactoryBean.java:400)
	at org.springframework.orm.jpa.LocalContainerEntityManagerFactoryBean.afterPropertiesSet(LocalContainerEntityManagerFactoryBean.java:366)
	at org.springframework.beans.factory.support.AbstractAutowireCapableBeanFactory.invokeInitMethods(AbstractAutowireCapableBeanFactory.java:1859)
	at org.springframework.beans.factory.support.AbstractAutowireCapableBeanFactory.initializeBean(AbstractAutowireCapableBeanFactory.java:1808)
	at org.springframework.beans.factory.support.AbstractAutowireCapableBeanFactory.doCreateBean(AbstractAutowireCapableBeanFactory.java:601)
	at org.springframework.beans.factory.support.AbstractAutowireCapableBeanFactory.createBean(AbstractAutowireCapableBeanFactory.java:523)
	at org.springframework.beans.factory.support.AbstractBeanFactory.lambda$doGetBean$0(AbstractBeanFactory.java:339)
	at org.springframework.beans.factory.support.DefaultSingletonBeanRegistry.getSingleton(DefaultSingletonBeanRegistry.java:346)
	at org.springframework.beans.factory.support.AbstractBeanFactory.doGetBean(AbstractBeanFactory.java:337)
	at org.springframework.beans.factory.support.AbstractBeanFactory.getBean(AbstractBeanFactory.java:207)
	at org.springframework.context.support.AbstractApplicationContext.finishBeanFactoryInitialization(AbstractApplicationContext.java:970)
	at org.springframework.context.support.AbstractApplicationContext.refresh(AbstractApplicationContext.java:627)
	at org.springframework.boot.web.servlet.context.ServletWebServerApplicationContext.refresh(ServletWebServerApplicationContext.java:146)
	at org.springframework.boot.SpringApplication.refresh(SpringApplication.java:752)
	at org.springframework.boot.SpringApplication.refreshContext(SpringApplication.java:439)
	at org.springframework.boot.SpringApplication.run(SpringApplication.java:318)
	at org.springframework.boot.SpringApplication.run(SpringApplication.java:1361)
	at org.springframework.boot.SpringApplication.run(SpringApplication.java:1350)
	at backend.HotelBookingApplication.main(HotelBookingApplication.java:15)
Caused by: org.postgresql.util.PSQLException: ERROR: column "staff_id" cannot be cast automatically to type bigint
  Hint: You might need to specify "USING staff_id::bigint".
	at org.postgresql.core.v3.QueryExecutorImpl.receiveErrorResponse(QueryExecutorImpl.java:2733)
	at org.postgresql.core.v3.QueryExecutorImpl.processResults(QueryExecutorImpl.java:2420)
	at org.postgresql.core.v3.QueryExecutorImpl.execute(QueryExecutorImpl.java:372)
	at org.postgresql.jdbc.PgStatement.executeInternal(PgStatement.java:517)
	at org.postgresql.jdbc.PgStatement.execute(PgStatement.java:434)
	at org.postgresql.jdbc.PgStatement.executeWithFlags(PgStatement.java:356)
	at org.postgresql.jdbc.PgStatement.executeCachedSql(PgStatement.java:341)
	at org.postgresql.jdbc.PgStatement.executeWithFlags(PgStatement.java:317)
	at org.postgresql.jdbc.PgStatement.execute(PgStatement.java:312)
	at com.zaxxer.hikari.pool.ProxyStatement.execute(ProxyStatement.java:94)
	at com.zaxxer.hikari.pool.HikariProxyStatement.execute(HikariProxyStatement.java)
	at org.hibernate.tool.schema.internal.exec.GenerationTargetToDatabase.accept(GenerationTargetToDatabase.java:80)
	... 37 common frames omitted
2025-04-13 01:39:08 [main] WARN  o.h.t.s.i.ExceptionHandlerLoggedImpl - GenerationTarget encountered exception accepting command : Error executing DDL "alter table if exists staff_room_map add constraint FKyd20ehofj2axxe92vl67pqvx foreign key (staff_id) references staff" via JDBC [ERROR: foreign key constraint "fkyd20ehofj2axxe92vl67pqvx" cannot be implemented
  Detail: Key columns "staff_id" and "staff_id" are of incompatible types: character varying and bigint.]
org.hibernate.tool.schema.spi.CommandAcceptanceException: Error executing DDL "alter table if exists staff_room_map add constraint FKyd20ehofj2axxe92vl67pqvx foreign key (staff_id) references staff" via JDBC [ERROR: foreign key constraint "fkyd20ehofj2axxe92vl67pqvx" cannot be implemented
  Detail: Key columns "staff_id" and "staff_id" are of incompatible types: character varying and bigint.]
	at org.hibernate.tool.schema.internal.exec.GenerationTargetToDatabase.accept(GenerationTargetToDatabase.java:94)
	at org.hibernate.tool.schema.internal.AbstractSchemaMigrator.applySqlString(AbstractSchemaMigrator.java:576)
	at org.hibernate.tool.schema.internal.AbstractSchemaMigrator.applySqlStrings(AbstractSchemaMigrator.java:516)
	at org.hibernate.tool.schema.internal.AbstractSchemaMigrator.applyForeignKeys(AbstractSchemaMigrator.java:448)
	at org.hibernate.tool.schema.internal.AbstractSchemaMigrator.performMigration(AbstractSchemaMigrator.java:269)
	at org.hibernate.tool.schema.internal.AbstractSchemaMigrator.doMigration(AbstractSchemaMigrator.java:112)
	at org.hibernate.tool.schema.spi.SchemaManagementToolCoordinator.performDatabaseAction(SchemaManagementToolCoordinator.java:280)
	at org.hibernate.tool.schema.spi.SchemaManagementToolCoordinator.lambda$process$5(SchemaManagementToolCoordinator.java:144)
	at java.base/java.util.HashMap.forEach(HashMap.java:1421)
	at org.hibernate.tool.schema.spi.SchemaManagementToolCoordinator.process(SchemaManagementToolCoordinator.java:141)
	at org.hibernate.boot.internal.SessionFactoryObserverForSchemaExport.sessionFactoryCreated(SessionFactoryObserverForSchemaExport.java:37)
	at org.hibernate.internal.SessionFactoryObserverChain.sessionFactoryCreated(SessionFactoryObserverChain.java:35)
	at org.hibernate.internal.SessionFactoryImpl.<init>(SessionFactoryImpl.java:324)
	at org.hibernate.boot.internal.SessionFactoryBuilderImpl.build(SessionFactoryBuilderImpl.java:463)
	at org.hibernate.jpa.boot.internal.EntityManagerFactoryBuilderImpl.build(EntityManagerFactoryBuilderImpl.java:1517)
	at org.springframework.orm.jpa.vendor.SpringHibernateJpaPersistenceProvider.createContainerEntityManagerFactory(SpringHibernateJpaPersistenceProvider.java:66)
	at org.springframework.orm.jpa.LocalContainerEntityManagerFactoryBean.createNativeEntityManagerFactory(LocalContainerEntityManagerFactoryBean.java:390)
	at org.springframework.orm.jpa.AbstractEntityManagerFactoryBean.buildNativeEntityManagerFactory(AbstractEntityManagerFactoryBean.java:419)
	at org.springframework.orm.jpa.AbstractEntityManagerFactoryBean.afterPropertiesSet(AbstractEntityManagerFactoryBean.java:400)
	at org.springframework.orm.jpa.LocalContainerEntityManagerFactoryBean.afterPropertiesSet(LocalContainerEntityManagerFactoryBean.java:366)
	at org.springframework.beans.factory.support.AbstractAutowireCapableBeanFactory.invokeInitMethods(AbstractAutowireCapableBeanFactory.java:1859)
	at org.springframework.beans.factory.support.AbstractAutowireCapableBeanFactory.initializeBean(AbstractAutowireCapableBeanFactory.java:1808)
	at org.springframework.beans.factory.support.AbstractAutowireCapableBeanFactory.doCreateBean(AbstractAutowireCapableBeanFactory.java:601)
	at org.springframework.beans.factory.support.AbstractAutowireCapableBeanFactory.createBean(AbstractAutowireCapableBeanFactory.java:523)
	at org.springframework.beans.factory.support.AbstractBeanFactory.lambda$doGetBean$0(AbstractBeanFactory.java:339)
	at org.springframework.beans.factory.support.DefaultSingletonBeanRegistry.getSingleton(DefaultSingletonBeanRegistry.java:346)
	at org.springframework.beans.factory.support.AbstractBeanFactory.doGetBean(AbstractBeanFactory.java:337)
	at org.springframework.beans.factory.support.AbstractBeanFactory.getBean(AbstractBeanFactory.java:207)
	at org.springframework.context.support.AbstractApplicationContext.finishBeanFactoryInitialization(AbstractApplicationContext.java:970)
	at org.springframework.context.support.AbstractApplicationContext.refresh(AbstractApplicationContext.java:627)
	at org.springframework.boot.web.servlet.context.ServletWebServerApplicationContext.refresh(ServletWebServerApplicationContext.java:146)
	at org.springframework.boot.SpringApplication.refresh(SpringApplication.java:752)
	at org.springframework.boot.SpringApplication.refreshContext(SpringApplication.java:439)
	at org.springframework.boot.SpringApplication.run(SpringApplication.java:318)
	at org.springframework.boot.SpringApplication.run(SpringApplication.java:1361)
	at org.springframework.boot.SpringApplication.run(SpringApplication.java:1350)
	at backend.HotelBookingApplication.main(HotelBookingApplication.java:15)
Caused by: org.postgresql.util.PSQLException: ERROR: foreign key constraint "fkyd20ehofj2axxe92vl67pqvx" cannot be implemented
  Detail: Key columns "staff_id" and "staff_id" are of incompatible types: character varying and bigint.
	at org.postgresql.core.v3.QueryExecutorImpl.receiveErrorResponse(QueryExecutorImpl.java:2733)
	at org.postgresql.core.v3.QueryExecutorImpl.processResults(QueryExecutorImpl.java:2420)
	at org.postgresql.core.v3.QueryExecutorImpl.execute(QueryExecutorImpl.java:372)
	at org.postgresql.jdbc.PgStatement.executeInternal(PgStatement.java:517)
	at org.postgresql.jdbc.PgStatement.execute(PgStatement.java:434)
	at org.postgresql.jdbc.PgStatement.executeWithFlags(PgStatement.java:356)
	at org.postgresql.jdbc.PgStatement.executeCachedSql(PgStatement.java:341)
	at org.postgresql.jdbc.PgStatement.executeWithFlags(PgStatement.java:317)
	at org.postgresql.jdbc.PgStatement.execute(PgStatement.java:312)
	at com.zaxxer.hikari.pool.ProxyStatement.execute(ProxyStatement.java:94)
	at com.zaxxer.hikari.pool.HikariProxyStatement.execute(HikariProxyStatement.java)
	at org.hibernate.tool.schema.internal.exec.GenerationTargetToDatabase.accept(GenerationTargetToDatabase.java:80)
	... 36 common frames omitted
2025-04-13 01:39:08 [main] INFO  o.s.o.j.LocalContainerEntityManagerFactoryBean - Initialized JPA EntityManagerFactory for persistence unit 'default'
2025-04-13 01:39:08 [main] INFO  backend.config.CorsConfig - CORS Configuration Loaded!
2025-04-13 01:39:08 [main] DEBUG o.s.c.e.PropertySourcesPropertyResolver - Found key 'spring.security.oauth2.resourceserver.jwt.issuer-uri' in PropertySource 'environmentProperties' with value of type String
2025-04-13 01:39:08 [main] INFO  o.s.d.j.r.query.QueryEnhancerFactory - Hibernate is in classpath; If applicable, HQL parser will be used.
2025-04-13 01:39:08 [main] DEBUG o.s.c.e.PropertySourcesPropertyResolver - Found key 'graphql.endpoint' in PropertySource 'environmentProperties' with value of type String
2025-04-13 01:39:08 [main] DEBUG o.s.c.e.PropertySourcesPropertyResolver - Found key 'graphql.api-key' in PropertySource 'environmentProperties' with value of type String
2025-04-13 01:39:09 [main] DEBUG o.s.c.e.PropertySourcesPropertyResolver - Found key 'graphql.api.key' in PropertySource 'environmentProperties' with value of type String
2025-04-13 01:39:09 [main] DEBUG o.s.c.e.PropertySourcesPropertyResolver - Found key 'graphql.url' in PropertySource 'environmentProperties' with value of type String
2025-04-13 01:39:09 [main] DEBUG o.s.c.e.PropertySourcesPropertyResolver - Found key 'spring.mail.username' in PropertySource 'environmentProperties' with value of type String
2025-04-13 01:39:09 [main] DEBUG o.s.c.e.PropertySourcesPropertyResolver - Found key 'otp.expiry.minutes' in PropertySource 'environmentProperties' with value of type String
2025-04-13 01:39:09 [main] DEBUG o.s.c.e.PropertySourcesPropertyResolver - Found key 'otp.max.attempts' in PropertySource 'environmentProperties' with value of type String
2025-04-13 01:39:09 [main] DEBUG o.s.c.e.PropertySourcesPropertyResolver - Found key 'graphql.endpoint' in PropertySource 'environmentProperties' with value of type String
2025-04-13 01:39:09 [main] DEBUG o.s.c.e.PropertySourcesPropertyResolver - Found key 'graphql.api-key' in PropertySource 'environmentProperties' with value of type String
2025-04-13 01:39:09 [main] DEBUG o.s.c.e.PropertySourcesPropertyResolver - Found key 'graphql.api.key' in PropertySource 'environmentProperties' with value of type String
2025-04-13 01:39:09 [main] DEBUG o.s.c.e.PropertySourcesPropertyResolver - Found key 'graphql.url' in PropertySource 'environmentProperties' with value of type String
2025-04-13 01:39:09 [main] DEBUG o.s.c.e.PropertySourcesPropertyResolver - Found key 'graphql.endpoint' in PropertySource 'environmentProperties' with value of type String
2025-04-13 01:39:09 [main] DEBUG o.s.c.e.PropertySourcesPropertyResolver - Found key 'graphql.api-key' in PropertySource 'environmentProperties' with value of type String
2025-04-13 01:39:09 [main] DEBUG o.s.c.e.PropertySourcesPropertyResolver - Found key 'graphql.endpoint' in PropertySource 'environmentProperties' with value of type String
2025-04-13 01:39:09 [main] DEBUG o.s.c.e.PropertySourcesPropertyResolver - Found key 'graphql.apiKey' in PropertySource 'environmentProperties' with value of type String
2025-04-13 01:39:09 [main] DEBUG o.s.c.e.PropertySourcesPropertyResolver - Found key 'graphql.endpoint' in PropertySource 'environmentProperties' with value of type String
2025-04-13 01:39:09 [main] DEBUG o.s.c.e.PropertySourcesPropertyResolver - Found key 'graphql.apiKey' in PropertySource 'environmentProperties' with value of type String
2025-04-13 01:39:09 [main] DEBUG o.s.c.e.PropertySourcesPropertyResolver - Found key 'api.base.url' in PropertySource 'environmentProperties' with value of type String
2025-04-13 01:39:09 [main] WARN  o.s.b.a.o.j.JpaBaseConfiguration$JpaWebConfiguration - spring.jpa.open-in-view is enabled by default. Therefore, database queries may be performed during view rendering. Explicitly configure spring.jpa.open-in-view to disable this warning
2025-04-13 01:39:09 [main] INFO  backend.config.CorsConfig - Applying CORS settings...
2025-04-13 01:39:09 [main] DEBUG o.s.s.c.a.a.c.AuthenticationConfiguration$DefaultPasswordEncoderAuthenticationManagerBuilder - No authenticationProviders and no parentAuthenticationManager defined. Returning null.
2025-04-13 01:39:09 [main] INFO  o.s.b.a.e.web.EndpointLinksResolver - Exposing 2 endpoints beneath base path '/actuator'
2025-04-13 01:39:09 [main] INFO  backend.config.SecurityConfig - Configuring security filter chain...
2025-04-13 01:39:09 [main] INFO  backend.config.SecurityConfig - Using issuer URI: https://cognito-idp.ap-south-1.amazonaws.com/ap-south-1_IGHZ9OObg
2025-04-13 01:39:09 [main] INFO  backend.config.SecurityConfig - Configuring authorization rules...
2025-04-13 01:39:09 [main] INFO  backend.config.SecurityConfig - Configuring OAuth2 resource server...
2025-04-13 01:39:09 [main] INFO  backend.config.SecurityConfig - Configuring JWT...
2025-04-13 01:39:09 [main] INFO  backend.config.SecurityConfig - Creating JWT decoder with issuer URI: https://cognito-idp.ap-south-1.amazonaws.com/ap-south-1_IGHZ9OObg
2025-04-13 01:39:10 [main] INFO  backend.config.SecurityConfig - Configuring session management...
2025-04-13 01:39:10 [main] DEBUG o.s.s.web.DefaultSecurityFilterChain - Will secure any request with filters: DisableEncodeUrlFilter, WebAsyncManagerIntegrationFilter, SecurityContextHolderFilter, HeaderWriterFilter, LogoutFilter, BearerTokenAuthenticationFilter, RequestCacheAwareFilter, SecurityContextHolderAwareRequestFilter, AnonymousAuthenticationFilter, SessionManagementFilter, ExceptionTranslationFilter, AuthorizationFilter
2025-04-13 01:39:10 [main] INFO  o.a.coyote.http11.Http11NioProtocol - Starting ProtocolHandler ["http-nio-8081"]
2025-04-13 01:39:10 [main] INFO  o.s.b.w.e.tomcat.TomcatWebServer - Tomcat started on port 8081 (http) with context path '/'
2025-04-13 01:39:10 [main] INFO  backend.HotelBookingApplication - Started HotelBookingApplication in 7.163 seconds (process running for 7.757)
2025-04-13 01:39:28 [http-nio-8081-exec-1] INFO  o.a.c.c.C.[Tomcat].[localhost].[/] - Initializing Spring DispatcherServlet 'dispatcherServlet'
2025-04-13 01:39:28 [http-nio-8081-exec-1] INFO  o.s.web.servlet.DispatcherServlet - Initializing Servlet 'dispatcherServlet'
2025-04-13 01:39:28 [http-nio-8081-exec-1] INFO  o.s.web.servlet.DispatcherServlet - Completed initialization in 2 ms
2025-04-13 01:39:28 [http-nio-8081-exec-1] DEBUG o.s.security.web.FilterChainProxy - Securing POST /api/house-cleaning/generate?date=2025-05-01
2025-04-13 01:39:28 [http-nio-8081-exec-1] DEBUG o.s.s.w.a.AnonymousAuthenticationFilter - Set SecurityContextHolder to anonymous SecurityContext
2025-04-13 01:39:28 [http-nio-8081-exec-1] DEBUG o.s.security.web.FilterChainProxy - Secured POST /api/house-cleaning/generate?date=2025-05-01
2025-04-13 01:39:28 [http-nio-8081-exec-1] INFO  b.s.impl.HouseCleaningServiceImpl - Generating cleaning schedules for date: 2025-05-01
2025-04-13 01:39:28 [http-nio-8081-exec-1] INFO  b.s.impl.HouseCleaningServiceImpl - Found 10 check-in bookings, 0 check-out bookings, and 10 current bookings for date 2025-05-01
2025-04-13 01:39:28 [http-nio-8081-exec-1] INFO  b.s.impl.BookedRoomsServiceImpl - Checking check-in rooms for date: 2025-05-01
2025-04-13 01:39:28 [http-nio-8081-exec-1] INFO  b.s.impl.BookedRoomsServiceImpl - Found 10 transactions with check-in date 2025-05-01
2025-04-13 01:39:28 [http-nio-8081-exec-1] INFO  b.s.impl.BookedRoomsServiceImpl - Booking IDs for check-in: [13, 12, 15, 14, 53, 55, 59, 60, 155, 318]
2025-04-13 01:39:34 [http-nio-8081-exec-1] INFO  b.s.impl.BookedRoomsServiceImpl - Room IDs for bookings [13, 12, 15, 14, 53, 55, 59, 60, 155, 318]: [421, 422, 433, 434, 439, 451, 452, 457, 464, 469, 470]
2025-04-13 01:39:34 [http-nio-8081-exec-1] INFO  b.s.impl.BookedRoomsServiceImpl - Checking check-out rooms for date: 2025-05-01
2025-04-13 01:39:34 [http-nio-8081-exec-1] INFO  b.s.impl.BookedRoomsServiceImpl - Found 0 transactions with check-out date 2025-05-01
2025-04-13 01:39:34 [http-nio-8081-exec-1] INFO  b.s.impl.BookedRoomsServiceImpl - Booking IDs for check-out: []
2025-04-13 01:39:34 [http-nio-8081-exec-1] INFO  b.s.impl.BookedRoomsServiceImpl - No booking IDs found, returning empty list
2025-04-13 01:39:34 [http-nio-8081-exec-1] INFO  b.s.impl.BookedRoomsServiceImpl - Checking currently booked rooms for date: 2025-05-01T00:00:00Z
2025-04-13 01:39:34 [http-nio-8081-exec-1] INFO  b.s.impl.BookedRoomsServiceImpl - Currently booked room IDs: [421, 422, 433, 434, 439, 451, 452, 457, 464, 469, 470]
2025-04-13 01:39:34 [http-nio-8081-exec-1] INFO  b.s.impl.HouseCleaningServiceImpl - Found 11 check-in rooms, 0 check-out rooms, and 11 current rooms for date 2025-05-01
2025-04-13 01:39:34 [http-nio-8081-exec-1] WARN  b.s.impl.HouseCleaningServiceImpl - Could not extract room ID from booking details for booking ID 13
2025-04-13 01:39:34 [http-nio-8081-exec-1] WARN  b.s.impl.HouseCleaningServiceImpl - Could not extract room ID from booking details for booking ID 12
2025-04-13 01:39:34 [http-nio-8081-exec-1] WARN  b.s.impl.HouseCleaningServiceImpl - Could not extract room ID from booking details for booking ID 15
2025-04-13 01:39:34 [http-nio-8081-exec-1] WARN  b.s.impl.HouseCleaningServiceImpl - Could not extract room ID from booking details for booking ID 14
2025-04-13 01:39:34 [http-nio-8081-exec-1] WARN  b.s.impl.HouseCleaningServiceImpl - Could not extract room ID from booking details for booking ID 53
2025-04-13 01:39:34 [http-nio-8081-exec-1] WARN  b.s.impl.HouseCleaningServiceImpl - Could not extract room ID from booking details for booking ID 55
2025-04-13 01:39:34 [http-nio-8081-exec-1] WARN  b.s.impl.HouseCleaningServiceImpl - Could not extract room ID from booking details for booking ID 59
2025-04-13 01:39:34 [http-nio-8081-exec-1] WARN  b.s.impl.HouseCleaningServiceImpl - Could not extract room ID from booking details for booking ID 60
2025-04-13 01:39:34 [http-nio-8081-exec-1] WARN  b.s.impl.HouseCleaningServiceImpl - Could not extract room ID from booking details for booking ID 155
2025-04-13 01:39:34 [http-nio-8081-exec-1] WARN  b.s.impl.HouseCleaningServiceImpl - Could not extract room ID from booking details for booking ID 318
2025-04-13 01:39:34 [http-nio-8081-exec-1] WARN  b.s.impl.HouseCleaningServiceImpl - Could not extract room ID from booking details for booking ID 13
2025-04-13 01:39:34 [http-nio-8081-exec-1] WARN  b.s.impl.HouseCleaningServiceImpl - Could not extract room ID from booking details for booking ID 12
2025-04-13 01:39:34 [http-nio-8081-exec-1] WARN  b.s.impl.HouseCleaningServiceImpl - Could not extract room ID from booking details for booking ID 15
2025-04-13 01:39:34 [http-nio-8081-exec-1] WARN  b.s.impl.HouseCleaningServiceImpl - Could not extract room ID from booking details for booking ID 14
2025-04-13 01:39:34 [http-nio-8081-exec-1] WARN  b.s.impl.HouseCleaningServiceImpl - Could not extract room ID from booking details for booking ID 53
2025-04-13 01:39:34 [http-nio-8081-exec-1] WARN  b.s.impl.HouseCleaningServiceImpl - Could not extract room ID from booking details for booking ID 55
2025-04-13 01:39:34 [http-nio-8081-exec-1] WARN  b.s.impl.HouseCleaningServiceImpl - Could not extract room ID from booking details for booking ID 59
2025-04-13 01:39:34 [http-nio-8081-exec-1] WARN  b.s.impl.HouseCleaningServiceImpl - Could not extract room ID from booking details for booking ID 60
2025-04-13 01:39:34 [http-nio-8081-exec-1] WARN  b.s.impl.HouseCleaningServiceImpl - Could not extract room ID from booking details for booking ID 155
2025-04-13 01:39:34 [http-nio-8081-exec-1] WARN  b.s.impl.HouseCleaningServiceImpl - Could not extract room ID from booking details for booking ID 318
2025-04-13 01:39:34 [http-nio-8081-exec-1] INFO  b.s.impl.HouseCleaningServiceImpl - Room to booking map: {}
2025-04-13 01:39:34 [http-nio-8081-exec-1] WARN  b.s.impl.HouseCleaningServiceImpl - No booking ID found for room ID 421
2025-04-13 01:39:34 [http-nio-8081-exec-1] WARN  b.s.impl.HouseCleaningServiceImpl - No booking ID found for room ID 422
2025-04-13 01:39:34 [http-nio-8081-exec-1] WARN  b.s.impl.HouseCleaningServiceImpl - No booking ID found for room ID 433
2025-04-13 01:39:34 [http-nio-8081-exec-1] WARN  b.s.impl.HouseCleaningServiceImpl - No booking ID found for room ID 434
2025-04-13 01:39:34 [http-nio-8081-exec-1] WARN  b.s.impl.HouseCleaningServiceImpl - No booking ID found for room ID 439
2025-04-13 01:39:34 [http-nio-8081-exec-1] WARN  b.s.impl.HouseCleaningServiceImpl - No booking ID found for room ID 451
2025-04-13 01:39:34 [http-nio-8081-exec-1] WARN  b.s.impl.HouseCleaningServiceImpl - No booking ID found for room ID 452
2025-04-13 01:39:34 [http-nio-8081-exec-1] WARN  b.s.impl.HouseCleaningServiceImpl - No booking ID found for room ID 457
2025-04-13 01:39:34 [http-nio-8081-exec-1] WARN  b.s.impl.HouseCleaningServiceImpl - No booking ID found for room ID 464
2025-04-13 01:39:34 [http-nio-8081-exec-1] WARN  b.s.impl.HouseCleaningServiceImpl - No booking ID found for room ID 469
2025-04-13 01:39:34 [http-nio-8081-exec-1] WARN  b.s.impl.HouseCleaningServiceImpl - No booking ID found for room ID 470
2025-04-13 01:39:41 [http-nio-8081-exec-3] DEBUG o.s.security.web.FilterChainProxy - Securing POST /api/house-cleaning/assign-staff?date=2025-05-01&shift=MORNING_SHIFT
2025-04-13 01:39:41 [http-nio-8081-exec-3] DEBUG o.s.s.w.a.AnonymousAuthenticationFilter - Set SecurityContextHolder to anonymous SecurityContext
2025-04-13 01:39:41 [http-nio-8081-exec-3] DEBUG o.s.security.web.FilterChainProxy - Secured POST /api/house-cleaning/assign-staff?date=2025-05-01&shift=MORNING_SHIFT
2025-04-13 01:39:41 [http-nio-8081-exec-3] INFO  b.s.impl.HouseCleaningServiceImpl - Assigning staff to schedules for date: 2025-05-01 and shift: MORNING_SHIFT
2025-04-13 01:39:41 [http-nio-8081-exec-3] INFO  b.s.impl.HouseCleaningServiceImpl - Shift time: 05:00 to 09:00
2025-04-13 01:39:41 [http-nio-8081-exec-3] INFO  b.s.impl.HouseCleaningServiceImpl - Original scheduled time for room 421: 05:00
2025-04-13 01:39:41 [http-nio-8081-exec-3] INFO  b.s.impl.HouseCleaningServiceImpl - Assigned staff 1 to room 421 for cleaning from 05:00 to 05:30
2025-04-13 01:39:41 [http-nio-8081-exec-3] INFO  b.s.impl.HouseCleaningServiceImpl - Original scheduled time for room 439: 05:00
2025-04-13 01:39:41 [http-nio-8081-exec-3] INFO  b.s.impl.HouseCleaningServiceImpl - Assigned staff 4 to room 439 for cleaning from 05:00 to 05:30
2025-04-13 01:39:41 [http-nio-8081-exec-3] INFO  b.s.impl.HouseCleaningServiceImpl - Original scheduled time for room 434: 05:30
2025-04-13 01:39:41 [http-nio-8081-exec-3] INFO  b.s.impl.HouseCleaningServiceImpl - Assigned staff 10 to room 434 for cleaning from 05:30 to 06:00
2025-04-13 01:39:41 [http-nio-8081-exec-3] INFO  b.s.impl.HouseCleaningServiceImpl - Original scheduled time for room 451: 06:00
2025-04-13 01:39:41 [http-nio-8081-exec-3] INFO  b.s.impl.HouseCleaningServiceImpl - Assigned staff 1 to room 451 for cleaning from 06:00 to 06:30
2025-04-13 01:39:41 [http-nio-8081-exec-3] INFO  b.s.impl.HouseCleaningServiceImpl - Original scheduled time for room 464: 07:00
2025-04-13 01:39:41 [http-nio-8081-exec-3] INFO  b.s.impl.HouseCleaningServiceImpl - Assigned staff 1 to room 464 for cleaning from 07:00 to 07:30
2025-04-13 01:39:41 [http-nio-8081-exec-3] INFO  b.s.impl.HouseCleaningServiceImpl - Original scheduled time for room 470: 07:00
2025-04-13 01:39:41 [http-nio-8081-exec-3] INFO  b.s.impl.HouseCleaningServiceImpl - Assigned staff 4 to room 470 for cleaning from 07:00 to 07:30
2025-04-13 01:39:41 [http-nio-8081-exec-3] INFO  b.s.impl.HouseCleaningServiceImpl - Original scheduled time for room 422: 07:30
2025-04-13 01:39:41 [http-nio-8081-exec-3] INFO  b.s.impl.HouseCleaningServiceImpl - Assigned staff 10 to room 422 for cleaning from 07:30 to 08:00
2025-04-13 01:39:41 [http-nio-8081-exec-3] INFO  b.s.impl.HouseCleaningServiceImpl - Original scheduled time for room 457: 07:30
2025-04-13 01:39:41 [http-nio-8081-exec-3] INFO  b.s.impl.HouseCleaningServiceImpl - Assigned staff 1 to room 457 for cleaning from 07:30 to 08:00
2025-04-13 01:39:41 [http-nio-8081-exec-3] INFO  b.s.impl.HouseCleaningServiceImpl - Original scheduled time for room 469: 07:30
2025-04-13 01:39:41 [http-nio-8081-exec-3] INFO  b.s.impl.HouseCleaningServiceImpl - Assigned staff 4 to room 469 for cleaning from 07:30 to 08:00
2025-04-13 01:39:41 [http-nio-8081-exec-3] INFO  b.s.impl.HouseCleaningServiceImpl - Original scheduled time for room 452: 08:00
2025-04-13 01:39:41 [http-nio-8081-exec-3] INFO  b.s.impl.HouseCleaningServiceImpl - Assigned staff 1 to room 452 for cleaning from 08:00 to 08:30
2025-04-13 01:39:41 [http-nio-8081-exec-3] INFO  b.s.impl.HouseCleaningServiceImpl - Original scheduled time for room 433: 08:30
2025-04-13 01:39:41 [http-nio-8081-exec-3] INFO  b.s.impl.HouseCleaningServiceImpl - Assigned staff 4 to room 433 for cleaning from 08:30 to 09:00
2025-04-13 01:39:41 [http-nio-8081-exec-3] INFO  b.s.impl.HouseCleaningServiceImpl - Staff 1 has 5 rooms assigned
2025-04-13 01:39:41 [http-nio-8081-exec-3] INFO  b.s.impl.HouseCleaningServiceImpl -   - Room 464 at 07:00
2025-04-13 01:39:41 [http-nio-8081-exec-3] INFO  b.s.impl.HouseCleaningServiceImpl -   - Room 451 at 06:00
2025-04-13 01:39:41 [http-nio-8081-exec-3] INFO  b.s.impl.HouseCleaningServiceImpl -   - Room 452 at 08:00
2025-04-13 01:39:41 [http-nio-8081-exec-3] INFO  b.s.impl.HouseCleaningServiceImpl -   - Room 421 at 05:00
2025-04-13 01:39:41 [http-nio-8081-exec-3] INFO  b.s.impl.HouseCleaningServiceImpl -   - Room 457 at 07:30
2025-04-13 01:39:41 [http-nio-8081-exec-3] INFO  b.s.impl.HouseCleaningServiceImpl - Staff 4 has 4 rooms assigned
2025-04-13 01:39:41 [http-nio-8081-exec-3] INFO  b.s.impl.HouseCleaningServiceImpl -   - Room 433 at 08:30
2025-04-13 01:39:41 [http-nio-8081-exec-3] INFO  b.s.impl.HouseCleaningServiceImpl -   - Room 469 at 07:30
2025-04-13 01:39:41 [http-nio-8081-exec-3] INFO  b.s.impl.HouseCleaningServiceImpl -   - Room 470 at 07:00
2025-04-13 01:39:41 [http-nio-8081-exec-3] INFO  b.s.impl.HouseCleaningServiceImpl -   - Room 439 at 05:00
2025-04-13 01:39:41 [http-nio-8081-exec-3] INFO  b.s.impl.HouseCleaningServiceImpl - Staff 10 has 2 rooms assigned
2025-04-13 01:39:41 [http-nio-8081-exec-3] INFO  b.s.impl.HouseCleaningServiceImpl -   - Room 434 at 05:30
2025-04-13 01:39:41 [http-nio-8081-exec-3] INFO  b.s.impl.HouseCleaningServiceImpl -   - Room 422 at 07:30
2025-04-13 01:39:41 [http-nio-8081-exec-3] INFO  b.s.impl.HouseCleaningServiceImpl - Saved schedule for room 421: staffId=1, scheduledTime=05:00
2025-04-13 01:39:41 [http-nio-8081-exec-3] INFO  b.s.impl.HouseCleaningServiceImpl - Saved schedule for room 439: staffId=4, scheduledTime=05:00
2025-04-13 01:39:41 [http-nio-8081-exec-3] INFO  b.s.impl.HouseCleaningServiceImpl - Saved schedule for room 434: staffId=10, scheduledTime=05:30
2025-04-13 01:39:41 [http-nio-8081-exec-3] INFO  b.s.impl.HouseCleaningServiceImpl - Saved schedule for room 451: staffId=1, scheduledTime=06:00
2025-04-13 01:39:41 [http-nio-8081-exec-3] INFO  b.s.impl.HouseCleaningServiceImpl - Saved schedule for room 464: staffId=1, scheduledTime=07:00
2025-04-13 01:39:41 [http-nio-8081-exec-3] INFO  b.s.impl.HouseCleaningServiceImpl - Saved schedule for room 470: staffId=4, scheduledTime=07:00
2025-04-13 01:39:41 [http-nio-8081-exec-3] INFO  b.s.impl.HouseCleaningServiceImpl - Saved schedule for room 422: staffId=10, scheduledTime=07:30
2025-04-13 01:39:41 [http-nio-8081-exec-3] INFO  b.s.impl.HouseCleaningServiceImpl - Saved schedule for room 457: staffId=1, scheduledTime=07:30
2025-04-13 01:39:41 [http-nio-8081-exec-3] INFO  b.s.impl.HouseCleaningServiceImpl - Saved schedule for room 469: staffId=4, scheduledTime=07:30
2025-04-13 01:39:41 [http-nio-8081-exec-3] INFO  b.s.impl.HouseCleaningServiceImpl - Saved schedule for room 452: staffId=1, scheduledTime=08:00
2025-04-13 01:39:41 [http-nio-8081-exec-3] INFO  b.s.impl.HouseCleaningServiceImpl - Saved schedule for room 433: staffId=4, scheduledTime=08:30
2025-04-13 01:42:42 [http-nio-8081-exec-5] DEBUG o.s.security.web.FilterChainProxy - Securing POST /api/house-cleaning/assign-staff?date=2025-05-01&shift=MORNING_SHIFT
2025-04-13 01:42:42 [http-nio-8081-exec-5] DEBUG o.s.s.w.a.AnonymousAuthenticationFilter - Set SecurityContextHolder to anonymous SecurityContext
2025-04-13 01:42:42 [http-nio-8081-exec-5] DEBUG o.s.security.web.FilterChainProxy - Secured POST /api/house-cleaning/assign-staff?date=2025-05-01&shift=MORNING_SHIFT
2025-04-13 01:42:42 [http-nio-8081-exec-5] INFO  b.s.impl.HouseCleaningServiceImpl - Assigning staff to schedules for date: 2025-05-01 and shift: MORNING_SHIFT
2025-04-13 01:42:42 [http-nio-8081-exec-5] INFO  b.s.impl.HouseCleaningServiceImpl - Shift time: 05:00 to 09:00
2025-04-13 01:42:42 [http-nio-8081-exec-5] INFO  b.s.impl.HouseCleaningServiceImpl - Original scheduled time for room 421: 05:00
2025-04-13 01:42:42 [http-nio-8081-exec-5] INFO  b.s.impl.HouseCleaningServiceImpl - Assigned staff 1 to room 421 for cleaning from 05:00 to 05:30
2025-04-13 01:42:42 [http-nio-8081-exec-5] INFO  b.s.impl.HouseCleaningServiceImpl - Original scheduled time for room 439: 05:00
2025-04-13 01:42:42 [http-nio-8081-exec-5] INFO  b.s.impl.HouseCleaningServiceImpl - Assigned staff 4 to room 439 for cleaning from 05:00 to 05:30
2025-04-13 01:42:42 [http-nio-8081-exec-5] INFO  b.s.impl.HouseCleaningServiceImpl - Original scheduled time for room 434: 05:30
2025-04-13 01:42:42 [http-nio-8081-exec-5] INFO  b.s.impl.HouseCleaningServiceImpl - Assigned staff 10 to room 434 for cleaning from 05:30 to 06:00
2025-04-13 01:42:42 [http-nio-8081-exec-5] INFO  b.s.impl.HouseCleaningServiceImpl - Original scheduled time for room 451: 06:00
2025-04-13 01:42:42 [http-nio-8081-exec-5] INFO  b.s.impl.HouseCleaningServiceImpl - Assigned staff 1 to room 451 for cleaning from 06:00 to 06:30
2025-04-13 01:42:42 [http-nio-8081-exec-5] INFO  b.s.impl.HouseCleaningServiceImpl - Original scheduled time for room 464: 07:00
2025-04-13 01:42:42 [http-nio-8081-exec-5] INFO  b.s.impl.HouseCleaningServiceImpl - Assigned staff 1 to room 464 for cleaning from 07:00 to 07:30
2025-04-13 01:42:42 [http-nio-8081-exec-5] INFO  b.s.impl.HouseCleaningServiceImpl - Original scheduled time for room 470: 07:00
2025-04-13 01:42:42 [http-nio-8081-exec-5] INFO  b.s.impl.HouseCleaningServiceImpl - Assigned staff 4 to room 470 for cleaning from 07:00 to 07:30
2025-04-13 01:42:42 [http-nio-8081-exec-5] INFO  b.s.impl.HouseCleaningServiceImpl - Original scheduled time for room 422: 07:30
2025-04-13 01:42:42 [http-nio-8081-exec-5] INFO  b.s.impl.HouseCleaningServiceImpl - Assigned staff 10 to room 422 for cleaning from 07:30 to 08:00
2025-04-13 01:42:42 [http-nio-8081-exec-5] INFO  b.s.impl.HouseCleaningServiceImpl - Original scheduled time for room 457: 07:30
2025-04-13 01:42:42 [http-nio-8081-exec-5] INFO  b.s.impl.HouseCleaningServiceImpl - Assigned staff 7 to room 457 for cleaning from 07:30 to 08:00
2025-04-13 01:42:42 [http-nio-8081-exec-5] INFO  b.s.impl.HouseCleaningServiceImpl - Original scheduled time for room 469: 07:30
2025-04-13 01:42:42 [http-nio-8081-exec-5] INFO  b.s.impl.HouseCleaningServiceImpl - Assigned staff 1 to room 469 for cleaning from 07:30 to 08:00
2025-04-13 01:42:42 [http-nio-8081-exec-5] INFO  b.s.impl.HouseCleaningServiceImpl - Original scheduled time for room 452: 08:00
2025-04-13 01:42:42 [http-nio-8081-exec-5] INFO  b.s.impl.HouseCleaningServiceImpl - Assigned staff 4 to room 452 for cleaning from 08:00 to 08:30
2025-04-13 01:42:42 [http-nio-8081-exec-5] INFO  b.s.impl.HouseCleaningServiceImpl - Original scheduled time for room 433: 08:30
2025-04-13 01:42:42 [http-nio-8081-exec-5] INFO  b.s.impl.HouseCleaningServiceImpl - Assigned staff 1 to room 433 for cleaning from 08:30 to 09:00
2025-04-13 01:42:42 [http-nio-8081-exec-5] INFO  b.s.impl.HouseCleaningServiceImpl - Staff 1 has 5 rooms assigned
2025-04-13 01:42:42 [http-nio-8081-exec-5] INFO  b.s.impl.HouseCleaningServiceImpl -   - Room 464 at 07:00
2025-04-13 01:42:42 [http-nio-8081-exec-5] INFO  b.s.impl.HouseCleaningServiceImpl -   - Room 433 at 08:30
2025-04-13 01:42:42 [http-nio-8081-exec-5] INFO  b.s.impl.HouseCleaningServiceImpl -   - Room 451 at 06:00
2025-04-13 01:42:42 [http-nio-8081-exec-5] INFO  b.s.impl.HouseCleaningServiceImpl -   - Room 421 at 05:00
2025-04-13 01:42:42 [http-nio-8081-exec-5] INFO  b.s.impl.HouseCleaningServiceImpl -   - Room 469 at 07:30
2025-04-13 01:42:42 [http-nio-8081-exec-5] INFO  b.s.impl.HouseCleaningServiceImpl - Staff 4 has 3 rooms assigned
2025-04-13 01:42:42 [http-nio-8081-exec-5] INFO  b.s.impl.HouseCleaningServiceImpl -   - Room 452 at 08:00
2025-04-13 01:42:42 [http-nio-8081-exec-5] INFO  b.s.impl.HouseCleaningServiceImpl -   - Room 470 at 07:00
2025-04-13 01:42:42 [http-nio-8081-exec-5] INFO  b.s.impl.HouseCleaningServiceImpl -   - Room 439 at 05:00
2025-04-13 01:42:42 [http-nio-8081-exec-5] INFO  b.s.impl.HouseCleaningServiceImpl - Staff 7 has 1 rooms assigned
2025-04-13 01:42:42 [http-nio-8081-exec-5] INFO  b.s.impl.HouseCleaningServiceImpl -   - Room 457 at 07:30
2025-04-13 01:42:42 [http-nio-8081-exec-5] INFO  b.s.impl.HouseCleaningServiceImpl - Staff 10 has 2 rooms assigned
2025-04-13 01:42:42 [http-nio-8081-exec-5] INFO  b.s.impl.HouseCleaningServiceImpl -   - Room 434 at 05:30
2025-04-13 01:42:42 [http-nio-8081-exec-5] INFO  b.s.impl.HouseCleaningServiceImpl -   - Room 422 at 07:30
2025-04-13 01:42:42 [http-nio-8081-exec-5] INFO  b.s.impl.HouseCleaningServiceImpl - Saved schedule for room 421: staffId=1, scheduledTime=05:00
2025-04-13 01:42:42 [http-nio-8081-exec-5] INFO  b.s.impl.HouseCleaningServiceImpl - Saved schedule for room 439: staffId=4, scheduledTime=05:00
2025-04-13 01:42:42 [http-nio-8081-exec-5] INFO  b.s.impl.HouseCleaningServiceImpl - Saved schedule for room 434: staffId=10, scheduledTime=05:30
2025-04-13 01:42:42 [http-nio-8081-exec-5] INFO  b.s.impl.HouseCleaningServiceImpl - Saved schedule for room 451: staffId=1, scheduledTime=06:00
2025-04-13 01:42:42 [http-nio-8081-exec-5] INFO  b.s.impl.HouseCleaningServiceImpl - Saved schedule for room 464: staffId=1, scheduledTime=07:00
2025-04-13 01:42:42 [http-nio-8081-exec-5] INFO  b.s.impl.HouseCleaningServiceImpl - Saved schedule for room 470: staffId=4, scheduledTime=07:00
2025-04-13 01:42:42 [http-nio-8081-exec-5] INFO  b.s.impl.HouseCleaningServiceImpl - Saved schedule for room 422: staffId=10, scheduledTime=07:30
2025-04-13 01:42:42 [http-nio-8081-exec-5] INFO  b.s.impl.HouseCleaningServiceImpl - Saved schedule for room 457: staffId=7, scheduledTime=07:30
2025-04-13 01:42:42 [http-nio-8081-exec-5] INFO  b.s.impl.HouseCleaningServiceImpl - Saved schedule for room 469: staffId=1, scheduledTime=07:30
2025-04-13 01:42:42 [http-nio-8081-exec-5] INFO  b.s.impl.HouseCleaningServiceImpl - Saved schedule for room 452: staffId=4, scheduledTime=08:00
2025-04-13 01:42:42 [http-nio-8081-exec-5] INFO  b.s.impl.HouseCleaningServiceImpl - Saved schedule for room 433: staffId=1, scheduledTime=08:30
2025-04-13 01:49:50 [SpringApplicationShutdownHook] INFO  o.s.b.w.e.tomcat.GracefulShutdown - Commencing graceful shutdown. Waiting for active requests to complete
2025-04-13 01:49:50 [tomcat-shutdown] INFO  o.s.b.w.e.tomcat.GracefulShutdown - Graceful shutdown complete
2025-04-13 01:49:50 [SpringApplicationShutdownHook] INFO  o.s.o.j.LocalContainerEntityManagerFactoryBean - Closing JPA EntityManagerFactory for persistence unit 'default'
2025-04-13 01:49:50 [SpringApplicationShutdownHook] INFO  com.zaxxer.hikari.HikariDataSource - HikariPool-1 - Shutdown initiated...
2025-04-13 01:49:50 [SpringApplicationShutdownHook] INFO  com.zaxxer.hikari.HikariDataSource - HikariPool-1 - Shutdown completed.
2025-04-13 01:49:55 [main] INFO  backend.HotelBookingApplication - Starting HotelBookingApplication using Java 17.0.13 with PID 4417 (/Users/sukuna/Documents/coding/IBE/IBE-BE/KDU/target/classes started by sukuna in /Users/sukuna/Documents/coding/IBE/IBE-BE/KDU)
2025-04-13 01:49:55 [main] INFO  backend.HotelBookingApplication - The following 1 profile is active: "dev"
2025-04-13 01:49:56 [main] INFO  o.s.d.r.c.RepositoryConfigurationDelegate - Bootstrapping Spring Data JPA repositories in DEFAULT mode.
2025-04-13 01:49:56 [main] INFO  o.s.d.r.c.RepositoryConfigurationDelegate - Finished Spring Data repository scanning in 61 ms. Found 15 JPA repository interfaces.
2025-04-13 01:49:57 [main] INFO  o.s.b.w.e.tomcat.TomcatWebServer - Tomcat initialized with port 8081 (http)
2025-04-13 01:49:57 [main] INFO  o.a.coyote.http11.Http11NioProtocol - Initializing ProtocolHandler ["http-nio-8081"]
2025-04-13 01:49:57 [main] INFO  o.a.catalina.core.StandardService - Starting service [Tomcat]
2025-04-13 01:49:57 [main] INFO  o.a.catalina.core.StandardEngine - Starting Servlet engine: [Apache Tomcat/10.1.36]
2025-04-13 01:49:57 [main] INFO  o.a.c.c.C.[Tomcat].[localhost].[/] - Initializing Spring embedded WebApplicationContext
2025-04-13 01:49:57 [main] INFO  o.s.b.w.s.c.ServletWebServerApplicationContext - Root WebApplicationContext: initialization completed in 1489 ms
2025-04-13 01:49:57 [main] INFO  com.zaxxer.hikari.HikariDataSource - HikariPool-1 - Starting...
2025-04-13 01:49:59 [main] INFO  com.zaxxer.hikari.pool.HikariPool - HikariPool-1 - Added connection org.postgresql.jdbc.PgConnection@1ff81b0d
2025-04-13 01:49:59 [main] INFO  com.zaxxer.hikari.HikariDataSource - HikariPool-1 - Start completed.
2025-04-13 01:50:00 [main] INFO  o.s.o.j.p.SpringPersistenceUnitInfo - No LoadTimeWeaver setup: ignoring JPA class transformer
2025-04-13 01:50:00 [main] WARN  org.hibernate.orm.deprecation - HHH90000025: PostgreSQLDialect does not need to be specified explicitly using 'hibernate.dialect' (remove the property setting and it will be selected by default)
2025-04-13 01:50:02 [main] WARN  o.h.t.s.i.ExceptionHandlerLoggedImpl - GenerationTarget encountered exception accepting command : Error executing DDL "alter table if exists staff_room_map alter column staff_id set data type bigint" via JDBC [ERROR: column "staff_id" cannot be cast automatically to type bigint
  Hint: You might need to specify "USING staff_id::bigint".]
org.hibernate.tool.schema.spi.CommandAcceptanceException: Error executing DDL "alter table if exists staff_room_map alter column staff_id set data type bigint" via JDBC [ERROR: column "staff_id" cannot be cast automatically to type bigint
  Hint: You might need to specify "USING staff_id::bigint".]
	at org.hibernate.tool.schema.internal.exec.GenerationTargetToDatabase.accept(GenerationTargetToDatabase.java:94)
	at org.hibernate.tool.schema.internal.AbstractSchemaMigrator.applySqlString(AbstractSchemaMigrator.java:576)
	at org.hibernate.tool.schema.internal.AbstractSchemaMigrator.applySqlStrings(AbstractSchemaMigrator.java:516)
	at org.hibernate.tool.schema.internal.AbstractSchemaMigrator.migrateTable(AbstractSchemaMigrator.java:334)
	at org.hibernate.tool.schema.internal.GroupedSchemaMigratorImpl.performTablesMigration(GroupedSchemaMigratorImpl.java:84)
	at org.hibernate.tool.schema.internal.AbstractSchemaMigrator.performMigration(AbstractSchemaMigrator.java:233)
	at org.hibernate.tool.schema.internal.AbstractSchemaMigrator.doMigration(AbstractSchemaMigrator.java:112)
	at org.hibernate.tool.schema.spi.SchemaManagementToolCoordinator.performDatabaseAction(SchemaManagementToolCoordinator.java:280)
	at org.hibernate.tool.schema.spi.SchemaManagementToolCoordinator.lambda$process$5(SchemaManagementToolCoordinator.java:144)
	at java.base/java.util.HashMap.forEach(HashMap.java:1421)
	at org.hibernate.tool.schema.spi.SchemaManagementToolCoordinator.process(SchemaManagementToolCoordinator.java:141)
	at org.hibernate.boot.internal.SessionFactoryObserverForSchemaExport.sessionFactoryCreated(SessionFactoryObserverForSchemaExport.java:37)
	at org.hibernate.internal.SessionFactoryObserverChain.sessionFactoryCreated(SessionFactoryObserverChain.java:35)
	at org.hibernate.internal.SessionFactoryImpl.<init>(SessionFactoryImpl.java:324)
	at org.hibernate.boot.internal.SessionFactoryBuilderImpl.build(SessionFactoryBuilderImpl.java:463)
	at org.hibernate.jpa.boot.internal.EntityManagerFactoryBuilderImpl.build(EntityManagerFactoryBuilderImpl.java:1517)
	at org.springframework.orm.jpa.vendor.SpringHibernateJpaPersistenceProvider.createContainerEntityManagerFactory(SpringHibernateJpaPersistenceProvider.java:66)
	at org.springframework.orm.jpa.LocalContainerEntityManagerFactoryBean.createNativeEntityManagerFactory(LocalContainerEntityManagerFactoryBean.java:390)
	at org.springframework.orm.jpa.AbstractEntityManagerFactoryBean.buildNativeEntityManagerFactory(AbstractEntityManagerFactoryBean.java:419)
	at org.springframework.orm.jpa.AbstractEntityManagerFactoryBean.afterPropertiesSet(AbstractEntityManagerFactoryBean.java:400)
	at org.springframework.orm.jpa.LocalContainerEntityManagerFactoryBean.afterPropertiesSet(LocalContainerEntityManagerFactoryBean.java:366)
	at org.springframework.beans.factory.support.AbstractAutowireCapableBeanFactory.invokeInitMethods(AbstractAutowireCapableBeanFactory.java:1859)
	at org.springframework.beans.factory.support.AbstractAutowireCapableBeanFactory.initializeBean(AbstractAutowireCapableBeanFactory.java:1808)
	at org.springframework.beans.factory.support.AbstractAutowireCapableBeanFactory.doCreateBean(AbstractAutowireCapableBeanFactory.java:601)
	at org.springframework.beans.factory.support.AbstractAutowireCapableBeanFactory.createBean(AbstractAutowireCapableBeanFactory.java:523)
	at org.springframework.beans.factory.support.AbstractBeanFactory.lambda$doGetBean$0(AbstractBeanFactory.java:339)
	at org.springframework.beans.factory.support.DefaultSingletonBeanRegistry.getSingleton(DefaultSingletonBeanRegistry.java:346)
	at org.springframework.beans.factory.support.AbstractBeanFactory.doGetBean(AbstractBeanFactory.java:337)
	at org.springframework.beans.factory.support.AbstractBeanFactory.getBean(AbstractBeanFactory.java:207)
	at org.springframework.context.support.AbstractApplicationContext.finishBeanFactoryInitialization(AbstractApplicationContext.java:970)
	at org.springframework.context.support.AbstractApplicationContext.refresh(AbstractApplicationContext.java:627)
	at org.springframework.boot.web.servlet.context.ServletWebServerApplicationContext.refresh(ServletWebServerApplicationContext.java:146)
	at org.springframework.boot.SpringApplication.refresh(SpringApplication.java:752)
	at org.springframework.boot.SpringApplication.refreshContext(SpringApplication.java:439)
	at org.springframework.boot.SpringApplication.run(SpringApplication.java:318)
	at org.springframework.boot.SpringApplication.run(SpringApplication.java:1361)
	at org.springframework.boot.SpringApplication.run(SpringApplication.java:1350)
	at backend.HotelBookingApplication.main(HotelBookingApplication.java:15)
Caused by: org.postgresql.util.PSQLException: ERROR: column "staff_id" cannot be cast automatically to type bigint
  Hint: You might need to specify "USING staff_id::bigint".
	at org.postgresql.core.v3.QueryExecutorImpl.receiveErrorResponse(QueryExecutorImpl.java:2733)
	at org.postgresql.core.v3.QueryExecutorImpl.processResults(QueryExecutorImpl.java:2420)
	at org.postgresql.core.v3.QueryExecutorImpl.execute(QueryExecutorImpl.java:372)
	at org.postgresql.jdbc.PgStatement.executeInternal(PgStatement.java:517)
	at org.postgresql.jdbc.PgStatement.execute(PgStatement.java:434)
	at org.postgresql.jdbc.PgStatement.executeWithFlags(PgStatement.java:356)
	at org.postgresql.jdbc.PgStatement.executeCachedSql(PgStatement.java:341)
	at org.postgresql.jdbc.PgStatement.executeWithFlags(PgStatement.java:317)
	at org.postgresql.jdbc.PgStatement.execute(PgStatement.java:312)
	at com.zaxxer.hikari.pool.ProxyStatement.execute(ProxyStatement.java:94)
	at com.zaxxer.hikari.pool.HikariProxyStatement.execute(HikariProxyStatement.java)
	at org.hibernate.tool.schema.internal.exec.GenerationTargetToDatabase.accept(GenerationTargetToDatabase.java:80)
	... 37 common frames omitted
2025-04-13 01:50:03 [main] WARN  o.h.t.s.i.ExceptionHandlerLoggedImpl - GenerationTarget encountered exception accepting command : Error executing DDL "alter table if exists staff_room_map add constraint FKyd20ehofj2axxe92vl67pqvx foreign key (staff_id) references staff" via JDBC [ERROR: foreign key constraint "fkyd20ehofj2axxe92vl67pqvx" cannot be implemented
  Detail: Key columns "staff_id" and "staff_id" are of incompatible types: character varying and bigint.]
org.hibernate.tool.schema.spi.CommandAcceptanceException: Error executing DDL "alter table if exists staff_room_map add constraint FKyd20ehofj2axxe92vl67pqvx foreign key (staff_id) references staff" via JDBC [ERROR: foreign key constraint "fkyd20ehofj2axxe92vl67pqvx" cannot be implemented
  Detail: Key columns "staff_id" and "staff_id" are of incompatible types: character varying and bigint.]
	at org.hibernate.tool.schema.internal.exec.GenerationTargetToDatabase.accept(GenerationTargetToDatabase.java:94)
	at org.hibernate.tool.schema.internal.AbstractSchemaMigrator.applySqlString(AbstractSchemaMigrator.java:576)
	at org.hibernate.tool.schema.internal.AbstractSchemaMigrator.applySqlStrings(AbstractSchemaMigrator.java:516)
	at org.hibernate.tool.schema.internal.AbstractSchemaMigrator.applyForeignKeys(AbstractSchemaMigrator.java:448)
	at org.hibernate.tool.schema.internal.AbstractSchemaMigrator.performMigration(AbstractSchemaMigrator.java:269)
	at org.hibernate.tool.schema.internal.AbstractSchemaMigrator.doMigration(AbstractSchemaMigrator.java:112)
	at org.hibernate.tool.schema.spi.SchemaManagementToolCoordinator.performDatabaseAction(SchemaManagementToolCoordinator.java:280)
	at org.hibernate.tool.schema.spi.SchemaManagementToolCoordinator.lambda$process$5(SchemaManagementToolCoordinator.java:144)
	at java.base/java.util.HashMap.forEach(HashMap.java:1421)
	at org.hibernate.tool.schema.spi.SchemaManagementToolCoordinator.process(SchemaManagementToolCoordinator.java:141)
	at org.hibernate.boot.internal.SessionFactoryObserverForSchemaExport.sessionFactoryCreated(SessionFactoryObserverForSchemaExport.java:37)
	at org.hibernate.internal.SessionFactoryObserverChain.sessionFactoryCreated(SessionFactoryObserverChain.java:35)
	at org.hibernate.internal.SessionFactoryImpl.<init>(SessionFactoryImpl.java:324)
	at org.hibernate.boot.internal.SessionFactoryBuilderImpl.build(SessionFactoryBuilderImpl.java:463)
	at org.hibernate.jpa.boot.internal.EntityManagerFactoryBuilderImpl.build(EntityManagerFactoryBuilderImpl.java:1517)
	at org.springframework.orm.jpa.vendor.SpringHibernateJpaPersistenceProvider.createContainerEntityManagerFactory(SpringHibernateJpaPersistenceProvider.java:66)
	at org.springframework.orm.jpa.LocalContainerEntityManagerFactoryBean.createNativeEntityManagerFactory(LocalContainerEntityManagerFactoryBean.java:390)
	at org.springframework.orm.jpa.AbstractEntityManagerFactoryBean.buildNativeEntityManagerFactory(AbstractEntityManagerFactoryBean.java:419)
	at org.springframework.orm.jpa.AbstractEntityManagerFactoryBean.afterPropertiesSet(AbstractEntityManagerFactoryBean.java:400)
	at org.springframework.orm.jpa.LocalContainerEntityManagerFactoryBean.afterPropertiesSet(LocalContainerEntityManagerFactoryBean.java:366)
	at org.springframework.beans.factory.support.AbstractAutowireCapableBeanFactory.invokeInitMethods(AbstractAutowireCapableBeanFactory.java:1859)
	at org.springframework.beans.factory.support.AbstractAutowireCapableBeanFactory.initializeBean(AbstractAutowireCapableBeanFactory.java:1808)
	at org.springframework.beans.factory.support.AbstractAutowireCapableBeanFactory.doCreateBean(AbstractAutowireCapableBeanFactory.java:601)
	at org.springframework.beans.factory.support.AbstractAutowireCapableBeanFactory.createBean(AbstractAutowireCapableBeanFactory.java:523)
	at org.springframework.beans.factory.support.AbstractBeanFactory.lambda$doGetBean$0(AbstractBeanFactory.java:339)
	at org.springframework.beans.factory.support.DefaultSingletonBeanRegistry.getSingleton(DefaultSingletonBeanRegistry.java:346)
	at org.springframework.beans.factory.support.AbstractBeanFactory.doGetBean(AbstractBeanFactory.java:337)
	at org.springframework.beans.factory.support.AbstractBeanFactory.getBean(AbstractBeanFactory.java:207)
	at org.springframework.context.support.AbstractApplicationContext.finishBeanFactoryInitialization(AbstractApplicationContext.java:970)
	at org.springframework.context.support.AbstractApplicationContext.refresh(AbstractApplicationContext.java:627)
	at org.springframework.boot.web.servlet.context.ServletWebServerApplicationContext.refresh(ServletWebServerApplicationContext.java:146)
	at org.springframework.boot.SpringApplication.refresh(SpringApplication.java:752)
	at org.springframework.boot.SpringApplication.refreshContext(SpringApplication.java:439)
	at org.springframework.boot.SpringApplication.run(SpringApplication.java:318)
	at org.springframework.boot.SpringApplication.run(SpringApplication.java:1361)
	at org.springframework.boot.SpringApplication.run(SpringApplication.java:1350)
	at backend.HotelBookingApplication.main(HotelBookingApplication.java:15)
Caused by: org.postgresql.util.PSQLException: ERROR: foreign key constraint "fkyd20ehofj2axxe92vl67pqvx" cannot be implemented
  Detail: Key columns "staff_id" and "staff_id" are of incompatible types: character varying and bigint.
	at org.postgresql.core.v3.QueryExecutorImpl.receiveErrorResponse(QueryExecutorImpl.java:2733)
	at org.postgresql.core.v3.QueryExecutorImpl.processResults(QueryExecutorImpl.java:2420)
	at org.postgresql.core.v3.QueryExecutorImpl.execute(QueryExecutorImpl.java:372)
	at org.postgresql.jdbc.PgStatement.executeInternal(PgStatement.java:517)
	at org.postgresql.jdbc.PgStatement.execute(PgStatement.java:434)
	at org.postgresql.jdbc.PgStatement.executeWithFlags(PgStatement.java:356)
	at org.postgresql.jdbc.PgStatement.executeCachedSql(PgStatement.java:341)
	at org.postgresql.jdbc.PgStatement.executeWithFlags(PgStatement.java:317)
	at org.postgresql.jdbc.PgStatement.execute(PgStatement.java:312)
	at com.zaxxer.hikari.pool.ProxyStatement.execute(ProxyStatement.java:94)
	at com.zaxxer.hikari.pool.HikariProxyStatement.execute(HikariProxyStatement.java)
	at org.hibernate.tool.schema.internal.exec.GenerationTargetToDatabase.accept(GenerationTargetToDatabase.java:80)
	... 36 common frames omitted
2025-04-13 01:50:03 [main] INFO  o.s.o.j.LocalContainerEntityManagerFactoryBean - Initialized JPA EntityManagerFactory for persistence unit 'default'
2025-04-13 01:50:03 [main] INFO  backend.config.CorsConfig - CORS Configuration Loaded!
2025-04-13 01:50:03 [main] DEBUG o.s.c.e.PropertySourcesPropertyResolver - Found key 'spring.security.oauth2.resourceserver.jwt.issuer-uri' in PropertySource 'environmentProperties' with value of type String
2025-04-13 01:50:03 [main] INFO  o.s.d.j.r.query.QueryEnhancerFactory - Hibernate is in classpath; If applicable, HQL parser will be used.
2025-04-13 01:50:03 [main] DEBUG o.s.c.e.PropertySourcesPropertyResolver - Found key 'graphql.endpoint' in PropertySource 'environmentProperties' with value of type String
2025-04-13 01:50:03 [main] DEBUG o.s.c.e.PropertySourcesPropertyResolver - Found key 'graphql.api-key' in PropertySource 'environmentProperties' with value of type String
2025-04-13 01:50:03 [main] DEBUG o.s.c.e.PropertySourcesPropertyResolver - Found key 'graphql.api.key' in PropertySource 'environmentProperties' with value of type String
2025-04-13 01:50:03 [main] DEBUG o.s.c.e.PropertySourcesPropertyResolver - Found key 'graphql.url' in PropertySource 'environmentProperties' with value of type String
2025-04-13 01:50:04 [main] DEBUG o.s.c.e.PropertySourcesPropertyResolver - Found key 'spring.mail.username' in PropertySource 'environmentProperties' with value of type String
2025-04-13 01:50:04 [main] DEBUG o.s.c.e.PropertySourcesPropertyResolver - Found key 'otp.expiry.minutes' in PropertySource 'environmentProperties' with value of type String
2025-04-13 01:50:04 [main] DEBUG o.s.c.e.PropertySourcesPropertyResolver - Found key 'otp.max.attempts' in PropertySource 'environmentProperties' with value of type String
2025-04-13 01:50:04 [main] DEBUG o.s.c.e.PropertySourcesPropertyResolver - Found key 'graphql.endpoint' in PropertySource 'environmentProperties' with value of type String
2025-04-13 01:50:04 [main] DEBUG o.s.c.e.PropertySourcesPropertyResolver - Found key 'graphql.api-key' in PropertySource 'environmentProperties' with value of type String
2025-04-13 01:50:04 [main] DEBUG o.s.c.e.PropertySourcesPropertyResolver - Found key 'graphql.api.key' in PropertySource 'environmentProperties' with value of type String
2025-04-13 01:50:04 [main] DEBUG o.s.c.e.PropertySourcesPropertyResolver - Found key 'graphql.url' in PropertySource 'environmentProperties' with value of type String
2025-04-13 01:50:04 [main] DEBUG o.s.c.e.PropertySourcesPropertyResolver - Found key 'graphql.endpoint' in PropertySource 'environmentProperties' with value of type String
2025-04-13 01:50:04 [main] DEBUG o.s.c.e.PropertySourcesPropertyResolver - Found key 'graphql.api-key' in PropertySource 'environmentProperties' with value of type String
2025-04-13 01:50:04 [main] DEBUG o.s.c.e.PropertySourcesPropertyResolver - Found key 'graphql.endpoint' in PropertySource 'environmentProperties' with value of type String
2025-04-13 01:50:04 [main] DEBUG o.s.c.e.PropertySourcesPropertyResolver - Found key 'graphql.apiKey' in PropertySource 'environmentProperties' with value of type String
2025-04-13 01:50:04 [main] DEBUG o.s.c.e.PropertySourcesPropertyResolver - Found key 'graphql.endpoint' in PropertySource 'environmentProperties' with value of type String
2025-04-13 01:50:04 [main] DEBUG o.s.c.e.PropertySourcesPropertyResolver - Found key 'graphql.apiKey' in PropertySource 'environmentProperties' with value of type String
2025-04-13 01:50:04 [main] DEBUG o.s.c.e.PropertySourcesPropertyResolver - Found key 'api.base.url' in PropertySource 'environmentProperties' with value of type String
2025-04-13 01:50:04 [main] WARN  o.s.b.a.o.j.JpaBaseConfiguration$JpaWebConfiguration - spring.jpa.open-in-view is enabled by default. Therefore, database queries may be performed during view rendering. Explicitly configure spring.jpa.open-in-view to disable this warning
2025-04-13 01:50:04 [main] INFO  backend.config.CorsConfig - Applying CORS settings...
2025-04-13 01:50:04 [main] DEBUG o.s.s.c.a.a.c.AuthenticationConfiguration$DefaultPasswordEncoderAuthenticationManagerBuilder - No authenticationProviders and no parentAuthenticationManager defined. Returning null.
2025-04-13 01:50:04 [main] INFO  o.s.b.a.e.web.EndpointLinksResolver - Exposing 2 endpoints beneath base path '/actuator'
2025-04-13 01:50:04 [main] INFO  backend.config.SecurityConfig - Configuring security filter chain...
2025-04-13 01:50:04 [main] INFO  backend.config.SecurityConfig - Using issuer URI: https://cognito-idp.ap-south-1.amazonaws.com/ap-south-1_IGHZ9OObg
2025-04-13 01:50:04 [main] INFO  backend.config.SecurityConfig - Configuring authorization rules...
2025-04-13 01:50:04 [main] INFO  backend.config.SecurityConfig - Configuring OAuth2 resource server...
2025-04-13 01:50:04 [main] INFO  backend.config.SecurityConfig - Configuring JWT...
2025-04-13 01:50:04 [main] INFO  backend.config.SecurityConfig - Creating JWT decoder with issuer URI: https://cognito-idp.ap-south-1.amazonaws.com/ap-south-1_IGHZ9OObg
2025-04-13 01:50:05 [main] INFO  backend.config.SecurityConfig - Configuring session management...
2025-04-13 01:50:05 [main] DEBUG o.s.s.web.DefaultSecurityFilterChain - Will secure any request with filters: DisableEncodeUrlFilter, WebAsyncManagerIntegrationFilter, SecurityContextHolderFilter, HeaderWriterFilter, LogoutFilter, BearerTokenAuthenticationFilter, RequestCacheAwareFilter, SecurityContextHolderAwareRequestFilter, AnonymousAuthenticationFilter, SessionManagementFilter, ExceptionTranslationFilter, AuthorizationFilter
2025-04-13 01:50:05 [main] INFO  o.a.coyote.http11.Http11NioProtocol - Starting ProtocolHandler ["http-nio-8081"]
2025-04-13 01:50:05 [main] INFO  o.s.b.w.e.tomcat.TomcatWebServer - Tomcat started on port 8081 (http) with context path '/'
2025-04-13 01:50:05 [main] INFO  backend.HotelBookingApplication - Started HotelBookingApplication in 10.647 seconds (process running for 11.062)
2025-04-13 01:50:07 [http-nio-8081-exec-1] INFO  o.a.c.c.C.[Tomcat].[localhost].[/] - Initializing Spring DispatcherServlet 'dispatcherServlet'
2025-04-13 01:50:07 [http-nio-8081-exec-1] INFO  o.s.web.servlet.DispatcherServlet - Initializing Servlet 'dispatcherServlet'
2025-04-13 01:50:07 [http-nio-8081-exec-1] INFO  o.s.web.servlet.DispatcherServlet - Completed initialization in 2 ms
2025-04-13 01:50:07 [http-nio-8081-exec-1] DEBUG o.s.security.web.FilterChainProxy - Securing POST /api/house-cleaning/generate?date=2025-05-01
2025-04-13 01:50:07 [http-nio-8081-exec-1] DEBUG o.s.s.w.a.AnonymousAuthenticationFilter - Set SecurityContextHolder to anonymous SecurityContext
2025-04-13 01:50:07 [http-nio-8081-exec-1] DEBUG o.s.security.web.FilterChainProxy - Secured POST /api/house-cleaning/generate?date=2025-05-01
2025-04-13 01:50:07 [http-nio-8081-exec-1] INFO  b.s.impl.HouseCleaningServiceImpl - Generating cleaning schedules for date: 2025-05-01
2025-04-13 01:50:07 [http-nio-8081-exec-1] INFO  b.s.impl.HouseCleaningServiceImpl - Found 10 check-in bookings, 0 check-out bookings, and 10 current bookings for date 2025-05-01
2025-04-13 01:50:07 [http-nio-8081-exec-1] INFO  b.s.impl.BookedRoomsServiceImpl - Checking check-in rooms for date: 2025-05-01
2025-04-13 01:50:07 [http-nio-8081-exec-1] INFO  b.s.impl.BookedRoomsServiceImpl - Found 10 transactions with check-in date 2025-05-01
2025-04-13 01:50:07 [http-nio-8081-exec-1] INFO  b.s.impl.BookedRoomsServiceImpl - Booking IDs for check-in: [13, 12, 15, 14, 53, 55, 59, 60, 155, 318]
2025-04-13 01:50:10 [http-nio-8081-exec-1] INFO  b.s.impl.BookedRoomsServiceImpl - Room IDs for bookings [13, 12, 15, 14, 53, 55, 59, 60, 155, 318]: [421, 422, 433, 434, 439, 451, 452, 457, 464, 469, 470]
2025-04-13 01:50:10 [http-nio-8081-exec-1] INFO  b.s.impl.BookedRoomsServiceImpl - Checking check-out rooms for date: 2025-05-01
2025-04-13 01:50:10 [http-nio-8081-exec-1] INFO  b.s.impl.BookedRoomsServiceImpl - Found 0 transactions with check-out date 2025-05-01
2025-04-13 01:50:10 [http-nio-8081-exec-1] INFO  b.s.impl.BookedRoomsServiceImpl - Booking IDs for check-out: []
2025-04-13 01:50:10 [http-nio-8081-exec-1] INFO  b.s.impl.BookedRoomsServiceImpl - No booking IDs found, returning empty list
2025-04-13 01:50:10 [http-nio-8081-exec-1] INFO  b.s.impl.BookedRoomsServiceImpl - Checking currently booked rooms for date: 2025-05-01T00:00:00Z
2025-04-13 01:50:10 [http-nio-8081-exec-1] INFO  b.s.impl.BookedRoomsServiceImpl - Currently booked room IDs: [421, 422, 433, 434, 439, 451, 452, 457, 464, 469, 470]
2025-04-13 01:50:10 [http-nio-8081-exec-1] INFO  b.s.impl.HouseCleaningServiceImpl - Found 11 check-in rooms, 0 check-out rooms, and 11 current rooms for date 2025-05-01
2025-04-13 01:50:10 [http-nio-8081-exec-1] WARN  b.s.impl.HouseCleaningServiceImpl - Could not extract room ID from booking details for booking ID 13
2025-04-13 01:50:10 [http-nio-8081-exec-1] WARN  b.s.impl.HouseCleaningServiceImpl - Could not extract room ID from booking details for booking ID 12
2025-04-13 01:50:10 [http-nio-8081-exec-1] WARN  b.s.impl.HouseCleaningServiceImpl - Could not extract room ID from booking details for booking ID 15
2025-04-13 01:50:10 [http-nio-8081-exec-1] WARN  b.s.impl.HouseCleaningServiceImpl - Could not extract room ID from booking details for booking ID 14
2025-04-13 01:50:10 [http-nio-8081-exec-1] WARN  b.s.impl.HouseCleaningServiceImpl - Could not extract room ID from booking details for booking ID 53
2025-04-13 01:50:10 [http-nio-8081-exec-1] WARN  b.s.impl.HouseCleaningServiceImpl - Could not extract room ID from booking details for booking ID 55
2025-04-13 01:50:10 [http-nio-8081-exec-1] WARN  b.s.impl.HouseCleaningServiceImpl - Could not extract room ID from booking details for booking ID 59
2025-04-13 01:50:10 [http-nio-8081-exec-1] WARN  b.s.impl.HouseCleaningServiceImpl - Could not extract room ID from booking details for booking ID 60
2025-04-13 01:50:10 [http-nio-8081-exec-1] WARN  b.s.impl.HouseCleaningServiceImpl - Could not extract room ID from booking details for booking ID 155
2025-04-13 01:50:10 [http-nio-8081-exec-1] WARN  b.s.impl.HouseCleaningServiceImpl - Could not extract room ID from booking details for booking ID 318
2025-04-13 01:50:10 [http-nio-8081-exec-1] WARN  b.s.impl.HouseCleaningServiceImpl - Could not extract room ID from booking details for booking ID 13
2025-04-13 01:50:10 [http-nio-8081-exec-1] WARN  b.s.impl.HouseCleaningServiceImpl - Could not extract room ID from booking details for booking ID 12
2025-04-13 01:50:10 [http-nio-8081-exec-1] WARN  b.s.impl.HouseCleaningServiceImpl - Could not extract room ID from booking details for booking ID 15
2025-04-13 01:50:10 [http-nio-8081-exec-1] WARN  b.s.impl.HouseCleaningServiceImpl - Could not extract room ID from booking details for booking ID 14
2025-04-13 01:50:10 [http-nio-8081-exec-1] WARN  b.s.impl.HouseCleaningServiceImpl - Could not extract room ID from booking details for booking ID 53
2025-04-13 01:50:10 [http-nio-8081-exec-1] WARN  b.s.impl.HouseCleaningServiceImpl - Could not extract room ID from booking details for booking ID 55
2025-04-13 01:50:10 [http-nio-8081-exec-1] WARN  b.s.impl.HouseCleaningServiceImpl - Could not extract room ID from booking details for booking ID 59
2025-04-13 01:50:10 [http-nio-8081-exec-1] WARN  b.s.impl.HouseCleaningServiceImpl - Could not extract room ID from booking details for booking ID 60
2025-04-13 01:50:10 [http-nio-8081-exec-1] WARN  b.s.impl.HouseCleaningServiceImpl - Could not extract room ID from booking details for booking ID 155
2025-04-13 01:50:10 [http-nio-8081-exec-1] WARN  b.s.impl.HouseCleaningServiceImpl - Could not extract room ID from booking details for booking ID 318
2025-04-13 01:50:10 [http-nio-8081-exec-1] INFO  b.s.impl.HouseCleaningServiceImpl - Room to booking map: {}
2025-04-13 01:50:10 [http-nio-8081-exec-1] WARN  b.s.impl.HouseCleaningServiceImpl - No booking ID found for room ID 421
2025-04-13 01:50:10 [http-nio-8081-exec-1] WARN  b.s.impl.HouseCleaningServiceImpl - No booking ID found for room ID 422
2025-04-13 01:50:10 [http-nio-8081-exec-1] WARN  b.s.impl.HouseCleaningServiceImpl - No booking ID found for room ID 433
2025-04-13 01:50:10 [http-nio-8081-exec-1] WARN  b.s.impl.HouseCleaningServiceImpl - No booking ID found for room ID 434
2025-04-13 01:50:10 [http-nio-8081-exec-1] WARN  b.s.impl.HouseCleaningServiceImpl - No booking ID found for room ID 439
2025-04-13 01:50:10 [http-nio-8081-exec-1] WARN  b.s.impl.HouseCleaningServiceImpl - No booking ID found for room ID 451
2025-04-13 01:50:10 [http-nio-8081-exec-1] WARN  b.s.impl.HouseCleaningServiceImpl - No booking ID found for room ID 452
2025-04-13 01:50:10 [http-nio-8081-exec-1] WARN  b.s.impl.HouseCleaningServiceImpl - No booking ID found for room ID 457
2025-04-13 01:50:10 [http-nio-8081-exec-1] WARN  b.s.impl.HouseCleaningServiceImpl - No booking ID found for room ID 464
2025-04-13 01:50:10 [http-nio-8081-exec-1] WARN  b.s.impl.HouseCleaningServiceImpl - No booking ID found for room ID 469
2025-04-13 01:50:10 [http-nio-8081-exec-1] WARN  b.s.impl.HouseCleaningServiceImpl - No booking ID found for room ID 470
2025-04-13 01:50:34 [http-nio-8081-exec-3] DEBUG o.s.security.web.FilterChainProxy - Securing POST /api/house-cleaning/assign-staff?date=2025-05-01&shift=MORNING_SHIFT
2025-04-13 01:50:34 [http-nio-8081-exec-3] DEBUG o.s.s.w.a.AnonymousAuthenticationFilter - Set SecurityContextHolder to anonymous SecurityContext
2025-04-13 01:50:34 [http-nio-8081-exec-3] DEBUG o.s.security.web.FilterChainProxy - Secured POST /api/house-cleaning/assign-staff?date=2025-05-01&shift=MORNING_SHIFT
2025-04-13 01:50:34 [http-nio-8081-exec-3] INFO  b.s.impl.HouseCleaningServiceImpl - Assigning staff to schedules for date: 2025-05-01 and shift: MORNING_SHIFT
2025-04-13 01:50:34 [http-nio-8081-exec-3] INFO  b.s.impl.HouseCleaningServiceImpl - Shift time: 05:00 to 09:00
2025-04-13 01:50:34 [http-nio-8081-exec-3] INFO  b.s.impl.HouseCleaningServiceImpl - Original scheduled time for room 421: 05:30
2025-04-13 01:50:34 [http-nio-8081-exec-3] INFO  b.s.impl.HouseCleaningServiceImpl - Starting to use staff 1 for room assignments
2025-04-13 01:50:34 [http-nio-8081-exec-3] INFO  b.s.impl.HouseCleaningServiceImpl - Assigned staff 1 to room 421 for cleaning from 05:30 to 06:00
2025-04-13 01:50:34 [http-nio-8081-exec-3] INFO  b.s.impl.HouseCleaningServiceImpl - Original scheduled time for room 422: 05:30
2025-04-13 01:50:34 [http-nio-8081-exec-3] INFO  b.s.impl.HouseCleaningServiceImpl - Starting to use staff 4 for room assignments
2025-04-13 01:50:34 [http-nio-8081-exec-3] INFO  b.s.impl.HouseCleaningServiceImpl - Assigned staff 4 to room 422 for cleaning from 05:30 to 06:00
2025-04-13 01:50:34 [http-nio-8081-exec-3] INFO  b.s.impl.HouseCleaningServiceImpl - Original scheduled time for room 451: 05:30
2025-04-13 01:50:34 [http-nio-8081-exec-3] INFO  b.s.impl.HouseCleaningServiceImpl - Starting to use staff 10 for room assignments
2025-04-13 01:50:34 [http-nio-8081-exec-3] INFO  b.s.impl.HouseCleaningServiceImpl - Assigned staff 10 to room 451 for cleaning from 05:30 to 06:00
2025-04-13 01:50:34 [http-nio-8081-exec-3] INFO  b.s.impl.HouseCleaningServiceImpl - Original scheduled time for room 469: 05:30
2025-04-13 01:50:34 [http-nio-8081-exec-3] WARN  b.s.impl.HouseCleaningServiceImpl - No available staff found for room 469 at time 05:30. Skipping assignment.
2025-04-13 01:50:34 [http-nio-8081-exec-3] INFO  b.s.impl.HouseCleaningServiceImpl - Original scheduled time for room 433: 06:00
2025-04-13 01:50:34 [http-nio-8081-exec-3] WARN  b.s.impl.HouseCleaningServiceImpl - No available staff found for room 433 at time 06:00. Skipping assignment.
2025-04-13 01:50:34 [http-nio-8081-exec-3] INFO  b.s.impl.HouseCleaningServiceImpl - Original scheduled time for room 457: 06:30
2025-04-13 01:50:34 [http-nio-8081-exec-3] INFO  b.s.impl.HouseCleaningServiceImpl - Assigned staff 1 to room 457 for cleaning from 06:30 to 07:00
2025-04-13 01:50:34 [http-nio-8081-exec-3] INFO  b.s.impl.HouseCleaningServiceImpl - Original scheduled time for room 452: 07:00
2025-04-13 01:50:34 [http-nio-8081-exec-3] INFO  b.s.impl.HouseCleaningServiceImpl - Assigned staff 4 to room 452 for cleaning from 07:00 to 07:30
2025-04-13 01:50:34 [http-nio-8081-exec-3] INFO  b.s.impl.HouseCleaningServiceImpl - Original scheduled time for room 439: 08:00
2025-04-13 01:50:34 [http-nio-8081-exec-3] INFO  b.s.impl.HouseCleaningServiceImpl - Assigned staff 1 to room 439 for cleaning from 08:00 to 08:30
2025-04-13 01:50:34 [http-nio-8081-exec-3] INFO  b.s.impl.HouseCleaningServiceImpl - Original scheduled time for room 464: 08:00
2025-04-13 01:50:34 [http-nio-8081-exec-3] INFO  b.s.impl.HouseCleaningServiceImpl - Assigned staff 4 to room 464 for cleaning from 08:00 to 08:30
2025-04-13 01:50:34 [http-nio-8081-exec-3] INFO  b.s.impl.HouseCleaningServiceImpl - Original scheduled time for room 434: 08:30
2025-04-13 01:50:34 [http-nio-8081-exec-3] INFO  b.s.impl.HouseCleaningServiceImpl - Assigned staff 10 to room 434 for cleaning from 08:30 to 09:00
2025-04-13 01:50:34 [http-nio-8081-exec-3] INFO  b.s.impl.HouseCleaningServiceImpl - Original scheduled time for room 470: 08:30
2025-04-13 01:50:34 [http-nio-8081-exec-3] WARN  b.s.impl.HouseCleaningServiceImpl - No available staff found for room 470 at time 08:30. Skipping assignment.
2025-04-13 01:50:34 [http-nio-8081-exec-3] INFO  b.s.impl.HouseCleaningServiceImpl - Staff 1 has 3 rooms assigned
2025-04-13 01:50:34 [http-nio-8081-exec-3] INFO  b.s.impl.HouseCleaningServiceImpl -   - Room 421 at 05:30
2025-04-13 01:50:34 [http-nio-8081-exec-3] INFO  b.s.impl.HouseCleaningServiceImpl -   - Room 439 at 08:00
2025-04-13 01:50:34 [http-nio-8081-exec-3] INFO  b.s.impl.HouseCleaningServiceImpl -   - Room 457 at 06:30
2025-04-13 01:50:34 [http-nio-8081-exec-3] INFO  b.s.impl.HouseCleaningServiceImpl - Staff 4 has 3 rooms assigned
2025-04-13 01:50:34 [http-nio-8081-exec-3] INFO  b.s.impl.HouseCleaningServiceImpl -   - Room 464 at 08:00
2025-04-13 01:50:34 [http-nio-8081-exec-3] INFO  b.s.impl.HouseCleaningServiceImpl -   - Room 452 at 07:00
2025-04-13 01:50:34 [http-nio-8081-exec-3] INFO  b.s.impl.HouseCleaningServiceImpl -   - Room 422 at 05:30
2025-04-13 01:50:34 [http-nio-8081-exec-3] INFO  b.s.impl.HouseCleaningServiceImpl - Staff 10 has 2 rooms assigned
2025-04-13 01:50:34 [http-nio-8081-exec-3] INFO  b.s.impl.HouseCleaningServiceImpl -   - Room 434 at 08:30
2025-04-13 01:50:34 [http-nio-8081-exec-3] INFO  b.s.impl.HouseCleaningServiceImpl -   - Room 451 at 05:30
2025-04-13 01:50:34 [http-nio-8081-exec-3] INFO  b.s.impl.HouseCleaningServiceImpl - Saved schedule for room 421: staffId=1, scheduledTime=05:30
2025-04-13 01:50:34 [http-nio-8081-exec-3] INFO  b.s.impl.HouseCleaningServiceImpl - Saved schedule for room 422: staffId=4, scheduledTime=05:30
2025-04-13 01:50:34 [http-nio-8081-exec-3] INFO  b.s.impl.HouseCleaningServiceImpl - Saved schedule for room 451: staffId=10, scheduledTime=05:30
2025-04-13 01:50:34 [http-nio-8081-exec-3] INFO  b.s.impl.HouseCleaningServiceImpl - Saved schedule for room 469: staffId=null, scheduledTime=05:30
2025-04-13 01:50:34 [http-nio-8081-exec-3] INFO  b.s.impl.HouseCleaningServiceImpl - Saved schedule for room 433: staffId=null, scheduledTime=06:00
2025-04-13 01:50:34 [http-nio-8081-exec-3] INFO  b.s.impl.HouseCleaningServiceImpl - Saved schedule for room 457: staffId=1, scheduledTime=06:30
2025-04-13 01:50:34 [http-nio-8081-exec-3] INFO  b.s.impl.HouseCleaningServiceImpl - Saved schedule for room 452: staffId=4, scheduledTime=07:00
2025-04-13 01:50:34 [http-nio-8081-exec-3] INFO  b.s.impl.HouseCleaningServiceImpl - Saved schedule for room 439: staffId=1, scheduledTime=08:00
2025-04-13 01:50:34 [http-nio-8081-exec-3] INFO  b.s.impl.HouseCleaningServiceImpl - Saved schedule for room 464: staffId=4, scheduledTime=08:00
2025-04-13 01:50:34 [http-nio-8081-exec-3] INFO  b.s.impl.HouseCleaningServiceImpl - Saved schedule for room 434: staffId=10, scheduledTime=08:30
2025-04-13 01:50:34 [http-nio-8081-exec-3] INFO  b.s.impl.HouseCleaningServiceImpl - Saved schedule for room 470: staffId=null, scheduledTime=08:30
2025-04-13 02:02:09 [SpringApplicationShutdownHook] INFO  o.s.b.w.e.tomcat.GracefulShutdown - Commencing graceful shutdown. Waiting for active requests to complete
2025-04-13 02:02:09 [tomcat-shutdown] INFO  o.s.b.w.e.tomcat.GracefulShutdown - Graceful shutdown complete
2025-04-13 02:02:09 [SpringApplicationShutdownHook] INFO  o.s.o.j.LocalContainerEntityManagerFactoryBean - Closing JPA EntityManagerFactory for persistence unit 'default'
2025-04-13 02:02:09 [SpringApplicationShutdownHook] INFO  com.zaxxer.hikari.HikariDataSource - HikariPool-1 - Shutdown initiated...
2025-04-13 02:02:09 [SpringApplicationShutdownHook] INFO  com.zaxxer.hikari.HikariDataSource - HikariPool-1 - Shutdown completed.
2025-04-13 02:02:16 [main] INFO  backend.HotelBookingApplication - Starting HotelBookingApplication using Java 17.0.13 with PID 5247 (/Users/sukuna/Documents/coding/IBE/IBE-BE/KDU/target/classes started by sukuna in /Users/sukuna/Documents/coding/IBE/IBE-BE/KDU)
2025-04-13 02:02:16 [main] INFO  backend.HotelBookingApplication - The following 1 profile is active: "dev"
2025-04-13 02:02:17 [main] INFO  o.s.d.r.c.RepositoryConfigurationDelegate - Bootstrapping Spring Data JPA repositories in DEFAULT mode.
2025-04-13 02:02:17 [main] INFO  o.s.d.r.c.RepositoryConfigurationDelegate - Finished Spring Data repository scanning in 68 ms. Found 15 JPA repository interfaces.
2025-04-13 02:02:18 [main] INFO  o.s.b.w.e.tomcat.TomcatWebServer - Tomcat initialized with port 8081 (http)
2025-04-13 02:02:18 [main] INFO  o.a.coyote.http11.Http11NioProtocol - Initializing ProtocolHandler ["http-nio-8081"]
2025-04-13 02:02:18 [main] INFO  o.a.catalina.core.StandardService - Starting service [Tomcat]
2025-04-13 02:02:18 [main] INFO  o.a.catalina.core.StandardEngine - Starting Servlet engine: [Apache Tomcat/10.1.36]
2025-04-13 02:02:18 [main] INFO  o.a.c.c.C.[Tomcat].[localhost].[/] - Initializing Spring embedded WebApplicationContext
2025-04-13 02:02:18 [main] INFO  o.s.b.w.s.c.ServletWebServerApplicationContext - Root WebApplicationContext: initialization completed in 2165 ms
2025-04-13 02:02:18 [main] INFO  com.zaxxer.hikari.HikariDataSource - HikariPool-1 - Starting...
2025-04-13 02:02:19 [main] INFO  com.zaxxer.hikari.pool.HikariPool - HikariPool-1 - Added connection org.postgresql.jdbc.PgConnection@5e7e7a7e
2025-04-13 02:02:19 [main] INFO  com.zaxxer.hikari.HikariDataSource - HikariPool-1 - Start completed.
2025-04-13 02:02:19 [main] INFO  o.s.o.j.p.SpringPersistenceUnitInfo - No LoadTimeWeaver setup: ignoring JPA class transformer
2025-04-13 02:02:19 [main] WARN  org.hibernate.orm.deprecation - HHH90000025: PostgreSQLDialect does not need to be specified explicitly using 'hibernate.dialect' (remove the property setting and it will be selected by default)
2025-04-13 02:02:20 [main] WARN  o.h.t.s.i.ExceptionHandlerLoggedImpl - GenerationTarget encountered exception accepting command : Error executing DDL "alter table if exists staff_room_map alter column staff_id set data type bigint" via JDBC [ERROR: column "staff_id" cannot be cast automatically to type bigint
  Hint: You might need to specify "USING staff_id::bigint".]
org.hibernate.tool.schema.spi.CommandAcceptanceException: Error executing DDL "alter table if exists staff_room_map alter column staff_id set data type bigint" via JDBC [ERROR: column "staff_id" cannot be cast automatically to type bigint
  Hint: You might need to specify "USING staff_id::bigint".]
	at org.hibernate.tool.schema.internal.exec.GenerationTargetToDatabase.accept(GenerationTargetToDatabase.java:94)
	at org.hibernate.tool.schema.internal.AbstractSchemaMigrator.applySqlString(AbstractSchemaMigrator.java:576)
	at org.hibernate.tool.schema.internal.AbstractSchemaMigrator.applySqlStrings(AbstractSchemaMigrator.java:516)
	at org.hibernate.tool.schema.internal.AbstractSchemaMigrator.migrateTable(AbstractSchemaMigrator.java:334)
	at org.hibernate.tool.schema.internal.GroupedSchemaMigratorImpl.performTablesMigration(GroupedSchemaMigratorImpl.java:84)
	at org.hibernate.tool.schema.internal.AbstractSchemaMigrator.performMigration(AbstractSchemaMigrator.java:233)
	at org.hibernate.tool.schema.internal.AbstractSchemaMigrator.doMigration(AbstractSchemaMigrator.java:112)
	at org.hibernate.tool.schema.spi.SchemaManagementToolCoordinator.performDatabaseAction(SchemaManagementToolCoordinator.java:280)
	at org.hibernate.tool.schema.spi.SchemaManagementToolCoordinator.lambda$process$5(SchemaManagementToolCoordinator.java:144)
	at java.base/java.util.HashMap.forEach(HashMap.java:1421)
	at org.hibernate.tool.schema.spi.SchemaManagementToolCoordinator.process(SchemaManagementToolCoordinator.java:141)
	at org.hibernate.boot.internal.SessionFactoryObserverForSchemaExport.sessionFactoryCreated(SessionFactoryObserverForSchemaExport.java:37)
	at org.hibernate.internal.SessionFactoryObserverChain.sessionFactoryCreated(SessionFactoryObserverChain.java:35)
	at org.hibernate.internal.SessionFactoryImpl.<init>(SessionFactoryImpl.java:324)
	at org.hibernate.boot.internal.SessionFactoryBuilderImpl.build(SessionFactoryBuilderImpl.java:463)
	at org.hibernate.jpa.boot.internal.EntityManagerFactoryBuilderImpl.build(EntityManagerFactoryBuilderImpl.java:1517)
	at org.springframework.orm.jpa.vendor.SpringHibernateJpaPersistenceProvider.createContainerEntityManagerFactory(SpringHibernateJpaPersistenceProvider.java:66)
	at org.springframework.orm.jpa.LocalContainerEntityManagerFactoryBean.createNativeEntityManagerFactory(LocalContainerEntityManagerFactoryBean.java:390)
	at org.springframework.orm.jpa.AbstractEntityManagerFactoryBean.buildNativeEntityManagerFactory(AbstractEntityManagerFactoryBean.java:419)
	at org.springframework.orm.jpa.AbstractEntityManagerFactoryBean.afterPropertiesSet(AbstractEntityManagerFactoryBean.java:400)
	at org.springframework.orm.jpa.LocalContainerEntityManagerFactoryBean.afterPropertiesSet(LocalContainerEntityManagerFactoryBean.java:366)
	at org.springframework.beans.factory.support.AbstractAutowireCapableBeanFactory.invokeInitMethods(AbstractAutowireCapableBeanFactory.java:1859)
	at org.springframework.beans.factory.support.AbstractAutowireCapableBeanFactory.initializeBean(AbstractAutowireCapableBeanFactory.java:1808)
	at org.springframework.beans.factory.support.AbstractAutowireCapableBeanFactory.doCreateBean(AbstractAutowireCapableBeanFactory.java:601)
	at org.springframework.beans.factory.support.AbstractAutowireCapableBeanFactory.createBean(AbstractAutowireCapableBeanFactory.java:523)
	at org.springframework.beans.factory.support.AbstractBeanFactory.lambda$doGetBean$0(AbstractBeanFactory.java:339)
	at org.springframework.beans.factory.support.DefaultSingletonBeanRegistry.getSingleton(DefaultSingletonBeanRegistry.java:346)
	at org.springframework.beans.factory.support.AbstractBeanFactory.doGetBean(AbstractBeanFactory.java:337)
	at org.springframework.beans.factory.support.AbstractBeanFactory.getBean(AbstractBeanFactory.java:207)
	at org.springframework.context.support.AbstractApplicationContext.finishBeanFactoryInitialization(AbstractApplicationContext.java:970)
	at org.springframework.context.support.AbstractApplicationContext.refresh(AbstractApplicationContext.java:627)
	at org.springframework.boot.web.servlet.context.ServletWebServerApplicationContext.refresh(ServletWebServerApplicationContext.java:146)
	at org.springframework.boot.SpringApplication.refresh(SpringApplication.java:752)
	at org.springframework.boot.SpringApplication.refreshContext(SpringApplication.java:439)
	at org.springframework.boot.SpringApplication.run(SpringApplication.java:318)
	at org.springframework.boot.SpringApplication.run(SpringApplication.java:1361)
	at org.springframework.boot.SpringApplication.run(SpringApplication.java:1350)
	at backend.HotelBookingApplication.main(HotelBookingApplication.java:15)
Caused by: org.postgresql.util.PSQLException: ERROR: column "staff_id" cannot be cast automatically to type bigint
  Hint: You might need to specify "USING staff_id::bigint".
	at org.postgresql.core.v3.QueryExecutorImpl.receiveErrorResponse(QueryExecutorImpl.java:2733)
	at org.postgresql.core.v3.QueryExecutorImpl.processResults(QueryExecutorImpl.java:2420)
	at org.postgresql.core.v3.QueryExecutorImpl.execute(QueryExecutorImpl.java:372)
	at org.postgresql.jdbc.PgStatement.executeInternal(PgStatement.java:517)
	at org.postgresql.jdbc.PgStatement.execute(PgStatement.java:434)
	at org.postgresql.jdbc.PgStatement.executeWithFlags(PgStatement.java:356)
	at org.postgresql.jdbc.PgStatement.executeCachedSql(PgStatement.java:341)
	at org.postgresql.jdbc.PgStatement.executeWithFlags(PgStatement.java:317)
	at org.postgresql.jdbc.PgStatement.execute(PgStatement.java:312)
	at com.zaxxer.hikari.pool.ProxyStatement.execute(ProxyStatement.java:94)
	at com.zaxxer.hikari.pool.HikariProxyStatement.execute(HikariProxyStatement.java)
	at org.hibernate.tool.schema.internal.exec.GenerationTargetToDatabase.accept(GenerationTargetToDatabase.java:80)
	... 37 common frames omitted
2025-04-13 02:02:21 [main] WARN  o.h.t.s.i.ExceptionHandlerLoggedImpl - GenerationTarget encountered exception accepting command : Error executing DDL "alter table if exists staff_room_map add constraint FKyd20ehofj2axxe92vl67pqvx foreign key (staff_id) references staff" via JDBC [ERROR: foreign key constraint "fkyd20ehofj2axxe92vl67pqvx" cannot be implemented
  Detail: Key columns "staff_id" and "staff_id" are of incompatible types: character varying and bigint.]
org.hibernate.tool.schema.spi.CommandAcceptanceException: Error executing DDL "alter table if exists staff_room_map add constraint FKyd20ehofj2axxe92vl67pqvx foreign key (staff_id) references staff" via JDBC [ERROR: foreign key constraint "fkyd20ehofj2axxe92vl67pqvx" cannot be implemented
  Detail: Key columns "staff_id" and "staff_id" are of incompatible types: character varying and bigint.]
	at org.hibernate.tool.schema.internal.exec.GenerationTargetToDatabase.accept(GenerationTargetToDatabase.java:94)
	at org.hibernate.tool.schema.internal.AbstractSchemaMigrator.applySqlString(AbstractSchemaMigrator.java:576)
	at org.hibernate.tool.schema.internal.AbstractSchemaMigrator.applySqlStrings(AbstractSchemaMigrator.java:516)
	at org.hibernate.tool.schema.internal.AbstractSchemaMigrator.applyForeignKeys(AbstractSchemaMigrator.java:448)
	at org.hibernate.tool.schema.internal.AbstractSchemaMigrator.performMigration(AbstractSchemaMigrator.java:269)
	at org.hibernate.tool.schema.internal.AbstractSchemaMigrator.doMigration(AbstractSchemaMigrator.java:112)
	at org.hibernate.tool.schema.spi.SchemaManagementToolCoordinator.performDatabaseAction(SchemaManagementToolCoordinator.java:280)
	at org.hibernate.tool.schema.spi.SchemaManagementToolCoordinator.lambda$process$5(SchemaManagementToolCoordinator.java:144)
	at java.base/java.util.HashMap.forEach(HashMap.java:1421)
	at org.hibernate.tool.schema.spi.SchemaManagementToolCoordinator.process(SchemaManagementToolCoordinator.java:141)
	at org.hibernate.boot.internal.SessionFactoryObserverForSchemaExport.sessionFactoryCreated(SessionFactoryObserverForSchemaExport.java:37)
	at org.hibernate.internal.SessionFactoryObserverChain.sessionFactoryCreated(SessionFactoryObserverChain.java:35)
	at org.hibernate.internal.SessionFactoryImpl.<init>(SessionFactoryImpl.java:324)
	at org.hibernate.boot.internal.SessionFactoryBuilderImpl.build(SessionFactoryBuilderImpl.java:463)
	at org.hibernate.jpa.boot.internal.EntityManagerFactoryBuilderImpl.build(EntityManagerFactoryBuilderImpl.java:1517)
	at org.springframework.orm.jpa.vendor.SpringHibernateJpaPersistenceProvider.createContainerEntityManagerFactory(SpringHibernateJpaPersistenceProvider.java:66)
	at org.springframework.orm.jpa.LocalContainerEntityManagerFactoryBean.createNativeEntityManagerFactory(LocalContainerEntityManagerFactoryBean.java:390)
	at org.springframework.orm.jpa.AbstractEntityManagerFactoryBean.buildNativeEntityManagerFactory(AbstractEntityManagerFactoryBean.java:419)
	at org.springframework.orm.jpa.AbstractEntityManagerFactoryBean.afterPropertiesSet(AbstractEntityManagerFactoryBean.java:400)
	at org.springframework.orm.jpa.LocalContainerEntityManagerFactoryBean.afterPropertiesSet(LocalContainerEntityManagerFactoryBean.java:366)
	at org.springframework.beans.factory.support.AbstractAutowireCapableBeanFactory.invokeInitMethods(AbstractAutowireCapableBeanFactory.java:1859)
	at org.springframework.beans.factory.support.AbstractAutowireCapableBeanFactory.initializeBean(AbstractAutowireCapableBeanFactory.java:1808)
	at org.springframework.beans.factory.support.AbstractAutowireCapableBeanFactory.doCreateBean(AbstractAutowireCapableBeanFactory.java:601)
	at org.springframework.beans.factory.support.AbstractAutowireCapableBeanFactory.createBean(AbstractAutowireCapableBeanFactory.java:523)
	at org.springframework.beans.factory.support.AbstractBeanFactory.lambda$doGetBean$0(AbstractBeanFactory.java:339)
	at org.springframework.beans.factory.support.DefaultSingletonBeanRegistry.getSingleton(DefaultSingletonBeanRegistry.java:346)
	at org.springframework.beans.factory.support.AbstractBeanFactory.doGetBean(AbstractBeanFactory.java:337)
	at org.springframework.beans.factory.support.AbstractBeanFactory.getBean(AbstractBeanFactory.java:207)
	at org.springframework.context.support.AbstractApplicationContext.finishBeanFactoryInitialization(AbstractApplicationContext.java:970)
	at org.springframework.context.support.AbstractApplicationContext.refresh(AbstractApplicationContext.java:627)
	at org.springframework.boot.web.servlet.context.ServletWebServerApplicationContext.refresh(ServletWebServerApplicationContext.java:146)
	at org.springframework.boot.SpringApplication.refresh(SpringApplication.java:752)
	at org.springframework.boot.SpringApplication.refreshContext(SpringApplication.java:439)
	at org.springframework.boot.SpringApplication.run(SpringApplication.java:318)
	at org.springframework.boot.SpringApplication.run(SpringApplication.java:1361)
	at org.springframework.boot.SpringApplication.run(SpringApplication.java:1350)
	at backend.HotelBookingApplication.main(HotelBookingApplication.java:15)
Caused by: org.postgresql.util.PSQLException: ERROR: foreign key constraint "fkyd20ehofj2axxe92vl67pqvx" cannot be implemented
  Detail: Key columns "staff_id" and "staff_id" are of incompatible types: character varying and bigint.
	at org.postgresql.core.v3.QueryExecutorImpl.receiveErrorResponse(QueryExecutorImpl.java:2733)
	at org.postgresql.core.v3.QueryExecutorImpl.processResults(QueryExecutorImpl.java:2420)
	at org.postgresql.core.v3.QueryExecutorImpl.execute(QueryExecutorImpl.java:372)
	at org.postgresql.jdbc.PgStatement.executeInternal(PgStatement.java:517)
	at org.postgresql.jdbc.PgStatement.execute(PgStatement.java:434)
	at org.postgresql.jdbc.PgStatement.executeWithFlags(PgStatement.java:356)
	at org.postgresql.jdbc.PgStatement.executeCachedSql(PgStatement.java:341)
	at org.postgresql.jdbc.PgStatement.executeWithFlags(PgStatement.java:317)
	at org.postgresql.jdbc.PgStatement.execute(PgStatement.java:312)
	at com.zaxxer.hikari.pool.ProxyStatement.execute(ProxyStatement.java:94)
	at com.zaxxer.hikari.pool.HikariProxyStatement.execute(HikariProxyStatement.java)
	at org.hibernate.tool.schema.internal.exec.GenerationTargetToDatabase.accept(GenerationTargetToDatabase.java:80)
	... 36 common frames omitted
2025-04-13 02:02:21 [main] INFO  o.s.o.j.LocalContainerEntityManagerFactoryBean - Initialized JPA EntityManagerFactory for persistence unit 'default'
2025-04-13 02:02:21 [main] INFO  backend.config.CorsConfig - CORS Configuration Loaded!
2025-04-13 02:02:21 [main] DEBUG o.s.c.e.PropertySourcesPropertyResolver - Found key 'spring.security.oauth2.resourceserver.jwt.issuer-uri' in PropertySource 'environmentProperties' with value of type String
2025-04-13 02:02:21 [main] INFO  o.s.d.j.r.query.QueryEnhancerFactory - Hibernate is in classpath; If applicable, HQL parser will be used.
2025-04-13 02:02:21 [main] DEBUG o.s.c.e.PropertySourcesPropertyResolver - Found key 'graphql.endpoint' in PropertySource 'environmentProperties' with value of type String
2025-04-13 02:02:21 [main] DEBUG o.s.c.e.PropertySourcesPropertyResolver - Found key 'graphql.api-key' in PropertySource 'environmentProperties' with value of type String
2025-04-13 02:02:22 [main] DEBUG o.s.c.e.PropertySourcesPropertyResolver - Found key 'graphql.api.key' in PropertySource 'environmentProperties' with value of type String
2025-04-13 02:02:22 [main] DEBUG o.s.c.e.PropertySourcesPropertyResolver - Found key 'graphql.url' in PropertySource 'environmentProperties' with value of type String
2025-04-13 02:02:22 [main] DEBUG o.s.c.e.PropertySourcesPropertyResolver - Found key 'spring.mail.username' in PropertySource 'environmentProperties' with value of type String
2025-04-13 02:02:22 [main] DEBUG o.s.c.e.PropertySourcesPropertyResolver - Found key 'otp.expiry.minutes' in PropertySource 'environmentProperties' with value of type String
2025-04-13 02:02:22 [main] DEBUG o.s.c.e.PropertySourcesPropertyResolver - Found key 'otp.max.attempts' in PropertySource 'environmentProperties' with value of type String
2025-04-13 02:02:22 [main] DEBUG o.s.c.e.PropertySourcesPropertyResolver - Found key 'graphql.endpoint' in PropertySource 'environmentProperties' with value of type String
2025-04-13 02:02:22 [main] DEBUG o.s.c.e.PropertySourcesPropertyResolver - Found key 'graphql.api-key' in PropertySource 'environmentProperties' with value of type String
2025-04-13 02:02:22 [main] DEBUG o.s.c.e.PropertySourcesPropertyResolver - Found key 'graphql.api.key' in PropertySource 'environmentProperties' with value of type String
2025-04-13 02:02:22 [main] DEBUG o.s.c.e.PropertySourcesPropertyResolver - Found key 'graphql.url' in PropertySource 'environmentProperties' with value of type String
2025-04-13 02:02:22 [main] DEBUG o.s.c.e.PropertySourcesPropertyResolver - Found key 'graphql.endpoint' in PropertySource 'environmentProperties' with value of type String
2025-04-13 02:02:22 [main] DEBUG o.s.c.e.PropertySourcesPropertyResolver - Found key 'graphql.api-key' in PropertySource 'environmentProperties' with value of type String
2025-04-13 02:02:22 [main] DEBUG o.s.c.e.PropertySourcesPropertyResolver - Found key 'graphql.endpoint' in PropertySource 'environmentProperties' with value of type String
2025-04-13 02:02:22 [main] DEBUG o.s.c.e.PropertySourcesPropertyResolver - Found key 'graphql.apiKey' in PropertySource 'environmentProperties' with value of type String
2025-04-13 02:02:22 [main] DEBUG o.s.c.e.PropertySourcesPropertyResolver - Found key 'graphql.endpoint' in PropertySource 'environmentProperties' with value of type String
2025-04-13 02:02:22 [main] DEBUG o.s.c.e.PropertySourcesPropertyResolver - Found key 'graphql.apiKey' in PropertySource 'environmentProperties' with value of type String
2025-04-13 02:02:22 [main] DEBUG o.s.c.e.PropertySourcesPropertyResolver - Found key 'api.base.url' in PropertySource 'environmentProperties' with value of type String
2025-04-13 02:02:22 [main] WARN  o.s.b.a.o.j.JpaBaseConfiguration$JpaWebConfiguration - spring.jpa.open-in-view is enabled by default. Therefore, database queries may be performed during view rendering. Explicitly configure spring.jpa.open-in-view to disable this warning
2025-04-13 02:02:22 [main] INFO  backend.config.CorsConfig - Applying CORS settings...
2025-04-13 02:02:23 [main] DEBUG o.s.s.c.a.a.c.AuthenticationConfiguration$DefaultPasswordEncoderAuthenticationManagerBuilder - No authenticationProviders and no parentAuthenticationManager defined. Returning null.
2025-04-13 02:02:23 [main] INFO  o.s.b.a.e.web.EndpointLinksResolver - Exposing 2 endpoints beneath base path '/actuator'
2025-04-13 02:02:23 [main] INFO  backend.config.SecurityConfig - Configuring security filter chain...
2025-04-13 02:02:23 [main] INFO  backend.config.SecurityConfig - Using issuer URI: https://cognito-idp.ap-south-1.amazonaws.com/ap-south-1_IGHZ9OObg
2025-04-13 02:02:23 [main] INFO  backend.config.SecurityConfig - Configuring authorization rules...
2025-04-13 02:02:23 [main] INFO  backend.config.SecurityConfig - Configuring OAuth2 resource server...
2025-04-13 02:02:23 [main] INFO  backend.config.SecurityConfig - Configuring JWT...
2025-04-13 02:02:23 [main] INFO  backend.config.SecurityConfig - Creating JWT decoder with issuer URI: https://cognito-idp.ap-south-1.amazonaws.com/ap-south-1_IGHZ9OObg
2025-04-13 02:02:23 [main] INFO  backend.config.SecurityConfig - Configuring session management...
2025-04-13 02:02:23 [main] DEBUG o.s.s.web.DefaultSecurityFilterChain - Will secure any request with filters: DisableEncodeUrlFilter, WebAsyncManagerIntegrationFilter, SecurityContextHolderFilter, HeaderWriterFilter, LogoutFilter, BearerTokenAuthenticationFilter, RequestCacheAwareFilter, SecurityContextHolderAwareRequestFilter, AnonymousAuthenticationFilter, SessionManagementFilter, ExceptionTranslationFilter, AuthorizationFilter
2025-04-13 02:02:24 [main] INFO  o.a.coyote.http11.Http11NioProtocol - Starting ProtocolHandler ["http-nio-8081"]
2025-04-13 02:02:24 [main] INFO  o.s.b.w.e.tomcat.TomcatWebServer - Tomcat started on port 8081 (http) with context path '/'
2025-04-13 02:02:24 [main] INFO  backend.HotelBookingApplication - Started HotelBookingApplication in 8.887 seconds (process running for 9.435)
2025-04-13 02:02:26 [http-nio-8081-exec-1] INFO  o.a.c.c.C.[Tomcat].[localhost].[/] - Initializing Spring DispatcherServlet 'dispatcherServlet'
2025-04-13 02:02:26 [http-nio-8081-exec-1] INFO  o.s.web.servlet.DispatcherServlet - Initializing Servlet 'dispatcherServlet'
2025-04-13 02:02:26 [http-nio-8081-exec-1] INFO  o.s.web.servlet.DispatcherServlet - Completed initialization in 3 ms
2025-04-13 02:02:26 [http-nio-8081-exec-1] DEBUG o.s.security.web.FilterChainProxy - Securing POST /api/house-cleaning/generate?date=2025-05-01
2025-04-13 02:02:26 [http-nio-8081-exec-1] DEBUG o.s.s.w.a.AnonymousAuthenticationFilter - Set SecurityContextHolder to anonymous SecurityContext
2025-04-13 02:02:26 [http-nio-8081-exec-1] DEBUG o.s.security.web.FilterChainProxy - Secured POST /api/house-cleaning/generate?date=2025-05-01
2025-04-13 02:02:26 [http-nio-8081-exec-1] INFO  b.s.impl.HouseCleaningServiceImpl - Generating cleaning schedules for date: 2025-05-01
2025-04-13 02:02:27 [http-nio-8081-exec-1] INFO  b.s.impl.HouseCleaningServiceImpl - Found 10 check-in bookings, 0 check-out bookings, and 10 current bookings for date 2025-05-01
2025-04-13 02:02:27 [http-nio-8081-exec-1] INFO  b.s.impl.BookedRoomsServiceImpl - Checking check-in rooms for date: 2025-05-01
2025-04-13 02:02:27 [http-nio-8081-exec-1] INFO  b.s.impl.BookedRoomsServiceImpl - Found 10 transactions with check-in date 2025-05-01
2025-04-13 02:02:27 [http-nio-8081-exec-1] INFO  b.s.impl.BookedRoomsServiceImpl - Booking IDs for check-in: [13, 12, 15, 14, 53, 55, 59, 60, 155, 318]
2025-04-13 02:02:32 [http-nio-8081-exec-1] INFO  b.s.impl.BookedRoomsServiceImpl - Room IDs for bookings [13, 12, 15, 14, 53, 55, 59, 60, 155, 318]: [421, 422, 433, 434, 439, 451, 452, 457, 464, 469, 470]
2025-04-13 02:02:32 [http-nio-8081-exec-1] INFO  b.s.impl.BookedRoomsServiceImpl - Checking check-out rooms for date: 2025-05-01
2025-04-13 02:02:32 [http-nio-8081-exec-1] INFO  b.s.impl.BookedRoomsServiceImpl - Found 0 transactions with check-out date 2025-05-01
2025-04-13 02:02:32 [http-nio-8081-exec-1] INFO  b.s.impl.BookedRoomsServiceImpl - Booking IDs for check-out: []
2025-04-13 02:02:32 [http-nio-8081-exec-1] INFO  b.s.impl.BookedRoomsServiceImpl - No booking IDs found, returning empty list
2025-04-13 02:02:32 [http-nio-8081-exec-1] INFO  b.s.impl.BookedRoomsServiceImpl - Checking currently booked rooms for date: 2025-05-01T00:00:00Z
2025-04-13 02:02:32 [http-nio-8081-exec-1] INFO  b.s.impl.BookedRoomsServiceImpl - Currently booked room IDs: [421, 422, 433, 434, 439, 451, 452, 457, 464, 469, 470]
2025-04-13 02:02:32 [http-nio-8081-exec-1] INFO  b.s.impl.HouseCleaningServiceImpl - Found 11 check-in rooms, 0 check-out rooms, and 11 current rooms for date 2025-05-01
2025-04-13 02:02:32 [http-nio-8081-exec-1] WARN  b.s.impl.HouseCleaningServiceImpl - Could not extract room ID from booking details for booking ID 13
2025-04-13 02:02:32 [http-nio-8081-exec-1] WARN  b.s.impl.HouseCleaningServiceImpl - Could not extract room ID from booking details for booking ID 12
2025-04-13 02:02:32 [http-nio-8081-exec-1] WARN  b.s.impl.HouseCleaningServiceImpl - Could not extract room ID from booking details for booking ID 15
2025-04-13 02:02:32 [http-nio-8081-exec-1] WARN  b.s.impl.HouseCleaningServiceImpl - Could not extract room ID from booking details for booking ID 14
2025-04-13 02:02:32 [http-nio-8081-exec-1] WARN  b.s.impl.HouseCleaningServiceImpl - Could not extract room ID from booking details for booking ID 53
2025-04-13 02:02:32 [http-nio-8081-exec-1] WARN  b.s.impl.HouseCleaningServiceImpl - Could not extract room ID from booking details for booking ID 55
2025-04-13 02:02:32 [http-nio-8081-exec-1] WARN  b.s.impl.HouseCleaningServiceImpl - Could not extract room ID from booking details for booking ID 59
2025-04-13 02:02:32 [http-nio-8081-exec-1] WARN  b.s.impl.HouseCleaningServiceImpl - Could not extract room ID from booking details for booking ID 60
2025-04-13 02:02:32 [http-nio-8081-exec-1] WARN  b.s.impl.HouseCleaningServiceImpl - Could not extract room ID from booking details for booking ID 155
2025-04-13 02:02:32 [http-nio-8081-exec-1] WARN  b.s.impl.HouseCleaningServiceImpl - Could not extract room ID from booking details for booking ID 318
2025-04-13 02:02:32 [http-nio-8081-exec-1] WARN  b.s.impl.HouseCleaningServiceImpl - Could not extract room ID from booking details for booking ID 13
2025-04-13 02:02:32 [http-nio-8081-exec-1] WARN  b.s.impl.HouseCleaningServiceImpl - Could not extract room ID from booking details for booking ID 12
2025-04-13 02:02:32 [http-nio-8081-exec-1] WARN  b.s.impl.HouseCleaningServiceImpl - Could not extract room ID from booking details for booking ID 15
2025-04-13 02:02:32 [http-nio-8081-exec-1] WARN  b.s.impl.HouseCleaningServiceImpl - Could not extract room ID from booking details for booking ID 14
2025-04-13 02:02:32 [http-nio-8081-exec-1] WARN  b.s.impl.HouseCleaningServiceImpl - Could not extract room ID from booking details for booking ID 53
2025-04-13 02:02:32 [http-nio-8081-exec-1] WARN  b.s.impl.HouseCleaningServiceImpl - Could not extract room ID from booking details for booking ID 55
2025-04-13 02:02:32 [http-nio-8081-exec-1] WARN  b.s.impl.HouseCleaningServiceImpl - Could not extract room ID from booking details for booking ID 59
2025-04-13 02:02:32 [http-nio-8081-exec-1] WARN  b.s.impl.HouseCleaningServiceImpl - Could not extract room ID from booking details for booking ID 60
2025-04-13 02:02:32 [http-nio-8081-exec-1] WARN  b.s.impl.HouseCleaningServiceImpl - Could not extract room ID from booking details for booking ID 155
2025-04-13 02:02:32 [http-nio-8081-exec-1] WARN  b.s.impl.HouseCleaningServiceImpl - Could not extract room ID from booking details for booking ID 318
2025-04-13 02:02:32 [http-nio-8081-exec-1] INFO  b.s.impl.HouseCleaningServiceImpl - Room to booking map: {}
2025-04-13 02:02:32 [http-nio-8081-exec-1] WARN  b.s.impl.HouseCleaningServiceImpl - No booking ID found for room ID 421
2025-04-13 02:02:32 [http-nio-8081-exec-1] WARN  b.s.impl.HouseCleaningServiceImpl - No booking ID found for room ID 422
2025-04-13 02:02:32 [http-nio-8081-exec-1] WARN  b.s.impl.HouseCleaningServiceImpl - No booking ID found for room ID 433
2025-04-13 02:02:32 [http-nio-8081-exec-1] WARN  b.s.impl.HouseCleaningServiceImpl - No booking ID found for room ID 434
2025-04-13 02:02:32 [http-nio-8081-exec-1] WARN  b.s.impl.HouseCleaningServiceImpl - No booking ID found for room ID 439
2025-04-13 02:02:32 [http-nio-8081-exec-1] WARN  b.s.impl.HouseCleaningServiceImpl - No booking ID found for room ID 451
2025-04-13 02:02:32 [http-nio-8081-exec-1] WARN  b.s.impl.HouseCleaningServiceImpl - No booking ID found for room ID 452
2025-04-13 02:02:32 [http-nio-8081-exec-1] WARN  b.s.impl.HouseCleaningServiceImpl - No booking ID found for room ID 457
2025-04-13 02:02:32 [http-nio-8081-exec-1] WARN  b.s.impl.HouseCleaningServiceImpl - No booking ID found for room ID 464
2025-04-13 02:02:32 [http-nio-8081-exec-1] WARN  b.s.impl.HouseCleaningServiceImpl - No booking ID found for room ID 469
2025-04-13 02:02:32 [http-nio-8081-exec-1] WARN  b.s.impl.HouseCleaningServiceImpl - No booking ID found for room ID 470
2025-04-13 02:02:44 [http-nio-8081-exec-3] DEBUG o.s.security.web.FilterChainProxy - Securing POST /api/house-cleaning/assign-staff?date=2025-05-01&shift=MORNING_SHIFT
2025-04-13 02:02:44 [http-nio-8081-exec-3] DEBUG o.s.s.w.a.AnonymousAuthenticationFilter - Set SecurityContextHolder to anonymous SecurityContext
2025-04-13 02:02:44 [http-nio-8081-exec-3] DEBUG o.s.security.web.FilterChainProxy - Secured POST /api/house-cleaning/assign-staff?date=2025-05-01&shift=MORNING_SHIFT
2025-04-13 02:02:44 [http-nio-8081-exec-3] INFO  b.s.impl.HouseCleaningServiceImpl - Assigning staff to schedules for date: 2025-05-01 and shift: MORNING_SHIFT
2025-04-13 02:02:44 [http-nio-8081-exec-3] INFO  b.s.impl.HouseCleaningServiceImpl - Shift time: 05:00 to 09:00
2025-04-13 02:02:44 [http-nio-8081-exec-3] INFO  b.s.impl.HouseCleaningServiceImpl - Original scheduled time for room 421: 05:30
2025-04-13 02:02:44 [http-nio-8081-exec-3] INFO  b.s.impl.HouseCleaningServiceImpl - Assigned staff 1 to room 421 for cleaning from 05:30 to 06:00
2025-04-13 02:02:44 [http-nio-8081-exec-3] INFO  b.s.impl.HouseCleaningServiceImpl - Original scheduled time for room 439: 06:00
2025-04-13 02:02:44 [http-nio-8081-exec-3] INFO  b.s.impl.HouseCleaningServiceImpl - Assigned staff 4 to room 439 for cleaning from 06:00 to 06:30
2025-04-13 02:02:44 [http-nio-8081-exec-3] INFO  b.s.impl.HouseCleaningServiceImpl - Original scheduled time for room 451: 06:00
2025-04-13 02:02:44 [http-nio-8081-exec-3] INFO  b.s.impl.HouseCleaningServiceImpl - Assigned staff 10 to room 451 for cleaning from 06:00 to 06:30
2025-04-13 02:02:44 [http-nio-8081-exec-3] INFO  b.s.impl.HouseCleaningServiceImpl - Original scheduled time for room 464: 06:00
2025-04-13 02:02:44 [http-nio-8081-exec-3] WARN  b.s.impl.HouseCleaningServiceImpl - No available staff found for room 464 at time 06:00. Skipping assignment.
2025-04-13 02:02:44 [http-nio-8081-exec-3] INFO  b.s.impl.HouseCleaningServiceImpl - Original scheduled time for room 452: 07:00
2025-04-13 02:02:44 [http-nio-8081-exec-3] INFO  b.s.impl.HouseCleaningServiceImpl - Assigned staff 1 to room 452 for cleaning from 07:00 to 07:30
2025-04-13 02:02:44 [http-nio-8081-exec-3] INFO  b.s.impl.HouseCleaningServiceImpl - Original scheduled time for room 457: 07:00
2025-04-13 02:02:44 [http-nio-8081-exec-3] INFO  b.s.impl.HouseCleaningServiceImpl - Assigned staff 4 to room 457 for cleaning from 07:00 to 07:30
2025-04-13 02:02:44 [http-nio-8081-exec-3] INFO  b.s.impl.HouseCleaningServiceImpl - Original scheduled time for room 470: 08:00
2025-04-13 02:02:44 [http-nio-8081-exec-3] INFO  b.s.impl.HouseCleaningServiceImpl - Assigned staff 1 to room 470 for cleaning from 08:00 to 08:30
2025-04-13 02:02:44 [http-nio-8081-exec-3] INFO  b.s.impl.HouseCleaningServiceImpl - Original scheduled time for room 422: 08:30
2025-04-13 02:02:44 [http-nio-8081-exec-3] INFO  b.s.impl.HouseCleaningServiceImpl - Assigned staff 4 to room 422 for cleaning from 08:30 to 09:00
2025-04-13 02:02:44 [http-nio-8081-exec-3] INFO  b.s.impl.HouseCleaningServiceImpl - Original scheduled time for room 433: 08:30
2025-04-13 02:02:44 [http-nio-8081-exec-3] INFO  b.s.impl.HouseCleaningServiceImpl - Assigned staff 10 to room 433 for cleaning from 08:30 to 09:00
2025-04-13 02:02:44 [http-nio-8081-exec-3] INFO  b.s.impl.HouseCleaningServiceImpl - Original scheduled time for room 434: 08:30
2025-04-13 02:02:44 [http-nio-8081-exec-3] WARN  b.s.impl.HouseCleaningServiceImpl - No available staff found for room 434 at time 08:30. Skipping assignment.
2025-04-13 02:02:44 [http-nio-8081-exec-3] INFO  b.s.impl.HouseCleaningServiceImpl - Original scheduled time for room 469: 08:30
2025-04-13 02:02:44 [http-nio-8081-exec-3] WARN  b.s.impl.HouseCleaningServiceImpl - No available staff found for room 469 at time 08:30. Skipping assignment.
2025-04-13 02:02:44 [http-nio-8081-exec-3] INFO  b.s.impl.HouseCleaningServiceImpl - Staff 1 has 3 rooms assigned
2025-04-13 02:02:44 [http-nio-8081-exec-3] INFO  b.s.impl.HouseCleaningServiceImpl -   - Room 452 at 07:00
2025-04-13 02:02:44 [http-nio-8081-exec-3] INFO  b.s.impl.HouseCleaningServiceImpl -   - Room 421 at 05:30
2025-04-13 02:02:44 [http-nio-8081-exec-3] INFO  b.s.impl.HouseCleaningServiceImpl -   - Room 470 at 08:00
2025-04-13 02:02:44 [http-nio-8081-exec-3] INFO  b.s.impl.HouseCleaningServiceImpl -   - Staff 1 is working from 05:30 to 08:30 (utilization: 37.5%)
2025-04-13 02:02:44 [http-nio-8081-exec-3] INFO  b.s.impl.HouseCleaningServiceImpl - Staff 4 has 3 rooms assigned
2025-04-13 02:02:44 [http-nio-8081-exec-3] INFO  b.s.impl.HouseCleaningServiceImpl -   - Room 422 at 08:30
2025-04-13 02:02:44 [http-nio-8081-exec-3] INFO  b.s.impl.HouseCleaningServiceImpl -   - Room 439 at 06:00
2025-04-13 02:02:44 [http-nio-8081-exec-3] INFO  b.s.impl.HouseCleaningServiceImpl -   - Room 457 at 07:00
2025-04-13 02:02:44 [http-nio-8081-exec-3] INFO  b.s.impl.HouseCleaningServiceImpl -   - Staff 4 is working from 06:00 to 09:00 (utilization: 37.5%)
2025-04-13 02:02:44 [http-nio-8081-exec-3] INFO  b.s.impl.HouseCleaningServiceImpl - Staff 10 has 2 rooms assigned
2025-04-13 02:02:44 [http-nio-8081-exec-3] INFO  b.s.impl.HouseCleaningServiceImpl -   - Room 433 at 08:30
2025-04-13 02:02:44 [http-nio-8081-exec-3] INFO  b.s.impl.HouseCleaningServiceImpl -   - Room 451 at 06:00
2025-04-13 02:02:44 [http-nio-8081-exec-3] INFO  b.s.impl.HouseCleaningServiceImpl -   - Staff 10 is working from 06:00 to 09:00 (utilization: 25.0%)
2025-04-13 02:02:44 [http-nio-8081-exec-3] INFO  b.s.impl.HouseCleaningServiceImpl - Saved schedule for room 421: staffId=1, scheduledTime=05:30
2025-04-13 02:02:44 [http-nio-8081-exec-3] INFO  b.s.impl.HouseCleaningServiceImpl - Saved schedule for room 439: staffId=4, scheduledTime=06:00
2025-04-13 02:02:44 [http-nio-8081-exec-3] INFO  b.s.impl.HouseCleaningServiceImpl - Saved schedule for room 451: staffId=10, scheduledTime=06:00
2025-04-13 02:02:44 [http-nio-8081-exec-3] INFO  b.s.impl.HouseCleaningServiceImpl - Saved schedule for room 464: staffId=null, scheduledTime=06:00
2025-04-13 02:02:44 [http-nio-8081-exec-3] INFO  b.s.impl.HouseCleaningServiceImpl - Saved schedule for room 452: staffId=1, scheduledTime=07:00
2025-04-13 02:02:44 [http-nio-8081-exec-3] INFO  b.s.impl.HouseCleaningServiceImpl - Saved schedule for room 457: staffId=4, scheduledTime=07:00
2025-04-13 02:02:44 [http-nio-8081-exec-3] INFO  b.s.impl.HouseCleaningServiceImpl - Saved schedule for room 470: staffId=1, scheduledTime=08:00
2025-04-13 02:02:44 [http-nio-8081-exec-3] INFO  b.s.impl.HouseCleaningServiceImpl - Saved schedule for room 422: staffId=4, scheduledTime=08:30
2025-04-13 02:02:44 [http-nio-8081-exec-3] INFO  b.s.impl.HouseCleaningServiceImpl - Saved schedule for room 433: staffId=10, scheduledTime=08:30
2025-04-13 02:02:44 [http-nio-8081-exec-3] INFO  b.s.impl.HouseCleaningServiceImpl - Saved schedule for room 434: staffId=null, scheduledTime=08:30
2025-04-13 02:02:44 [http-nio-8081-exec-3] INFO  b.s.impl.HouseCleaningServiceImpl - Saved schedule for room 469: staffId=null, scheduledTime=08:30
2025-04-13 02:04:56 [SpringApplicationShutdownHook] INFO  o.s.b.w.e.tomcat.GracefulShutdown - Commencing graceful shutdown. Waiting for active requests to complete
2025-04-13 02:04:56 [tomcat-shutdown] INFO  o.s.b.w.e.tomcat.GracefulShutdown - Graceful shutdown complete
2025-04-13 02:04:56 [SpringApplicationShutdownHook] INFO  o.s.o.j.LocalContainerEntityManagerFactoryBean - Closing JPA EntityManagerFactory for persistence unit 'default'
2025-04-13 02:04:56 [SpringApplicationShutdownHook] INFO  com.zaxxer.hikari.HikariDataSource - HikariPool-1 - Shutdown initiated...
2025-04-13 02:04:56 [SpringApplicationShutdownHook] INFO  com.zaxxer.hikari.HikariDataSource - HikariPool-1 - Shutdown completed.
2025-04-13 02:05:03 [main] INFO  backend.HotelBookingApplication - Starting HotelBookingApplication using Java 17.0.13 with PID 5427 (/Users/sukuna/Documents/coding/IBE/IBE-BE/KDU/target/classes started by sukuna in /Users/sukuna/Documents/coding/IBE/IBE-BE/KDU)
2025-04-13 02:05:03 [main] INFO  backend.HotelBookingApplication - The following 1 profile is active: "dev"
2025-04-13 02:05:04 [main] INFO  o.s.d.r.c.RepositoryConfigurationDelegate - Bootstrapping Spring Data JPA repositories in DEFAULT mode.
2025-04-13 02:05:04 [main] INFO  o.s.d.r.c.RepositoryConfigurationDelegate - Finished Spring Data repository scanning in 65 ms. Found 15 JPA repository interfaces.
2025-04-13 02:05:05 [main] INFO  o.s.b.w.e.tomcat.TomcatWebServer - Tomcat initialized with port 8081 (http)
2025-04-13 02:05:05 [main] INFO  o.a.coyote.http11.Http11NioProtocol - Initializing ProtocolHandler ["http-nio-8081"]
2025-04-13 02:05:05 [main] INFO  o.a.catalina.core.StandardService - Starting service [Tomcat]
2025-04-13 02:05:05 [main] INFO  o.a.catalina.core.StandardEngine - Starting Servlet engine: [Apache Tomcat/10.1.36]
2025-04-13 02:05:05 [main] INFO  o.a.c.c.C.[Tomcat].[localhost].[/] - Initializing Spring embedded WebApplicationContext
2025-04-13 02:05:05 [main] INFO  o.s.b.w.s.c.ServletWebServerApplicationContext - Root WebApplicationContext: initialization completed in 1478 ms
2025-04-13 02:05:05 [main] INFO  com.zaxxer.hikari.HikariDataSource - HikariPool-1 - Starting...
2025-04-13 02:05:06 [main] INFO  com.zaxxer.hikari.pool.HikariPool - HikariPool-1 - Added connection org.postgresql.jdbc.PgConnection@1c610f
2025-04-13 02:05:06 [main] INFO  com.zaxxer.hikari.HikariDataSource - HikariPool-1 - Start completed.
2025-04-13 02:05:06 [main] INFO  o.s.o.j.p.SpringPersistenceUnitInfo - No LoadTimeWeaver setup: ignoring JPA class transformer
2025-04-13 02:05:06 [main] WARN  org.hibernate.orm.deprecation - HHH90000025: PostgreSQLDialect does not need to be specified explicitly using 'hibernate.dialect' (remove the property setting and it will be selected by default)
2025-04-13 02:05:07 [main] WARN  o.h.t.s.i.ExceptionHandlerLoggedImpl - GenerationTarget encountered exception accepting command : Error executing DDL "alter table if exists staff_room_map alter column staff_id set data type bigint" via JDBC [ERROR: column "staff_id" cannot be cast automatically to type bigint
  Hint: You might need to specify "USING staff_id::bigint".]
org.hibernate.tool.schema.spi.CommandAcceptanceException: Error executing DDL "alter table if exists staff_room_map alter column staff_id set data type bigint" via JDBC [ERROR: column "staff_id" cannot be cast automatically to type bigint
  Hint: You might need to specify "USING staff_id::bigint".]
	at org.hibernate.tool.schema.internal.exec.GenerationTargetToDatabase.accept(GenerationTargetToDatabase.java:94)
	at org.hibernate.tool.schema.internal.AbstractSchemaMigrator.applySqlString(AbstractSchemaMigrator.java:576)
	at org.hibernate.tool.schema.internal.AbstractSchemaMigrator.applySqlStrings(AbstractSchemaMigrator.java:516)
	at org.hibernate.tool.schema.internal.AbstractSchemaMigrator.migrateTable(AbstractSchemaMigrator.java:334)
	at org.hibernate.tool.schema.internal.GroupedSchemaMigratorImpl.performTablesMigration(GroupedSchemaMigratorImpl.java:84)
	at org.hibernate.tool.schema.internal.AbstractSchemaMigrator.performMigration(AbstractSchemaMigrator.java:233)
	at org.hibernate.tool.schema.internal.AbstractSchemaMigrator.doMigration(AbstractSchemaMigrator.java:112)
	at org.hibernate.tool.schema.spi.SchemaManagementToolCoordinator.performDatabaseAction(SchemaManagementToolCoordinator.java:280)
	at org.hibernate.tool.schema.spi.SchemaManagementToolCoordinator.lambda$process$5(SchemaManagementToolCoordinator.java:144)
	at java.base/java.util.HashMap.forEach(HashMap.java:1421)
	at org.hibernate.tool.schema.spi.SchemaManagementToolCoordinator.process(SchemaManagementToolCoordinator.java:141)
	at org.hibernate.boot.internal.SessionFactoryObserverForSchemaExport.sessionFactoryCreated(SessionFactoryObserverForSchemaExport.java:37)
	at org.hibernate.internal.SessionFactoryObserverChain.sessionFactoryCreated(SessionFactoryObserverChain.java:35)
	at org.hibernate.internal.SessionFactoryImpl.<init>(SessionFactoryImpl.java:324)
	at org.hibernate.boot.internal.SessionFactoryBuilderImpl.build(SessionFactoryBuilderImpl.java:463)
	at org.hibernate.jpa.boot.internal.EntityManagerFactoryBuilderImpl.build(EntityManagerFactoryBuilderImpl.java:1517)
	at org.springframework.orm.jpa.vendor.SpringHibernateJpaPersistenceProvider.createContainerEntityManagerFactory(SpringHibernateJpaPersistenceProvider.java:66)
	at org.springframework.orm.jpa.LocalContainerEntityManagerFactoryBean.createNativeEntityManagerFactory(LocalContainerEntityManagerFactoryBean.java:390)
	at org.springframework.orm.jpa.AbstractEntityManagerFactoryBean.buildNativeEntityManagerFactory(AbstractEntityManagerFactoryBean.java:419)
	at org.springframework.orm.jpa.AbstractEntityManagerFactoryBean.afterPropertiesSet(AbstractEntityManagerFactoryBean.java:400)
	at org.springframework.orm.jpa.LocalContainerEntityManagerFactoryBean.afterPropertiesSet(LocalContainerEntityManagerFactoryBean.java:366)
	at org.springframework.beans.factory.support.AbstractAutowireCapableBeanFactory.invokeInitMethods(AbstractAutowireCapableBeanFactory.java:1859)
	at org.springframework.beans.factory.support.AbstractAutowireCapableBeanFactory.initializeBean(AbstractAutowireCapableBeanFactory.java:1808)
	at org.springframework.beans.factory.support.AbstractAutowireCapableBeanFactory.doCreateBean(AbstractAutowireCapableBeanFactory.java:601)
	at org.springframework.beans.factory.support.AbstractAutowireCapableBeanFactory.createBean(AbstractAutowireCapableBeanFactory.java:523)
	at org.springframework.beans.factory.support.AbstractBeanFactory.lambda$doGetBean$0(AbstractBeanFactory.java:339)
	at org.springframework.beans.factory.support.DefaultSingletonBeanRegistry.getSingleton(DefaultSingletonBeanRegistry.java:346)
	at org.springframework.beans.factory.support.AbstractBeanFactory.doGetBean(AbstractBeanFactory.java:337)
	at org.springframework.beans.factory.support.AbstractBeanFactory.getBean(AbstractBeanFactory.java:207)
	at org.springframework.context.support.AbstractApplicationContext.finishBeanFactoryInitialization(AbstractApplicationContext.java:970)
	at org.springframework.context.support.AbstractApplicationContext.refresh(AbstractApplicationContext.java:627)
	at org.springframework.boot.web.servlet.context.ServletWebServerApplicationContext.refresh(ServletWebServerApplicationContext.java:146)
	at org.springframework.boot.SpringApplication.refresh(SpringApplication.java:752)
	at org.springframework.boot.SpringApplication.refreshContext(SpringApplication.java:439)
	at org.springframework.boot.SpringApplication.run(SpringApplication.java:318)
	at org.springframework.boot.SpringApplication.run(SpringApplication.java:1361)
	at org.springframework.boot.SpringApplication.run(SpringApplication.java:1350)
	at backend.HotelBookingApplication.main(HotelBookingApplication.java:15)
Caused by: org.postgresql.util.PSQLException: ERROR: column "staff_id" cannot be cast automatically to type bigint
  Hint: You might need to specify "USING staff_id::bigint".
	at org.postgresql.core.v3.QueryExecutorImpl.receiveErrorResponse(QueryExecutorImpl.java:2733)
	at org.postgresql.core.v3.QueryExecutorImpl.processResults(QueryExecutorImpl.java:2420)
	at org.postgresql.core.v3.QueryExecutorImpl.execute(QueryExecutorImpl.java:372)
	at org.postgresql.jdbc.PgStatement.executeInternal(PgStatement.java:517)
	at org.postgresql.jdbc.PgStatement.execute(PgStatement.java:434)
	at org.postgresql.jdbc.PgStatement.executeWithFlags(PgStatement.java:356)
	at org.postgresql.jdbc.PgStatement.executeCachedSql(PgStatement.java:341)
	at org.postgresql.jdbc.PgStatement.executeWithFlags(PgStatement.java:317)
	at org.postgresql.jdbc.PgStatement.execute(PgStatement.java:312)
	at com.zaxxer.hikari.pool.ProxyStatement.execute(ProxyStatement.java:94)
	at com.zaxxer.hikari.pool.HikariProxyStatement.execute(HikariProxyStatement.java)
	at org.hibernate.tool.schema.internal.exec.GenerationTargetToDatabase.accept(GenerationTargetToDatabase.java:80)
	... 37 common frames omitted
2025-04-13 02:05:07 [main] WARN  o.h.t.s.i.ExceptionHandlerLoggedImpl - GenerationTarget encountered exception accepting command : Error executing DDL "alter table if exists staff_room_map add constraint FKyd20ehofj2axxe92vl67pqvx foreign key (staff_id) references staff" via JDBC [ERROR: foreign key constraint "fkyd20ehofj2axxe92vl67pqvx" cannot be implemented
  Detail: Key columns "staff_id" and "staff_id" are of incompatible types: character varying and bigint.]
org.hibernate.tool.schema.spi.CommandAcceptanceException: Error executing DDL "alter table if exists staff_room_map add constraint FKyd20ehofj2axxe92vl67pqvx foreign key (staff_id) references staff" via JDBC [ERROR: foreign key constraint "fkyd20ehofj2axxe92vl67pqvx" cannot be implemented
  Detail: Key columns "staff_id" and "staff_id" are of incompatible types: character varying and bigint.]
	at org.hibernate.tool.schema.internal.exec.GenerationTargetToDatabase.accept(GenerationTargetToDatabase.java:94)
	at org.hibernate.tool.schema.internal.AbstractSchemaMigrator.applySqlString(AbstractSchemaMigrator.java:576)
	at org.hibernate.tool.schema.internal.AbstractSchemaMigrator.applySqlStrings(AbstractSchemaMigrator.java:516)
	at org.hibernate.tool.schema.internal.AbstractSchemaMigrator.applyForeignKeys(AbstractSchemaMigrator.java:448)
	at org.hibernate.tool.schema.internal.AbstractSchemaMigrator.performMigration(AbstractSchemaMigrator.java:269)
	at org.hibernate.tool.schema.internal.AbstractSchemaMigrator.doMigration(AbstractSchemaMigrator.java:112)
	at org.hibernate.tool.schema.spi.SchemaManagementToolCoordinator.performDatabaseAction(SchemaManagementToolCoordinator.java:280)
	at org.hibernate.tool.schema.spi.SchemaManagementToolCoordinator.lambda$process$5(SchemaManagementToolCoordinator.java:144)
	at java.base/java.util.HashMap.forEach(HashMap.java:1421)
	at org.hibernate.tool.schema.spi.SchemaManagementToolCoordinator.process(SchemaManagementToolCoordinator.java:141)
	at org.hibernate.boot.internal.SessionFactoryObserverForSchemaExport.sessionFactoryCreated(SessionFactoryObserverForSchemaExport.java:37)
	at org.hibernate.internal.SessionFactoryObserverChain.sessionFactoryCreated(SessionFactoryObserverChain.java:35)
	at org.hibernate.internal.SessionFactoryImpl.<init>(SessionFactoryImpl.java:324)
	at org.hibernate.boot.internal.SessionFactoryBuilderImpl.build(SessionFactoryBuilderImpl.java:463)
	at org.hibernate.jpa.boot.internal.EntityManagerFactoryBuilderImpl.build(EntityManagerFactoryBuilderImpl.java:1517)
	at org.springframework.orm.jpa.vendor.SpringHibernateJpaPersistenceProvider.createContainerEntityManagerFactory(SpringHibernateJpaPersistenceProvider.java:66)
	at org.springframework.orm.jpa.LocalContainerEntityManagerFactoryBean.createNativeEntityManagerFactory(LocalContainerEntityManagerFactoryBean.java:390)
	at org.springframework.orm.jpa.AbstractEntityManagerFactoryBean.buildNativeEntityManagerFactory(AbstractEntityManagerFactoryBean.java:419)
	at org.springframework.orm.jpa.AbstractEntityManagerFactoryBean.afterPropertiesSet(AbstractEntityManagerFactoryBean.java:400)
	at org.springframework.orm.jpa.LocalContainerEntityManagerFactoryBean.afterPropertiesSet(LocalContainerEntityManagerFactoryBean.java:366)
	at org.springframework.beans.factory.support.AbstractAutowireCapableBeanFactory.invokeInitMethods(AbstractAutowireCapableBeanFactory.java:1859)
	at org.springframework.beans.factory.support.AbstractAutowireCapableBeanFactory.initializeBean(AbstractAutowireCapableBeanFactory.java:1808)
	at org.springframework.beans.factory.support.AbstractAutowireCapableBeanFactory.doCreateBean(AbstractAutowireCapableBeanFactory.java:601)
	at org.springframework.beans.factory.support.AbstractAutowireCapableBeanFactory.createBean(AbstractAutowireCapableBeanFactory.java:523)
	at org.springframework.beans.factory.support.AbstractBeanFactory.lambda$doGetBean$0(AbstractBeanFactory.java:339)
	at org.springframework.beans.factory.support.DefaultSingletonBeanRegistry.getSingleton(DefaultSingletonBeanRegistry.java:346)
	at org.springframework.beans.factory.support.AbstractBeanFactory.doGetBean(AbstractBeanFactory.java:337)
	at org.springframework.beans.factory.support.AbstractBeanFactory.getBean(AbstractBeanFactory.java:207)
	at org.springframework.context.support.AbstractApplicationContext.finishBeanFactoryInitialization(AbstractApplicationContext.java:970)
	at org.springframework.context.support.AbstractApplicationContext.refresh(AbstractApplicationContext.java:627)
	at org.springframework.boot.web.servlet.context.ServletWebServerApplicationContext.refresh(ServletWebServerApplicationContext.java:146)
	at org.springframework.boot.SpringApplication.refresh(SpringApplication.java:752)
	at org.springframework.boot.SpringApplication.refreshContext(SpringApplication.java:439)
	at org.springframework.boot.SpringApplication.run(SpringApplication.java:318)
	at org.springframework.boot.SpringApplication.run(SpringApplication.java:1361)
	at org.springframework.boot.SpringApplication.run(SpringApplication.java:1350)
	at backend.HotelBookingApplication.main(HotelBookingApplication.java:15)
Caused by: org.postgresql.util.PSQLException: ERROR: foreign key constraint "fkyd20ehofj2axxe92vl67pqvx" cannot be implemented
  Detail: Key columns "staff_id" and "staff_id" are of incompatible types: character varying and bigint.
	at org.postgresql.core.v3.QueryExecutorImpl.receiveErrorResponse(QueryExecutorImpl.java:2733)
	at org.postgresql.core.v3.QueryExecutorImpl.processResults(QueryExecutorImpl.java:2420)
	at org.postgresql.core.v3.QueryExecutorImpl.execute(QueryExecutorImpl.java:372)
	at org.postgresql.jdbc.PgStatement.executeInternal(PgStatement.java:517)
	at org.postgresql.jdbc.PgStatement.execute(PgStatement.java:434)
	at org.postgresql.jdbc.PgStatement.executeWithFlags(PgStatement.java:356)
	at org.postgresql.jdbc.PgStatement.executeCachedSql(PgStatement.java:341)
	at org.postgresql.jdbc.PgStatement.executeWithFlags(PgStatement.java:317)
	at org.postgresql.jdbc.PgStatement.execute(PgStatement.java:312)
	at com.zaxxer.hikari.pool.ProxyStatement.execute(ProxyStatement.java:94)
	at com.zaxxer.hikari.pool.HikariProxyStatement.execute(HikariProxyStatement.java)
	at org.hibernate.tool.schema.internal.exec.GenerationTargetToDatabase.accept(GenerationTargetToDatabase.java:80)
	... 36 common frames omitted
2025-04-13 02:05:07 [main] INFO  o.s.o.j.LocalContainerEntityManagerFactoryBean - Initialized JPA EntityManagerFactory for persistence unit 'default'
2025-04-13 02:05:08 [main] INFO  backend.config.CorsConfig - CORS Configuration Loaded!
2025-04-13 02:05:08 [main] DEBUG o.s.c.e.PropertySourcesPropertyResolver - Found key 'spring.security.oauth2.resourceserver.jwt.issuer-uri' in PropertySource 'environmentProperties' with value of type String
2025-04-13 02:05:08 [main] INFO  o.s.d.j.r.query.QueryEnhancerFactory - Hibernate is in classpath; If applicable, HQL parser will be used.
2025-04-13 02:05:08 [main] DEBUG o.s.c.e.PropertySourcesPropertyResolver - Found key 'graphql.endpoint' in PropertySource 'environmentProperties' with value of type String
2025-04-13 02:05:08 [main] DEBUG o.s.c.e.PropertySourcesPropertyResolver - Found key 'graphql.api-key' in PropertySource 'environmentProperties' with value of type String
2025-04-13 02:05:09 [main] DEBUG o.s.c.e.PropertySourcesPropertyResolver - Found key 'graphql.api.key' in PropertySource 'environmentProperties' with value of type String
2025-04-13 02:05:09 [main] DEBUG o.s.c.e.PropertySourcesPropertyResolver - Found key 'graphql.url' in PropertySource 'environmentProperties' with value of type String
2025-04-13 02:05:09 [main] DEBUG o.s.c.e.PropertySourcesPropertyResolver - Found key 'spring.mail.username' in PropertySource 'environmentProperties' with value of type String
2025-04-13 02:05:09 [main] DEBUG o.s.c.e.PropertySourcesPropertyResolver - Found key 'otp.expiry.minutes' in PropertySource 'environmentProperties' with value of type String
2025-04-13 02:05:09 [main] DEBUG o.s.c.e.PropertySourcesPropertyResolver - Found key 'otp.max.attempts' in PropertySource 'environmentProperties' with value of type String
2025-04-13 02:05:09 [main] DEBUG o.s.c.e.PropertySourcesPropertyResolver - Found key 'graphql.endpoint' in PropertySource 'environmentProperties' with value of type String
2025-04-13 02:05:09 [main] DEBUG o.s.c.e.PropertySourcesPropertyResolver - Found key 'graphql.api-key' in PropertySource 'environmentProperties' with value of type String
2025-04-13 02:05:10 [main] DEBUG o.s.c.e.PropertySourcesPropertyResolver - Found key 'graphql.api.key' in PropertySource 'environmentProperties' with value of type String
2025-04-13 02:05:10 [main] DEBUG o.s.c.e.PropertySourcesPropertyResolver - Found key 'graphql.url' in PropertySource 'environmentProperties' with value of type String
2025-04-13 02:05:10 [main] DEBUG o.s.c.e.PropertySourcesPropertyResolver - Found key 'graphql.endpoint' in PropertySource 'environmentProperties' with value of type String
2025-04-13 02:05:10 [main] DEBUG o.s.c.e.PropertySourcesPropertyResolver - Found key 'graphql.api-key' in PropertySource 'environmentProperties' with value of type String
2025-04-13 02:05:10 [main] DEBUG o.s.c.e.PropertySourcesPropertyResolver - Found key 'graphql.endpoint' in PropertySource 'environmentProperties' with value of type String
2025-04-13 02:05:10 [main] DEBUG o.s.c.e.PropertySourcesPropertyResolver - Found key 'graphql.apiKey' in PropertySource 'environmentProperties' with value of type String
2025-04-13 02:05:10 [main] DEBUG o.s.c.e.PropertySourcesPropertyResolver - Found key 'graphql.endpoint' in PropertySource 'environmentProperties' with value of type String
2025-04-13 02:05:10 [main] DEBUG o.s.c.e.PropertySourcesPropertyResolver - Found key 'graphql.apiKey' in PropertySource 'environmentProperties' with value of type String
2025-04-13 02:05:10 [main] DEBUG o.s.c.e.PropertySourcesPropertyResolver - Found key 'api.base.url' in PropertySource 'environmentProperties' with value of type String
2025-04-13 02:05:10 [main] WARN  o.s.b.a.o.j.JpaBaseConfiguration$JpaWebConfiguration - spring.jpa.open-in-view is enabled by default. Therefore, database queries may be performed during view rendering. Explicitly configure spring.jpa.open-in-view to disable this warning
2025-04-13 02:05:10 [main] INFO  backend.config.CorsConfig - Applying CORS settings...
2025-04-13 02:05:10 [main] DEBUG o.s.s.c.a.a.c.AuthenticationConfiguration$DefaultPasswordEncoderAuthenticationManagerBuilder - No authenticationProviders and no parentAuthenticationManager defined. Returning null.
2025-04-13 02:05:11 [main] INFO  o.s.b.a.e.web.EndpointLinksResolver - Exposing 2 endpoints beneath base path '/actuator'
2025-04-13 02:05:11 [main] INFO  backend.config.SecurityConfig - Configuring security filter chain...
2025-04-13 02:05:11 [main] INFO  backend.config.SecurityConfig - Using issuer URI: https://cognito-idp.ap-south-1.amazonaws.com/ap-south-1_IGHZ9OObg
2025-04-13 02:05:11 [main] INFO  backend.config.SecurityConfig - Configuring authorization rules...
2025-04-13 02:05:11 [main] INFO  backend.config.SecurityConfig - Configuring OAuth2 resource server...
2025-04-13 02:05:11 [main] INFO  backend.config.SecurityConfig - Configuring JWT...
2025-04-13 02:05:11 [main] INFO  backend.config.SecurityConfig - Creating JWT decoder with issuer URI: https://cognito-idp.ap-south-1.amazonaws.com/ap-south-1_IGHZ9OObg
2025-04-13 02:05:11 [main] INFO  backend.config.SecurityConfig - Configuring session management...
2025-04-13 02:05:11 [main] DEBUG o.s.s.web.DefaultSecurityFilterChain - Will secure any request with filters: DisableEncodeUrlFilter, WebAsyncManagerIntegrationFilter, SecurityContextHolderFilter, HeaderWriterFilter, LogoutFilter, BearerTokenAuthenticationFilter, RequestCacheAwareFilter, SecurityContextHolderAwareRequestFilter, AnonymousAuthenticationFilter, SessionManagementFilter, ExceptionTranslationFilter, AuthorizationFilter
2025-04-13 02:05:12 [main] INFO  o.a.coyote.http11.Http11NioProtocol - Starting ProtocolHandler ["http-nio-8081"]
2025-04-13 02:05:12 [main] INFO  o.s.b.w.e.tomcat.TomcatWebServer - Tomcat started on port 8081 (http) with context path '/'
2025-04-13 02:05:12 [main] INFO  backend.HotelBookingApplication - Started HotelBookingApplication in 9.593 seconds (process running for 10.116)
2025-04-13 02:05:14 [http-nio-8081-exec-1] INFO  o.a.c.c.C.[Tomcat].[localhost].[/] - Initializing Spring DispatcherServlet 'dispatcherServlet'
2025-04-13 02:05:14 [http-nio-8081-exec-1] INFO  o.s.web.servlet.DispatcherServlet - Initializing Servlet 'dispatcherServlet'
2025-04-13 02:05:14 [http-nio-8081-exec-1] INFO  o.s.web.servlet.DispatcherServlet - Completed initialization in 3 ms
2025-04-13 02:05:14 [http-nio-8081-exec-1] DEBUG o.s.security.web.FilterChainProxy - Securing POST /api/house-cleaning/generate?date=2025-05-01
2025-04-13 02:05:14 [http-nio-8081-exec-1] DEBUG o.s.s.w.a.AnonymousAuthenticationFilter - Set SecurityContextHolder to anonymous SecurityContext
2025-04-13 02:05:14 [http-nio-8081-exec-1] DEBUG o.s.security.web.FilterChainProxy - Secured POST /api/house-cleaning/generate?date=2025-05-01
2025-04-13 02:05:14 [http-nio-8081-exec-1] INFO  b.s.impl.HouseCleaningServiceImpl - Generating cleaning schedules for date: 2025-05-01
2025-04-13 02:05:14 [http-nio-8081-exec-1] INFO  b.s.impl.HouseCleaningServiceImpl - Found 10 check-in bookings, 0 check-out bookings, and 10 current bookings for date 2025-05-01
2025-04-13 02:05:14 [http-nio-8081-exec-1] INFO  b.s.impl.BookedRoomsServiceImpl - Checking check-in rooms for date: 2025-05-01
2025-04-13 02:05:14 [http-nio-8081-exec-1] INFO  b.s.impl.BookedRoomsServiceImpl - Found 10 transactions with check-in date 2025-05-01
2025-04-13 02:05:14 [http-nio-8081-exec-1] INFO  b.s.impl.BookedRoomsServiceImpl - Booking IDs for check-in: [13, 12, 15, 14, 53, 55, 59, 60, 155, 318]
2025-04-13 02:05:19 [http-nio-8081-exec-1] INFO  b.s.impl.BookedRoomsServiceImpl - Room IDs for bookings [13, 12, 15, 14, 53, 55, 59, 60, 155, 318]: [421, 422, 433, 434, 439, 451, 452, 457, 464, 469, 470]
2025-04-13 02:05:19 [http-nio-8081-exec-1] INFO  b.s.impl.BookedRoomsServiceImpl - Checking check-out rooms for date: 2025-05-01
2025-04-13 02:05:19 [http-nio-8081-exec-1] INFO  b.s.impl.BookedRoomsServiceImpl - Found 0 transactions with check-out date 2025-05-01
2025-04-13 02:05:19 [http-nio-8081-exec-1] INFO  b.s.impl.BookedRoomsServiceImpl - Booking IDs for check-out: []
2025-04-13 02:05:19 [http-nio-8081-exec-1] INFO  b.s.impl.BookedRoomsServiceImpl - No booking IDs found, returning empty list
2025-04-13 02:05:19 [http-nio-8081-exec-1] INFO  b.s.impl.BookedRoomsServiceImpl - Checking currently booked rooms for date: 2025-05-01T00:00:00Z
2025-04-13 02:05:20 [http-nio-8081-exec-1] INFO  b.s.impl.BookedRoomsServiceImpl - Currently booked room IDs: [421, 422, 433, 434, 439, 451, 452, 457, 464, 469, 470]
2025-04-13 02:05:20 [http-nio-8081-exec-1] INFO  b.s.impl.HouseCleaningServiceImpl - Found 11 check-in rooms, 0 check-out rooms, and 11 current rooms for date 2025-05-01
2025-04-13 02:05:20 [http-nio-8081-exec-1] WARN  b.s.impl.HouseCleaningServiceImpl - Could not extract room ID from booking details for booking ID 13
2025-04-13 02:05:20 [http-nio-8081-exec-1] WARN  b.s.impl.HouseCleaningServiceImpl - Could not extract room ID from booking details for booking ID 12
2025-04-13 02:05:20 [http-nio-8081-exec-1] WARN  b.s.impl.HouseCleaningServiceImpl - Could not extract room ID from booking details for booking ID 15
2025-04-13 02:05:20 [http-nio-8081-exec-1] WARN  b.s.impl.HouseCleaningServiceImpl - Could not extract room ID from booking details for booking ID 14
2025-04-13 02:05:20 [http-nio-8081-exec-1] WARN  b.s.impl.HouseCleaningServiceImpl - Could not extract room ID from booking details for booking ID 53
2025-04-13 02:05:20 [http-nio-8081-exec-1] WARN  b.s.impl.HouseCleaningServiceImpl - Could not extract room ID from booking details for booking ID 55
2025-04-13 02:05:20 [http-nio-8081-exec-1] WARN  b.s.impl.HouseCleaningServiceImpl - Could not extract room ID from booking details for booking ID 59
2025-04-13 02:05:20 [http-nio-8081-exec-1] WARN  b.s.impl.HouseCleaningServiceImpl - Could not extract room ID from booking details for booking ID 60
2025-04-13 02:05:20 [http-nio-8081-exec-1] WARN  b.s.impl.HouseCleaningServiceImpl - Could not extract room ID from booking details for booking ID 155
2025-04-13 02:05:20 [http-nio-8081-exec-1] WARN  b.s.impl.HouseCleaningServiceImpl - Could not extract room ID from booking details for booking ID 318
2025-04-13 02:05:20 [http-nio-8081-exec-1] WARN  b.s.impl.HouseCleaningServiceImpl - Could not extract room ID from booking details for booking ID 13
2025-04-13 02:05:20 [http-nio-8081-exec-1] WARN  b.s.impl.HouseCleaningServiceImpl - Could not extract room ID from booking details for booking ID 12
2025-04-13 02:05:20 [http-nio-8081-exec-1] WARN  b.s.impl.HouseCleaningServiceImpl - Could not extract room ID from booking details for booking ID 15
2025-04-13 02:05:20 [http-nio-8081-exec-1] WARN  b.s.impl.HouseCleaningServiceImpl - Could not extract room ID from booking details for booking ID 14
2025-04-13 02:05:20 [http-nio-8081-exec-1] WARN  b.s.impl.HouseCleaningServiceImpl - Could not extract room ID from booking details for booking ID 53
2025-04-13 02:05:20 [http-nio-8081-exec-1] WARN  b.s.impl.HouseCleaningServiceImpl - Could not extract room ID from booking details for booking ID 55
2025-04-13 02:05:20 [http-nio-8081-exec-1] WARN  b.s.impl.HouseCleaningServiceImpl - Could not extract room ID from booking details for booking ID 59
2025-04-13 02:05:20 [http-nio-8081-exec-1] WARN  b.s.impl.HouseCleaningServiceImpl - Could not extract room ID from booking details for booking ID 60
2025-04-13 02:05:20 [http-nio-8081-exec-1] WARN  b.s.impl.HouseCleaningServiceImpl - Could not extract room ID from booking details for booking ID 155
2025-04-13 02:05:20 [http-nio-8081-exec-1] WARN  b.s.impl.HouseCleaningServiceImpl - Could not extract room ID from booking details for booking ID 318
2025-04-13 02:05:20 [http-nio-8081-exec-1] INFO  b.s.impl.HouseCleaningServiceImpl - Room to booking map: {}
2025-04-13 02:05:20 [http-nio-8081-exec-1] WARN  b.s.impl.HouseCleaningServiceImpl - No booking ID found for room ID 421
2025-04-13 02:05:20 [http-nio-8081-exec-1] WARN  b.s.impl.HouseCleaningServiceImpl - No booking ID found for room ID 422
2025-04-13 02:05:20 [http-nio-8081-exec-1] WARN  b.s.impl.HouseCleaningServiceImpl - No booking ID found for room ID 433
2025-04-13 02:05:20 [http-nio-8081-exec-1] WARN  b.s.impl.HouseCleaningServiceImpl - No booking ID found for room ID 434
2025-04-13 02:05:20 [http-nio-8081-exec-1] WARN  b.s.impl.HouseCleaningServiceImpl - No booking ID found for room ID 439
2025-04-13 02:05:20 [http-nio-8081-exec-1] WARN  b.s.impl.HouseCleaningServiceImpl - No booking ID found for room ID 451
2025-04-13 02:05:20 [http-nio-8081-exec-1] WARN  b.s.impl.HouseCleaningServiceImpl - No booking ID found for room ID 452
2025-04-13 02:05:20 [http-nio-8081-exec-1] WARN  b.s.impl.HouseCleaningServiceImpl - No booking ID found for room ID 457
2025-04-13 02:05:20 [http-nio-8081-exec-1] WARN  b.s.impl.HouseCleaningServiceImpl - No booking ID found for room ID 464
2025-04-13 02:05:20 [http-nio-8081-exec-1] WARN  b.s.impl.HouseCleaningServiceImpl - No booking ID found for room ID 469
2025-04-13 02:05:20 [http-nio-8081-exec-1] WARN  b.s.impl.HouseCleaningServiceImpl - No booking ID found for room ID 470
2025-04-13 02:05:23 [http-nio-8081-exec-3] DEBUG o.s.security.web.FilterChainProxy - Securing POST /api/house-cleaning/assign-staff?date=2025-05-01&shift=MORNING_SHIFT
2025-04-13 02:05:23 [http-nio-8081-exec-3] DEBUG o.s.s.w.a.AnonymousAuthenticationFilter - Set SecurityContextHolder to anonymous SecurityContext
2025-04-13 02:05:23 [http-nio-8081-exec-3] DEBUG o.s.security.web.FilterChainProxy - Secured POST /api/house-cleaning/assign-staff?date=2025-05-01&shift=MORNING_SHIFT
2025-04-13 02:05:23 [http-nio-8081-exec-3] INFO  b.s.impl.HouseCleaningServiceImpl - Assigning staff to schedules for date: 2025-05-01 and shift: MORNING_SHIFT
2025-04-13 02:05:23 [http-nio-8081-exec-3] INFO  b.s.impl.HouseCleaningServiceImpl - Shift time: 05:00 to 09:00
2025-04-13 02:05:23 [http-nio-8081-exec-3] INFO  b.s.impl.HouseCleaningServiceImpl - Original scheduled time for room 439: 05:00
2025-04-13 02:05:23 [http-nio-8081-exec-3] INFO  b.s.impl.HouseCleaningServiceImpl - Assigned staff 1 to room 439 for cleaning from 05:00 to 05:30
2025-04-13 02:05:23 [http-nio-8081-exec-3] INFO  b.s.impl.HouseCleaningServiceImpl - Original scheduled time for room 452: 05:00
2025-04-13 02:05:23 [http-nio-8081-exec-3] INFO  b.s.impl.HouseCleaningServiceImpl - Assigned staff 4 to room 452 for cleaning from 05:00 to 05:30
2025-04-13 02:05:23 [http-nio-8081-exec-3] INFO  b.s.impl.HouseCleaningServiceImpl - Original scheduled time for room 421: 05:30
2025-04-13 02:05:23 [http-nio-8081-exec-3] INFO  b.s.impl.HouseCleaningServiceImpl - Assigned staff 10 to room 421 for cleaning from 05:30 to 06:00
2025-04-13 02:05:23 [http-nio-8081-exec-3] INFO  b.s.impl.HouseCleaningServiceImpl - Original scheduled time for room 451: 05:30
2025-04-13 02:05:23 [http-nio-8081-exec-3] WARN  b.s.impl.HouseCleaningServiceImpl - No available staff found for room 451 at time 05:30. Will try to reschedule.
2025-04-13 02:05:23 [http-nio-8081-exec-3] INFO  b.s.impl.HouseCleaningServiceImpl - Original scheduled time for room 434: 06:00
2025-04-13 02:05:23 [http-nio-8081-exec-3] INFO  b.s.impl.HouseCleaningServiceImpl - Assigned staff 1 to room 434 for cleaning from 06:00 to 06:30
2025-04-13 02:05:23 [http-nio-8081-exec-3] INFO  b.s.impl.HouseCleaningServiceImpl - Original scheduled time for room 469: 06:30
2025-04-13 02:05:23 [http-nio-8081-exec-3] INFO  b.s.impl.HouseCleaningServiceImpl - Assigned staff 4 to room 469 for cleaning from 06:30 to 07:00
2025-04-13 02:05:23 [http-nio-8081-exec-3] INFO  b.s.impl.HouseCleaningServiceImpl - Original scheduled time for room 433: 07:00
2025-04-13 02:05:23 [http-nio-8081-exec-3] INFO  b.s.impl.HouseCleaningServiceImpl - Assigned staff 1 to room 433 for cleaning from 07:00 to 07:30
2025-04-13 02:05:23 [http-nio-8081-exec-3] INFO  b.s.impl.HouseCleaningServiceImpl - Original scheduled time for room 457: 07:00
2025-04-13 02:05:23 [http-nio-8081-exec-3] INFO  b.s.impl.HouseCleaningServiceImpl - Assigned staff 10 to room 457 for cleaning from 07:00 to 07:30
2025-04-13 02:05:23 [http-nio-8081-exec-3] INFO  b.s.impl.HouseCleaningServiceImpl - Original scheduled time for room 422: 08:00
2025-04-13 02:05:23 [http-nio-8081-exec-3] INFO  b.s.impl.HouseCleaningServiceImpl - Assigned staff 1 to room 422 for cleaning from 08:00 to 08:30
2025-04-13 02:05:23 [http-nio-8081-exec-3] INFO  b.s.impl.HouseCleaningServiceImpl - Original scheduled time for room 464: 08:30
2025-04-13 02:05:23 [http-nio-8081-exec-3] INFO  b.s.impl.HouseCleaningServiceImpl - Assigned staff 4 to room 464 for cleaning from 08:30 to 09:00
2025-04-13 02:05:23 [http-nio-8081-exec-3] INFO  b.s.impl.HouseCleaningServiceImpl - Original scheduled time for room 470: 08:30
2025-04-13 02:05:23 [http-nio-8081-exec-3] INFO  b.s.impl.HouseCleaningServiceImpl - Assigned staff 10 to room 470 for cleaning from 08:30 to 09:00
2025-04-13 02:05:23 [http-nio-8081-exec-3] INFO  b.s.impl.HouseCleaningServiceImpl - Attempting to reschedule 1 rooms
2025-04-13 02:05:23 [http-nio-8081-exec-3] INFO  b.s.impl.HouseCleaningServiceImpl - Rescheduled room 451 to staffId=4, scheduledTime=07:30
2025-04-13 02:05:23 [http-nio-8081-exec-3] INFO  b.s.impl.HouseCleaningServiceImpl - Staff 1 has 4 rooms assigned
2025-04-13 02:05:23 [http-nio-8081-exec-3] INFO  b.s.impl.HouseCleaningServiceImpl -   - Room 433 at 07:00
2025-04-13 02:05:23 [http-nio-8081-exec-3] INFO  b.s.impl.HouseCleaningServiceImpl -   - Room 434 at 06:00
2025-04-13 02:05:23 [http-nio-8081-exec-3] INFO  b.s.impl.HouseCleaningServiceImpl -   - Room 422 at 08:00
2025-04-13 02:05:23 [http-nio-8081-exec-3] INFO  b.s.impl.HouseCleaningServiceImpl -   - Room 439 at 05:00
2025-04-13 02:05:23 [http-nio-8081-exec-3] INFO  b.s.impl.HouseCleaningServiceImpl -   - Staff 1 is working from 05:00 to 08:30 (utilization: 50.0%)
2025-04-13 02:05:23 [http-nio-8081-exec-3] INFO  b.s.impl.HouseCleaningServiceImpl - Staff 4 has 4 rooms assigned
2025-04-13 02:05:23 [http-nio-8081-exec-3] INFO  b.s.impl.HouseCleaningServiceImpl -   - Room 464 at 08:30
2025-04-13 02:05:23 [http-nio-8081-exec-3] INFO  b.s.impl.HouseCleaningServiceImpl -   - Room 451 at 07:30
2025-04-13 02:05:23 [http-nio-8081-exec-3] INFO  b.s.impl.HouseCleaningServiceImpl -   - Room 452 at 05:00
2025-04-13 02:05:23 [http-nio-8081-exec-3] INFO  b.s.impl.HouseCleaningServiceImpl -   - Room 469 at 06:30
2025-04-13 02:05:23 [http-nio-8081-exec-3] INFO  b.s.impl.HouseCleaningServiceImpl -   - Staff 4 is working from 05:00 to 09:00 (utilization: 50.0%)
2025-04-13 02:05:23 [http-nio-8081-exec-3] INFO  b.s.impl.HouseCleaningServiceImpl - Staff 10 has 3 rooms assigned
2025-04-13 02:05:23 [http-nio-8081-exec-3] INFO  b.s.impl.HouseCleaningServiceImpl -   - Room 421 at 05:30
2025-04-13 02:05:23 [http-nio-8081-exec-3] INFO  b.s.impl.HouseCleaningServiceImpl -   - Room 470 at 08:30
2025-04-13 02:05:23 [http-nio-8081-exec-3] INFO  b.s.impl.HouseCleaningServiceImpl -   - Room 457 at 07:00
2025-04-13 02:05:23 [http-nio-8081-exec-3] INFO  b.s.impl.HouseCleaningServiceImpl -   - Staff 10 is working from 05:30 to 09:00 (utilization: 37.5%)
2025-04-13 02:05:23 [http-nio-8081-exec-3] INFO  b.s.impl.HouseCleaningServiceImpl - Saved schedule for room 439: staffId=1, scheduledTime=05:00
2025-04-13 02:05:23 [http-nio-8081-exec-3] INFO  b.s.impl.HouseCleaningServiceImpl - Saved schedule for room 452: staffId=4, scheduledTime=05:00
2025-04-13 02:05:23 [http-nio-8081-exec-3] INFO  b.s.impl.HouseCleaningServiceImpl - Saved schedule for room 421: staffId=10, scheduledTime=05:30
2025-04-13 02:05:23 [http-nio-8081-exec-3] INFO  b.s.impl.HouseCleaningServiceImpl - Saved schedule for room 451: staffId=4, scheduledTime=07:30
2025-04-13 02:05:23 [http-nio-8081-exec-3] INFO  b.s.impl.HouseCleaningServiceImpl - Saved schedule for room 434: staffId=1, scheduledTime=06:00
2025-04-13 02:05:23 [http-nio-8081-exec-3] INFO  b.s.impl.HouseCleaningServiceImpl - Saved schedule for room 469: staffId=4, scheduledTime=06:30
2025-04-13 02:05:23 [http-nio-8081-exec-3] INFO  b.s.impl.HouseCleaningServiceImpl - Saved schedule for room 433: staffId=1, scheduledTime=07:00
2025-04-13 02:05:23 [http-nio-8081-exec-3] INFO  b.s.impl.HouseCleaningServiceImpl - Saved schedule for room 457: staffId=10, scheduledTime=07:00
2025-04-13 02:05:23 [http-nio-8081-exec-3] INFO  b.s.impl.HouseCleaningServiceImpl - Saved schedule for room 422: staffId=1, scheduledTime=08:00
2025-04-13 02:05:23 [http-nio-8081-exec-3] INFO  b.s.impl.HouseCleaningServiceImpl - Saved schedule for room 464: staffId=4, scheduledTime=08:30
2025-04-13 02:05:23 [http-nio-8081-exec-3] INFO  b.s.impl.HouseCleaningServiceImpl - Saved schedule for room 470: staffId=10, scheduledTime=08:30
2025-04-13 02:10:35 [SpringApplicationShutdownHook] INFO  o.s.b.w.e.tomcat.GracefulShutdown - Commencing graceful shutdown. Waiting for active requests to complete
2025-04-13 02:10:35 [tomcat-shutdown] INFO  o.s.b.w.e.tomcat.GracefulShutdown - Graceful shutdown complete
2025-04-13 02:10:36 [SpringApplicationShutdownHook] INFO  o.s.o.j.LocalContainerEntityManagerFactoryBean - Closing JPA EntityManagerFactory for persistence unit 'default'
2025-04-13 02:10:36 [SpringApplicationShutdownHook] INFO  com.zaxxer.hikari.HikariDataSource - HikariPool-1 - Shutdown initiated...
2025-04-13 02:10:36 [SpringApplicationShutdownHook] INFO  com.zaxxer.hikari.HikariDataSource - HikariPool-1 - Shutdown completed.
2025-04-13 02:10:44 [main] INFO  backend.HotelBookingApplication - Starting HotelBookingApplication using Java 17.0.13 with PID 5695 (/Users/sukuna/Documents/coding/IBE/IBE-BE/KDU/target/classes started by sukuna in /Users/sukuna/Documents/coding/IBE/IBE-BE/KDU)
2025-04-13 02:10:44 [main] INFO  backend.HotelBookingApplication - The following 1 profile is active: "dev"
2025-04-13 02:10:45 [main] INFO  o.s.d.r.c.RepositoryConfigurationDelegate - Bootstrapping Spring Data JPA repositories in DEFAULT mode.
2025-04-13 02:10:45 [main] INFO  o.s.d.r.c.RepositoryConfigurationDelegate - Finished Spring Data repository scanning in 78 ms. Found 15 JPA repository interfaces.
2025-04-13 02:10:46 [main] INFO  o.s.b.w.e.tomcat.TomcatWebServer - Tomcat initialized with port 8081 (http)
2025-04-13 02:10:46 [main] INFO  o.a.coyote.http11.Http11NioProtocol - Initializing ProtocolHandler ["http-nio-8081"]
2025-04-13 02:10:46 [main] INFO  o.a.catalina.core.StandardService - Starting service [Tomcat]
2025-04-13 02:10:46 [main] INFO  o.a.catalina.core.StandardEngine - Starting Servlet engine: [Apache Tomcat/10.1.36]
2025-04-13 02:10:46 [main] INFO  o.a.c.c.C.[Tomcat].[localhost].[/] - Initializing Spring embedded WebApplicationContext
2025-04-13 02:10:46 [main] INFO  o.s.b.w.s.c.ServletWebServerApplicationContext - Root WebApplicationContext: initialization completed in 2047 ms
2025-04-13 02:10:46 [main] INFO  com.zaxxer.hikari.HikariDataSource - HikariPool-1 - Starting...
2025-04-13 02:10:47 [main] INFO  com.zaxxer.hikari.pool.HikariPool - HikariPool-1 - Added connection org.postgresql.jdbc.PgConnection@586486c
2025-04-13 02:10:47 [main] INFO  com.zaxxer.hikari.HikariDataSource - HikariPool-1 - Start completed.
2025-04-13 02:10:48 [main] INFO  o.s.o.j.p.SpringPersistenceUnitInfo - No LoadTimeWeaver setup: ignoring JPA class transformer
2025-04-13 02:10:48 [main] WARN  org.hibernate.orm.deprecation - HHH90000025: PostgreSQLDialect does not need to be specified explicitly using 'hibernate.dialect' (remove the property setting and it will be selected by default)
2025-04-13 02:10:51 [main] WARN  o.h.t.s.i.ExceptionHandlerLoggedImpl - GenerationTarget encountered exception accepting command : Error executing DDL "alter table if exists staff_room_map alter column staff_id set data type bigint" via JDBC [ERROR: column "staff_id" cannot be cast automatically to type bigint
  Hint: You might need to specify "USING staff_id::bigint".]
org.hibernate.tool.schema.spi.CommandAcceptanceException: Error executing DDL "alter table if exists staff_room_map alter column staff_id set data type bigint" via JDBC [ERROR: column "staff_id" cannot be cast automatically to type bigint
  Hint: You might need to specify "USING staff_id::bigint".]
	at org.hibernate.tool.schema.internal.exec.GenerationTargetToDatabase.accept(GenerationTargetToDatabase.java:94)
	at org.hibernate.tool.schema.internal.AbstractSchemaMigrator.applySqlString(AbstractSchemaMigrator.java:576)
	at org.hibernate.tool.schema.internal.AbstractSchemaMigrator.applySqlStrings(AbstractSchemaMigrator.java:516)
	at org.hibernate.tool.schema.internal.AbstractSchemaMigrator.migrateTable(AbstractSchemaMigrator.java:334)
	at org.hibernate.tool.schema.internal.GroupedSchemaMigratorImpl.performTablesMigration(GroupedSchemaMigratorImpl.java:84)
	at org.hibernate.tool.schema.internal.AbstractSchemaMigrator.performMigration(AbstractSchemaMigrator.java:233)
	at org.hibernate.tool.schema.internal.AbstractSchemaMigrator.doMigration(AbstractSchemaMigrator.java:112)
	at org.hibernate.tool.schema.spi.SchemaManagementToolCoordinator.performDatabaseAction(SchemaManagementToolCoordinator.java:280)
	at org.hibernate.tool.schema.spi.SchemaManagementToolCoordinator.lambda$process$5(SchemaManagementToolCoordinator.java:144)
	at java.base/java.util.HashMap.forEach(HashMap.java:1421)
	at org.hibernate.tool.schema.spi.SchemaManagementToolCoordinator.process(SchemaManagementToolCoordinator.java:141)
	at org.hibernate.boot.internal.SessionFactoryObserverForSchemaExport.sessionFactoryCreated(SessionFactoryObserverForSchemaExport.java:37)
	at org.hibernate.internal.SessionFactoryObserverChain.sessionFactoryCreated(SessionFactoryObserverChain.java:35)
	at org.hibernate.internal.SessionFactoryImpl.<init>(SessionFactoryImpl.java:324)
	at org.hibernate.boot.internal.SessionFactoryBuilderImpl.build(SessionFactoryBuilderImpl.java:463)
	at org.hibernate.jpa.boot.internal.EntityManagerFactoryBuilderImpl.build(EntityManagerFactoryBuilderImpl.java:1517)
	at org.springframework.orm.jpa.vendor.SpringHibernateJpaPersistenceProvider.createContainerEntityManagerFactory(SpringHibernateJpaPersistenceProvider.java:66)
	at org.springframework.orm.jpa.LocalContainerEntityManagerFactoryBean.createNativeEntityManagerFactory(LocalContainerEntityManagerFactoryBean.java:390)
	at org.springframework.orm.jpa.AbstractEntityManagerFactoryBean.buildNativeEntityManagerFactory(AbstractEntityManagerFactoryBean.java:419)
	at org.springframework.orm.jpa.AbstractEntityManagerFactoryBean.afterPropertiesSet(AbstractEntityManagerFactoryBean.java:400)
	at org.springframework.orm.jpa.LocalContainerEntityManagerFactoryBean.afterPropertiesSet(LocalContainerEntityManagerFactoryBean.java:366)
	at org.springframework.beans.factory.support.AbstractAutowireCapableBeanFactory.invokeInitMethods(AbstractAutowireCapableBeanFactory.java:1859)
	at org.springframework.beans.factory.support.AbstractAutowireCapableBeanFactory.initializeBean(AbstractAutowireCapableBeanFactory.java:1808)
	at org.springframework.beans.factory.support.AbstractAutowireCapableBeanFactory.doCreateBean(AbstractAutowireCapableBeanFactory.java:601)
	at org.springframework.beans.factory.support.AbstractAutowireCapableBeanFactory.createBean(AbstractAutowireCapableBeanFactory.java:523)
	at org.springframework.beans.factory.support.AbstractBeanFactory.lambda$doGetBean$0(AbstractBeanFactory.java:339)
	at org.springframework.beans.factory.support.DefaultSingletonBeanRegistry.getSingleton(DefaultSingletonBeanRegistry.java:346)
	at org.springframework.beans.factory.support.AbstractBeanFactory.doGetBean(AbstractBeanFactory.java:337)
	at org.springframework.beans.factory.support.AbstractBeanFactory.getBean(AbstractBeanFactory.java:207)
	at org.springframework.context.support.AbstractApplicationContext.finishBeanFactoryInitialization(AbstractApplicationContext.java:970)
	at org.springframework.context.support.AbstractApplicationContext.refresh(AbstractApplicationContext.java:627)
	at org.springframework.boot.web.servlet.context.ServletWebServerApplicationContext.refresh(ServletWebServerApplicationContext.java:146)
	at org.springframework.boot.SpringApplication.refresh(SpringApplication.java:752)
	at org.springframework.boot.SpringApplication.refreshContext(SpringApplication.java:439)
	at org.springframework.boot.SpringApplication.run(SpringApplication.java:318)
	at org.springframework.boot.SpringApplication.run(SpringApplication.java:1361)
	at org.springframework.boot.SpringApplication.run(SpringApplication.java:1350)
	at backend.HotelBookingApplication.main(HotelBookingApplication.java:15)
Caused by: org.postgresql.util.PSQLException: ERROR: column "staff_id" cannot be cast automatically to type bigint
  Hint: You might need to specify "USING staff_id::bigint".
	at org.postgresql.core.v3.QueryExecutorImpl.receiveErrorResponse(QueryExecutorImpl.java:2733)
	at org.postgresql.core.v3.QueryExecutorImpl.processResults(QueryExecutorImpl.java:2420)
	at org.postgresql.core.v3.QueryExecutorImpl.execute(QueryExecutorImpl.java:372)
	at org.postgresql.jdbc.PgStatement.executeInternal(PgStatement.java:517)
	at org.postgresql.jdbc.PgStatement.execute(PgStatement.java:434)
	at org.postgresql.jdbc.PgStatement.executeWithFlags(PgStatement.java:356)
	at org.postgresql.jdbc.PgStatement.executeCachedSql(PgStatement.java:341)
	at org.postgresql.jdbc.PgStatement.executeWithFlags(PgStatement.java:317)
	at org.postgresql.jdbc.PgStatement.execute(PgStatement.java:312)
	at com.zaxxer.hikari.pool.ProxyStatement.execute(ProxyStatement.java:94)
	at com.zaxxer.hikari.pool.HikariProxyStatement.execute(HikariProxyStatement.java)
	at org.hibernate.tool.schema.internal.exec.GenerationTargetToDatabase.accept(GenerationTargetToDatabase.java:80)
	... 37 common frames omitted
2025-04-13 02:10:52 [main] WARN  o.h.t.s.i.ExceptionHandlerLoggedImpl - GenerationTarget encountered exception accepting command : Error executing DDL "alter table if exists staff_room_map add constraint FKyd20ehofj2axxe92vl67pqvx foreign key (staff_id) references staff" via JDBC [ERROR: foreign key constraint "fkyd20ehofj2axxe92vl67pqvx" cannot be implemented
  Detail: Key columns "staff_id" and "staff_id" are of incompatible types: character varying and bigint.]
org.hibernate.tool.schema.spi.CommandAcceptanceException: Error executing DDL "alter table if exists staff_room_map add constraint FKyd20ehofj2axxe92vl67pqvx foreign key (staff_id) references staff" via JDBC [ERROR: foreign key constraint "fkyd20ehofj2axxe92vl67pqvx" cannot be implemented
  Detail: Key columns "staff_id" and "staff_id" are of incompatible types: character varying and bigint.]
	at org.hibernate.tool.schema.internal.exec.GenerationTargetToDatabase.accept(GenerationTargetToDatabase.java:94)
	at org.hibernate.tool.schema.internal.AbstractSchemaMigrator.applySqlString(AbstractSchemaMigrator.java:576)
	at org.hibernate.tool.schema.internal.AbstractSchemaMigrator.applySqlStrings(AbstractSchemaMigrator.java:516)
	at org.hibernate.tool.schema.internal.AbstractSchemaMigrator.applyForeignKeys(AbstractSchemaMigrator.java:448)
	at org.hibernate.tool.schema.internal.AbstractSchemaMigrator.performMigration(AbstractSchemaMigrator.java:269)
	at org.hibernate.tool.schema.internal.AbstractSchemaMigrator.doMigration(AbstractSchemaMigrator.java:112)
	at org.hibernate.tool.schema.spi.SchemaManagementToolCoordinator.performDatabaseAction(SchemaManagementToolCoordinator.java:280)
	at org.hibernate.tool.schema.spi.SchemaManagementToolCoordinator.lambda$process$5(SchemaManagementToolCoordinator.java:144)
	at java.base/java.util.HashMap.forEach(HashMap.java:1421)
	at org.hibernate.tool.schema.spi.SchemaManagementToolCoordinator.process(SchemaManagementToolCoordinator.java:141)
	at org.hibernate.boot.internal.SessionFactoryObserverForSchemaExport.sessionFactoryCreated(SessionFactoryObserverForSchemaExport.java:37)
	at org.hibernate.internal.SessionFactoryObserverChain.sessionFactoryCreated(SessionFactoryObserverChain.java:35)
	at org.hibernate.internal.SessionFactoryImpl.<init>(SessionFactoryImpl.java:324)
	at org.hibernate.boot.internal.SessionFactoryBuilderImpl.build(SessionFactoryBuilderImpl.java:463)
	at org.hibernate.jpa.boot.internal.EntityManagerFactoryBuilderImpl.build(EntityManagerFactoryBuilderImpl.java:1517)
	at org.springframework.orm.jpa.vendor.SpringHibernateJpaPersistenceProvider.createContainerEntityManagerFactory(SpringHibernateJpaPersistenceProvider.java:66)
	at org.springframework.orm.jpa.LocalContainerEntityManagerFactoryBean.createNativeEntityManagerFactory(LocalContainerEntityManagerFactoryBean.java:390)
	at org.springframework.orm.jpa.AbstractEntityManagerFactoryBean.buildNativeEntityManagerFactory(AbstractEntityManagerFactoryBean.java:419)
	at org.springframework.orm.jpa.AbstractEntityManagerFactoryBean.afterPropertiesSet(AbstractEntityManagerFactoryBean.java:400)
	at org.springframework.orm.jpa.LocalContainerEntityManagerFactoryBean.afterPropertiesSet(LocalContainerEntityManagerFactoryBean.java:366)
	at org.springframework.beans.factory.support.AbstractAutowireCapableBeanFactory.invokeInitMethods(AbstractAutowireCapableBeanFactory.java:1859)
	at org.springframework.beans.factory.support.AbstractAutowireCapableBeanFactory.initializeBean(AbstractAutowireCapableBeanFactory.java:1808)
	at org.springframework.beans.factory.support.AbstractAutowireCapableBeanFactory.doCreateBean(AbstractAutowireCapableBeanFactory.java:601)
	at org.springframework.beans.factory.support.AbstractAutowireCapableBeanFactory.createBean(AbstractAutowireCapableBeanFactory.java:523)
	at org.springframework.beans.factory.support.AbstractBeanFactory.lambda$doGetBean$0(AbstractBeanFactory.java:339)
	at org.springframework.beans.factory.support.DefaultSingletonBeanRegistry.getSingleton(DefaultSingletonBeanRegistry.java:346)
	at org.springframework.beans.factory.support.AbstractBeanFactory.doGetBean(AbstractBeanFactory.java:337)
	at org.springframework.beans.factory.support.AbstractBeanFactory.getBean(AbstractBeanFactory.java:207)
	at org.springframework.context.support.AbstractApplicationContext.finishBeanFactoryInitialization(AbstractApplicationContext.java:970)
	at org.springframework.context.support.AbstractApplicationContext.refresh(AbstractApplicationContext.java:627)
	at org.springframework.boot.web.servlet.context.ServletWebServerApplicationContext.refresh(ServletWebServerApplicationContext.java:146)
	at org.springframework.boot.SpringApplication.refresh(SpringApplication.java:752)
	at org.springframework.boot.SpringApplication.refreshContext(SpringApplication.java:439)
	at org.springframework.boot.SpringApplication.run(SpringApplication.java:318)
	at org.springframework.boot.SpringApplication.run(SpringApplication.java:1361)
	at org.springframework.boot.SpringApplication.run(SpringApplication.java:1350)
	at backend.HotelBookingApplication.main(HotelBookingApplication.java:15)
Caused by: org.postgresql.util.PSQLException: ERROR: foreign key constraint "fkyd20ehofj2axxe92vl67pqvx" cannot be implemented
  Detail: Key columns "staff_id" and "staff_id" are of incompatible types: character varying and bigint.
	at org.postgresql.core.v3.QueryExecutorImpl.receiveErrorResponse(QueryExecutorImpl.java:2733)
	at org.postgresql.core.v3.QueryExecutorImpl.processResults(QueryExecutorImpl.java:2420)
	at org.postgresql.core.v3.QueryExecutorImpl.execute(QueryExecutorImpl.java:372)
	at org.postgresql.jdbc.PgStatement.executeInternal(PgStatement.java:517)
	at org.postgresql.jdbc.PgStatement.execute(PgStatement.java:434)
	at org.postgresql.jdbc.PgStatement.executeWithFlags(PgStatement.java:356)
	at org.postgresql.jdbc.PgStatement.executeCachedSql(PgStatement.java:341)
	at org.postgresql.jdbc.PgStatement.executeWithFlags(PgStatement.java:317)
	at org.postgresql.jdbc.PgStatement.execute(PgStatement.java:312)
	at com.zaxxer.hikari.pool.ProxyStatement.execute(ProxyStatement.java:94)
	at com.zaxxer.hikari.pool.HikariProxyStatement.execute(HikariProxyStatement.java)
	at org.hibernate.tool.schema.internal.exec.GenerationTargetToDatabase.accept(GenerationTargetToDatabase.java:80)
	... 36 common frames omitted
2025-04-13 02:10:52 [main] INFO  o.s.o.j.LocalContainerEntityManagerFactoryBean - Initialized JPA EntityManagerFactory for persistence unit 'default'
2025-04-13 02:10:52 [main] INFO  backend.config.CorsConfig - CORS Configuration Loaded!
2025-04-13 02:10:52 [main] DEBUG o.s.c.e.PropertySourcesPropertyResolver - Found key 'spring.security.oauth2.resourceserver.jwt.issuer-uri' in PropertySource 'environmentProperties' with value of type String
2025-04-13 02:10:52 [main] INFO  o.s.d.j.r.query.QueryEnhancerFactory - Hibernate is in classpath; If applicable, HQL parser will be used.
2025-04-13 02:10:52 [main] DEBUG o.s.c.e.PropertySourcesPropertyResolver - Found key 'graphql.endpoint' in PropertySource 'environmentProperties' with value of type String
2025-04-13 02:10:52 [main] DEBUG o.s.c.e.PropertySourcesPropertyResolver - Found key 'graphql.api-key' in PropertySource 'environmentProperties' with value of type String
2025-04-13 02:10:52 [main] DEBUG o.s.c.e.PropertySourcesPropertyResolver - Found key 'graphql.api.key' in PropertySource 'environmentProperties' with value of type String
2025-04-13 02:10:52 [main] DEBUG o.s.c.e.PropertySourcesPropertyResolver - Found key 'graphql.url' in PropertySource 'environmentProperties' with value of type String
2025-04-13 02:10:53 [main] DEBUG o.s.c.e.PropertySourcesPropertyResolver - Found key 'spring.mail.username' in PropertySource 'environmentProperties' with value of type String
2025-04-13 02:10:53 [main] DEBUG o.s.c.e.PropertySourcesPropertyResolver - Found key 'otp.expiry.minutes' in PropertySource 'environmentProperties' with value of type String
2025-04-13 02:10:53 [main] DEBUG o.s.c.e.PropertySourcesPropertyResolver - Found key 'otp.max.attempts' in PropertySource 'environmentProperties' with value of type String
2025-04-13 02:10:53 [main] DEBUG o.s.c.e.PropertySourcesPropertyResolver - Found key 'graphql.endpoint' in PropertySource 'environmentProperties' with value of type String
2025-04-13 02:10:53 [main] DEBUG o.s.c.e.PropertySourcesPropertyResolver - Found key 'graphql.api-key' in PropertySource 'environmentProperties' with value of type String
2025-04-13 02:10:53 [main] DEBUG o.s.c.e.PropertySourcesPropertyResolver - Found key 'graphql.api.key' in PropertySource 'environmentProperties' with value of type String
2025-04-13 02:10:53 [main] DEBUG o.s.c.e.PropertySourcesPropertyResolver - Found key 'graphql.url' in PropertySource 'environmentProperties' with value of type String
2025-04-13 02:10:53 [main] DEBUG o.s.c.e.PropertySourcesPropertyResolver - Found key 'graphql.endpoint' in PropertySource 'environmentProperties' with value of type String
2025-04-13 02:10:53 [main] DEBUG o.s.c.e.PropertySourcesPropertyResolver - Found key 'graphql.api-key' in PropertySource 'environmentProperties' with value of type String
2025-04-13 02:10:53 [main] DEBUG o.s.c.e.PropertySourcesPropertyResolver - Found key 'graphql.endpoint' in PropertySource 'environmentProperties' with value of type String
2025-04-13 02:10:53 [main] DEBUG o.s.c.e.PropertySourcesPropertyResolver - Found key 'graphql.apiKey' in PropertySource 'environmentProperties' with value of type String
2025-04-13 02:10:53 [main] DEBUG o.s.c.e.PropertySourcesPropertyResolver - Found key 'graphql.endpoint' in PropertySource 'environmentProperties' with value of type String
2025-04-13 02:10:53 [main] DEBUG o.s.c.e.PropertySourcesPropertyResolver - Found key 'graphql.apiKey' in PropertySource 'environmentProperties' with value of type String
2025-04-13 02:10:53 [main] DEBUG o.s.c.e.PropertySourcesPropertyResolver - Found key 'api.base.url' in PropertySource 'environmentProperties' with value of type String
2025-04-13 02:10:53 [main] WARN  o.s.b.a.o.j.JpaBaseConfiguration$JpaWebConfiguration - spring.jpa.open-in-view is enabled by default. Therefore, database queries may be performed during view rendering. Explicitly configure spring.jpa.open-in-view to disable this warning
2025-04-13 02:10:53 [main] INFO  backend.config.CorsConfig - Applying CORS settings...
2025-04-13 02:10:53 [main] DEBUG o.s.s.c.a.a.c.AuthenticationConfiguration$DefaultPasswordEncoderAuthenticationManagerBuilder - No authenticationProviders and no parentAuthenticationManager defined. Returning null.
2025-04-13 02:10:53 [main] INFO  o.s.b.a.e.web.EndpointLinksResolver - Exposing 2 endpoints beneath base path '/actuator'
2025-04-13 02:10:53 [main] INFO  backend.config.SecurityConfig - Configuring security filter chain...
2025-04-13 02:10:53 [main] INFO  backend.config.SecurityConfig - Using issuer URI: https://cognito-idp.ap-south-1.amazonaws.com/ap-south-1_IGHZ9OObg
2025-04-13 02:10:53 [main] INFO  backend.config.SecurityConfig - Configuring authorization rules...
2025-04-13 02:10:53 [main] INFO  backend.config.SecurityConfig - Configuring OAuth2 resource server...
2025-04-13 02:10:53 [main] INFO  backend.config.SecurityConfig - Configuring JWT...
2025-04-13 02:10:53 [main] INFO  backend.config.SecurityConfig - Creating JWT decoder with issuer URI: https://cognito-idp.ap-south-1.amazonaws.com/ap-south-1_IGHZ9OObg
2025-04-13 02:10:54 [main] INFO  backend.config.SecurityConfig - Configuring session management...
2025-04-13 02:10:54 [main] DEBUG o.s.s.web.DefaultSecurityFilterChain - Will secure any request with filters: DisableEncodeUrlFilter, WebAsyncManagerIntegrationFilter, SecurityContextHolderFilter, HeaderWriterFilter, LogoutFilter, BearerTokenAuthenticationFilter, RequestCacheAwareFilter, SecurityContextHolderAwareRequestFilter, AnonymousAuthenticationFilter, SessionManagementFilter, ExceptionTranslationFilter, AuthorizationFilter
2025-04-13 02:10:54 [main] INFO  o.a.coyote.http11.Http11NioProtocol - Starting ProtocolHandler ["http-nio-8081"]
2025-04-13 02:10:54 [main] INFO  o.s.b.w.e.tomcat.TomcatWebServer - Tomcat started on port 8081 (http) with context path '/'
2025-04-13 02:10:54 [main] INFO  backend.HotelBookingApplication - Started HotelBookingApplication in 11.061 seconds (process running for 11.938)
2025-04-13 02:10:57 [http-nio-8081-exec-1] INFO  o.a.c.c.C.[Tomcat].[localhost].[/] - Initializing Spring DispatcherServlet 'dispatcherServlet'
2025-04-13 02:10:57 [http-nio-8081-exec-1] INFO  o.s.web.servlet.DispatcherServlet - Initializing Servlet 'dispatcherServlet'
2025-04-13 02:10:57 [http-nio-8081-exec-1] INFO  o.s.web.servlet.DispatcherServlet - Completed initialization in 4 ms
2025-04-13 02:10:57 [http-nio-8081-exec-1] DEBUG o.s.security.web.FilterChainProxy - Securing POST /api/house-cleaning/generate?date=2025-05-01
2025-04-13 02:10:57 [http-nio-8081-exec-1] DEBUG o.s.s.w.a.AnonymousAuthenticationFilter - Set SecurityContextHolder to anonymous SecurityContext
2025-04-13 02:10:57 [http-nio-8081-exec-1] DEBUG o.s.security.web.FilterChainProxy - Secured POST /api/house-cleaning/generate?date=2025-05-01
2025-04-13 02:10:57 [http-nio-8081-exec-1] INFO  b.s.impl.HouseCleaningServiceImpl - Generating cleaning schedules for date: 2025-05-01
2025-04-13 02:10:57 [http-nio-8081-exec-1] INFO  b.s.impl.HouseCleaningServiceImpl - Found 10 check-in bookings, 0 check-out bookings, and 10 current bookings for date 2025-05-01
2025-04-13 02:10:57 [http-nio-8081-exec-1] INFO  b.s.impl.BookedRoomsServiceImpl - Checking check-in rooms for date: 2025-05-01
2025-04-13 02:10:57 [http-nio-8081-exec-1] INFO  b.s.impl.BookedRoomsServiceImpl - Found 10 transactions with check-in date 2025-05-01
2025-04-13 02:10:57 [http-nio-8081-exec-1] INFO  b.s.impl.BookedRoomsServiceImpl - Booking IDs for check-in: [13, 12, 15, 14, 53, 55, 59, 60, 155, 318]
2025-04-13 02:11:02 [http-nio-8081-exec-1] INFO  b.s.impl.BookedRoomsServiceImpl - Room IDs for bookings [13, 12, 15, 14, 53, 55, 59, 60, 155, 318]: [421, 422, 433, 434, 439, 451, 452, 457, 464, 469, 470]
2025-04-13 02:11:02 [http-nio-8081-exec-1] INFO  b.s.impl.BookedRoomsServiceImpl - Checking check-out rooms for date: 2025-05-01
2025-04-13 02:11:02 [http-nio-8081-exec-1] INFO  b.s.impl.BookedRoomsServiceImpl - Found 0 transactions with check-out date 2025-05-01
2025-04-13 02:11:02 [http-nio-8081-exec-1] INFO  b.s.impl.BookedRoomsServiceImpl - Booking IDs for check-out: []
2025-04-13 02:11:02 [http-nio-8081-exec-1] INFO  b.s.impl.BookedRoomsServiceImpl - No booking IDs found, returning empty list
2025-04-13 02:11:02 [http-nio-8081-exec-1] INFO  b.s.impl.BookedRoomsServiceImpl - Checking currently booked rooms for date: 2025-05-01T00:00:00Z
2025-04-13 02:11:03 [http-nio-8081-exec-1] INFO  b.s.impl.BookedRoomsServiceImpl - Currently booked room IDs: [421, 422, 433, 434, 439, 451, 452, 457, 464, 469, 470]
2025-04-13 02:11:03 [http-nio-8081-exec-1] INFO  b.s.impl.HouseCleaningServiceImpl - Found 11 check-in rooms, 0 check-out rooms, and 11 current rooms for date 2025-05-01
2025-04-13 02:11:03 [http-nio-8081-exec-1] WARN  b.s.impl.HouseCleaningServiceImpl - Could not extract room ID from booking details for booking ID 13
2025-04-13 02:11:03 [http-nio-8081-exec-1] WARN  b.s.impl.HouseCleaningServiceImpl - Could not extract room ID from booking details for booking ID 12
2025-04-13 02:11:03 [http-nio-8081-exec-1] WARN  b.s.impl.HouseCleaningServiceImpl - Could not extract room ID from booking details for booking ID 15
2025-04-13 02:11:03 [http-nio-8081-exec-1] WARN  b.s.impl.HouseCleaningServiceImpl - Could not extract room ID from booking details for booking ID 14
2025-04-13 02:11:03 [http-nio-8081-exec-1] WARN  b.s.impl.HouseCleaningServiceImpl - Could not extract room ID from booking details for booking ID 53
2025-04-13 02:11:03 [http-nio-8081-exec-1] WARN  b.s.impl.HouseCleaningServiceImpl - Could not extract room ID from booking details for booking ID 55
2025-04-13 02:11:03 [http-nio-8081-exec-1] WARN  b.s.impl.HouseCleaningServiceImpl - Could not extract room ID from booking details for booking ID 59
2025-04-13 02:11:03 [http-nio-8081-exec-1] WARN  b.s.impl.HouseCleaningServiceImpl - Could not extract room ID from booking details for booking ID 60
2025-04-13 02:11:03 [http-nio-8081-exec-1] WARN  b.s.impl.HouseCleaningServiceImpl - Could not extract room ID from booking details for booking ID 155
2025-04-13 02:11:03 [http-nio-8081-exec-1] WARN  b.s.impl.HouseCleaningServiceImpl - Could not extract room ID from booking details for booking ID 318
2025-04-13 02:11:03 [http-nio-8081-exec-1] WARN  b.s.impl.HouseCleaningServiceImpl - Could not extract room ID from booking details for booking ID 13
2025-04-13 02:11:03 [http-nio-8081-exec-1] WARN  b.s.impl.HouseCleaningServiceImpl - Could not extract room ID from booking details for booking ID 12
2025-04-13 02:11:03 [http-nio-8081-exec-1] WARN  b.s.impl.HouseCleaningServiceImpl - Could not extract room ID from booking details for booking ID 15
2025-04-13 02:11:03 [http-nio-8081-exec-1] WARN  b.s.impl.HouseCleaningServiceImpl - Could not extract room ID from booking details for booking ID 14
2025-04-13 02:11:03 [http-nio-8081-exec-1] WARN  b.s.impl.HouseCleaningServiceImpl - Could not extract room ID from booking details for booking ID 53
2025-04-13 02:11:03 [http-nio-8081-exec-1] WARN  b.s.impl.HouseCleaningServiceImpl - Could not extract room ID from booking details for booking ID 55
2025-04-13 02:11:03 [http-nio-8081-exec-1] WARN  b.s.impl.HouseCleaningServiceImpl - Could not extract room ID from booking details for booking ID 59
2025-04-13 02:11:03 [http-nio-8081-exec-1] WARN  b.s.impl.HouseCleaningServiceImpl - Could not extract room ID from booking details for booking ID 60
2025-04-13 02:11:03 [http-nio-8081-exec-1] WARN  b.s.impl.HouseCleaningServiceImpl - Could not extract room ID from booking details for booking ID 155
2025-04-13 02:11:03 [http-nio-8081-exec-1] WARN  b.s.impl.HouseCleaningServiceImpl - Could not extract room ID from booking details for booking ID 318
2025-04-13 02:11:03 [http-nio-8081-exec-1] INFO  b.s.impl.HouseCleaningServiceImpl - Room to booking map: {}
2025-04-13 02:11:03 [http-nio-8081-exec-1] WARN  b.s.impl.HouseCleaningServiceImpl - No booking ID found for room ID 421
2025-04-13 02:11:03 [http-nio-8081-exec-1] WARN  b.s.impl.HouseCleaningServiceImpl - No booking ID found for room ID 422
2025-04-13 02:11:03 [http-nio-8081-exec-1] WARN  b.s.impl.HouseCleaningServiceImpl - No booking ID found for room ID 433
2025-04-13 02:11:03 [http-nio-8081-exec-1] WARN  b.s.impl.HouseCleaningServiceImpl - No booking ID found for room ID 434
2025-04-13 02:11:03 [http-nio-8081-exec-1] WARN  b.s.impl.HouseCleaningServiceImpl - No booking ID found for room ID 439
2025-04-13 02:11:03 [http-nio-8081-exec-1] WARN  b.s.impl.HouseCleaningServiceImpl - No booking ID found for room ID 451
2025-04-13 02:11:03 [http-nio-8081-exec-1] WARN  b.s.impl.HouseCleaningServiceImpl - No booking ID found for room ID 452
2025-04-13 02:11:03 [http-nio-8081-exec-1] WARN  b.s.impl.HouseCleaningServiceImpl - No booking ID found for room ID 457
2025-04-13 02:11:03 [http-nio-8081-exec-1] WARN  b.s.impl.HouseCleaningServiceImpl - No booking ID found for room ID 464
2025-04-13 02:11:03 [http-nio-8081-exec-1] WARN  b.s.impl.HouseCleaningServiceImpl - No booking ID found for room ID 469
2025-04-13 02:11:03 [http-nio-8081-exec-1] WARN  b.s.impl.HouseCleaningServiceImpl - No booking ID found for room ID 470
2025-04-13 02:11:07 [http-nio-8081-exec-3] DEBUG o.s.security.web.FilterChainProxy - Securing POST /api/house-cleaning/assign-staff?date=2025-05-01&shift=MORNING_SHIFT
2025-04-13 02:11:07 [http-nio-8081-exec-3] DEBUG o.s.s.w.a.AnonymousAuthenticationFilter - Set SecurityContextHolder to anonymous SecurityContext
2025-04-13 02:11:07 [http-nio-8081-exec-3] DEBUG o.s.security.web.FilterChainProxy - Secured POST /api/house-cleaning/assign-staff?date=2025-05-01&shift=MORNING_SHIFT
2025-04-13 02:11:07 [http-nio-8081-exec-3] INFO  b.s.impl.HouseCleaningServiceImpl - Assigning staff to schedules for date: 2025-05-01 and shift: MORNING_SHIFT
2025-04-13 02:11:07 [http-nio-8081-exec-3] INFO  b.s.impl.HouseCleaningServiceImpl - Shift time: 05:00 to 09:00
2025-04-13 02:11:07 [http-nio-8081-exec-3] INFO  b.s.impl.HouseCleaningServiceImpl - Original scheduled time for room 421: 05:00
2025-04-13 02:11:07 [http-nio-8081-exec-3] INFO  b.s.impl.HouseCleaningServiceImpl - Assigned staff 1 to room 421 for cleaning from 05:00 to 05:30, staff utilization=12.5%
2025-04-13 02:11:07 [http-nio-8081-exec-3] INFO  b.s.impl.HouseCleaningServiceImpl - Original scheduled time for room 422: 05:00
2025-04-13 02:11:07 [http-nio-8081-exec-3] INFO  b.s.impl.HouseCleaningServiceImpl - Assigned staff 4 to room 422 for cleaning from 05:00 to 05:30, staff utilization=12.5%
2025-04-13 02:11:07 [http-nio-8081-exec-3] INFO  b.s.impl.HouseCleaningServiceImpl - Original scheduled time for room 433: 05:00
2025-04-13 02:11:07 [http-nio-8081-exec-3] INFO  b.s.impl.HouseCleaningServiceImpl - Assigned staff 10 to room 433 for cleaning from 05:00 to 05:30, staff utilization=12.5%
2025-04-13 02:11:07 [http-nio-8081-exec-3] INFO  b.s.impl.HouseCleaningServiceImpl - Original scheduled time for room 464: 05:00
2025-04-13 02:11:07 [http-nio-8081-exec-3] WARN  b.s.impl.HouseCleaningServiceImpl - No available staff found for room 464 at time 05:00. Will try to reschedule.
2025-04-13 02:11:07 [http-nio-8081-exec-3] INFO  b.s.impl.HouseCleaningServiceImpl - Original scheduled time for room 439: 05:30
2025-04-13 02:11:07 [http-nio-8081-exec-3] WARN  b.s.impl.HouseCleaningServiceImpl - No available staff found for room 439 at time 05:30. Will try to reschedule.
2025-04-13 02:11:07 [http-nio-8081-exec-3] INFO  b.s.impl.HouseCleaningServiceImpl - Original scheduled time for room 457: 07:00
2025-04-13 02:11:07 [http-nio-8081-exec-3] INFO  b.s.impl.HouseCleaningServiceImpl - Assigned staff 1 to room 457 for cleaning from 07:00 to 07:30, staff utilization=25.0%
2025-04-13 02:11:07 [http-nio-8081-exec-3] INFO  b.s.impl.HouseCleaningServiceImpl - Original scheduled time for room 469: 07:00
2025-04-13 02:11:07 [http-nio-8081-exec-3] INFO  b.s.impl.HouseCleaningServiceImpl - Assigned staff 4 to room 469 for cleaning from 07:00 to 07:30, staff utilization=25.0%
2025-04-13 02:11:07 [http-nio-8081-exec-3] INFO  b.s.impl.HouseCleaningServiceImpl - Original scheduled time for room 470: 07:00
2025-04-13 02:11:07 [http-nio-8081-exec-3] INFO  b.s.impl.HouseCleaningServiceImpl - Assigned staff 10 to room 470 for cleaning from 07:00 to 07:30, staff utilization=25.0%
2025-04-13 02:11:07 [http-nio-8081-exec-3] INFO  b.s.impl.HouseCleaningServiceImpl - Original scheduled time for room 451: 07:30
2025-04-13 02:11:07 [http-nio-8081-exec-3] WARN  b.s.impl.HouseCleaningServiceImpl - No available staff found for room 451 at time 07:30. Will try to reschedule.
2025-04-13 02:11:07 [http-nio-8081-exec-3] INFO  b.s.impl.HouseCleaningServiceImpl - Original scheduled time for room 452: 07:30
2025-04-13 02:11:07 [http-nio-8081-exec-3] WARN  b.s.impl.HouseCleaningServiceImpl - No available staff found for room 452 at time 07:30. Will try to reschedule.
2025-04-13 02:11:07 [http-nio-8081-exec-3] INFO  b.s.impl.HouseCleaningServiceImpl - Original scheduled time for room 434: 08:00
2025-04-13 02:11:07 [http-nio-8081-exec-3] INFO  b.s.impl.HouseCleaningServiceImpl - Assigned staff 1 to room 434 for cleaning from 08:00 to 08:30, staff utilization=37.5%
2025-04-13 02:11:07 [http-nio-8081-exec-3] INFO  b.s.impl.HouseCleaningServiceImpl - Attempting to reschedule 4 rooms
2025-04-13 02:11:07 [http-nio-8081-exec-3] INFO  b.s.impl.HouseCleaningServiceImpl - Rescheduled room 464 to staffId=4, scheduledTime=05:30, staff utilization=37.5%
2025-04-13 02:11:07 [http-nio-8081-exec-3] INFO  b.s.impl.HouseCleaningServiceImpl - Rescheduled room 439 to staffId=10, scheduledTime=05:30, staff utilization=37.5%
2025-04-13 02:11:07 [http-nio-8081-exec-3] INFO  b.s.impl.HouseCleaningServiceImpl - Rescheduled room 451 to staffId=1, scheduledTime=05:30, staff utilization=50.0%
2025-04-13 02:11:07 [http-nio-8081-exec-3] INFO  b.s.impl.HouseCleaningServiceImpl - Rescheduled room 452 to staffId=4, scheduledTime=06:00, staff utilization=50.0%
2025-04-13 02:11:07 [http-nio-8081-exec-3] INFO  b.s.impl.HouseCleaningServiceImpl - Staff 1 has 4 rooms assigned (utilization: 50.0%)
2025-04-13 02:11:07 [http-nio-8081-exec-3] INFO  b.s.impl.HouseCleaningServiceImpl -   - Room 434 at 08:00
2025-04-13 02:11:07 [http-nio-8081-exec-3] INFO  b.s.impl.HouseCleaningServiceImpl -   - Room 451 at 05:30
2025-04-13 02:11:07 [http-nio-8081-exec-3] INFO  b.s.impl.HouseCleaningServiceImpl -   - Room 421 at 05:00
2025-04-13 02:11:07 [http-nio-8081-exec-3] INFO  b.s.impl.HouseCleaningServiceImpl -   - Room 457 at 07:00
2025-04-13 02:11:07 [http-nio-8081-exec-3] INFO  b.s.impl.HouseCleaningServiceImpl -   - Staff 1 is working from 05:00 to 08:30 (utilization: 50.0%)
2025-04-13 02:11:07 [http-nio-8081-exec-3] INFO  b.s.impl.HouseCleaningServiceImpl - Staff 4 has 4 rooms assigned (utilization: 50.0%)
2025-04-13 02:11:07 [http-nio-8081-exec-3] INFO  b.s.impl.HouseCleaningServiceImpl -   - Room 464 at 05:30
2025-04-13 02:11:07 [http-nio-8081-exec-3] INFO  b.s.impl.HouseCleaningServiceImpl -   - Room 452 at 06:00
2025-04-13 02:11:07 [http-nio-8081-exec-3] INFO  b.s.impl.HouseCleaningServiceImpl -   - Room 469 at 07:00
2025-04-13 02:11:07 [http-nio-8081-exec-3] INFO  b.s.impl.HouseCleaningServiceImpl -   - Room 422 at 05:00
2025-04-13 02:11:07 [http-nio-8081-exec-3] INFO  b.s.impl.HouseCleaningServiceImpl -   - Staff 4 is working from 05:00 to 07:30 (utilization: 50.0%)
2025-04-13 02:11:07 [http-nio-8081-exec-3] INFO  b.s.impl.HouseCleaningServiceImpl - Staff 10 has 3 rooms assigned (utilization: 37.5%)
2025-04-13 02:11:07 [http-nio-8081-exec-3] INFO  b.s.impl.HouseCleaningServiceImpl -   - Room 433 at 05:00
2025-04-13 02:11:07 [http-nio-8081-exec-3] INFO  b.s.impl.HouseCleaningServiceImpl -   - Room 470 at 07:00
2025-04-13 02:11:07 [http-nio-8081-exec-3] INFO  b.s.impl.HouseCleaningServiceImpl -   - Room 439 at 05:30
2025-04-13 02:11:07 [http-nio-8081-exec-3] INFO  b.s.impl.HouseCleaningServiceImpl -   - Staff 10 is working from 05:00 to 07:30 (utilization: 37.5%)
2025-04-13 02:11:07 [http-nio-8081-exec-3] INFO  b.s.impl.HouseCleaningServiceImpl - Saved schedule for room 421: staffId=1, scheduledTime=05:00
2025-04-13 02:11:07 [http-nio-8081-exec-3] INFO  b.s.impl.HouseCleaningServiceImpl - Saved schedule for room 422: staffId=4, scheduledTime=05:00
2025-04-13 02:11:07 [http-nio-8081-exec-3] INFO  b.s.impl.HouseCleaningServiceImpl - Saved schedule for room 433: staffId=10, scheduledTime=05:00
2025-04-13 02:11:07 [http-nio-8081-exec-3] INFO  b.s.impl.HouseCleaningServiceImpl - Saved schedule for room 464: staffId=4, scheduledTime=05:30
2025-04-13 02:11:07 [http-nio-8081-exec-3] INFO  b.s.impl.HouseCleaningServiceImpl - Saved schedule for room 439: staffId=10, scheduledTime=05:30
2025-04-13 02:11:07 [http-nio-8081-exec-3] INFO  b.s.impl.HouseCleaningServiceImpl - Saved schedule for room 457: staffId=1, scheduledTime=07:00
2025-04-13 02:11:07 [http-nio-8081-exec-3] INFO  b.s.impl.HouseCleaningServiceImpl - Saved schedule for room 469: staffId=4, scheduledTime=07:00
2025-04-13 02:11:07 [http-nio-8081-exec-3] INFO  b.s.impl.HouseCleaningServiceImpl - Saved schedule for room 470: staffId=10, scheduledTime=07:00
2025-04-13 02:11:07 [http-nio-8081-exec-3] INFO  b.s.impl.HouseCleaningServiceImpl - Saved schedule for room 451: staffId=1, scheduledTime=05:30
2025-04-13 02:11:07 [http-nio-8081-exec-3] INFO  b.s.impl.HouseCleaningServiceImpl - Saved schedule for room 452: staffId=4, scheduledTime=06:00
2025-04-13 02:11:07 [http-nio-8081-exec-3] INFO  b.s.impl.HouseCleaningServiceImpl - Saved schedule for room 434: staffId=1, scheduledTime=08:00
2025-04-13 02:16:41 [SpringApplicationShutdownHook] INFO  o.s.b.w.e.tomcat.GracefulShutdown - Commencing graceful shutdown. Waiting for active requests to complete
2025-04-13 02:16:41 [tomcat-shutdown] INFO  o.s.b.w.e.tomcat.GracefulShutdown - Graceful shutdown complete
2025-04-13 02:16:41 [SpringApplicationShutdownHook] INFO  o.s.o.j.LocalContainerEntityManagerFactoryBean - Closing JPA EntityManagerFactory for persistence unit 'default'
2025-04-13 02:16:41 [SpringApplicationShutdownHook] INFO  com.zaxxer.hikari.HikariDataSource - HikariPool-1 - Shutdown initiated...
2025-04-13 02:16:41 [SpringApplicationShutdownHook] INFO  com.zaxxer.hikari.HikariDataSource - HikariPool-1 - Shutdown completed.
2025-04-13 02:16:47 [main] INFO  backend.HotelBookingApplication - Starting HotelBookingApplication using Java 17.0.13 with PID 5989 (/Users/sukuna/Documents/coding/IBE/IBE-BE/KDU/target/classes started by sukuna in /Users/sukuna/Documents/coding/IBE/IBE-BE/KDU)
2025-04-13 02:16:47 [main] INFO  backend.HotelBookingApplication - The following 1 profile is active: "dev"
2025-04-13 02:16:48 [main] INFO  o.s.d.r.c.RepositoryConfigurationDelegate - Bootstrapping Spring Data JPA repositories in DEFAULT mode.
2025-04-13 02:16:48 [main] INFO  o.s.d.r.c.RepositoryConfigurationDelegate - Finished Spring Data repository scanning in 65 ms. Found 15 JPA repository interfaces.
2025-04-13 02:16:49 [main] INFO  o.s.b.w.e.tomcat.TomcatWebServer - Tomcat initialized with port 8081 (http)
2025-04-13 02:16:49 [main] INFO  o.a.coyote.http11.Http11NioProtocol - Initializing ProtocolHandler ["http-nio-8081"]
2025-04-13 02:16:49 [main] INFO  o.a.catalina.core.StandardService - Starting service [Tomcat]
2025-04-13 02:16:49 [main] INFO  o.a.catalina.core.StandardEngine - Starting Servlet engine: [Apache Tomcat/10.1.36]
2025-04-13 02:16:49 [main] INFO  o.a.c.c.C.[Tomcat].[localhost].[/] - Initializing Spring embedded WebApplicationContext
2025-04-13 02:16:49 [main] INFO  o.s.b.w.s.c.ServletWebServerApplicationContext - Root WebApplicationContext: initialization completed in 1945 ms
2025-04-13 02:16:49 [main] INFO  com.zaxxer.hikari.HikariDataSource - HikariPool-1 - Starting...
2025-04-13 02:16:50 [main] INFO  com.zaxxer.hikari.pool.HikariPool - HikariPool-1 - Added connection org.postgresql.jdbc.PgConnection@1ff81b0d
2025-04-13 02:16:50 [main] INFO  com.zaxxer.hikari.HikariDataSource - HikariPool-1 - Start completed.
2025-04-13 02:16:51 [main] INFO  o.s.o.j.p.SpringPersistenceUnitInfo - No LoadTimeWeaver setup: ignoring JPA class transformer
2025-04-13 02:16:51 [main] WARN  org.hibernate.orm.deprecation - HHH90000025: PostgreSQLDialect does not need to be specified explicitly using 'hibernate.dialect' (remove the property setting and it will be selected by default)
2025-04-13 02:16:52 [main] WARN  o.h.t.s.i.ExceptionHandlerLoggedImpl - GenerationTarget encountered exception accepting command : Error executing DDL "alter table if exists staff_room_map alter column staff_id set data type bigint" via JDBC [ERROR: column "staff_id" cannot be cast automatically to type bigint
  Hint: You might need to specify "USING staff_id::bigint".]
org.hibernate.tool.schema.spi.CommandAcceptanceException: Error executing DDL "alter table if exists staff_room_map alter column staff_id set data type bigint" via JDBC [ERROR: column "staff_id" cannot be cast automatically to type bigint
  Hint: You might need to specify "USING staff_id::bigint".]
	at org.hibernate.tool.schema.internal.exec.GenerationTargetToDatabase.accept(GenerationTargetToDatabase.java:94)
	at org.hibernate.tool.schema.internal.AbstractSchemaMigrator.applySqlString(AbstractSchemaMigrator.java:576)
	at org.hibernate.tool.schema.internal.AbstractSchemaMigrator.applySqlStrings(AbstractSchemaMigrator.java:516)
	at org.hibernate.tool.schema.internal.AbstractSchemaMigrator.migrateTable(AbstractSchemaMigrator.java:334)
	at org.hibernate.tool.schema.internal.GroupedSchemaMigratorImpl.performTablesMigration(GroupedSchemaMigratorImpl.java:84)
	at org.hibernate.tool.schema.internal.AbstractSchemaMigrator.performMigration(AbstractSchemaMigrator.java:233)
	at org.hibernate.tool.schema.internal.AbstractSchemaMigrator.doMigration(AbstractSchemaMigrator.java:112)
	at org.hibernate.tool.schema.spi.SchemaManagementToolCoordinator.performDatabaseAction(SchemaManagementToolCoordinator.java:280)
	at org.hibernate.tool.schema.spi.SchemaManagementToolCoordinator.lambda$process$5(SchemaManagementToolCoordinator.java:144)
	at java.base/java.util.HashMap.forEach(HashMap.java:1421)
	at org.hibernate.tool.schema.spi.SchemaManagementToolCoordinator.process(SchemaManagementToolCoordinator.java:141)
	at org.hibernate.boot.internal.SessionFactoryObserverForSchemaExport.sessionFactoryCreated(SessionFactoryObserverForSchemaExport.java:37)
	at org.hibernate.internal.SessionFactoryObserverChain.sessionFactoryCreated(SessionFactoryObserverChain.java:35)
	at org.hibernate.internal.SessionFactoryImpl.<init>(SessionFactoryImpl.java:324)
	at org.hibernate.boot.internal.SessionFactoryBuilderImpl.build(SessionFactoryBuilderImpl.java:463)
	at org.hibernate.jpa.boot.internal.EntityManagerFactoryBuilderImpl.build(EntityManagerFactoryBuilderImpl.java:1517)
	at org.springframework.orm.jpa.vendor.SpringHibernateJpaPersistenceProvider.createContainerEntityManagerFactory(SpringHibernateJpaPersistenceProvider.java:66)
	at org.springframework.orm.jpa.LocalContainerEntityManagerFactoryBean.createNativeEntityManagerFactory(LocalContainerEntityManagerFactoryBean.java:390)
	at org.springframework.orm.jpa.AbstractEntityManagerFactoryBean.buildNativeEntityManagerFactory(AbstractEntityManagerFactoryBean.java:419)
	at org.springframework.orm.jpa.AbstractEntityManagerFactoryBean.afterPropertiesSet(AbstractEntityManagerFactoryBean.java:400)
	at org.springframework.orm.jpa.LocalContainerEntityManagerFactoryBean.afterPropertiesSet(LocalContainerEntityManagerFactoryBean.java:366)
	at org.springframework.beans.factory.support.AbstractAutowireCapableBeanFactory.invokeInitMethods(AbstractAutowireCapableBeanFactory.java:1859)
	at org.springframework.beans.factory.support.AbstractAutowireCapableBeanFactory.initializeBean(AbstractAutowireCapableBeanFactory.java:1808)
	at org.springframework.beans.factory.support.AbstractAutowireCapableBeanFactory.doCreateBean(AbstractAutowireCapableBeanFactory.java:601)
	at org.springframework.beans.factory.support.AbstractAutowireCapableBeanFactory.createBean(AbstractAutowireCapableBeanFactory.java:523)
	at org.springframework.beans.factory.support.AbstractBeanFactory.lambda$doGetBean$0(AbstractBeanFactory.java:339)
	at org.springframework.beans.factory.support.DefaultSingletonBeanRegistry.getSingleton(DefaultSingletonBeanRegistry.java:346)
	at org.springframework.beans.factory.support.AbstractBeanFactory.doGetBean(AbstractBeanFactory.java:337)
	at org.springframework.beans.factory.support.AbstractBeanFactory.getBean(AbstractBeanFactory.java:207)
	at org.springframework.context.support.AbstractApplicationContext.finishBeanFactoryInitialization(AbstractApplicationContext.java:970)
	at org.springframework.context.support.AbstractApplicationContext.refresh(AbstractApplicationContext.java:627)
	at org.springframework.boot.web.servlet.context.ServletWebServerApplicationContext.refresh(ServletWebServerApplicationContext.java:146)
	at org.springframework.boot.SpringApplication.refresh(SpringApplication.java:752)
	at org.springframework.boot.SpringApplication.refreshContext(SpringApplication.java:439)
	at org.springframework.boot.SpringApplication.run(SpringApplication.java:318)
	at org.springframework.boot.SpringApplication.run(SpringApplication.java:1361)
	at org.springframework.boot.SpringApplication.run(SpringApplication.java:1350)
	at backend.HotelBookingApplication.main(HotelBookingApplication.java:15)
Caused by: org.postgresql.util.PSQLException: ERROR: column "staff_id" cannot be cast automatically to type bigint
  Hint: You might need to specify "USING staff_id::bigint".
	at org.postgresql.core.v3.QueryExecutorImpl.receiveErrorResponse(QueryExecutorImpl.java:2733)
	at org.postgresql.core.v3.QueryExecutorImpl.processResults(QueryExecutorImpl.java:2420)
	at org.postgresql.core.v3.QueryExecutorImpl.execute(QueryExecutorImpl.java:372)
	at org.postgresql.jdbc.PgStatement.executeInternal(PgStatement.java:517)
	at org.postgresql.jdbc.PgStatement.execute(PgStatement.java:434)
	at org.postgresql.jdbc.PgStatement.executeWithFlags(PgStatement.java:356)
	at org.postgresql.jdbc.PgStatement.executeCachedSql(PgStatement.java:341)
	at org.postgresql.jdbc.PgStatement.executeWithFlags(PgStatement.java:317)
	at org.postgresql.jdbc.PgStatement.execute(PgStatement.java:312)
	at com.zaxxer.hikari.pool.ProxyStatement.execute(ProxyStatement.java:94)
	at com.zaxxer.hikari.pool.HikariProxyStatement.execute(HikariProxyStatement.java)
	at org.hibernate.tool.schema.internal.exec.GenerationTargetToDatabase.accept(GenerationTargetToDatabase.java:80)
	... 37 common frames omitted
2025-04-13 02:16:53 [main] WARN  o.h.t.s.i.ExceptionHandlerLoggedImpl - GenerationTarget encountered exception accepting command : Error executing DDL "alter table if exists staff_room_map add constraint FKyd20ehofj2axxe92vl67pqvx foreign key (staff_id) references staff" via JDBC [ERROR: foreign key constraint "fkyd20ehofj2axxe92vl67pqvx" cannot be implemented
  Detail: Key columns "staff_id" and "staff_id" are of incompatible types: character varying and bigint.]
org.hibernate.tool.schema.spi.CommandAcceptanceException: Error executing DDL "alter table if exists staff_room_map add constraint FKyd20ehofj2axxe92vl67pqvx foreign key (staff_id) references staff" via JDBC [ERROR: foreign key constraint "fkyd20ehofj2axxe92vl67pqvx" cannot be implemented
  Detail: Key columns "staff_id" and "staff_id" are of incompatible types: character varying and bigint.]
	at org.hibernate.tool.schema.internal.exec.GenerationTargetToDatabase.accept(GenerationTargetToDatabase.java:94)
	at org.hibernate.tool.schema.internal.AbstractSchemaMigrator.applySqlString(AbstractSchemaMigrator.java:576)
	at org.hibernate.tool.schema.internal.AbstractSchemaMigrator.applySqlStrings(AbstractSchemaMigrator.java:516)
	at org.hibernate.tool.schema.internal.AbstractSchemaMigrator.applyForeignKeys(AbstractSchemaMigrator.java:448)
	at org.hibernate.tool.schema.internal.AbstractSchemaMigrator.performMigration(AbstractSchemaMigrator.java:269)
	at org.hibernate.tool.schema.internal.AbstractSchemaMigrator.doMigration(AbstractSchemaMigrator.java:112)
	at org.hibernate.tool.schema.spi.SchemaManagementToolCoordinator.performDatabaseAction(SchemaManagementToolCoordinator.java:280)
	at org.hibernate.tool.schema.spi.SchemaManagementToolCoordinator.lambda$process$5(SchemaManagementToolCoordinator.java:144)
	at java.base/java.util.HashMap.forEach(HashMap.java:1421)
	at org.hibernate.tool.schema.spi.SchemaManagementToolCoordinator.process(SchemaManagementToolCoordinator.java:141)
	at org.hibernate.boot.internal.SessionFactoryObserverForSchemaExport.sessionFactoryCreated(SessionFactoryObserverForSchemaExport.java:37)
	at org.hibernate.internal.SessionFactoryObserverChain.sessionFactoryCreated(SessionFactoryObserverChain.java:35)
	at org.hibernate.internal.SessionFactoryImpl.<init>(SessionFactoryImpl.java:324)
	at org.hibernate.boot.internal.SessionFactoryBuilderImpl.build(SessionFactoryBuilderImpl.java:463)
	at org.hibernate.jpa.boot.internal.EntityManagerFactoryBuilderImpl.build(EntityManagerFactoryBuilderImpl.java:1517)
	at org.springframework.orm.jpa.vendor.SpringHibernateJpaPersistenceProvider.createContainerEntityManagerFactory(SpringHibernateJpaPersistenceProvider.java:66)
	at org.springframework.orm.jpa.LocalContainerEntityManagerFactoryBean.createNativeEntityManagerFactory(LocalContainerEntityManagerFactoryBean.java:390)
	at org.springframework.orm.jpa.AbstractEntityManagerFactoryBean.buildNativeEntityManagerFactory(AbstractEntityManagerFactoryBean.java:419)
	at org.springframework.orm.jpa.AbstractEntityManagerFactoryBean.afterPropertiesSet(AbstractEntityManagerFactoryBean.java:400)
	at org.springframework.orm.jpa.LocalContainerEntityManagerFactoryBean.afterPropertiesSet(LocalContainerEntityManagerFactoryBean.java:366)
	at org.springframework.beans.factory.support.AbstractAutowireCapableBeanFactory.invokeInitMethods(AbstractAutowireCapableBeanFactory.java:1859)
	at org.springframework.beans.factory.support.AbstractAutowireCapableBeanFactory.initializeBean(AbstractAutowireCapableBeanFactory.java:1808)
	at org.springframework.beans.factory.support.AbstractAutowireCapableBeanFactory.doCreateBean(AbstractAutowireCapableBeanFactory.java:601)
	at org.springframework.beans.factory.support.AbstractAutowireCapableBeanFactory.createBean(AbstractAutowireCapableBeanFactory.java:523)
	at org.springframework.beans.factory.support.AbstractBeanFactory.lambda$doGetBean$0(AbstractBeanFactory.java:339)
	at org.springframework.beans.factory.support.DefaultSingletonBeanRegistry.getSingleton(DefaultSingletonBeanRegistry.java:346)
	at org.springframework.beans.factory.support.AbstractBeanFactory.doGetBean(AbstractBeanFactory.java:337)
	at org.springframework.beans.factory.support.AbstractBeanFactory.getBean(AbstractBeanFactory.java:207)
	at org.springframework.context.support.AbstractApplicationContext.finishBeanFactoryInitialization(AbstractApplicationContext.java:970)
	at org.springframework.context.support.AbstractApplicationContext.refresh(AbstractApplicationContext.java:627)
	at org.springframework.boot.web.servlet.context.ServletWebServerApplicationContext.refresh(ServletWebServerApplicationContext.java:146)
	at org.springframework.boot.SpringApplication.refresh(SpringApplication.java:752)
	at org.springframework.boot.SpringApplication.refreshContext(SpringApplication.java:439)
	at org.springframework.boot.SpringApplication.run(SpringApplication.java:318)
	at org.springframework.boot.SpringApplication.run(SpringApplication.java:1361)
	at org.springframework.boot.SpringApplication.run(SpringApplication.java:1350)
	at backend.HotelBookingApplication.main(HotelBookingApplication.java:15)
Caused by: org.postgresql.util.PSQLException: ERROR: foreign key constraint "fkyd20ehofj2axxe92vl67pqvx" cannot be implemented
  Detail: Key columns "staff_id" and "staff_id" are of incompatible types: character varying and bigint.
	at org.postgresql.core.v3.QueryExecutorImpl.receiveErrorResponse(QueryExecutorImpl.java:2733)
	at org.postgresql.core.v3.QueryExecutorImpl.processResults(QueryExecutorImpl.java:2420)
	at org.postgresql.core.v3.QueryExecutorImpl.execute(QueryExecutorImpl.java:372)
	at org.postgresql.jdbc.PgStatement.executeInternal(PgStatement.java:517)
	at org.postgresql.jdbc.PgStatement.execute(PgStatement.java:434)
	at org.postgresql.jdbc.PgStatement.executeWithFlags(PgStatement.java:356)
	at org.postgresql.jdbc.PgStatement.executeCachedSql(PgStatement.java:341)
	at org.postgresql.jdbc.PgStatement.executeWithFlags(PgStatement.java:317)
	at org.postgresql.jdbc.PgStatement.execute(PgStatement.java:312)
	at com.zaxxer.hikari.pool.ProxyStatement.execute(ProxyStatement.java:94)
	at com.zaxxer.hikari.pool.HikariProxyStatement.execute(HikariProxyStatement.java)
	at org.hibernate.tool.schema.internal.exec.GenerationTargetToDatabase.accept(GenerationTargetToDatabase.java:80)
	... 36 common frames omitted
2025-04-13 02:16:53 [main] INFO  o.s.o.j.LocalContainerEntityManagerFactoryBean - Initialized JPA EntityManagerFactory for persistence unit 'default'
2025-04-13 02:16:53 [main] INFO  backend.config.CorsConfig - CORS Configuration Loaded!
2025-04-13 02:16:53 [main] DEBUG o.s.c.e.PropertySourcesPropertyResolver - Found key 'spring.security.oauth2.resourceserver.jwt.issuer-uri' in PropertySource 'environmentProperties' with value of type String
2025-04-13 02:16:53 [main] INFO  o.s.d.j.r.query.QueryEnhancerFactory - Hibernate is in classpath; If applicable, HQL parser will be used.
2025-04-13 02:16:53 [main] DEBUG o.s.c.e.PropertySourcesPropertyResolver - Found key 'graphql.endpoint' in PropertySource 'environmentProperties' with value of type String
2025-04-13 02:16:53 [main] DEBUG o.s.c.e.PropertySourcesPropertyResolver - Found key 'graphql.api-key' in PropertySource 'environmentProperties' with value of type String
2025-04-13 02:16:53 [main] DEBUG o.s.c.e.PropertySourcesPropertyResolver - Found key 'graphql.api.key' in PropertySource 'environmentProperties' with value of type String
2025-04-13 02:16:53 [main] DEBUG o.s.c.e.PropertySourcesPropertyResolver - Found key 'graphql.url' in PropertySource 'environmentProperties' with value of type String
2025-04-13 02:16:54 [main] DEBUG o.s.c.e.PropertySourcesPropertyResolver - Found key 'spring.mail.username' in PropertySource 'environmentProperties' with value of type String
2025-04-13 02:16:54 [main] DEBUG o.s.c.e.PropertySourcesPropertyResolver - Found key 'otp.expiry.minutes' in PropertySource 'environmentProperties' with value of type String
2025-04-13 02:16:54 [main] DEBUG o.s.c.e.PropertySourcesPropertyResolver - Found key 'otp.max.attempts' in PropertySource 'environmentProperties' with value of type String
2025-04-13 02:16:54 [main] DEBUG o.s.c.e.PropertySourcesPropertyResolver - Found key 'graphql.endpoint' in PropertySource 'environmentProperties' with value of type String
2025-04-13 02:16:54 [main] DEBUG o.s.c.e.PropertySourcesPropertyResolver - Found key 'graphql.api-key' in PropertySource 'environmentProperties' with value of type String
2025-04-13 02:16:54 [main] DEBUG o.s.c.e.PropertySourcesPropertyResolver - Found key 'graphql.api.key' in PropertySource 'environmentProperties' with value of type String
2025-04-13 02:16:54 [main] DEBUG o.s.c.e.PropertySourcesPropertyResolver - Found key 'graphql.url' in PropertySource 'environmentProperties' with value of type String
2025-04-13 02:16:54 [main] DEBUG o.s.c.e.PropertySourcesPropertyResolver - Found key 'graphql.endpoint' in PropertySource 'environmentProperties' with value of type String
2025-04-13 02:16:54 [main] DEBUG o.s.c.e.PropertySourcesPropertyResolver - Found key 'graphql.api-key' in PropertySource 'environmentProperties' with value of type String
2025-04-13 02:16:54 [main] DEBUG o.s.c.e.PropertySourcesPropertyResolver - Found key 'graphql.endpoint' in PropertySource 'environmentProperties' with value of type String
2025-04-13 02:16:54 [main] DEBUG o.s.c.e.PropertySourcesPropertyResolver - Found key 'graphql.apiKey' in PropertySource 'environmentProperties' with value of type String
2025-04-13 02:16:54 [main] DEBUG o.s.c.e.PropertySourcesPropertyResolver - Found key 'graphql.endpoint' in PropertySource 'environmentProperties' with value of type String
2025-04-13 02:16:54 [main] DEBUG o.s.c.e.PropertySourcesPropertyResolver - Found key 'graphql.apiKey' in PropertySource 'environmentProperties' with value of type String
2025-04-13 02:16:54 [main] DEBUG o.s.c.e.PropertySourcesPropertyResolver - Found key 'api.base.url' in PropertySource 'environmentProperties' with value of type String
2025-04-13 02:16:54 [main] WARN  o.s.b.a.o.j.JpaBaseConfiguration$JpaWebConfiguration - spring.jpa.open-in-view is enabled by default. Therefore, database queries may be performed during view rendering. Explicitly configure spring.jpa.open-in-view to disable this warning
2025-04-13 02:16:54 [main] INFO  backend.config.CorsConfig - Applying CORS settings...
2025-04-13 02:16:54 [main] DEBUG o.s.s.c.a.a.c.AuthenticationConfiguration$DefaultPasswordEncoderAuthenticationManagerBuilder - No authenticationProviders and no parentAuthenticationManager defined. Returning null.
2025-04-13 02:16:54 [main] INFO  o.s.b.a.e.web.EndpointLinksResolver - Exposing 2 endpoints beneath base path '/actuator'
2025-04-13 02:16:54 [main] INFO  backend.config.SecurityConfig - Configuring security filter chain...
2025-04-13 02:16:54 [main] INFO  backend.config.SecurityConfig - Using issuer URI: https://cognito-idp.ap-south-1.amazonaws.com/ap-south-1_IGHZ9OObg
2025-04-13 02:16:54 [main] INFO  backend.config.SecurityConfig - Configuring authorization rules...
2025-04-13 02:16:54 [main] INFO  backend.config.SecurityConfig - Configuring OAuth2 resource server...
2025-04-13 02:16:54 [main] INFO  backend.config.SecurityConfig - Configuring JWT...
2025-04-13 02:16:54 [main] INFO  backend.config.SecurityConfig - Creating JWT decoder with issuer URI: https://cognito-idp.ap-south-1.amazonaws.com/ap-south-1_IGHZ9OObg
2025-04-13 02:16:55 [main] INFO  backend.config.SecurityConfig - Configuring session management...
2025-04-13 02:16:55 [main] DEBUG o.s.s.web.DefaultSecurityFilterChain - Will secure any request with filters: DisableEncodeUrlFilter, WebAsyncManagerIntegrationFilter, SecurityContextHolderFilter, HeaderWriterFilter, LogoutFilter, BearerTokenAuthenticationFilter, RequestCacheAwareFilter, SecurityContextHolderAwareRequestFilter, AnonymousAuthenticationFilter, SessionManagementFilter, ExceptionTranslationFilter, AuthorizationFilter
2025-04-13 02:16:55 [main] INFO  o.a.coyote.http11.Http11NioProtocol - Starting ProtocolHandler ["http-nio-8081"]
2025-04-13 02:16:55 [main] INFO  o.s.b.w.e.tomcat.TomcatWebServer - Tomcat started on port 8081 (http) with context path '/'
2025-04-13 02:16:55 [main] INFO  backend.HotelBookingApplication - Started HotelBookingApplication in 8.71 seconds (process running for 9.175)
2025-04-13 02:17:03 [http-nio-8081-exec-1] INFO  o.a.c.c.C.[Tomcat].[localhost].[/] - Initializing Spring DispatcherServlet 'dispatcherServlet'
2025-04-13 02:17:03 [http-nio-8081-exec-1] INFO  o.s.web.servlet.DispatcherServlet - Initializing Servlet 'dispatcherServlet'
2025-04-13 02:17:03 [http-nio-8081-exec-1] INFO  o.s.web.servlet.DispatcherServlet - Completed initialization in 6 ms
2025-04-13 02:17:03 [http-nio-8081-exec-1] DEBUG o.s.security.web.FilterChainProxy - Securing POST /api/house-cleaning/generate?date=2025-05-01
2025-04-13 02:17:03 [http-nio-8081-exec-1] DEBUG o.s.s.w.a.AnonymousAuthenticationFilter - Set SecurityContextHolder to anonymous SecurityContext
2025-04-13 02:17:03 [http-nio-8081-exec-1] DEBUG o.s.security.web.FilterChainProxy - Secured POST /api/house-cleaning/generate?date=2025-05-01
2025-04-13 02:17:03 [http-nio-8081-exec-1] INFO  b.s.impl.HouseCleaningServiceImpl - Generating cleaning schedules for date: 2025-05-01
2025-04-13 02:17:04 [http-nio-8081-exec-1] INFO  b.s.impl.HouseCleaningServiceImpl - Found 10 check-in bookings, 0 check-out bookings, and 10 current bookings for date 2025-05-01
2025-04-13 02:17:04 [http-nio-8081-exec-1] INFO  b.s.impl.BookedRoomsServiceImpl - Checking check-in rooms for date: 2025-05-01
2025-04-13 02:17:04 [http-nio-8081-exec-1] INFO  b.s.impl.BookedRoomsServiceImpl - Found 10 transactions with check-in date 2025-05-01
2025-04-13 02:17:04 [http-nio-8081-exec-1] INFO  b.s.impl.BookedRoomsServiceImpl - Booking IDs for check-in: [13, 12, 15, 14, 53, 55, 59, 60, 155, 318]
2025-04-13 02:17:09 [http-nio-8081-exec-1] INFO  b.s.impl.BookedRoomsServiceImpl - Room IDs for bookings [13, 12, 15, 14, 53, 55, 59, 60, 155, 318]: [421, 422, 433, 434, 439, 451, 452, 457, 464, 469, 470]
2025-04-13 02:17:09 [http-nio-8081-exec-1] INFO  b.s.impl.BookedRoomsServiceImpl - Checking check-out rooms for date: 2025-05-01
2025-04-13 02:17:09 [http-nio-8081-exec-1] INFO  b.s.impl.BookedRoomsServiceImpl - Found 0 transactions with check-out date 2025-05-01
2025-04-13 02:17:09 [http-nio-8081-exec-1] INFO  b.s.impl.BookedRoomsServiceImpl - Booking IDs for check-out: []
2025-04-13 02:17:09 [http-nio-8081-exec-1] INFO  b.s.impl.BookedRoomsServiceImpl - No booking IDs found, returning empty list
2025-04-13 02:17:09 [http-nio-8081-exec-1] INFO  b.s.impl.BookedRoomsServiceImpl - Checking currently booked rooms for date: 2025-05-01T00:00:00Z
2025-04-13 02:17:09 [http-nio-8081-exec-1] INFO  b.s.impl.BookedRoomsServiceImpl - Currently booked room IDs: [421, 422, 433, 434, 439, 451, 452, 457, 464, 469, 470]
2025-04-13 02:17:09 [http-nio-8081-exec-1] INFO  b.s.impl.HouseCleaningServiceImpl - Found 11 check-in rooms, 0 check-out rooms, and 11 current rooms for date 2025-05-01
2025-04-13 02:17:09 [http-nio-8081-exec-1] WARN  b.s.impl.HouseCleaningServiceImpl - Could not extract room ID from booking details for booking ID 13
2025-04-13 02:17:09 [http-nio-8081-exec-1] WARN  b.s.impl.HouseCleaningServiceImpl - Could not extract room ID from booking details for booking ID 12
2025-04-13 02:17:09 [http-nio-8081-exec-1] WARN  b.s.impl.HouseCleaningServiceImpl - Could not extract room ID from booking details for booking ID 15
2025-04-13 02:17:09 [http-nio-8081-exec-1] WARN  b.s.impl.HouseCleaningServiceImpl - Could not extract room ID from booking details for booking ID 14
2025-04-13 02:17:09 [http-nio-8081-exec-1] WARN  b.s.impl.HouseCleaningServiceImpl - Could not extract room ID from booking details for booking ID 53
2025-04-13 02:17:09 [http-nio-8081-exec-1] WARN  b.s.impl.HouseCleaningServiceImpl - Could not extract room ID from booking details for booking ID 55
2025-04-13 02:17:09 [http-nio-8081-exec-1] WARN  b.s.impl.HouseCleaningServiceImpl - Could not extract room ID from booking details for booking ID 59
2025-04-13 02:17:09 [http-nio-8081-exec-1] WARN  b.s.impl.HouseCleaningServiceImpl - Could not extract room ID from booking details for booking ID 60
2025-04-13 02:17:09 [http-nio-8081-exec-1] WARN  b.s.impl.HouseCleaningServiceImpl - Could not extract room ID from booking details for booking ID 155
2025-04-13 02:17:09 [http-nio-8081-exec-1] WARN  b.s.impl.HouseCleaningServiceImpl - Could not extract room ID from booking details for booking ID 318
2025-04-13 02:17:09 [http-nio-8081-exec-1] WARN  b.s.impl.HouseCleaningServiceImpl - Could not extract room ID from booking details for booking ID 13
2025-04-13 02:17:09 [http-nio-8081-exec-1] WARN  b.s.impl.HouseCleaningServiceImpl - Could not extract room ID from booking details for booking ID 12
2025-04-13 02:17:09 [http-nio-8081-exec-1] WARN  b.s.impl.HouseCleaningServiceImpl - Could not extract room ID from booking details for booking ID 15
2025-04-13 02:17:09 [http-nio-8081-exec-1] WARN  b.s.impl.HouseCleaningServiceImpl - Could not extract room ID from booking details for booking ID 14
2025-04-13 02:17:09 [http-nio-8081-exec-1] WARN  b.s.impl.HouseCleaningServiceImpl - Could not extract room ID from booking details for booking ID 53
2025-04-13 02:17:09 [http-nio-8081-exec-1] WARN  b.s.impl.HouseCleaningServiceImpl - Could not extract room ID from booking details for booking ID 55
2025-04-13 02:17:09 [http-nio-8081-exec-1] WARN  b.s.impl.HouseCleaningServiceImpl - Could not extract room ID from booking details for booking ID 59
2025-04-13 02:17:09 [http-nio-8081-exec-1] WARN  b.s.impl.HouseCleaningServiceImpl - Could not extract room ID from booking details for booking ID 60
2025-04-13 02:17:09 [http-nio-8081-exec-1] WARN  b.s.impl.HouseCleaningServiceImpl - Could not extract room ID from booking details for booking ID 155
2025-04-13 02:17:09 [http-nio-8081-exec-1] WARN  b.s.impl.HouseCleaningServiceImpl - Could not extract room ID from booking details for booking ID 318
2025-04-13 02:17:09 [http-nio-8081-exec-1] INFO  b.s.impl.HouseCleaningServiceImpl - Room to booking map: {}
2025-04-13 02:17:09 [http-nio-8081-exec-1] WARN  b.s.impl.HouseCleaningServiceImpl - No booking ID found for room ID 421
2025-04-13 02:17:09 [http-nio-8081-exec-1] WARN  b.s.impl.HouseCleaningServiceImpl - No booking ID found for room ID 422
2025-04-13 02:17:09 [http-nio-8081-exec-1] WARN  b.s.impl.HouseCleaningServiceImpl - No booking ID found for room ID 433
2025-04-13 02:17:09 [http-nio-8081-exec-1] WARN  b.s.impl.HouseCleaningServiceImpl - No booking ID found for room ID 434
2025-04-13 02:17:09 [http-nio-8081-exec-1] WARN  b.s.impl.HouseCleaningServiceImpl - No booking ID found for room ID 439
2025-04-13 02:17:09 [http-nio-8081-exec-1] WARN  b.s.impl.HouseCleaningServiceImpl - No booking ID found for room ID 451
2025-04-13 02:17:09 [http-nio-8081-exec-1] WARN  b.s.impl.HouseCleaningServiceImpl - No booking ID found for room ID 452
2025-04-13 02:17:09 [http-nio-8081-exec-1] WARN  b.s.impl.HouseCleaningServiceImpl - No booking ID found for room ID 457
2025-04-13 02:17:09 [http-nio-8081-exec-1] WARN  b.s.impl.HouseCleaningServiceImpl - No booking ID found for room ID 464
2025-04-13 02:17:09 [http-nio-8081-exec-1] WARN  b.s.impl.HouseCleaningServiceImpl - No booking ID found for room ID 469
2025-04-13 02:17:09 [http-nio-8081-exec-1] WARN  b.s.impl.HouseCleaningServiceImpl - No booking ID found for room ID 470
2025-04-13 02:17:29 [http-nio-8081-exec-3] DEBUG o.s.security.web.FilterChainProxy - Securing POST /api/house-cleaning/assign-staff?date=2025-05-01&shift=MORNING_SHIFT
2025-04-13 02:17:29 [http-nio-8081-exec-3] DEBUG o.s.s.w.a.AnonymousAuthenticationFilter - Set SecurityContextHolder to anonymous SecurityContext
2025-04-13 02:17:29 [http-nio-8081-exec-3] DEBUG o.s.security.web.FilterChainProxy - Secured POST /api/house-cleaning/assign-staff?date=2025-05-01&shift=MORNING_SHIFT
2025-04-13 02:17:29 [http-nio-8081-exec-3] INFO  b.s.impl.HouseCleaningServiceImpl - Assigning staff to schedules for date: 2025-05-01 and shift: MORNING_SHIFT
2025-04-13 02:17:29 [http-nio-8081-exec-3] INFO  b.s.impl.HouseCleaningServiceImpl - Shift time: 05:00 to 09:00
2025-04-13 02:17:29 [http-nio-8081-exec-3] INFO  b.s.impl.HouseCleaningServiceImpl - Assigned staff 1 to room 421 for cleaning from 06:00 to 06:30, staff utilization=12.5%
2025-04-13 02:17:29 [http-nio-8081-exec-3] INFO  b.s.impl.HouseCleaningServiceImpl - Assigned staff 1 to room 422 for cleaning from 08:00 to 08:30, staff utilization=25.0%
2025-04-13 02:17:29 [http-nio-8081-exec-3] INFO  b.s.impl.HouseCleaningServiceImpl - Assigned staff 1 to room 433 for cleaning from 05:00 to 05:30, staff utilization=37.5%
2025-04-13 02:17:29 [http-nio-8081-exec-3] INFO  b.s.impl.HouseCleaningServiceImpl - Assigned staff 1 to room 434 for cleaning from 07:00 to 07:30, staff utilization=50.0%
2025-04-13 02:17:29 [http-nio-8081-exec-3] INFO  b.s.impl.HouseCleaningServiceImpl - Assigned staff 4 to room 439 for cleaning from 06:00 to 06:30, staff utilization=12.5%
2025-04-13 02:17:29 [http-nio-8081-exec-3] INFO  b.s.impl.HouseCleaningServiceImpl - Assigned staff 4 to room 451 for cleaning from 08:00 to 08:30, staff utilization=25.0%
2025-04-13 02:17:29 [http-nio-8081-exec-3] INFO  b.s.impl.HouseCleaningServiceImpl - Assigned staff 4 to room 452 for cleaning from 05:00 to 05:30, staff utilization=37.5%
2025-04-13 02:17:29 [http-nio-8081-exec-3] INFO  b.s.impl.HouseCleaningServiceImpl - Assigned staff 4 to room 457 for cleaning from 07:00 to 07:30, staff utilization=50.0%
2025-04-13 02:17:29 [http-nio-8081-exec-3] INFO  b.s.impl.HouseCleaningServiceImpl - Assigned staff 10 to room 464 for cleaning from 06:00 to 06:30, staff utilization=12.5%
2025-04-13 02:17:29 [http-nio-8081-exec-3] INFO  b.s.impl.HouseCleaningServiceImpl - Assigned staff 10 to room 469 for cleaning from 08:00 to 08:30, staff utilization=25.0%
2025-04-13 02:17:29 [http-nio-8081-exec-3] INFO  b.s.impl.HouseCleaningServiceImpl - Assigned staff 10 to room 470 for cleaning from 05:00 to 05:30, staff utilization=37.5%
2025-04-13 02:17:29 [http-nio-8081-exec-3] INFO  b.s.impl.HouseCleaningServiceImpl - Staff 1 has 4 rooms assigned (utilization: 50.0%)
2025-04-13 02:17:29 [http-nio-8081-exec-3] INFO  b.s.impl.HouseCleaningServiceImpl -   - Room 421 at 06:00
2025-04-13 02:17:29 [http-nio-8081-exec-3] INFO  b.s.impl.HouseCleaningServiceImpl -   - Room 422 at 08:00
2025-04-13 02:17:29 [http-nio-8081-exec-3] INFO  b.s.impl.HouseCleaningServiceImpl -   - Room 433 at 05:00
2025-04-13 02:17:29 [http-nio-8081-exec-3] INFO  b.s.impl.HouseCleaningServiceImpl -   - Room 434 at 07:00
2025-04-13 02:17:29 [http-nio-8081-exec-3] INFO  b.s.impl.HouseCleaningServiceImpl -   - Staff 1 is working from 05:00 to 08:30 (utilization: 50.0%)
2025-04-13 02:17:29 [http-nio-8081-exec-3] INFO  b.s.impl.HouseCleaningServiceImpl - Staff 4 has 4 rooms assigned (utilization: 50.0%)
2025-04-13 02:17:29 [http-nio-8081-exec-3] INFO  b.s.impl.HouseCleaningServiceImpl -   - Room 439 at 06:00
2025-04-13 02:17:29 [http-nio-8081-exec-3] INFO  b.s.impl.HouseCleaningServiceImpl -   - Room 451 at 08:00
2025-04-13 02:17:29 [http-nio-8081-exec-3] INFO  b.s.impl.HouseCleaningServiceImpl -   - Room 452 at 05:00
2025-04-13 02:17:29 [http-nio-8081-exec-3] INFO  b.s.impl.HouseCleaningServiceImpl -   - Room 457 at 07:00
2025-04-13 02:17:29 [http-nio-8081-exec-3] INFO  b.s.impl.HouseCleaningServiceImpl -   - Staff 4 is working from 05:00 to 08:30 (utilization: 50.0%)
2025-04-13 02:17:29 [http-nio-8081-exec-3] INFO  b.s.impl.HouseCleaningServiceImpl - Staff 10 has 3 rooms assigned (utilization: 37.5%)
2025-04-13 02:17:29 [http-nio-8081-exec-3] INFO  b.s.impl.HouseCleaningServiceImpl -   - Room 464 at 06:00
2025-04-13 02:17:29 [http-nio-8081-exec-3] INFO  b.s.impl.HouseCleaningServiceImpl -   - Room 469 at 08:00
2025-04-13 02:17:29 [http-nio-8081-exec-3] INFO  b.s.impl.HouseCleaningServiceImpl -   - Room 470 at 05:00
2025-04-13 02:17:29 [http-nio-8081-exec-3] INFO  b.s.impl.HouseCleaningServiceImpl -   - Staff 10 is working from 05:00 to 08:30 (utilization: 37.5%)
2025-04-13 02:17:29 [http-nio-8081-exec-3] INFO  b.s.impl.HouseCleaningServiceImpl - Saved schedule for room 421: staffId=1, scheduledTime=06:00
2025-04-13 02:17:29 [http-nio-8081-exec-3] INFO  b.s.impl.HouseCleaningServiceImpl - Saved schedule for room 422: staffId=1, scheduledTime=08:00
2025-04-13 02:17:29 [http-nio-8081-exec-3] INFO  b.s.impl.HouseCleaningServiceImpl - Saved schedule for room 433: staffId=1, scheduledTime=05:00
2025-04-13 02:17:29 [http-nio-8081-exec-3] INFO  b.s.impl.HouseCleaningServiceImpl - Saved schedule for room 434: staffId=1, scheduledTime=07:00
2025-04-13 02:17:29 [http-nio-8081-exec-3] INFO  b.s.impl.HouseCleaningServiceImpl - Saved schedule for room 439: staffId=4, scheduledTime=06:00
2025-04-13 02:17:29 [http-nio-8081-exec-3] INFO  b.s.impl.HouseCleaningServiceImpl - Saved schedule for room 451: staffId=4, scheduledTime=08:00
2025-04-13 02:17:29 [http-nio-8081-exec-3] INFO  b.s.impl.HouseCleaningServiceImpl - Saved schedule for room 452: staffId=4, scheduledTime=05:00
2025-04-13 02:17:29 [http-nio-8081-exec-3] INFO  b.s.impl.HouseCleaningServiceImpl - Saved schedule for room 457: staffId=4, scheduledTime=07:00
2025-04-13 02:17:29 [http-nio-8081-exec-3] INFO  b.s.impl.HouseCleaningServiceImpl - Saved schedule for room 464: staffId=10, scheduledTime=06:00
2025-04-13 02:17:29 [http-nio-8081-exec-3] INFO  b.s.impl.HouseCleaningServiceImpl - Saved schedule for room 469: staffId=10, scheduledTime=08:00
2025-04-13 02:17:29 [http-nio-8081-exec-3] INFO  b.s.impl.HouseCleaningServiceImpl - Saved schedule for room 470: staffId=10, scheduledTime=05:00
2025-04-13 02:20:40 [SpringApplicationShutdownHook] INFO  o.s.b.w.e.tomcat.GracefulShutdown - Commencing graceful shutdown. Waiting for active requests to complete
2025-04-13 02:20:40 [tomcat-shutdown] INFO  o.s.b.w.e.tomcat.GracefulShutdown - Graceful shutdown complete
2025-04-13 02:20:40 [SpringApplicationShutdownHook] INFO  o.s.o.j.LocalContainerEntityManagerFactoryBean - Closing JPA EntityManagerFactory for persistence unit 'default'
2025-04-13 02:20:40 [SpringApplicationShutdownHook] INFO  com.zaxxer.hikari.HikariDataSource - HikariPool-1 - Shutdown initiated...
2025-04-13 02:20:40 [SpringApplicationShutdownHook] INFO  com.zaxxer.hikari.HikariDataSource - HikariPool-1 - Shutdown completed.
2025-04-13 02:20:58 [main] INFO  backend.HotelBookingApplication - Starting HotelBookingApplication using Java 17.0.13 with PID 6101 (/Users/sukuna/Documents/coding/IBE/IBE-BE/KDU/target/classes started by sukuna in /Users/sukuna/Documents/coding/IBE/IBE-BE/KDU)
2025-04-13 02:20:58 [main] INFO  backend.HotelBookingApplication - The following 1 profile is active: "dev"
2025-04-13 02:20:59 [main] INFO  o.s.d.r.c.RepositoryConfigurationDelegate - Bootstrapping Spring Data JPA repositories in DEFAULT mode.
2025-04-13 02:20:59 [main] INFO  o.s.d.r.c.RepositoryConfigurationDelegate - Finished Spring Data repository scanning in 120 ms. Found 15 JPA repository interfaces.
2025-04-13 02:21:00 [main] INFO  o.s.b.w.e.tomcat.TomcatWebServer - Tomcat initialized with port 8081 (http)
2025-04-13 02:21:00 [main] INFO  o.a.coyote.http11.Http11NioProtocol - Initializing ProtocolHandler ["http-nio-8081"]
2025-04-13 02:21:00 [main] INFO  o.a.catalina.core.StandardService - Starting service [Tomcat]
2025-04-13 02:21:00 [main] INFO  o.a.catalina.core.StandardEngine - Starting Servlet engine: [Apache Tomcat/10.1.36]
2025-04-13 02:21:00 [main] INFO  o.a.c.c.C.[Tomcat].[localhost].[/] - Initializing Spring embedded WebApplicationContext
2025-04-13 02:21:00 [main] INFO  o.s.b.w.s.c.ServletWebServerApplicationContext - Root WebApplicationContext: initialization completed in 2107 ms
2025-04-13 02:21:00 [main] INFO  com.zaxxer.hikari.HikariDataSource - HikariPool-1 - Starting...
2025-04-13 02:21:00 [main] INFO  com.zaxxer.hikari.pool.HikariPool - HikariPool-1 - Added connection org.postgresql.jdbc.PgConnection@5e7e7a7e
2025-04-13 02:21:00 [main] INFO  com.zaxxer.hikari.HikariDataSource - HikariPool-1 - Start completed.
2025-04-13 02:21:01 [main] INFO  o.s.o.j.p.SpringPersistenceUnitInfo - No LoadTimeWeaver setup: ignoring JPA class transformer
2025-04-13 02:21:01 [main] WARN  org.hibernate.orm.deprecation - HHH90000025: PostgreSQLDialect does not need to be specified explicitly using 'hibernate.dialect' (remove the property setting and it will be selected by default)
2025-04-13 02:21:02 [main] WARN  o.h.t.s.i.ExceptionHandlerLoggedImpl - GenerationTarget encountered exception accepting command : Error executing DDL "alter table if exists staff_room_map alter column staff_id set data type bigint" via JDBC [ERROR: column "staff_id" cannot be cast automatically to type bigint
  Hint: You might need to specify "USING staff_id::bigint".]
org.hibernate.tool.schema.spi.CommandAcceptanceException: Error executing DDL "alter table if exists staff_room_map alter column staff_id set data type bigint" via JDBC [ERROR: column "staff_id" cannot be cast automatically to type bigint
  Hint: You might need to specify "USING staff_id::bigint".]
	at org.hibernate.tool.schema.internal.exec.GenerationTargetToDatabase.accept(GenerationTargetToDatabase.java:94)
	at org.hibernate.tool.schema.internal.AbstractSchemaMigrator.applySqlString(AbstractSchemaMigrator.java:576)
	at org.hibernate.tool.schema.internal.AbstractSchemaMigrator.applySqlStrings(AbstractSchemaMigrator.java:516)
	at org.hibernate.tool.schema.internal.AbstractSchemaMigrator.migrateTable(AbstractSchemaMigrator.java:334)
	at org.hibernate.tool.schema.internal.GroupedSchemaMigratorImpl.performTablesMigration(GroupedSchemaMigratorImpl.java:84)
	at org.hibernate.tool.schema.internal.AbstractSchemaMigrator.performMigration(AbstractSchemaMigrator.java:233)
	at org.hibernate.tool.schema.internal.AbstractSchemaMigrator.doMigration(AbstractSchemaMigrator.java:112)
	at org.hibernate.tool.schema.spi.SchemaManagementToolCoordinator.performDatabaseAction(SchemaManagementToolCoordinator.java:280)
	at org.hibernate.tool.schema.spi.SchemaManagementToolCoordinator.lambda$process$5(SchemaManagementToolCoordinator.java:144)
	at java.base/java.util.HashMap.forEach(HashMap.java:1421)
	at org.hibernate.tool.schema.spi.SchemaManagementToolCoordinator.process(SchemaManagementToolCoordinator.java:141)
	at org.hibernate.boot.internal.SessionFactoryObserverForSchemaExport.sessionFactoryCreated(SessionFactoryObserverForSchemaExport.java:37)
	at org.hibernate.internal.SessionFactoryObserverChain.sessionFactoryCreated(SessionFactoryObserverChain.java:35)
	at org.hibernate.internal.SessionFactoryImpl.<init>(SessionFactoryImpl.java:324)
	at org.hibernate.boot.internal.SessionFactoryBuilderImpl.build(SessionFactoryBuilderImpl.java:463)
	at org.hibernate.jpa.boot.internal.EntityManagerFactoryBuilderImpl.build(EntityManagerFactoryBuilderImpl.java:1517)
	at org.springframework.orm.jpa.vendor.SpringHibernateJpaPersistenceProvider.createContainerEntityManagerFactory(SpringHibernateJpaPersistenceProvider.java:66)
	at org.springframework.orm.jpa.LocalContainerEntityManagerFactoryBean.createNativeEntityManagerFactory(LocalContainerEntityManagerFactoryBean.java:390)
	at org.springframework.orm.jpa.AbstractEntityManagerFactoryBean.buildNativeEntityManagerFactory(AbstractEntityManagerFactoryBean.java:419)
	at org.springframework.orm.jpa.AbstractEntityManagerFactoryBean.afterPropertiesSet(AbstractEntityManagerFactoryBean.java:400)
	at org.springframework.orm.jpa.LocalContainerEntityManagerFactoryBean.afterPropertiesSet(LocalContainerEntityManagerFactoryBean.java:366)
	at org.springframework.beans.factory.support.AbstractAutowireCapableBeanFactory.invokeInitMethods(AbstractAutowireCapableBeanFactory.java:1859)
	at org.springframework.beans.factory.support.AbstractAutowireCapableBeanFactory.initializeBean(AbstractAutowireCapableBeanFactory.java:1808)
	at org.springframework.beans.factory.support.AbstractAutowireCapableBeanFactory.doCreateBean(AbstractAutowireCapableBeanFactory.java:601)
	at org.springframework.beans.factory.support.AbstractAutowireCapableBeanFactory.createBean(AbstractAutowireCapableBeanFactory.java:523)
	at org.springframework.beans.factory.support.AbstractBeanFactory.lambda$doGetBean$0(AbstractBeanFactory.java:339)
	at org.springframework.beans.factory.support.DefaultSingletonBeanRegistry.getSingleton(DefaultSingletonBeanRegistry.java:346)
	at org.springframework.beans.factory.support.AbstractBeanFactory.doGetBean(AbstractBeanFactory.java:337)
	at org.springframework.beans.factory.support.AbstractBeanFactory.getBean(AbstractBeanFactory.java:207)
	at org.springframework.context.support.AbstractApplicationContext.finishBeanFactoryInitialization(AbstractApplicationContext.java:970)
	at org.springframework.context.support.AbstractApplicationContext.refresh(AbstractApplicationContext.java:627)
	at org.springframework.boot.web.servlet.context.ServletWebServerApplicationContext.refresh(ServletWebServerApplicationContext.java:146)
	at org.springframework.boot.SpringApplication.refresh(SpringApplication.java:752)
	at org.springframework.boot.SpringApplication.refreshContext(SpringApplication.java:439)
	at org.springframework.boot.SpringApplication.run(SpringApplication.java:318)
	at org.springframework.boot.SpringApplication.run(SpringApplication.java:1361)
	at org.springframework.boot.SpringApplication.run(SpringApplication.java:1350)
	at backend.HotelBookingApplication.main(HotelBookingApplication.java:15)
Caused by: org.postgresql.util.PSQLException: ERROR: column "staff_id" cannot be cast automatically to type bigint
  Hint: You might need to specify "USING staff_id::bigint".
	at org.postgresql.core.v3.QueryExecutorImpl.receiveErrorResponse(QueryExecutorImpl.java:2733)
	at org.postgresql.core.v3.QueryExecutorImpl.processResults(QueryExecutorImpl.java:2420)
	at org.postgresql.core.v3.QueryExecutorImpl.execute(QueryExecutorImpl.java:372)
	at org.postgresql.jdbc.PgStatement.executeInternal(PgStatement.java:517)
	at org.postgresql.jdbc.PgStatement.execute(PgStatement.java:434)
	at org.postgresql.jdbc.PgStatement.executeWithFlags(PgStatement.java:356)
	at org.postgresql.jdbc.PgStatement.executeCachedSql(PgStatement.java:341)
	at org.postgresql.jdbc.PgStatement.executeWithFlags(PgStatement.java:317)
	at org.postgresql.jdbc.PgStatement.execute(PgStatement.java:312)
	at com.zaxxer.hikari.pool.ProxyStatement.execute(ProxyStatement.java:94)
	at com.zaxxer.hikari.pool.HikariProxyStatement.execute(HikariProxyStatement.java)
	at org.hibernate.tool.schema.internal.exec.GenerationTargetToDatabase.accept(GenerationTargetToDatabase.java:80)
	... 37 common frames omitted
2025-04-13 02:21:02 [main] WARN  o.h.t.s.i.ExceptionHandlerLoggedImpl - GenerationTarget encountered exception accepting command : Error executing DDL "alter table if exists staff_room_map add constraint FKyd20ehofj2axxe92vl67pqvx foreign key (staff_id) references staff" via JDBC [ERROR: foreign key constraint "fkyd20ehofj2axxe92vl67pqvx" cannot be implemented
  Detail: Key columns "staff_id" and "staff_id" are of incompatible types: character varying and bigint.]
org.hibernate.tool.schema.spi.CommandAcceptanceException: Error executing DDL "alter table if exists staff_room_map add constraint FKyd20ehofj2axxe92vl67pqvx foreign key (staff_id) references staff" via JDBC [ERROR: foreign key constraint "fkyd20ehofj2axxe92vl67pqvx" cannot be implemented
  Detail: Key columns "staff_id" and "staff_id" are of incompatible types: character varying and bigint.]
	at org.hibernate.tool.schema.internal.exec.GenerationTargetToDatabase.accept(GenerationTargetToDatabase.java:94)
	at org.hibernate.tool.schema.internal.AbstractSchemaMigrator.applySqlString(AbstractSchemaMigrator.java:576)
	at org.hibernate.tool.schema.internal.AbstractSchemaMigrator.applySqlStrings(AbstractSchemaMigrator.java:516)
	at org.hibernate.tool.schema.internal.AbstractSchemaMigrator.applyForeignKeys(AbstractSchemaMigrator.java:448)
	at org.hibernate.tool.schema.internal.AbstractSchemaMigrator.performMigration(AbstractSchemaMigrator.java:269)
	at org.hibernate.tool.schema.internal.AbstractSchemaMigrator.doMigration(AbstractSchemaMigrator.java:112)
	at org.hibernate.tool.schema.spi.SchemaManagementToolCoordinator.performDatabaseAction(SchemaManagementToolCoordinator.java:280)
	at org.hibernate.tool.schema.spi.SchemaManagementToolCoordinator.lambda$process$5(SchemaManagementToolCoordinator.java:144)
	at java.base/java.util.HashMap.forEach(HashMap.java:1421)
	at org.hibernate.tool.schema.spi.SchemaManagementToolCoordinator.process(SchemaManagementToolCoordinator.java:141)
	at org.hibernate.boot.internal.SessionFactoryObserverForSchemaExport.sessionFactoryCreated(SessionFactoryObserverForSchemaExport.java:37)
	at org.hibernate.internal.SessionFactoryObserverChain.sessionFactoryCreated(SessionFactoryObserverChain.java:35)
	at org.hibernate.internal.SessionFactoryImpl.<init>(SessionFactoryImpl.java:324)
	at org.hibernate.boot.internal.SessionFactoryBuilderImpl.build(SessionFactoryBuilderImpl.java:463)
	at org.hibernate.jpa.boot.internal.EntityManagerFactoryBuilderImpl.build(EntityManagerFactoryBuilderImpl.java:1517)
	at org.springframework.orm.jpa.vendor.SpringHibernateJpaPersistenceProvider.createContainerEntityManagerFactory(SpringHibernateJpaPersistenceProvider.java:66)
	at org.springframework.orm.jpa.LocalContainerEntityManagerFactoryBean.createNativeEntityManagerFactory(LocalContainerEntityManagerFactoryBean.java:390)
	at org.springframework.orm.jpa.AbstractEntityManagerFactoryBean.buildNativeEntityManagerFactory(AbstractEntityManagerFactoryBean.java:419)
	at org.springframework.orm.jpa.AbstractEntityManagerFactoryBean.afterPropertiesSet(AbstractEntityManagerFactoryBean.java:400)
	at org.springframework.orm.jpa.LocalContainerEntityManagerFactoryBean.afterPropertiesSet(LocalContainerEntityManagerFactoryBean.java:366)
	at org.springframework.beans.factory.support.AbstractAutowireCapableBeanFactory.invokeInitMethods(AbstractAutowireCapableBeanFactory.java:1859)
	at org.springframework.beans.factory.support.AbstractAutowireCapableBeanFactory.initializeBean(AbstractAutowireCapableBeanFactory.java:1808)
	at org.springframework.beans.factory.support.AbstractAutowireCapableBeanFactory.doCreateBean(AbstractAutowireCapableBeanFactory.java:601)
	at org.springframework.beans.factory.support.AbstractAutowireCapableBeanFactory.createBean(AbstractAutowireCapableBeanFactory.java:523)
	at org.springframework.beans.factory.support.AbstractBeanFactory.lambda$doGetBean$0(AbstractBeanFactory.java:339)
	at org.springframework.beans.factory.support.DefaultSingletonBeanRegistry.getSingleton(DefaultSingletonBeanRegistry.java:346)
	at org.springframework.beans.factory.support.AbstractBeanFactory.doGetBean(AbstractBeanFactory.java:337)
	at org.springframework.beans.factory.support.AbstractBeanFactory.getBean(AbstractBeanFactory.java:207)
	at org.springframework.context.support.AbstractApplicationContext.finishBeanFactoryInitialization(AbstractApplicationContext.java:970)
	at org.springframework.context.support.AbstractApplicationContext.refresh(AbstractApplicationContext.java:627)
	at org.springframework.boot.web.servlet.context.ServletWebServerApplicationContext.refresh(ServletWebServerApplicationContext.java:146)
	at org.springframework.boot.SpringApplication.refresh(SpringApplication.java:752)
	at org.springframework.boot.SpringApplication.refreshContext(SpringApplication.java:439)
	at org.springframework.boot.SpringApplication.run(SpringApplication.java:318)
	at org.springframework.boot.SpringApplication.run(SpringApplication.java:1361)
	at org.springframework.boot.SpringApplication.run(SpringApplication.java:1350)
	at backend.HotelBookingApplication.main(HotelBookingApplication.java:15)
Caused by: org.postgresql.util.PSQLException: ERROR: foreign key constraint "fkyd20ehofj2axxe92vl67pqvx" cannot be implemented
  Detail: Key columns "staff_id" and "staff_id" are of incompatible types: character varying and bigint.
	at org.postgresql.core.v3.QueryExecutorImpl.receiveErrorResponse(QueryExecutorImpl.java:2733)
	at org.postgresql.core.v3.QueryExecutorImpl.processResults(QueryExecutorImpl.java:2420)
	at org.postgresql.core.v3.QueryExecutorImpl.execute(QueryExecutorImpl.java:372)
	at org.postgresql.jdbc.PgStatement.executeInternal(PgStatement.java:517)
	at org.postgresql.jdbc.PgStatement.execute(PgStatement.java:434)
	at org.postgresql.jdbc.PgStatement.executeWithFlags(PgStatement.java:356)
	at org.postgresql.jdbc.PgStatement.executeCachedSql(PgStatement.java:341)
	at org.postgresql.jdbc.PgStatement.executeWithFlags(PgStatement.java:317)
	at org.postgresql.jdbc.PgStatement.execute(PgStatement.java:312)
	at com.zaxxer.hikari.pool.ProxyStatement.execute(ProxyStatement.java:94)
	at com.zaxxer.hikari.pool.HikariProxyStatement.execute(HikariProxyStatement.java)
	at org.hibernate.tool.schema.internal.exec.GenerationTargetToDatabase.accept(GenerationTargetToDatabase.java:80)
	... 36 common frames omitted
2025-04-13 02:21:02 [main] INFO  o.s.o.j.LocalContainerEntityManagerFactoryBean - Initialized JPA EntityManagerFactory for persistence unit 'default'
2025-04-13 02:21:02 [main] INFO  backend.config.CorsConfig - CORS Configuration Loaded!
2025-04-13 02:21:02 [main] DEBUG o.s.c.e.PropertySourcesPropertyResolver - Found key 'spring.security.oauth2.resourceserver.jwt.issuer-uri' in PropertySource 'environmentProperties' with value of type String
2025-04-13 02:21:03 [main] INFO  o.s.d.j.r.query.QueryEnhancerFactory - Hibernate is in classpath; If applicable, HQL parser will be used.
2025-04-13 02:21:03 [main] DEBUG o.s.c.e.PropertySourcesPropertyResolver - Found key 'graphql.endpoint' in PropertySource 'environmentProperties' with value of type String
2025-04-13 02:21:03 [main] DEBUG o.s.c.e.PropertySourcesPropertyResolver - Found key 'graphql.api-key' in PropertySource 'environmentProperties' with value of type String
2025-04-13 02:21:03 [main] DEBUG o.s.c.e.PropertySourcesPropertyResolver - Found key 'graphql.api.key' in PropertySource 'environmentProperties' with value of type String
2025-04-13 02:21:03 [main] DEBUG o.s.c.e.PropertySourcesPropertyResolver - Found key 'graphql.url' in PropertySource 'environmentProperties' with value of type String
2025-04-13 02:21:03 [main] DEBUG o.s.c.e.PropertySourcesPropertyResolver - Found key 'spring.mail.username' in PropertySource 'environmentProperties' with value of type String
2025-04-13 02:21:03 [main] DEBUG o.s.c.e.PropertySourcesPropertyResolver - Found key 'otp.expiry.minutes' in PropertySource 'environmentProperties' with value of type String
2025-04-13 02:21:03 [main] DEBUG o.s.c.e.PropertySourcesPropertyResolver - Found key 'otp.max.attempts' in PropertySource 'environmentProperties' with value of type String
2025-04-13 02:21:03 [main] DEBUG o.s.c.e.PropertySourcesPropertyResolver - Found key 'graphql.endpoint' in PropertySource 'environmentProperties' with value of type String
2025-04-13 02:21:03 [main] DEBUG o.s.c.e.PropertySourcesPropertyResolver - Found key 'graphql.api-key' in PropertySource 'environmentProperties' with value of type String
2025-04-13 02:21:03 [main] DEBUG o.s.c.e.PropertySourcesPropertyResolver - Found key 'graphql.api.key' in PropertySource 'environmentProperties' with value of type String
2025-04-13 02:21:03 [main] DEBUG o.s.c.e.PropertySourcesPropertyResolver - Found key 'graphql.url' in PropertySource 'environmentProperties' with value of type String
2025-04-13 02:21:03 [main] DEBUG o.s.c.e.PropertySourcesPropertyResolver - Found key 'graphql.endpoint' in PropertySource 'environmentProperties' with value of type String
2025-04-13 02:21:03 [main] DEBUG o.s.c.e.PropertySourcesPropertyResolver - Found key 'graphql.api-key' in PropertySource 'environmentProperties' with value of type String
2025-04-13 02:21:03 [main] DEBUG o.s.c.e.PropertySourcesPropertyResolver - Found key 'graphql.endpoint' in PropertySource 'environmentProperties' with value of type String
2025-04-13 02:21:03 [main] DEBUG o.s.c.e.PropertySourcesPropertyResolver - Found key 'graphql.apiKey' in PropertySource 'environmentProperties' with value of type String
2025-04-13 02:21:03 [main] DEBUG o.s.c.e.PropertySourcesPropertyResolver - Found key 'graphql.endpoint' in PropertySource 'environmentProperties' with value of type String
2025-04-13 02:21:03 [main] DEBUG o.s.c.e.PropertySourcesPropertyResolver - Found key 'graphql.apiKey' in PropertySource 'environmentProperties' with value of type String
2025-04-13 02:21:03 [main] DEBUG o.s.c.e.PropertySourcesPropertyResolver - Found key 'api.base.url' in PropertySource 'environmentProperties' with value of type String
2025-04-13 02:21:03 [main] WARN  o.s.b.a.o.j.JpaBaseConfiguration$JpaWebConfiguration - spring.jpa.open-in-view is enabled by default. Therefore, database queries may be performed during view rendering. Explicitly configure spring.jpa.open-in-view to disable this warning
2025-04-13 02:21:03 [main] INFO  backend.config.CorsConfig - Applying CORS settings...
2025-04-13 02:21:04 [main] DEBUG o.s.s.c.a.a.c.AuthenticationConfiguration$DefaultPasswordEncoderAuthenticationManagerBuilder - No authenticationProviders and no parentAuthenticationManager defined. Returning null.
2025-04-13 02:21:04 [main] INFO  o.s.b.a.e.web.EndpointLinksResolver - Exposing 2 endpoints beneath base path '/actuator'
2025-04-13 02:21:04 [main] INFO  backend.config.SecurityConfig - Configuring security filter chain...
2025-04-13 02:21:04 [main] INFO  backend.config.SecurityConfig - Using issuer URI: https://cognito-idp.ap-south-1.amazonaws.com/ap-south-1_IGHZ9OObg
2025-04-13 02:21:04 [main] INFO  backend.config.SecurityConfig - Configuring authorization rules...
2025-04-13 02:21:04 [main] INFO  backend.config.SecurityConfig - Configuring OAuth2 resource server...
2025-04-13 02:21:04 [main] INFO  backend.config.SecurityConfig - Configuring JWT...
2025-04-13 02:21:04 [main] INFO  backend.config.SecurityConfig - Creating JWT decoder with issuer URI: https://cognito-idp.ap-south-1.amazonaws.com/ap-south-1_IGHZ9OObg
2025-04-13 02:21:04 [main] INFO  backend.config.SecurityConfig - Configuring session management...
2025-04-13 02:21:04 [main] DEBUG o.s.s.web.DefaultSecurityFilterChain - Will secure any request with filters: DisableEncodeUrlFilter, WebAsyncManagerIntegrationFilter, SecurityContextHolderFilter, HeaderWriterFilter, LogoutFilter, BearerTokenAuthenticationFilter, RequestCacheAwareFilter, SecurityContextHolderAwareRequestFilter, AnonymousAuthenticationFilter, SessionManagementFilter, ExceptionTranslationFilter, AuthorizationFilter
2025-04-13 02:21:05 [main] INFO  o.a.coyote.http11.Http11NioProtocol - Starting ProtocolHandler ["http-nio-8081"]
2025-04-13 02:21:05 [main] INFO  o.s.b.w.e.tomcat.TomcatWebServer - Tomcat started on port 8081 (http) with context path '/'
2025-04-13 02:21:05 [main] INFO  backend.HotelBookingApplication - Started HotelBookingApplication in 7.939 seconds (process running for 8.485)
2025-04-13 02:21:11 [http-nio-8081-exec-1] INFO  o.a.c.c.C.[Tomcat].[localhost].[/] - Initializing Spring DispatcherServlet 'dispatcherServlet'
2025-04-13 02:21:11 [http-nio-8081-exec-1] INFO  o.s.web.servlet.DispatcherServlet - Initializing Servlet 'dispatcherServlet'
2025-04-13 02:21:11 [http-nio-8081-exec-1] INFO  o.s.web.servlet.DispatcherServlet - Completed initialization in 5 ms
2025-04-13 02:21:11 [http-nio-8081-exec-1] DEBUG o.s.security.web.FilterChainProxy - Securing POST /api/house-cleaning/generate?date=2025-05-01
2025-04-13 02:21:11 [http-nio-8081-exec-1] DEBUG o.s.s.w.a.AnonymousAuthenticationFilter - Set SecurityContextHolder to anonymous SecurityContext
2025-04-13 02:21:11 [http-nio-8081-exec-1] DEBUG o.s.security.web.FilterChainProxy - Secured POST /api/house-cleaning/generate?date=2025-05-01
2025-04-13 02:21:11 [http-nio-8081-exec-1] INFO  b.s.impl.HouseCleaningServiceImpl - Generating cleaning schedules for date: 2025-05-01
2025-04-13 02:21:11 [http-nio-8081-exec-1] INFO  b.s.impl.HouseCleaningServiceImpl - Found 10 check-in bookings, 0 check-out bookings, and 10 current bookings for date 2025-05-01
2025-04-13 02:21:11 [http-nio-8081-exec-1] INFO  b.s.impl.BookedRoomsServiceImpl - Checking check-in rooms for date: 2025-05-01
2025-04-13 02:21:11 [http-nio-8081-exec-1] INFO  b.s.impl.BookedRoomsServiceImpl - Found 10 transactions with check-in date 2025-05-01
2025-04-13 02:21:11 [http-nio-8081-exec-1] INFO  b.s.impl.BookedRoomsServiceImpl - Booking IDs for check-in: [13, 12, 15, 14, 53, 55, 59, 60, 155, 318]
2025-04-13 02:21:17 [http-nio-8081-exec-1] INFO  b.s.impl.BookedRoomsServiceImpl - Room IDs for bookings [13, 12, 15, 14, 53, 55, 59, 60, 155, 318]: [421, 422, 433, 434, 439, 451, 452, 457, 464, 469, 470]
2025-04-13 02:21:17 [http-nio-8081-exec-1] INFO  b.s.impl.BookedRoomsServiceImpl - Checking check-out rooms for date: 2025-05-01
2025-04-13 02:21:17 [http-nio-8081-exec-1] INFO  b.s.impl.BookedRoomsServiceImpl - Found 0 transactions with check-out date 2025-05-01
2025-04-13 02:21:17 [http-nio-8081-exec-1] INFO  b.s.impl.BookedRoomsServiceImpl - Booking IDs for check-out: []
2025-04-13 02:21:17 [http-nio-8081-exec-1] INFO  b.s.impl.BookedRoomsServiceImpl - No booking IDs found, returning empty list
2025-04-13 02:21:17 [http-nio-8081-exec-1] INFO  b.s.impl.BookedRoomsServiceImpl - Checking currently booked rooms for date: 2025-05-01T00:00:00Z
2025-04-13 02:21:17 [http-nio-8081-exec-1] INFO  b.s.impl.BookedRoomsServiceImpl - Currently booked room IDs: [421, 422, 433, 434, 439, 451, 452, 457, 464, 469, 470]
2025-04-13 02:21:17 [http-nio-8081-exec-1] INFO  b.s.impl.HouseCleaningServiceImpl - Found 11 check-in rooms, 0 check-out rooms, and 11 current rooms for date 2025-05-01
2025-04-13 02:21:17 [http-nio-8081-exec-1] WARN  b.s.impl.HouseCleaningServiceImpl - Could not extract room ID from booking details for booking ID 13
2025-04-13 02:21:17 [http-nio-8081-exec-1] WARN  b.s.impl.HouseCleaningServiceImpl - Could not extract room ID from booking details for booking ID 12
2025-04-13 02:21:17 [http-nio-8081-exec-1] WARN  b.s.impl.HouseCleaningServiceImpl - Could not extract room ID from booking details for booking ID 15
2025-04-13 02:21:17 [http-nio-8081-exec-1] WARN  b.s.impl.HouseCleaningServiceImpl - Could not extract room ID from booking details for booking ID 14
2025-04-13 02:21:17 [http-nio-8081-exec-1] WARN  b.s.impl.HouseCleaningServiceImpl - Could not extract room ID from booking details for booking ID 53
2025-04-13 02:21:17 [http-nio-8081-exec-1] WARN  b.s.impl.HouseCleaningServiceImpl - Could not extract room ID from booking details for booking ID 55
2025-04-13 02:21:17 [http-nio-8081-exec-1] WARN  b.s.impl.HouseCleaningServiceImpl - Could not extract room ID from booking details for booking ID 59
2025-04-13 02:21:17 [http-nio-8081-exec-1] WARN  b.s.impl.HouseCleaningServiceImpl - Could not extract room ID from booking details for booking ID 60
2025-04-13 02:21:17 [http-nio-8081-exec-1] WARN  b.s.impl.HouseCleaningServiceImpl - Could not extract room ID from booking details for booking ID 155
2025-04-13 02:21:17 [http-nio-8081-exec-1] WARN  b.s.impl.HouseCleaningServiceImpl - Could not extract room ID from booking details for booking ID 318
2025-04-13 02:21:17 [http-nio-8081-exec-1] WARN  b.s.impl.HouseCleaningServiceImpl - Could not extract room ID from booking details for booking ID 13
2025-04-13 02:21:17 [http-nio-8081-exec-1] WARN  b.s.impl.HouseCleaningServiceImpl - Could not extract room ID from booking details for booking ID 12
2025-04-13 02:21:17 [http-nio-8081-exec-1] WARN  b.s.impl.HouseCleaningServiceImpl - Could not extract room ID from booking details for booking ID 15
2025-04-13 02:21:17 [http-nio-8081-exec-1] WARN  b.s.impl.HouseCleaningServiceImpl - Could not extract room ID from booking details for booking ID 14
2025-04-13 02:21:17 [http-nio-8081-exec-1] WARN  b.s.impl.HouseCleaningServiceImpl - Could not extract room ID from booking details for booking ID 53
2025-04-13 02:21:17 [http-nio-8081-exec-1] WARN  b.s.impl.HouseCleaningServiceImpl - Could not extract room ID from booking details for booking ID 55
2025-04-13 02:21:17 [http-nio-8081-exec-1] WARN  b.s.impl.HouseCleaningServiceImpl - Could not extract room ID from booking details for booking ID 59
2025-04-13 02:21:17 [http-nio-8081-exec-1] WARN  b.s.impl.HouseCleaningServiceImpl - Could not extract room ID from booking details for booking ID 60
2025-04-13 02:21:17 [http-nio-8081-exec-1] WARN  b.s.impl.HouseCleaningServiceImpl - Could not extract room ID from booking details for booking ID 155
2025-04-13 02:21:17 [http-nio-8081-exec-1] WARN  b.s.impl.HouseCleaningServiceImpl - Could not extract room ID from booking details for booking ID 318
2025-04-13 02:21:17 [http-nio-8081-exec-1] INFO  b.s.impl.HouseCleaningServiceImpl - Room to booking map: {}
2025-04-13 02:21:17 [http-nio-8081-exec-1] WARN  b.s.impl.HouseCleaningServiceImpl - No booking ID found for room ID 421
2025-04-13 02:21:17 [http-nio-8081-exec-1] WARN  b.s.impl.HouseCleaningServiceImpl - No booking ID found for room ID 422
2025-04-13 02:21:17 [http-nio-8081-exec-1] WARN  b.s.impl.HouseCleaningServiceImpl - No booking ID found for room ID 433
2025-04-13 02:21:17 [http-nio-8081-exec-1] WARN  b.s.impl.HouseCleaningServiceImpl - No booking ID found for room ID 434
2025-04-13 02:21:17 [http-nio-8081-exec-1] WARN  b.s.impl.HouseCleaningServiceImpl - No booking ID found for room ID 439
2025-04-13 02:21:17 [http-nio-8081-exec-1] WARN  b.s.impl.HouseCleaningServiceImpl - No booking ID found for room ID 451
2025-04-13 02:21:17 [http-nio-8081-exec-1] WARN  b.s.impl.HouseCleaningServiceImpl - No booking ID found for room ID 452
2025-04-13 02:21:17 [http-nio-8081-exec-1] WARN  b.s.impl.HouseCleaningServiceImpl - No booking ID found for room ID 457
2025-04-13 02:21:17 [http-nio-8081-exec-1] WARN  b.s.impl.HouseCleaningServiceImpl - No booking ID found for room ID 464
2025-04-13 02:21:17 [http-nio-8081-exec-1] WARN  b.s.impl.HouseCleaningServiceImpl - No booking ID found for room ID 469
2025-04-13 02:21:17 [http-nio-8081-exec-1] WARN  b.s.impl.HouseCleaningServiceImpl - No booking ID found for room ID 470
2025-04-13 02:21:22 [http-nio-8081-exec-3] DEBUG o.s.security.web.FilterChainProxy - Securing POST /api/house-cleaning/assign-staff?date=2025-05-01&shift=MORNING_SHIFT
2025-04-13 02:21:22 [http-nio-8081-exec-3] DEBUG o.s.s.w.a.AnonymousAuthenticationFilter - Set SecurityContextHolder to anonymous SecurityContext
2025-04-13 02:21:22 [http-nio-8081-exec-3] DEBUG o.s.security.web.FilterChainProxy - Secured POST /api/house-cleaning/assign-staff?date=2025-05-01&shift=MORNING_SHIFT
2025-04-13 02:21:22 [http-nio-8081-exec-3] INFO  b.s.impl.HouseCleaningServiceImpl - Assigning staff to schedules for date: 2025-05-01 and shift: MORNING_SHIFT
2025-04-13 02:21:22 [http-nio-8081-exec-3] INFO  b.s.impl.HouseCleaningServiceImpl - Shift time: 06:00 to 10:00
2025-04-13 02:21:22 [http-nio-8081-exec-3] INFO  b.s.impl.HouseCleaningServiceImpl - Assigned staff 1 to room 421 for cleaning from 09:30 to 10:00, staff utilization=12.5%
2025-04-13 02:21:22 [http-nio-8081-exec-3] INFO  b.s.impl.HouseCleaningServiceImpl - Assigned staff 1 to room 422 for cleaning from 08:00 to 08:30, staff utilization=25.0%
2025-04-13 02:21:22 [http-nio-8081-exec-3] INFO  b.s.impl.HouseCleaningServiceImpl - Assigned staff 1 to room 433 for cleaning from 06:30 to 07:00, staff utilization=37.5%
2025-04-13 02:21:22 [http-nio-8081-exec-3] INFO  b.s.impl.HouseCleaningServiceImpl - Assigned staff 4 to room 434 for cleaning from 09:30 to 10:00, staff utilization=12.5%
2025-04-13 02:21:22 [http-nio-8081-exec-3] INFO  b.s.impl.HouseCleaningServiceImpl - Assigned staff 4 to room 439 for cleaning from 08:00 to 08:30, staff utilization=25.0%
2025-04-13 02:21:22 [http-nio-8081-exec-3] INFO  b.s.impl.HouseCleaningServiceImpl - Assigned staff 4 to room 451 for cleaning from 06:30 to 07:00, staff utilization=37.5%
2025-04-13 02:21:22 [http-nio-8081-exec-3] INFO  b.s.impl.HouseCleaningServiceImpl - Assigned staff 10 to room 452 for cleaning from 09:30 to 10:00, staff utilization=12.5%
2025-04-13 02:21:22 [http-nio-8081-exec-3] INFO  b.s.impl.HouseCleaningServiceImpl - Assigned staff 10 to room 457 for cleaning from 08:00 to 08:30, staff utilization=25.0%
2025-04-13 02:21:22 [http-nio-8081-exec-3] INFO  b.s.impl.HouseCleaningServiceImpl - Assigned staff 10 to room 464 for cleaning from 06:30 to 07:00, staff utilization=37.5%
2025-04-13 02:21:22 [http-nio-8081-exec-3] INFO  b.s.impl.HouseCleaningServiceImpl - Gap assignment: Staff 1 to room 469 for cleaning from 06:00 to 06:30, staff utilization=50.0%
2025-04-13 02:21:22 [http-nio-8081-exec-3] INFO  b.s.impl.HouseCleaningServiceImpl - Gap assignment: Staff 4 to room 470 for cleaning from 06:00 to 06:30, staff utilization=50.0%
2025-04-13 02:21:22 [http-nio-8081-exec-3] INFO  b.s.impl.HouseCleaningServiceImpl - Staff 1 has 4 rooms assigned (utilization: 50.0%)
2025-04-13 02:21:22 [http-nio-8081-exec-3] INFO  b.s.impl.HouseCleaningServiceImpl -   - Room 421 at 09:30
2025-04-13 02:21:22 [http-nio-8081-exec-3] INFO  b.s.impl.HouseCleaningServiceImpl -   - Room 422 at 08:00
2025-04-13 02:21:22 [http-nio-8081-exec-3] INFO  b.s.impl.HouseCleaningServiceImpl -   - Room 433 at 06:30
2025-04-13 02:21:22 [http-nio-8081-exec-3] INFO  b.s.impl.HouseCleaningServiceImpl -   - Room 469 at 06:00
2025-04-13 02:21:22 [http-nio-8081-exec-3] INFO  b.s.impl.HouseCleaningServiceImpl -   - Staff 1 is working from 06:00 to 10:00 (utilization: 50.0%)
2025-04-13 02:21:22 [http-nio-8081-exec-3] INFO  b.s.impl.HouseCleaningServiceImpl - Staff 4 has 4 rooms assigned (utilization: 50.0%)
2025-04-13 02:21:22 [http-nio-8081-exec-3] INFO  b.s.impl.HouseCleaningServiceImpl -   - Room 434 at 09:30
2025-04-13 02:21:22 [http-nio-8081-exec-3] INFO  b.s.impl.HouseCleaningServiceImpl -   - Room 439 at 08:00
2025-04-13 02:21:22 [http-nio-8081-exec-3] INFO  b.s.impl.HouseCleaningServiceImpl -   - Room 451 at 06:30
2025-04-13 02:21:22 [http-nio-8081-exec-3] INFO  b.s.impl.HouseCleaningServiceImpl -   - Room 470 at 06:00
2025-04-13 02:21:22 [http-nio-8081-exec-3] INFO  b.s.impl.HouseCleaningServiceImpl -   - Staff 4 is working from 06:00 to 10:00 (utilization: 50.0%)
2025-04-13 02:21:22 [http-nio-8081-exec-3] INFO  b.s.impl.HouseCleaningServiceImpl - Staff 10 has 3 rooms assigned (utilization: 37.5%)
2025-04-13 02:21:22 [http-nio-8081-exec-3] INFO  b.s.impl.HouseCleaningServiceImpl -   - Room 452 at 09:30
2025-04-13 02:21:22 [http-nio-8081-exec-3] INFO  b.s.impl.HouseCleaningServiceImpl -   - Room 457 at 08:00
2025-04-13 02:21:22 [http-nio-8081-exec-3] INFO  b.s.impl.HouseCleaningServiceImpl -   - Room 464 at 06:30
2025-04-13 02:21:22 [http-nio-8081-exec-3] INFO  b.s.impl.HouseCleaningServiceImpl -   - Staff 10 is working from 06:30 to 10:00 (utilization: 37.5%)
2025-04-13 02:21:22 [http-nio-8081-exec-3] INFO  b.s.impl.HouseCleaningServiceImpl - Saved schedule for room 421: staffId=1, scheduledTime=09:30
2025-04-13 02:21:22 [http-nio-8081-exec-3] INFO  b.s.impl.HouseCleaningServiceImpl - Saved schedule for room 422: staffId=1, scheduledTime=08:00
2025-04-13 02:21:22 [http-nio-8081-exec-3] INFO  b.s.impl.HouseCleaningServiceImpl - Saved schedule for room 433: staffId=1, scheduledTime=06:30
2025-04-13 02:21:22 [http-nio-8081-exec-3] INFO  b.s.impl.HouseCleaningServiceImpl - Saved schedule for room 434: staffId=4, scheduledTime=09:30
2025-04-13 02:21:22 [http-nio-8081-exec-3] INFO  b.s.impl.HouseCleaningServiceImpl - Saved schedule for room 439: staffId=4, scheduledTime=08:00
2025-04-13 02:21:22 [http-nio-8081-exec-3] INFO  b.s.impl.HouseCleaningServiceImpl - Saved schedule for room 451: staffId=4, scheduledTime=06:30
2025-04-13 02:21:22 [http-nio-8081-exec-3] INFO  b.s.impl.HouseCleaningServiceImpl - Saved schedule for room 452: staffId=10, scheduledTime=09:30
2025-04-13 02:21:22 [http-nio-8081-exec-3] INFO  b.s.impl.HouseCleaningServiceImpl - Saved schedule for room 457: staffId=10, scheduledTime=08:00
2025-04-13 02:21:22 [http-nio-8081-exec-3] INFO  b.s.impl.HouseCleaningServiceImpl - Saved schedule for room 464: staffId=10, scheduledTime=06:30
2025-04-13 02:21:22 [http-nio-8081-exec-3] INFO  b.s.impl.HouseCleaningServiceImpl - Saved schedule for room 469: staffId=1, scheduledTime=06:00
2025-04-13 02:21:22 [http-nio-8081-exec-3] INFO  b.s.impl.HouseCleaningServiceImpl - Saved schedule for room 470: staffId=4, scheduledTime=06:00
2025-04-13 02:26:54 [SpringApplicationShutdownHook] INFO  o.s.b.w.e.tomcat.GracefulShutdown - Commencing graceful shutdown. Waiting for active requests to complete
2025-04-13 02:26:54 [tomcat-shutdown] INFO  o.s.b.w.e.tomcat.GracefulShutdown - Graceful shutdown complete
2025-04-13 02:26:54 [SpringApplicationShutdownHook] INFO  o.s.o.j.LocalContainerEntityManagerFactoryBean - Closing JPA EntityManagerFactory for persistence unit 'default'
2025-04-13 02:26:54 [SpringApplicationShutdownHook] INFO  com.zaxxer.hikari.HikariDataSource - HikariPool-1 - Shutdown initiated...
2025-04-13 02:26:54 [SpringApplicationShutdownHook] INFO  com.zaxxer.hikari.HikariDataSource - HikariPool-1 - Shutdown completed.
2025-04-13 02:27:02 [main] INFO  backend.HotelBookingApplication - Starting HotelBookingApplication using Java 17.0.13 with PID 6470 (/Users/sukuna/Documents/coding/IBE/IBE-BE/KDU/target/classes started by sukuna in /Users/sukuna/Documents/coding/IBE/IBE-BE/KDU)
2025-04-13 02:27:02 [main] INFO  backend.HotelBookingApplication - The following 1 profile is active: "dev"
2025-04-13 02:27:03 [main] INFO  o.s.d.r.c.RepositoryConfigurationDelegate - Bootstrapping Spring Data JPA repositories in DEFAULT mode.
2025-04-13 02:27:03 [main] INFO  o.s.d.r.c.RepositoryConfigurationDelegate - Finished Spring Data repository scanning in 63 ms. Found 15 JPA repository interfaces.
2025-04-13 02:27:03 [main] INFO  o.s.b.w.e.tomcat.TomcatWebServer - Tomcat initialized with port 8081 (http)
2025-04-13 02:27:03 [main] INFO  o.a.coyote.http11.Http11NioProtocol - Initializing ProtocolHandler ["http-nio-8081"]
2025-04-13 02:27:03 [main] INFO  o.a.catalina.core.StandardService - Starting service [Tomcat]
2025-04-13 02:27:03 [main] INFO  o.a.catalina.core.StandardEngine - Starting Servlet engine: [Apache Tomcat/10.1.36]
2025-04-13 02:27:03 [main] INFO  o.a.c.c.C.[Tomcat].[localhost].[/] - Initializing Spring embedded WebApplicationContext
2025-04-13 02:27:03 [main] INFO  o.s.b.w.s.c.ServletWebServerApplicationContext - Root WebApplicationContext: initialization completed in 1571 ms
2025-04-13 02:27:03 [main] INFO  com.zaxxer.hikari.HikariDataSource - HikariPool-1 - Starting...
2025-04-13 02:27:09 [main] INFO  com.zaxxer.hikari.pool.HikariPool - HikariPool-1 - Added connection org.postgresql.jdbc.PgConnection@5abc5854
2025-04-13 02:27:09 [main] INFO  com.zaxxer.hikari.HikariDataSource - HikariPool-1 - Start completed.
2025-04-13 02:27:09 [main] INFO  o.s.o.j.p.SpringPersistenceUnitInfo - No LoadTimeWeaver setup: ignoring JPA class transformer
2025-04-13 02:27:09 [main] WARN  org.hibernate.orm.deprecation - HHH90000025: PostgreSQLDialect does not need to be specified explicitly using 'hibernate.dialect' (remove the property setting and it will be selected by default)
2025-04-13 02:27:10 [main] WARN  o.h.t.s.i.ExceptionHandlerLoggedImpl - GenerationTarget encountered exception accepting command : Error executing DDL "alter table if exists staff_room_map alter column staff_id set data type bigint" via JDBC [ERROR: column "staff_id" cannot be cast automatically to type bigint
  Hint: You might need to specify "USING staff_id::bigint".]
org.hibernate.tool.schema.spi.CommandAcceptanceException: Error executing DDL "alter table if exists staff_room_map alter column staff_id set data type bigint" via JDBC [ERROR: column "staff_id" cannot be cast automatically to type bigint
  Hint: You might need to specify "USING staff_id::bigint".]
	at org.hibernate.tool.schema.internal.exec.GenerationTargetToDatabase.accept(GenerationTargetToDatabase.java:94)
	at org.hibernate.tool.schema.internal.AbstractSchemaMigrator.applySqlString(AbstractSchemaMigrator.java:576)
	at org.hibernate.tool.schema.internal.AbstractSchemaMigrator.applySqlStrings(AbstractSchemaMigrator.java:516)
	at org.hibernate.tool.schema.internal.AbstractSchemaMigrator.migrateTable(AbstractSchemaMigrator.java:334)
	at org.hibernate.tool.schema.internal.GroupedSchemaMigratorImpl.performTablesMigration(GroupedSchemaMigratorImpl.java:84)
	at org.hibernate.tool.schema.internal.AbstractSchemaMigrator.performMigration(AbstractSchemaMigrator.java:233)
	at org.hibernate.tool.schema.internal.AbstractSchemaMigrator.doMigration(AbstractSchemaMigrator.java:112)
	at org.hibernate.tool.schema.spi.SchemaManagementToolCoordinator.performDatabaseAction(SchemaManagementToolCoordinator.java:280)
	at org.hibernate.tool.schema.spi.SchemaManagementToolCoordinator.lambda$process$5(SchemaManagementToolCoordinator.java:144)
	at java.base/java.util.HashMap.forEach(HashMap.java:1421)
	at org.hibernate.tool.schema.spi.SchemaManagementToolCoordinator.process(SchemaManagementToolCoordinator.java:141)
	at org.hibernate.boot.internal.SessionFactoryObserverForSchemaExport.sessionFactoryCreated(SessionFactoryObserverForSchemaExport.java:37)
	at org.hibernate.internal.SessionFactoryObserverChain.sessionFactoryCreated(SessionFactoryObserverChain.java:35)
	at org.hibernate.internal.SessionFactoryImpl.<init>(SessionFactoryImpl.java:324)
	at org.hibernate.boot.internal.SessionFactoryBuilderImpl.build(SessionFactoryBuilderImpl.java:463)
	at org.hibernate.jpa.boot.internal.EntityManagerFactoryBuilderImpl.build(EntityManagerFactoryBuilderImpl.java:1517)
	at org.springframework.orm.jpa.vendor.SpringHibernateJpaPersistenceProvider.createContainerEntityManagerFactory(SpringHibernateJpaPersistenceProvider.java:66)
	at org.springframework.orm.jpa.LocalContainerEntityManagerFactoryBean.createNativeEntityManagerFactory(LocalContainerEntityManagerFactoryBean.java:390)
	at org.springframework.orm.jpa.AbstractEntityManagerFactoryBean.buildNativeEntityManagerFactory(AbstractEntityManagerFactoryBean.java:419)
	at org.springframework.orm.jpa.AbstractEntityManagerFactoryBean.afterPropertiesSet(AbstractEntityManagerFactoryBean.java:400)
	at org.springframework.orm.jpa.LocalContainerEntityManagerFactoryBean.afterPropertiesSet(LocalContainerEntityManagerFactoryBean.java:366)
	at org.springframework.beans.factory.support.AbstractAutowireCapableBeanFactory.invokeInitMethods(AbstractAutowireCapableBeanFactory.java:1859)
	at org.springframework.beans.factory.support.AbstractAutowireCapableBeanFactory.initializeBean(AbstractAutowireCapableBeanFactory.java:1808)
	at org.springframework.beans.factory.support.AbstractAutowireCapableBeanFactory.doCreateBean(AbstractAutowireCapableBeanFactory.java:601)
	at org.springframework.beans.factory.support.AbstractAutowireCapableBeanFactory.createBean(AbstractAutowireCapableBeanFactory.java:523)
	at org.springframework.beans.factory.support.AbstractBeanFactory.lambda$doGetBean$0(AbstractBeanFactory.java:339)
	at org.springframework.beans.factory.support.DefaultSingletonBeanRegistry.getSingleton(DefaultSingletonBeanRegistry.java:346)
	at org.springframework.beans.factory.support.AbstractBeanFactory.doGetBean(AbstractBeanFactory.java:337)
	at org.springframework.beans.factory.support.AbstractBeanFactory.getBean(AbstractBeanFactory.java:207)
	at org.springframework.context.support.AbstractApplicationContext.finishBeanFactoryInitialization(AbstractApplicationContext.java:970)
	at org.springframework.context.support.AbstractApplicationContext.refresh(AbstractApplicationContext.java:627)
	at org.springframework.boot.web.servlet.context.ServletWebServerApplicationContext.refresh(ServletWebServerApplicationContext.java:146)
	at org.springframework.boot.SpringApplication.refresh(SpringApplication.java:752)
	at org.springframework.boot.SpringApplication.refreshContext(SpringApplication.java:439)
	at org.springframework.boot.SpringApplication.run(SpringApplication.java:318)
	at org.springframework.boot.SpringApplication.run(SpringApplication.java:1361)
	at org.springframework.boot.SpringApplication.run(SpringApplication.java:1350)
	at backend.HotelBookingApplication.main(HotelBookingApplication.java:15)
Caused by: org.postgresql.util.PSQLException: ERROR: column "staff_id" cannot be cast automatically to type bigint
  Hint: You might need to specify "USING staff_id::bigint".
	at org.postgresql.core.v3.QueryExecutorImpl.receiveErrorResponse(QueryExecutorImpl.java:2733)
	at org.postgresql.core.v3.QueryExecutorImpl.processResults(QueryExecutorImpl.java:2420)
	at org.postgresql.core.v3.QueryExecutorImpl.execute(QueryExecutorImpl.java:372)
	at org.postgresql.jdbc.PgStatement.executeInternal(PgStatement.java:517)
	at org.postgresql.jdbc.PgStatement.execute(PgStatement.java:434)
	at org.postgresql.jdbc.PgStatement.executeWithFlags(PgStatement.java:356)
	at org.postgresql.jdbc.PgStatement.executeCachedSql(PgStatement.java:341)
	at org.postgresql.jdbc.PgStatement.executeWithFlags(PgStatement.java:317)
	at org.postgresql.jdbc.PgStatement.execute(PgStatement.java:312)
	at com.zaxxer.hikari.pool.ProxyStatement.execute(ProxyStatement.java:94)
	at com.zaxxer.hikari.pool.HikariProxyStatement.execute(HikariProxyStatement.java)
	at org.hibernate.tool.schema.internal.exec.GenerationTargetToDatabase.accept(GenerationTargetToDatabase.java:80)
	... 37 common frames omitted
2025-04-13 02:27:11 [main] WARN  o.h.t.s.i.ExceptionHandlerLoggedImpl - GenerationTarget encountered exception accepting command : Error executing DDL "alter table if exists staff_room_map add constraint FKyd20ehofj2axxe92vl67pqvx foreign key (staff_id) references staff" via JDBC [ERROR: foreign key constraint "fkyd20ehofj2axxe92vl67pqvx" cannot be implemented
  Detail: Key columns "staff_id" and "staff_id" are of incompatible types: character varying and bigint.]
org.hibernate.tool.schema.spi.CommandAcceptanceException: Error executing DDL "alter table if exists staff_room_map add constraint FKyd20ehofj2axxe92vl67pqvx foreign key (staff_id) references staff" via JDBC [ERROR: foreign key constraint "fkyd20ehofj2axxe92vl67pqvx" cannot be implemented
  Detail: Key columns "staff_id" and "staff_id" are of incompatible types: character varying and bigint.]
	at org.hibernate.tool.schema.internal.exec.GenerationTargetToDatabase.accept(GenerationTargetToDatabase.java:94)
	at org.hibernate.tool.schema.internal.AbstractSchemaMigrator.applySqlString(AbstractSchemaMigrator.java:576)
	at org.hibernate.tool.schema.internal.AbstractSchemaMigrator.applySqlStrings(AbstractSchemaMigrator.java:516)
	at org.hibernate.tool.schema.internal.AbstractSchemaMigrator.applyForeignKeys(AbstractSchemaMigrator.java:448)
	at org.hibernate.tool.schema.internal.AbstractSchemaMigrator.performMigration(AbstractSchemaMigrator.java:269)
	at org.hibernate.tool.schema.internal.AbstractSchemaMigrator.doMigration(AbstractSchemaMigrator.java:112)
	at org.hibernate.tool.schema.spi.SchemaManagementToolCoordinator.performDatabaseAction(SchemaManagementToolCoordinator.java:280)
	at org.hibernate.tool.schema.spi.SchemaManagementToolCoordinator.lambda$process$5(SchemaManagementToolCoordinator.java:144)
	at java.base/java.util.HashMap.forEach(HashMap.java:1421)
	at org.hibernate.tool.schema.spi.SchemaManagementToolCoordinator.process(SchemaManagementToolCoordinator.java:141)
	at org.hibernate.boot.internal.SessionFactoryObserverForSchemaExport.sessionFactoryCreated(SessionFactoryObserverForSchemaExport.java:37)
	at org.hibernate.internal.SessionFactoryObserverChain.sessionFactoryCreated(SessionFactoryObserverChain.java:35)
	at org.hibernate.internal.SessionFactoryImpl.<init>(SessionFactoryImpl.java:324)
	at org.hibernate.boot.internal.SessionFactoryBuilderImpl.build(SessionFactoryBuilderImpl.java:463)
	at org.hibernate.jpa.boot.internal.EntityManagerFactoryBuilderImpl.build(EntityManagerFactoryBuilderImpl.java:1517)
	at org.springframework.orm.jpa.vendor.SpringHibernateJpaPersistenceProvider.createContainerEntityManagerFactory(SpringHibernateJpaPersistenceProvider.java:66)
	at org.springframework.orm.jpa.LocalContainerEntityManagerFactoryBean.createNativeEntityManagerFactory(LocalContainerEntityManagerFactoryBean.java:390)
	at org.springframework.orm.jpa.AbstractEntityManagerFactoryBean.buildNativeEntityManagerFactory(AbstractEntityManagerFactoryBean.java:419)
	at org.springframework.orm.jpa.AbstractEntityManagerFactoryBean.afterPropertiesSet(AbstractEntityManagerFactoryBean.java:400)
	at org.springframework.orm.jpa.LocalContainerEntityManagerFactoryBean.afterPropertiesSet(LocalContainerEntityManagerFactoryBean.java:366)
	at org.springframework.beans.factory.support.AbstractAutowireCapableBeanFactory.invokeInitMethods(AbstractAutowireCapableBeanFactory.java:1859)
	at org.springframework.beans.factory.support.AbstractAutowireCapableBeanFactory.initializeBean(AbstractAutowireCapableBeanFactory.java:1808)
	at org.springframework.beans.factory.support.AbstractAutowireCapableBeanFactory.doCreateBean(AbstractAutowireCapableBeanFactory.java:601)
	at org.springframework.beans.factory.support.AbstractAutowireCapableBeanFactory.createBean(AbstractAutowireCapableBeanFactory.java:523)
	at org.springframework.beans.factory.support.AbstractBeanFactory.lambda$doGetBean$0(AbstractBeanFactory.java:339)
	at org.springframework.beans.factory.support.DefaultSingletonBeanRegistry.getSingleton(DefaultSingletonBeanRegistry.java:346)
	at org.springframework.beans.factory.support.AbstractBeanFactory.doGetBean(AbstractBeanFactory.java:337)
	at org.springframework.beans.factory.support.AbstractBeanFactory.getBean(AbstractBeanFactory.java:207)
	at org.springframework.context.support.AbstractApplicationContext.finishBeanFactoryInitialization(AbstractApplicationContext.java:970)
	at org.springframework.context.support.AbstractApplicationContext.refresh(AbstractApplicationContext.java:627)
	at org.springframework.boot.web.servlet.context.ServletWebServerApplicationContext.refresh(ServletWebServerApplicationContext.java:146)
	at org.springframework.boot.SpringApplication.refresh(SpringApplication.java:752)
	at org.springframework.boot.SpringApplication.refreshContext(SpringApplication.java:439)
	at org.springframework.boot.SpringApplication.run(SpringApplication.java:318)
	at org.springframework.boot.SpringApplication.run(SpringApplication.java:1361)
	at org.springframework.boot.SpringApplication.run(SpringApplication.java:1350)
	at backend.HotelBookingApplication.main(HotelBookingApplication.java:15)
Caused by: org.postgresql.util.PSQLException: ERROR: foreign key constraint "fkyd20ehofj2axxe92vl67pqvx" cannot be implemented
  Detail: Key columns "staff_id" and "staff_id" are of incompatible types: character varying and bigint.
	at org.postgresql.core.v3.QueryExecutorImpl.receiveErrorResponse(QueryExecutorImpl.java:2733)
	at org.postgresql.core.v3.QueryExecutorImpl.processResults(QueryExecutorImpl.java:2420)
	at org.postgresql.core.v3.QueryExecutorImpl.execute(QueryExecutorImpl.java:372)
	at org.postgresql.jdbc.PgStatement.executeInternal(PgStatement.java:517)
	at org.postgresql.jdbc.PgStatement.execute(PgStatement.java:434)
	at org.postgresql.jdbc.PgStatement.executeWithFlags(PgStatement.java:356)
	at org.postgresql.jdbc.PgStatement.executeCachedSql(PgStatement.java:341)
	at org.postgresql.jdbc.PgStatement.executeWithFlags(PgStatement.java:317)
	at org.postgresql.jdbc.PgStatement.execute(PgStatement.java:312)
	at com.zaxxer.hikari.pool.ProxyStatement.execute(ProxyStatement.java:94)
	at com.zaxxer.hikari.pool.HikariProxyStatement.execute(HikariProxyStatement.java)
	at org.hibernate.tool.schema.internal.exec.GenerationTargetToDatabase.accept(GenerationTargetToDatabase.java:80)
	... 36 common frames omitted
2025-04-13 02:27:11 [main] INFO  o.s.o.j.LocalContainerEntityManagerFactoryBean - Initialized JPA EntityManagerFactory for persistence unit 'default'
2025-04-13 02:27:11 [main] INFO  backend.config.CorsConfig - CORS Configuration Loaded!
2025-04-13 02:27:11 [main] DEBUG o.s.c.e.PropertySourcesPropertyResolver - Found key 'spring.security.oauth2.resourceserver.jwt.issuer-uri' in PropertySource 'environmentProperties' with value of type String
2025-04-13 02:27:11 [main] INFO  o.s.d.j.r.query.QueryEnhancerFactory - Hibernate is in classpath; If applicable, HQL parser will be used.
2025-04-13 02:27:11 [main] DEBUG o.s.c.e.PropertySourcesPropertyResolver - Found key 'graphql.endpoint' in PropertySource 'environmentProperties' with value of type String
2025-04-13 02:27:11 [main] DEBUG o.s.c.e.PropertySourcesPropertyResolver - Found key 'graphql.api-key' in PropertySource 'environmentProperties' with value of type String
2025-04-13 02:27:12 [main] DEBUG o.s.c.e.PropertySourcesPropertyResolver - Found key 'graphql.api.key' in PropertySource 'environmentProperties' with value of type String
2025-04-13 02:27:12 [main] DEBUG o.s.c.e.PropertySourcesPropertyResolver - Found key 'graphql.url' in PropertySource 'environmentProperties' with value of type String
2025-04-13 02:27:12 [main] DEBUG o.s.c.e.PropertySourcesPropertyResolver - Found key 'spring.mail.username' in PropertySource 'environmentProperties' with value of type String
2025-04-13 02:27:12 [main] DEBUG o.s.c.e.PropertySourcesPropertyResolver - Found key 'otp.expiry.minutes' in PropertySource 'environmentProperties' with value of type String
2025-04-13 02:27:12 [main] DEBUG o.s.c.e.PropertySourcesPropertyResolver - Found key 'otp.max.attempts' in PropertySource 'environmentProperties' with value of type String
2025-04-13 02:27:12 [main] DEBUG o.s.c.e.PropertySourcesPropertyResolver - Found key 'graphql.endpoint' in PropertySource 'environmentProperties' with value of type String
2025-04-13 02:27:12 [main] DEBUG o.s.c.e.PropertySourcesPropertyResolver - Found key 'graphql.api-key' in PropertySource 'environmentProperties' with value of type String
2025-04-13 02:27:12 [main] DEBUG o.s.c.e.PropertySourcesPropertyResolver - Found key 'graphql.api.key' in PropertySource 'environmentProperties' with value of type String
2025-04-13 02:27:12 [main] DEBUG o.s.c.e.PropertySourcesPropertyResolver - Found key 'graphql.url' in PropertySource 'environmentProperties' with value of type String
2025-04-13 02:27:12 [main] DEBUG o.s.c.e.PropertySourcesPropertyResolver - Found key 'graphql.endpoint' in PropertySource 'environmentProperties' with value of type String
2025-04-13 02:27:12 [main] DEBUG o.s.c.e.PropertySourcesPropertyResolver - Found key 'graphql.api-key' in PropertySource 'environmentProperties' with value of type String
2025-04-13 02:27:12 [main] DEBUG o.s.c.e.PropertySourcesPropertyResolver - Found key 'graphql.endpoint' in PropertySource 'environmentProperties' with value of type String
2025-04-13 02:27:12 [main] DEBUG o.s.c.e.PropertySourcesPropertyResolver - Found key 'graphql.apiKey' in PropertySource 'environmentProperties' with value of type String
2025-04-13 02:27:12 [main] DEBUG o.s.c.e.PropertySourcesPropertyResolver - Found key 'graphql.endpoint' in PropertySource 'environmentProperties' with value of type String
2025-04-13 02:27:12 [main] DEBUG o.s.c.e.PropertySourcesPropertyResolver - Found key 'graphql.apiKey' in PropertySource 'environmentProperties' with value of type String
2025-04-13 02:27:12 [main] DEBUG o.s.c.e.PropertySourcesPropertyResolver - Found key 'api.base.url' in PropertySource 'environmentProperties' with value of type String
2025-04-13 02:27:12 [main] WARN  o.s.b.a.o.j.JpaBaseConfiguration$JpaWebConfiguration - spring.jpa.open-in-view is enabled by default. Therefore, database queries may be performed during view rendering. Explicitly configure spring.jpa.open-in-view to disable this warning
2025-04-13 02:27:12 [main] INFO  backend.config.CorsConfig - Applying CORS settings...
2025-04-13 02:27:12 [main] DEBUG o.s.s.c.a.a.c.AuthenticationConfiguration$DefaultPasswordEncoderAuthenticationManagerBuilder - No authenticationProviders and no parentAuthenticationManager defined. Returning null.
2025-04-13 02:27:12 [main] INFO  o.s.b.a.e.web.EndpointLinksResolver - Exposing 2 endpoints beneath base path '/actuator'
2025-04-13 02:27:12 [main] INFO  backend.config.SecurityConfig - Configuring security filter chain...
2025-04-13 02:27:12 [main] INFO  backend.config.SecurityConfig - Using issuer URI: https://cognito-idp.ap-south-1.amazonaws.com/ap-south-1_IGHZ9OObg
2025-04-13 02:27:12 [main] INFO  backend.config.SecurityConfig - Configuring authorization rules...
2025-04-13 02:27:12 [main] INFO  backend.config.SecurityConfig - Configuring OAuth2 resource server...
2025-04-13 02:27:12 [main] INFO  backend.config.SecurityConfig - Configuring JWT...
2025-04-13 02:27:12 [main] INFO  backend.config.SecurityConfig - Creating JWT decoder with issuer URI: https://cognito-idp.ap-south-1.amazonaws.com/ap-south-1_IGHZ9OObg
2025-04-13 02:27:13 [main] INFO  backend.config.SecurityConfig - Configuring session management...
2025-04-13 02:27:13 [main] DEBUG o.s.s.web.DefaultSecurityFilterChain - Will secure any request with filters: DisableEncodeUrlFilter, WebAsyncManagerIntegrationFilter, SecurityContextHolderFilter, HeaderWriterFilter, LogoutFilter, BearerTokenAuthenticationFilter, RequestCacheAwareFilter, SecurityContextHolderAwareRequestFilter, AnonymousAuthenticationFilter, SessionManagementFilter, ExceptionTranslationFilter, AuthorizationFilter
2025-04-13 02:27:13 [main] INFO  o.a.coyote.http11.Http11NioProtocol - Starting ProtocolHandler ["http-nio-8081"]
2025-04-13 02:27:13 [main] INFO  o.s.b.w.e.tomcat.TomcatWebServer - Tomcat started on port 8081 (http) with context path '/'
2025-04-13 02:27:13 [main] INFO  backend.HotelBookingApplication - Started HotelBookingApplication in 12.544 seconds (process running for 13.084)
2025-04-13 02:27:19 [http-nio-8081-exec-1] INFO  o.a.c.c.C.[Tomcat].[localhost].[/] - Initializing Spring DispatcherServlet 'dispatcherServlet'
2025-04-13 02:27:19 [http-nio-8081-exec-1] INFO  o.s.web.servlet.DispatcherServlet - Initializing Servlet 'dispatcherServlet'
2025-04-13 02:27:19 [http-nio-8081-exec-1] INFO  o.s.web.servlet.DispatcherServlet - Completed initialization in 5 ms
2025-04-13 02:27:19 [http-nio-8081-exec-1] DEBUG o.s.security.web.FilterChainProxy - Securing POST /api/house-cleaning/generate?date=2025-05-01
2025-04-13 02:27:19 [http-nio-8081-exec-1] DEBUG o.s.s.w.a.AnonymousAuthenticationFilter - Set SecurityContextHolder to anonymous SecurityContext
2025-04-13 02:27:19 [http-nio-8081-exec-1] DEBUG o.s.security.web.FilterChainProxy - Secured POST /api/house-cleaning/generate?date=2025-05-01
2025-04-13 02:27:19 [http-nio-8081-exec-1] INFO  b.s.impl.HouseCleaningServiceImpl - Generating cleaning schedules for date: 2025-05-01
2025-04-13 02:27:19 [http-nio-8081-exec-1] INFO  b.s.impl.HouseCleaningServiceImpl - Found 10 check-in bookings, 0 check-out bookings, and 10 current bookings for date 2025-05-01
2025-04-13 02:27:19 [http-nio-8081-exec-1] INFO  b.s.impl.BookedRoomsServiceImpl - Checking check-in rooms for date: 2025-05-01
2025-04-13 02:27:19 [http-nio-8081-exec-1] INFO  b.s.impl.BookedRoomsServiceImpl - Found 10 transactions with check-in date 2025-05-01
2025-04-13 02:27:19 [http-nio-8081-exec-1] INFO  b.s.impl.BookedRoomsServiceImpl - Booking IDs for check-in: [13, 12, 15, 14, 53, 55, 59, 60, 155, 318]
2025-04-13 02:27:24 [http-nio-8081-exec-1] INFO  b.s.impl.BookedRoomsServiceImpl - Room IDs for bookings [13, 12, 15, 14, 53, 55, 59, 60, 155, 318]: [421, 422, 433, 434, 439, 451, 452, 457, 464, 469, 470]
2025-04-13 02:27:24 [http-nio-8081-exec-1] INFO  b.s.impl.BookedRoomsServiceImpl - Checking check-out rooms for date: 2025-05-01
2025-04-13 02:27:25 [http-nio-8081-exec-1] INFO  b.s.impl.BookedRoomsServiceImpl - Found 0 transactions with check-out date 2025-05-01
2025-04-13 02:27:25 [http-nio-8081-exec-1] INFO  b.s.impl.BookedRoomsServiceImpl - Booking IDs for check-out: []
2025-04-13 02:27:25 [http-nio-8081-exec-1] INFO  b.s.impl.BookedRoomsServiceImpl - No booking IDs found, returning empty list
2025-04-13 02:27:25 [http-nio-8081-exec-1] INFO  b.s.impl.BookedRoomsServiceImpl - Checking currently booked rooms for date: 2025-05-01T00:00:00Z
2025-04-13 02:27:25 [http-nio-8081-exec-1] INFO  b.s.impl.BookedRoomsServiceImpl - Currently booked room IDs: [421, 422, 433, 434, 439, 451, 452, 457, 464, 469, 470]
2025-04-13 02:27:25 [http-nio-8081-exec-1] INFO  b.s.impl.HouseCleaningServiceImpl - Found 11 check-in rooms, 0 check-out rooms, and 11 current rooms for date 2025-05-01
2025-04-13 02:27:25 [http-nio-8081-exec-1] WARN  b.s.impl.HouseCleaningServiceImpl - Could not extract room ID from booking details for booking ID 13
2025-04-13 02:27:25 [http-nio-8081-exec-1] WARN  b.s.impl.HouseCleaningServiceImpl - Could not extract room ID from booking details for booking ID 12
2025-04-13 02:27:25 [http-nio-8081-exec-1] WARN  b.s.impl.HouseCleaningServiceImpl - Could not extract room ID from booking details for booking ID 15
2025-04-13 02:27:25 [http-nio-8081-exec-1] WARN  b.s.impl.HouseCleaningServiceImpl - Could not extract room ID from booking details for booking ID 14
2025-04-13 02:27:25 [http-nio-8081-exec-1] WARN  b.s.impl.HouseCleaningServiceImpl - Could not extract room ID from booking details for booking ID 53
2025-04-13 02:27:25 [http-nio-8081-exec-1] WARN  b.s.impl.HouseCleaningServiceImpl - Could not extract room ID from booking details for booking ID 55
2025-04-13 02:27:25 [http-nio-8081-exec-1] WARN  b.s.impl.HouseCleaningServiceImpl - Could not extract room ID from booking details for booking ID 59
2025-04-13 02:27:25 [http-nio-8081-exec-1] WARN  b.s.impl.HouseCleaningServiceImpl - Could not extract room ID from booking details for booking ID 60
2025-04-13 02:27:25 [http-nio-8081-exec-1] WARN  b.s.impl.HouseCleaningServiceImpl - Could not extract room ID from booking details for booking ID 155
2025-04-13 02:27:25 [http-nio-8081-exec-1] WARN  b.s.impl.HouseCleaningServiceImpl - Could not extract room ID from booking details for booking ID 318
2025-04-13 02:27:25 [http-nio-8081-exec-1] WARN  b.s.impl.HouseCleaningServiceImpl - Could not extract room ID from booking details for booking ID 13
2025-04-13 02:27:25 [http-nio-8081-exec-1] WARN  b.s.impl.HouseCleaningServiceImpl - Could not extract room ID from booking details for booking ID 12
2025-04-13 02:27:25 [http-nio-8081-exec-1] WARN  b.s.impl.HouseCleaningServiceImpl - Could not extract room ID from booking details for booking ID 15
2025-04-13 02:27:25 [http-nio-8081-exec-1] WARN  b.s.impl.HouseCleaningServiceImpl - Could not extract room ID from booking details for booking ID 14
2025-04-13 02:27:25 [http-nio-8081-exec-1] WARN  b.s.impl.HouseCleaningServiceImpl - Could not extract room ID from booking details for booking ID 53
2025-04-13 02:27:25 [http-nio-8081-exec-1] WARN  b.s.impl.HouseCleaningServiceImpl - Could not extract room ID from booking details for booking ID 55
2025-04-13 02:27:25 [http-nio-8081-exec-1] WARN  b.s.impl.HouseCleaningServiceImpl - Could not extract room ID from booking details for booking ID 59
2025-04-13 02:27:25 [http-nio-8081-exec-1] WARN  b.s.impl.HouseCleaningServiceImpl - Could not extract room ID from booking details for booking ID 60
2025-04-13 02:27:25 [http-nio-8081-exec-1] WARN  b.s.impl.HouseCleaningServiceImpl - Could not extract room ID from booking details for booking ID 155
2025-04-13 02:27:25 [http-nio-8081-exec-1] WARN  b.s.impl.HouseCleaningServiceImpl - Could not extract room ID from booking details for booking ID 318
2025-04-13 02:27:25 [http-nio-8081-exec-1] INFO  b.s.impl.HouseCleaningServiceImpl - Room to booking map: {}
2025-04-13 02:27:25 [http-nio-8081-exec-1] WARN  b.s.impl.HouseCleaningServiceImpl - No booking ID found for room ID 421
2025-04-13 02:27:25 [http-nio-8081-exec-1] WARN  b.s.impl.HouseCleaningServiceImpl - No booking ID found for room ID 422
2025-04-13 02:27:25 [http-nio-8081-exec-1] WARN  b.s.impl.HouseCleaningServiceImpl - No booking ID found for room ID 433
2025-04-13 02:27:25 [http-nio-8081-exec-1] WARN  b.s.impl.HouseCleaningServiceImpl - No booking ID found for room ID 434
2025-04-13 02:27:25 [http-nio-8081-exec-1] WARN  b.s.impl.HouseCleaningServiceImpl - No booking ID found for room ID 439
2025-04-13 02:27:25 [http-nio-8081-exec-1] WARN  b.s.impl.HouseCleaningServiceImpl - No booking ID found for room ID 451
2025-04-13 02:27:25 [http-nio-8081-exec-1] WARN  b.s.impl.HouseCleaningServiceImpl - No booking ID found for room ID 452
2025-04-13 02:27:25 [http-nio-8081-exec-1] WARN  b.s.impl.HouseCleaningServiceImpl - No booking ID found for room ID 457
2025-04-13 02:27:25 [http-nio-8081-exec-1] WARN  b.s.impl.HouseCleaningServiceImpl - No booking ID found for room ID 464
2025-04-13 02:27:25 [http-nio-8081-exec-1] WARN  b.s.impl.HouseCleaningServiceImpl - No booking ID found for room ID 469
2025-04-13 02:27:25 [http-nio-8081-exec-1] WARN  b.s.impl.HouseCleaningServiceImpl - No booking ID found for room ID 470
2025-04-13 02:27:26 [http-nio-8081-exec-3] DEBUG o.s.security.web.FilterChainProxy - Securing POST /api/house-cleaning/assign-staff?date=2025-05-01&shift=MORNING_SHIFT
2025-04-13 02:27:26 [http-nio-8081-exec-3] DEBUG o.s.s.w.a.AnonymousAuthenticationFilter - Set SecurityContextHolder to anonymous SecurityContext
2025-04-13 02:27:26 [http-nio-8081-exec-3] DEBUG o.s.security.web.FilterChainProxy - Secured POST /api/house-cleaning/assign-staff?date=2025-05-01&shift=MORNING_SHIFT
2025-04-13 02:27:26 [http-nio-8081-exec-3] INFO  b.s.impl.HouseCleaningServiceImpl - Assigning staff to schedules for date: 2025-05-01 and shift: MORNING_SHIFT
2025-04-13 02:27:26 [http-nio-8081-exec-3] INFO  b.s.impl.HouseCleaningServiceImpl - Shift time: 07:00 to 11:00
2025-04-13 02:27:26 [http-nio-8081-exec-3] INFO  b.s.impl.HouseCleaningServiceImpl - Assigned staff 1 to room 421 for cleaning from 07:00 to 07:30, staff utilization=12.5%
2025-04-13 02:27:26 [http-nio-8081-exec-3] INFO  b.s.impl.HouseCleaningServiceImpl - Assigned staff 4 to room 422 for cleaning from 07:00 to 07:30, staff utilization=12.5%
2025-04-13 02:27:26 [http-nio-8081-exec-3] INFO  b.s.impl.HouseCleaningServiceImpl - Assigned staff 1 to room 433 for cleaning from 07:30 to 08:00, staff utilization=25.0%
2025-04-13 02:27:26 [http-nio-8081-exec-3] INFO  b.s.impl.HouseCleaningServiceImpl - Assigned staff 4 to room 434 for cleaning from 07:30 to 08:00, staff utilization=25.0%
2025-04-13 02:27:26 [http-nio-8081-exec-3] INFO  b.s.impl.HouseCleaningServiceImpl - Assigned staff 1 to room 439 for cleaning from 08:00 to 08:30, staff utilization=37.5%
2025-04-13 02:27:26 [http-nio-8081-exec-3] INFO  b.s.impl.HouseCleaningServiceImpl - Assigned staff 4 to room 451 for cleaning from 08:00 to 08:30, staff utilization=37.5%
2025-04-13 02:27:26 [http-nio-8081-exec-3] INFO  b.s.impl.HouseCleaningServiceImpl - Assigned staff 1 to room 452 for cleaning from 08:30 to 09:00, staff utilization=50.0%
2025-04-13 02:27:26 [http-nio-8081-exec-3] INFO  b.s.impl.HouseCleaningServiceImpl - Assigned staff 4 to room 457 for cleaning from 08:30 to 09:00, staff utilization=50.0%
2025-04-13 02:27:26 [http-nio-8081-exec-3] INFO  b.s.impl.HouseCleaningServiceImpl - Assigned staff 1 to room 464 for cleaning from 09:00 to 09:30, staff utilization=62.5%
2025-04-13 02:27:26 [http-nio-8081-exec-3] INFO  b.s.impl.HouseCleaningServiceImpl - Assigned staff 4 to room 469 for cleaning from 09:00 to 09:30, staff utilization=62.5%
2025-04-13 02:27:26 [http-nio-8081-exec-3] INFO  b.s.impl.HouseCleaningServiceImpl - Assigned staff 1 to room 470 for cleaning from 09:30 to 10:00, staff utilization=75.0%
2025-04-13 02:27:26 [http-nio-8081-exec-3] INFO  b.s.impl.HouseCleaningServiceImpl - Staff 1 has 6 rooms assigned (utilization: 75.0%)
2025-04-13 02:27:26 [http-nio-8081-exec-3] INFO  b.s.impl.HouseCleaningServiceImpl -   - Room 421 at 07:00
2025-04-13 02:27:26 [http-nio-8081-exec-3] INFO  b.s.impl.HouseCleaningServiceImpl -   - Room 433 at 07:30
2025-04-13 02:27:26 [http-nio-8081-exec-3] INFO  b.s.impl.HouseCleaningServiceImpl -   - Room 439 at 08:00
2025-04-13 02:27:26 [http-nio-8081-exec-3] INFO  b.s.impl.HouseCleaningServiceImpl -   - Room 452 at 08:30
2025-04-13 02:27:26 [http-nio-8081-exec-3] INFO  b.s.impl.HouseCleaningServiceImpl -   - Room 464 at 09:00
2025-04-13 02:27:26 [http-nio-8081-exec-3] INFO  b.s.impl.HouseCleaningServiceImpl -   - Room 470 at 09:30
2025-04-13 02:27:26 [http-nio-8081-exec-3] INFO  b.s.impl.HouseCleaningServiceImpl -   - Staff 1 is working from 07:00 to 10:00 (utilization: 75.0%)
2025-04-13 02:27:26 [http-nio-8081-exec-3] INFO  b.s.impl.HouseCleaningServiceImpl - Staff 4 has 5 rooms assigned (utilization: 62.5%)
2025-04-13 02:27:26 [http-nio-8081-exec-3] INFO  b.s.impl.HouseCleaningServiceImpl -   - Room 422 at 07:00
2025-04-13 02:27:26 [http-nio-8081-exec-3] INFO  b.s.impl.HouseCleaningServiceImpl -   - Room 434 at 07:30
2025-04-13 02:27:26 [http-nio-8081-exec-3] INFO  b.s.impl.HouseCleaningServiceImpl -   - Room 451 at 08:00
2025-04-13 02:27:26 [http-nio-8081-exec-3] INFO  b.s.impl.HouseCleaningServiceImpl -   - Room 457 at 08:30
2025-04-13 02:27:26 [http-nio-8081-exec-3] INFO  b.s.impl.HouseCleaningServiceImpl -   - Room 469 at 09:00
2025-04-13 02:27:26 [http-nio-8081-exec-3] INFO  b.s.impl.HouseCleaningServiceImpl -   - Staff 4 is working from 07:00 to 09:30 (utilization: 62.5%)
2025-04-13 02:27:26 [http-nio-8081-exec-3] INFO  b.s.impl.HouseCleaningServiceImpl - Staff 10 is not assigned to any rooms in this shift. Consider moving to another shift.
2025-04-13 02:27:26 [http-nio-8081-exec-3] INFO  b.s.impl.HouseCleaningServiceImpl - Saved schedule for room 421: staffId=1, scheduledTime=07:00
2025-04-13 02:27:26 [http-nio-8081-exec-3] INFO  b.s.impl.HouseCleaningServiceImpl - Saved schedule for room 422: staffId=4, scheduledTime=07:00
2025-04-13 02:27:26 [http-nio-8081-exec-3] INFO  b.s.impl.HouseCleaningServiceImpl - Saved schedule for room 433: staffId=1, scheduledTime=07:30
2025-04-13 02:27:26 [http-nio-8081-exec-3] INFO  b.s.impl.HouseCleaningServiceImpl - Saved schedule for room 434: staffId=4, scheduledTime=07:30
2025-04-13 02:27:26 [http-nio-8081-exec-3] INFO  b.s.impl.HouseCleaningServiceImpl - Saved schedule for room 439: staffId=1, scheduledTime=08:00
2025-04-13 02:27:26 [http-nio-8081-exec-3] INFO  b.s.impl.HouseCleaningServiceImpl - Saved schedule for room 451: staffId=4, scheduledTime=08:00
2025-04-13 02:27:26 [http-nio-8081-exec-3] INFO  b.s.impl.HouseCleaningServiceImpl - Saved schedule for room 452: staffId=1, scheduledTime=08:30
2025-04-13 02:27:26 [http-nio-8081-exec-3] INFO  b.s.impl.HouseCleaningServiceImpl - Saved schedule for room 457: staffId=4, scheduledTime=08:30
2025-04-13 02:27:26 [http-nio-8081-exec-3] INFO  b.s.impl.HouseCleaningServiceImpl - Saved schedule for room 464: staffId=1, scheduledTime=09:00
2025-04-13 02:27:26 [http-nio-8081-exec-3] INFO  b.s.impl.HouseCleaningServiceImpl - Saved schedule for room 469: staffId=4, scheduledTime=09:00
2025-04-13 02:27:26 [http-nio-8081-exec-3] INFO  b.s.impl.HouseCleaningServiceImpl - Saved schedule for room 470: staffId=1, scheduledTime=09:30
2025-04-13 02:31:56 [http-nio-8081-exec-5] DEBUG o.s.security.web.FilterChainProxy - Securing POST /api/house-cleaning/assign-staff?date=2025-05-01&shift=MORNING_SHIFT
2025-04-13 02:31:57 [http-nio-8081-exec-5] DEBUG o.s.s.w.a.AnonymousAuthenticationFilter - Set SecurityContextHolder to anonymous SecurityContext
2025-04-13 02:31:57 [http-nio-8081-exec-5] DEBUG o.s.security.web.FilterChainProxy - Secured POST /api/house-cleaning/assign-staff?date=2025-05-01&shift=MORNING_SHIFT
2025-04-13 02:31:57 [http-nio-8081-exec-5] INFO  b.s.impl.HouseCleaningServiceImpl - Assigning staff to schedules for date: 2025-05-01 and shift: MORNING_SHIFT
2025-04-13 02:31:57 [http-nio-8081-exec-5] INFO  b.s.impl.HouseCleaningServiceImpl - Shift time: 07:00 to 11:00
2025-04-13 02:31:57 [http-nio-8081-exec-5] INFO  b.s.impl.HouseCleaningServiceImpl - Assigned staff 1 to room 421 for cleaning from 07:00 to 07:30, staff utilization=12.5%
2025-04-13 02:31:57 [http-nio-8081-exec-5] INFO  b.s.impl.HouseCleaningServiceImpl - Assigned staff 4 to room 422 for cleaning from 07:00 to 07:30, staff utilization=12.5%
2025-04-13 02:31:57 [http-nio-8081-exec-5] INFO  b.s.impl.HouseCleaningServiceImpl - Assigned staff 1 to room 433 for cleaning from 07:30 to 08:00, staff utilization=25.0%
2025-04-13 02:31:57 [http-nio-8081-exec-5] INFO  b.s.impl.HouseCleaningServiceImpl - Assigned staff 4 to room 434 for cleaning from 07:30 to 08:00, staff utilization=25.0%
2025-04-13 02:31:57 [http-nio-8081-exec-5] INFO  b.s.impl.HouseCleaningServiceImpl - Assigned staff 1 to room 439 for cleaning from 08:00 to 08:30, staff utilization=37.5%
2025-04-13 02:31:57 [http-nio-8081-exec-5] INFO  b.s.impl.HouseCleaningServiceImpl - Assigned staff 4 to room 451 for cleaning from 08:00 to 08:30, staff utilization=37.5%
2025-04-13 02:31:57 [http-nio-8081-exec-5] INFO  b.s.impl.HouseCleaningServiceImpl - Assigned staff 1 to room 452 for cleaning from 08:30 to 09:00, staff utilization=50.0%
2025-04-13 02:31:57 [http-nio-8081-exec-5] INFO  b.s.impl.HouseCleaningServiceImpl - Assigned staff 4 to room 457 for cleaning from 08:30 to 09:00, staff utilization=50.0%
2025-04-13 02:31:57 [http-nio-8081-exec-5] INFO  b.s.impl.HouseCleaningServiceImpl - Assigned staff 1 to room 464 for cleaning from 09:00 to 09:30, staff utilization=62.5%
2025-04-13 02:31:57 [http-nio-8081-exec-5] INFO  b.s.impl.HouseCleaningServiceImpl - Assigned staff 4 to room 469 for cleaning from 09:00 to 09:30, staff utilization=62.5%
2025-04-13 02:31:57 [http-nio-8081-exec-5] INFO  b.s.impl.HouseCleaningServiceImpl - Assigned staff 1 to room 470 for cleaning from 09:30 to 10:00, staff utilization=75.0%
2025-04-13 02:31:57 [http-nio-8081-exec-5] INFO  b.s.impl.HouseCleaningServiceImpl - Staff 1 has 6 rooms assigned (utilization: 75.0%)
2025-04-13 02:31:57 [http-nio-8081-exec-5] INFO  b.s.impl.HouseCleaningServiceImpl -   - Room 421 at 07:00
2025-04-13 02:31:57 [http-nio-8081-exec-5] INFO  b.s.impl.HouseCleaningServiceImpl -   - Room 433 at 07:30
2025-04-13 02:31:57 [http-nio-8081-exec-5] INFO  b.s.impl.HouseCleaningServiceImpl -   - Room 439 at 08:00
2025-04-13 02:31:57 [http-nio-8081-exec-5] INFO  b.s.impl.HouseCleaningServiceImpl -   - Room 452 at 08:30
2025-04-13 02:31:57 [http-nio-8081-exec-5] INFO  b.s.impl.HouseCleaningServiceImpl -   - Room 464 at 09:00
2025-04-13 02:31:57 [http-nio-8081-exec-5] INFO  b.s.impl.HouseCleaningServiceImpl -   - Room 470 at 09:30
2025-04-13 02:31:57 [http-nio-8081-exec-5] INFO  b.s.impl.HouseCleaningServiceImpl -   - Staff 1 is working from 07:00 to 10:00 (utilization: 75.0%)
2025-04-13 02:31:57 [http-nio-8081-exec-5] INFO  b.s.impl.HouseCleaningServiceImpl - Staff 4 has 5 rooms assigned (utilization: 62.5%)
2025-04-13 02:31:57 [http-nio-8081-exec-5] INFO  b.s.impl.HouseCleaningServiceImpl -   - Room 422 at 07:00
2025-04-13 02:31:57 [http-nio-8081-exec-5] INFO  b.s.impl.HouseCleaningServiceImpl -   - Room 434 at 07:30
2025-04-13 02:31:57 [http-nio-8081-exec-5] INFO  b.s.impl.HouseCleaningServiceImpl -   - Room 451 at 08:00
2025-04-13 02:31:57 [http-nio-8081-exec-5] INFO  b.s.impl.HouseCleaningServiceImpl -   - Room 457 at 08:30
2025-04-13 02:31:57 [http-nio-8081-exec-5] INFO  b.s.impl.HouseCleaningServiceImpl -   - Room 469 at 09:00
2025-04-13 02:31:57 [http-nio-8081-exec-5] INFO  b.s.impl.HouseCleaningServiceImpl -   - Staff 4 is working from 07:00 to 09:30 (utilization: 62.5%)
2025-04-13 02:31:57 [http-nio-8081-exec-5] INFO  b.s.impl.HouseCleaningServiceImpl - Staff 10 is not assigned to any rooms in this shift. Consider moving to another shift.
2025-04-13 02:31:57 [http-nio-8081-exec-5] INFO  b.s.impl.HouseCleaningServiceImpl - Staff 7 is not assigned to any rooms in this shift. Consider moving to another shift.
2025-04-13 02:31:57 [http-nio-8081-exec-5] INFO  b.s.impl.HouseCleaningServiceImpl - Saved schedule for room 421: staffId=1, scheduledTime=07:00
2025-04-13 02:31:57 [http-nio-8081-exec-5] INFO  b.s.impl.HouseCleaningServiceImpl - Saved schedule for room 422: staffId=4, scheduledTime=07:00
2025-04-13 02:31:57 [http-nio-8081-exec-5] INFO  b.s.impl.HouseCleaningServiceImpl - Saved schedule for room 433: staffId=1, scheduledTime=07:30
2025-04-13 02:31:57 [http-nio-8081-exec-5] INFO  b.s.impl.HouseCleaningServiceImpl - Saved schedule for room 434: staffId=4, scheduledTime=07:30
2025-04-13 02:31:57 [http-nio-8081-exec-5] INFO  b.s.impl.HouseCleaningServiceImpl - Saved schedule for room 439: staffId=1, scheduledTime=08:00
2025-04-13 02:31:57 [http-nio-8081-exec-5] INFO  b.s.impl.HouseCleaningServiceImpl - Saved schedule for room 451: staffId=4, scheduledTime=08:00
2025-04-13 02:31:57 [http-nio-8081-exec-5] INFO  b.s.impl.HouseCleaningServiceImpl - Saved schedule for room 452: staffId=1, scheduledTime=08:30
2025-04-13 02:31:57 [http-nio-8081-exec-5] INFO  b.s.impl.HouseCleaningServiceImpl - Saved schedule for room 457: staffId=4, scheduledTime=08:30
2025-04-13 02:31:57 [http-nio-8081-exec-5] INFO  b.s.impl.HouseCleaningServiceImpl - Saved schedule for room 464: staffId=1, scheduledTime=09:00
2025-04-13 02:31:57 [http-nio-8081-exec-5] INFO  b.s.impl.HouseCleaningServiceImpl - Saved schedule for room 469: staffId=4, scheduledTime=09:00
2025-04-13 02:31:57 [http-nio-8081-exec-5] INFO  b.s.impl.HouseCleaningServiceImpl - Saved schedule for room 470: staffId=1, scheduledTime=09:30
2025-04-13 02:34:23 [http-nio-8081-exec-7] DEBUG o.s.security.web.FilterChainProxy - Securing POST /api/house-cleaning/generate?date=2025-04-06
2025-04-13 02:34:23 [http-nio-8081-exec-7] DEBUG o.s.s.w.a.AnonymousAuthenticationFilter - Set SecurityContextHolder to anonymous SecurityContext
2025-04-13 02:34:23 [http-nio-8081-exec-7] DEBUG o.s.security.web.FilterChainProxy - Secured POST /api/house-cleaning/generate?date=2025-04-06
2025-04-13 02:34:23 [http-nio-8081-exec-7] INFO  b.s.impl.HouseCleaningServiceImpl - Generating cleaning schedules for date: 2025-04-06
2025-04-13 02:34:23 [http-nio-8081-exec-7] INFO  b.s.impl.HouseCleaningServiceImpl - Found 0 check-in bookings, 1 check-out bookings, and 1 current bookings for date 2025-04-06
2025-04-13 02:34:23 [http-nio-8081-exec-7] INFO  b.s.impl.BookedRoomsServiceImpl - Checking check-in rooms for date: 2025-05-01
2025-04-13 02:34:23 [http-nio-8081-exec-7] INFO  b.s.impl.BookedRoomsServiceImpl - Found 10 transactions with check-in date 2025-05-01
2025-04-13 02:34:23 [http-nio-8081-exec-7] INFO  b.s.impl.BookedRoomsServiceImpl - Booking IDs for check-in: [13, 12, 15, 14, 53, 55, 59, 60, 155, 318]
2025-04-13 02:34:26 [http-nio-8081-exec-7] INFO  b.s.impl.BookedRoomsServiceImpl - Room IDs for bookings [13, 12, 15, 14, 53, 55, 59, 60, 155, 318]: [421, 422, 433, 434, 439, 451, 452, 457, 464, 469, 470]
2025-04-13 02:34:26 [http-nio-8081-exec-7] INFO  b.s.impl.BookedRoomsServiceImpl - Checking check-out rooms for date: 2025-05-01
2025-04-13 02:34:26 [http-nio-8081-exec-7] INFO  b.s.impl.BookedRoomsServiceImpl - Found 0 transactions with check-out date 2025-05-01
2025-04-13 02:34:26 [http-nio-8081-exec-7] INFO  b.s.impl.BookedRoomsServiceImpl - Booking IDs for check-out: []
2025-04-13 02:34:26 [http-nio-8081-exec-7] INFO  b.s.impl.BookedRoomsServiceImpl - No booking IDs found, returning empty list
2025-04-13 02:34:26 [http-nio-8081-exec-7] INFO  b.s.impl.BookedRoomsServiceImpl - Checking currently booked rooms for date: 2025-05-01T00:00:00Z
2025-04-13 02:34:26 [http-nio-8081-exec-7] INFO  b.s.impl.BookedRoomsServiceImpl - Currently booked room IDs: [421, 422, 433, 434, 439, 451, 452, 457, 464, 469, 470]
2025-04-13 02:34:26 [http-nio-8081-exec-7] INFO  b.s.impl.HouseCleaningServiceImpl - Found 11 check-in rooms, 0 check-out rooms, and 11 current rooms for date 2025-04-06
2025-04-13 02:34:26 [http-nio-8081-exec-7] WARN  b.s.impl.HouseCleaningServiceImpl - Could not extract room ID from booking details for booking ID 17
2025-04-13 02:34:26 [http-nio-8081-exec-7] WARN  b.s.impl.HouseCleaningServiceImpl - Could not extract room ID from booking details for booking ID 17
2025-04-13 02:34:26 [http-nio-8081-exec-7] INFO  b.s.impl.HouseCleaningServiceImpl - Room to booking map: {}
2025-04-13 02:34:26 [http-nio-8081-exec-7] WARN  b.s.impl.HouseCleaningServiceImpl - No booking ID found for room ID 421
2025-04-13 02:34:26 [http-nio-8081-exec-7] WARN  b.s.impl.HouseCleaningServiceImpl - No booking ID found for room ID 422
2025-04-13 02:34:26 [http-nio-8081-exec-7] WARN  b.s.impl.HouseCleaningServiceImpl - No booking ID found for room ID 433
2025-04-13 02:34:26 [http-nio-8081-exec-7] WARN  b.s.impl.HouseCleaningServiceImpl - No booking ID found for room ID 434
2025-04-13 02:34:26 [http-nio-8081-exec-7] WARN  b.s.impl.HouseCleaningServiceImpl - No booking ID found for room ID 439
2025-04-13 02:34:26 [http-nio-8081-exec-7] WARN  b.s.impl.HouseCleaningServiceImpl - No booking ID found for room ID 451
2025-04-13 02:34:26 [http-nio-8081-exec-7] WARN  b.s.impl.HouseCleaningServiceImpl - No booking ID found for room ID 452
2025-04-13 02:34:26 [http-nio-8081-exec-7] WARN  b.s.impl.HouseCleaningServiceImpl - No booking ID found for room ID 457
2025-04-13 02:34:26 [http-nio-8081-exec-7] WARN  b.s.impl.HouseCleaningServiceImpl - No booking ID found for room ID 464
2025-04-13 02:34:26 [http-nio-8081-exec-7] WARN  b.s.impl.HouseCleaningServiceImpl - No booking ID found for room ID 469
2025-04-13 02:34:26 [http-nio-8081-exec-7] WARN  b.s.impl.HouseCleaningServiceImpl - No booking ID found for room ID 470
2025-04-13 02:37:09 [http-nio-8081-exec-9] DEBUG o.s.security.web.FilterChainProxy - Securing POST /api/house-cleaning/generate?date=2025-04-08
2025-04-13 02:37:09 [http-nio-8081-exec-9] DEBUG o.s.s.w.a.AnonymousAuthenticationFilter - Set SecurityContextHolder to anonymous SecurityContext
2025-04-13 02:37:09 [http-nio-8081-exec-9] DEBUG o.s.security.web.FilterChainProxy - Secured POST /api/house-cleaning/generate?date=2025-04-08
2025-04-13 02:37:09 [http-nio-8081-exec-9] INFO  b.s.impl.HouseCleaningServiceImpl - Generating cleaning schedules for date: 2025-04-08
2025-04-13 02:37:09 [http-nio-8081-exec-9] INFO  b.s.impl.HouseCleaningServiceImpl - Found 0 check-in bookings, 5 check-out bookings, and 5 current bookings for date 2025-04-08
2025-04-13 02:37:09 [http-nio-8081-exec-9] INFO  b.s.impl.BookedRoomsServiceImpl - Checking check-in rooms for date: 2025-05-01
2025-04-13 02:37:09 [http-nio-8081-exec-9] INFO  b.s.impl.BookedRoomsServiceImpl - Found 10 transactions with check-in date 2025-05-01
2025-04-13 02:37:09 [http-nio-8081-exec-9] INFO  b.s.impl.BookedRoomsServiceImpl - Booking IDs for check-in: [13, 12, 15, 14, 53, 55, 59, 60, 155, 318]
2025-04-13 02:37:14 [http-nio-8081-exec-9] INFO  b.s.impl.BookedRoomsServiceImpl - Room IDs for bookings [13, 12, 15, 14, 53, 55, 59, 60, 155, 318]: [421, 422, 433, 434, 439, 451, 452, 457, 464, 469, 470]
2025-04-13 02:37:14 [http-nio-8081-exec-9] INFO  b.s.impl.BookedRoomsServiceImpl - Checking check-out rooms for date: 2025-05-01
2025-04-13 02:37:14 [http-nio-8081-exec-9] INFO  b.s.impl.BookedRoomsServiceImpl - Found 0 transactions with check-out date 2025-05-01
2025-04-13 02:37:14 [http-nio-8081-exec-9] INFO  b.s.impl.BookedRoomsServiceImpl - Booking IDs for check-out: []
2025-04-13 02:37:14 [http-nio-8081-exec-9] INFO  b.s.impl.BookedRoomsServiceImpl - No booking IDs found, returning empty list
2025-04-13 02:37:14 [http-nio-8081-exec-9] INFO  b.s.impl.BookedRoomsServiceImpl - Checking currently booked rooms for date: 2025-05-01T00:00:00Z
2025-04-13 02:37:14 [http-nio-8081-exec-9] INFO  b.s.impl.BookedRoomsServiceImpl - Currently booked room IDs: [421, 422, 433, 434, 439, 451, 452, 457, 464, 469, 470]
2025-04-13 02:37:14 [http-nio-8081-exec-9] INFO  b.s.impl.HouseCleaningServiceImpl - Found 11 check-in rooms, 0 check-out rooms, and 11 current rooms for date 2025-04-08
2025-04-13 02:37:14 [http-nio-8081-exec-9] WARN  b.s.impl.HouseCleaningServiceImpl - Could not extract room ID from booking details for booking ID 159
2025-04-13 02:37:14 [http-nio-8081-exec-9] WARN  b.s.impl.HouseCleaningServiceImpl - Could not extract room ID from booking details for booking ID 23
2025-04-13 02:37:14 [http-nio-8081-exec-9] WARN  b.s.impl.HouseCleaningServiceImpl - Could not extract room ID from booking details for booking ID 160
2025-04-13 02:37:14 [http-nio-8081-exec-9] WARN  b.s.impl.HouseCleaningServiceImpl - Could not extract room ID from booking details for booking ID 25
2025-04-13 02:37:14 [http-nio-8081-exec-9] WARN  b.s.impl.HouseCleaningServiceImpl - Could not extract room ID from booking details for booking ID 26
2025-04-13 02:37:14 [http-nio-8081-exec-9] WARN  b.s.impl.HouseCleaningServiceImpl - Could not extract room ID from booking details for booking ID 159
2025-04-13 02:37:14 [http-nio-8081-exec-9] WARN  b.s.impl.HouseCleaningServiceImpl - Could not extract room ID from booking details for booking ID 23
2025-04-13 02:37:14 [http-nio-8081-exec-9] WARN  b.s.impl.HouseCleaningServiceImpl - Could not extract room ID from booking details for booking ID 160
2025-04-13 02:37:14 [http-nio-8081-exec-9] WARN  b.s.impl.HouseCleaningServiceImpl - Could not extract room ID from booking details for booking ID 25
2025-04-13 02:37:14 [http-nio-8081-exec-9] WARN  b.s.impl.HouseCleaningServiceImpl - Could not extract room ID from booking details for booking ID 26
2025-04-13 02:37:14 [http-nio-8081-exec-9] INFO  b.s.impl.HouseCleaningServiceImpl - Room to booking map: {}
2025-04-13 02:37:14 [http-nio-8081-exec-9] WARN  b.s.impl.HouseCleaningServiceImpl - No booking ID found for room ID 421
2025-04-13 02:37:14 [http-nio-8081-exec-9] WARN  b.s.impl.HouseCleaningServiceImpl - No booking ID found for room ID 422
2025-04-13 02:37:14 [http-nio-8081-exec-9] WARN  b.s.impl.HouseCleaningServiceImpl - No booking ID found for room ID 433
2025-04-13 02:37:14 [http-nio-8081-exec-9] WARN  b.s.impl.HouseCleaningServiceImpl - No booking ID found for room ID 434
2025-04-13 02:37:14 [http-nio-8081-exec-9] WARN  b.s.impl.HouseCleaningServiceImpl - No booking ID found for room ID 439
2025-04-13 02:37:14 [http-nio-8081-exec-9] WARN  b.s.impl.HouseCleaningServiceImpl - No booking ID found for room ID 451
2025-04-13 02:37:14 [http-nio-8081-exec-9] WARN  b.s.impl.HouseCleaningServiceImpl - No booking ID found for room ID 452
2025-04-13 02:37:14 [http-nio-8081-exec-9] WARN  b.s.impl.HouseCleaningServiceImpl - No booking ID found for room ID 457
2025-04-13 02:37:14 [http-nio-8081-exec-9] WARN  b.s.impl.HouseCleaningServiceImpl - No booking ID found for room ID 464
2025-04-13 02:37:14 [http-nio-8081-exec-9] WARN  b.s.impl.HouseCleaningServiceImpl - No booking ID found for room ID 469
2025-04-13 02:37:14 [http-nio-8081-exec-9] WARN  b.s.impl.HouseCleaningServiceImpl - No booking ID found for room ID 470
2025-04-13 02:37:57 [SpringApplicationShutdownHook] INFO  o.s.b.w.e.tomcat.GracefulShutdown - Commencing graceful shutdown. Waiting for active requests to complete
2025-04-13 02:37:57 [tomcat-shutdown] INFO  o.s.b.w.e.tomcat.GracefulShutdown - Graceful shutdown complete
2025-04-13 02:37:57 [SpringApplicationShutdownHook] INFO  o.s.o.j.LocalContainerEntityManagerFactoryBean - Closing JPA EntityManagerFactory for persistence unit 'default'
2025-04-13 02:37:57 [SpringApplicationShutdownHook] INFO  com.zaxxer.hikari.HikariDataSource - HikariPool-1 - Shutdown initiated...
2025-04-13 02:37:57 [SpringApplicationShutdownHook] INFO  com.zaxxer.hikari.HikariDataSource - HikariPool-1 - Shutdown completed.
2025-04-13 02:38:16 [main] INFO  backend.HotelBookingApplication - Starting HotelBookingApplication using Java 17.0.13 with PID 6764 (/Users/sukuna/Documents/coding/IBE/IBE-BE/KDU/target/classes started by sukuna in /Users/sukuna/Documents/coding/IBE/IBE-BE/KDU)
2025-04-13 02:38:16 [main] INFO  backend.HotelBookingApplication - The following 1 profile is active: "dev"
2025-04-13 02:38:17 [main] INFO  o.s.d.r.c.RepositoryConfigurationDelegate - Bootstrapping Spring Data JPA repositories in DEFAULT mode.
2025-04-13 02:38:17 [main] INFO  o.s.d.r.c.RepositoryConfigurationDelegate - Finished Spring Data repository scanning in 84 ms. Found 15 JPA repository interfaces.
2025-04-13 02:38:18 [main] INFO  o.s.b.w.e.tomcat.TomcatWebServer - Tomcat initialized with port 8081 (http)
2025-04-13 02:38:18 [main] INFO  o.a.coyote.http11.Http11NioProtocol - Initializing ProtocolHandler ["http-nio-8081"]
2025-04-13 02:38:18 [main] INFO  o.a.catalina.core.StandardService - Starting service [Tomcat]
2025-04-13 02:38:18 [main] INFO  o.a.catalina.core.StandardEngine - Starting Servlet engine: [Apache Tomcat/10.1.36]
2025-04-13 02:38:18 [main] INFO  o.a.c.c.C.[Tomcat].[localhost].[/] - Initializing Spring embedded WebApplicationContext
2025-04-13 02:38:18 [main] INFO  o.s.b.w.s.c.ServletWebServerApplicationContext - Root WebApplicationContext: initialization completed in 2407 ms
2025-04-13 02:38:18 [main] INFO  com.zaxxer.hikari.HikariDataSource - HikariPool-1 - Starting...
2025-04-13 02:38:19 [main] INFO  com.zaxxer.hikari.pool.HikariPool - HikariPool-1 - Added connection org.postgresql.jdbc.PgConnection@1c610f
2025-04-13 02:38:19 [main] INFO  com.zaxxer.hikari.HikariDataSource - HikariPool-1 - Start completed.
2025-04-13 02:38:20 [main] INFO  o.s.o.j.p.SpringPersistenceUnitInfo - No LoadTimeWeaver setup: ignoring JPA class transformer
2025-04-13 02:38:21 [main] WARN  org.hibernate.orm.deprecation - HHH90000025: PostgreSQLDialect does not need to be specified explicitly using 'hibernate.dialect' (remove the property setting and it will be selected by default)
2025-04-13 02:38:24 [main] WARN  o.h.t.s.i.ExceptionHandlerLoggedImpl - GenerationTarget encountered exception accepting command : Error executing DDL "alter table if exists staff_room_map alter column staff_id set data type bigint" via JDBC [ERROR: column "staff_id" cannot be cast automatically to type bigint
  Hint: You might need to specify "USING staff_id::bigint".]
org.hibernate.tool.schema.spi.CommandAcceptanceException: Error executing DDL "alter table if exists staff_room_map alter column staff_id set data type bigint" via JDBC [ERROR: column "staff_id" cannot be cast automatically to type bigint
  Hint: You might need to specify "USING staff_id::bigint".]
	at org.hibernate.tool.schema.internal.exec.GenerationTargetToDatabase.accept(GenerationTargetToDatabase.java:94)
	at org.hibernate.tool.schema.internal.AbstractSchemaMigrator.applySqlString(AbstractSchemaMigrator.java:576)
	at org.hibernate.tool.schema.internal.AbstractSchemaMigrator.applySqlStrings(AbstractSchemaMigrator.java:516)
	at org.hibernate.tool.schema.internal.AbstractSchemaMigrator.migrateTable(AbstractSchemaMigrator.java:334)
	at org.hibernate.tool.schema.internal.GroupedSchemaMigratorImpl.performTablesMigration(GroupedSchemaMigratorImpl.java:84)
	at org.hibernate.tool.schema.internal.AbstractSchemaMigrator.performMigration(AbstractSchemaMigrator.java:233)
	at org.hibernate.tool.schema.internal.AbstractSchemaMigrator.doMigration(AbstractSchemaMigrator.java:112)
	at org.hibernate.tool.schema.spi.SchemaManagementToolCoordinator.performDatabaseAction(SchemaManagementToolCoordinator.java:280)
	at org.hibernate.tool.schema.spi.SchemaManagementToolCoordinator.lambda$process$5(SchemaManagementToolCoordinator.java:144)
	at java.base/java.util.HashMap.forEach(HashMap.java:1421)
	at org.hibernate.tool.schema.spi.SchemaManagementToolCoordinator.process(SchemaManagementToolCoordinator.java:141)
	at org.hibernate.boot.internal.SessionFactoryObserverForSchemaExport.sessionFactoryCreated(SessionFactoryObserverForSchemaExport.java:37)
	at org.hibernate.internal.SessionFactoryObserverChain.sessionFactoryCreated(SessionFactoryObserverChain.java:35)
	at org.hibernate.internal.SessionFactoryImpl.<init>(SessionFactoryImpl.java:324)
	at org.hibernate.boot.internal.SessionFactoryBuilderImpl.build(SessionFactoryBuilderImpl.java:463)
	at org.hibernate.jpa.boot.internal.EntityManagerFactoryBuilderImpl.build(EntityManagerFactoryBuilderImpl.java:1517)
	at org.springframework.orm.jpa.vendor.SpringHibernateJpaPersistenceProvider.createContainerEntityManagerFactory(SpringHibernateJpaPersistenceProvider.java:66)
	at org.springframework.orm.jpa.LocalContainerEntityManagerFactoryBean.createNativeEntityManagerFactory(LocalContainerEntityManagerFactoryBean.java:390)
	at org.springframework.orm.jpa.AbstractEntityManagerFactoryBean.buildNativeEntityManagerFactory(AbstractEntityManagerFactoryBean.java:419)
	at org.springframework.orm.jpa.AbstractEntityManagerFactoryBean.afterPropertiesSet(AbstractEntityManagerFactoryBean.java:400)
	at org.springframework.orm.jpa.LocalContainerEntityManagerFactoryBean.afterPropertiesSet(LocalContainerEntityManagerFactoryBean.java:366)
	at org.springframework.beans.factory.support.AbstractAutowireCapableBeanFactory.invokeInitMethods(AbstractAutowireCapableBeanFactory.java:1859)
	at org.springframework.beans.factory.support.AbstractAutowireCapableBeanFactory.initializeBean(AbstractAutowireCapableBeanFactory.java:1808)
	at org.springframework.beans.factory.support.AbstractAutowireCapableBeanFactory.doCreateBean(AbstractAutowireCapableBeanFactory.java:601)
	at org.springframework.beans.factory.support.AbstractAutowireCapableBeanFactory.createBean(AbstractAutowireCapableBeanFactory.java:523)
	at org.springframework.beans.factory.support.AbstractBeanFactory.lambda$doGetBean$0(AbstractBeanFactory.java:339)
	at org.springframework.beans.factory.support.DefaultSingletonBeanRegistry.getSingleton(DefaultSingletonBeanRegistry.java:346)
	at org.springframework.beans.factory.support.AbstractBeanFactory.doGetBean(AbstractBeanFactory.java:337)
	at org.springframework.beans.factory.support.AbstractBeanFactory.getBean(AbstractBeanFactory.java:207)
	at org.springframework.context.support.AbstractApplicationContext.finishBeanFactoryInitialization(AbstractApplicationContext.java:970)
	at org.springframework.context.support.AbstractApplicationContext.refresh(AbstractApplicationContext.java:627)
	at org.springframework.boot.web.servlet.context.ServletWebServerApplicationContext.refresh(ServletWebServerApplicationContext.java:146)
	at org.springframework.boot.SpringApplication.refresh(SpringApplication.java:752)
	at org.springframework.boot.SpringApplication.refreshContext(SpringApplication.java:439)
	at org.springframework.boot.SpringApplication.run(SpringApplication.java:318)
	at org.springframework.boot.SpringApplication.run(SpringApplication.java:1361)
	at org.springframework.boot.SpringApplication.run(SpringApplication.java:1350)
	at backend.HotelBookingApplication.main(HotelBookingApplication.java:15)
Caused by: org.postgresql.util.PSQLException: ERROR: column "staff_id" cannot be cast automatically to type bigint
  Hint: You might need to specify "USING staff_id::bigint".
	at org.postgresql.core.v3.QueryExecutorImpl.receiveErrorResponse(QueryExecutorImpl.java:2733)
	at org.postgresql.core.v3.QueryExecutorImpl.processResults(QueryExecutorImpl.java:2420)
	at org.postgresql.core.v3.QueryExecutorImpl.execute(QueryExecutorImpl.java:372)
	at org.postgresql.jdbc.PgStatement.executeInternal(PgStatement.java:517)
	at org.postgresql.jdbc.PgStatement.execute(PgStatement.java:434)
	at org.postgresql.jdbc.PgStatement.executeWithFlags(PgStatement.java:356)
	at org.postgresql.jdbc.PgStatement.executeCachedSql(PgStatement.java:341)
	at org.postgresql.jdbc.PgStatement.executeWithFlags(PgStatement.java:317)
	at org.postgresql.jdbc.PgStatement.execute(PgStatement.java:312)
	at com.zaxxer.hikari.pool.ProxyStatement.execute(ProxyStatement.java:94)
	at com.zaxxer.hikari.pool.HikariProxyStatement.execute(HikariProxyStatement.java)
	at org.hibernate.tool.schema.internal.exec.GenerationTargetToDatabase.accept(GenerationTargetToDatabase.java:80)
	... 37 common frames omitted
2025-04-13 02:38:24 [main] WARN  o.h.t.s.i.ExceptionHandlerLoggedImpl - GenerationTarget encountered exception accepting command : Error executing DDL "alter table if exists staff_room_map add constraint FKyd20ehofj2axxe92vl67pqvx foreign key (staff_id) references staff" via JDBC [ERROR: foreign key constraint "fkyd20ehofj2axxe92vl67pqvx" cannot be implemented
  Detail: Key columns "staff_id" and "staff_id" are of incompatible types: character varying and bigint.]
org.hibernate.tool.schema.spi.CommandAcceptanceException: Error executing DDL "alter table if exists staff_room_map add constraint FKyd20ehofj2axxe92vl67pqvx foreign key (staff_id) references staff" via JDBC [ERROR: foreign key constraint "fkyd20ehofj2axxe92vl67pqvx" cannot be implemented
  Detail: Key columns "staff_id" and "staff_id" are of incompatible types: character varying and bigint.]
	at org.hibernate.tool.schema.internal.exec.GenerationTargetToDatabase.accept(GenerationTargetToDatabase.java:94)
	at org.hibernate.tool.schema.internal.AbstractSchemaMigrator.applySqlString(AbstractSchemaMigrator.java:576)
	at org.hibernate.tool.schema.internal.AbstractSchemaMigrator.applySqlStrings(AbstractSchemaMigrator.java:516)
	at org.hibernate.tool.schema.internal.AbstractSchemaMigrator.applyForeignKeys(AbstractSchemaMigrator.java:448)
	at org.hibernate.tool.schema.internal.AbstractSchemaMigrator.performMigration(AbstractSchemaMigrator.java:269)
	at org.hibernate.tool.schema.internal.AbstractSchemaMigrator.doMigration(AbstractSchemaMigrator.java:112)
	at org.hibernate.tool.schema.spi.SchemaManagementToolCoordinator.performDatabaseAction(SchemaManagementToolCoordinator.java:280)
	at org.hibernate.tool.schema.spi.SchemaManagementToolCoordinator.lambda$process$5(SchemaManagementToolCoordinator.java:144)
	at java.base/java.util.HashMap.forEach(HashMap.java:1421)
	at org.hibernate.tool.schema.spi.SchemaManagementToolCoordinator.process(SchemaManagementToolCoordinator.java:141)
	at org.hibernate.boot.internal.SessionFactoryObserverForSchemaExport.sessionFactoryCreated(SessionFactoryObserverForSchemaExport.java:37)
	at org.hibernate.internal.SessionFactoryObserverChain.sessionFactoryCreated(SessionFactoryObserverChain.java:35)
	at org.hibernate.internal.SessionFactoryImpl.<init>(SessionFactoryImpl.java:324)
	at org.hibernate.boot.internal.SessionFactoryBuilderImpl.build(SessionFactoryBuilderImpl.java:463)
	at org.hibernate.jpa.boot.internal.EntityManagerFactoryBuilderImpl.build(EntityManagerFactoryBuilderImpl.java:1517)
	at org.springframework.orm.jpa.vendor.SpringHibernateJpaPersistenceProvider.createContainerEntityManagerFactory(SpringHibernateJpaPersistenceProvider.java:66)
	at org.springframework.orm.jpa.LocalContainerEntityManagerFactoryBean.createNativeEntityManagerFactory(LocalContainerEntityManagerFactoryBean.java:390)
	at org.springframework.orm.jpa.AbstractEntityManagerFactoryBean.buildNativeEntityManagerFactory(AbstractEntityManagerFactoryBean.java:419)
	at org.springframework.orm.jpa.AbstractEntityManagerFactoryBean.afterPropertiesSet(AbstractEntityManagerFactoryBean.java:400)
	at org.springframework.orm.jpa.LocalContainerEntityManagerFactoryBean.afterPropertiesSet(LocalContainerEntityManagerFactoryBean.java:366)
	at org.springframework.beans.factory.support.AbstractAutowireCapableBeanFactory.invokeInitMethods(AbstractAutowireCapableBeanFactory.java:1859)
	at org.springframework.beans.factory.support.AbstractAutowireCapableBeanFactory.initializeBean(AbstractAutowireCapableBeanFactory.java:1808)
	at org.springframework.beans.factory.support.AbstractAutowireCapableBeanFactory.doCreateBean(AbstractAutowireCapableBeanFactory.java:601)
	at org.springframework.beans.factory.support.AbstractAutowireCapableBeanFactory.createBean(AbstractAutowireCapableBeanFactory.java:523)
	at org.springframework.beans.factory.support.AbstractBeanFactory.lambda$doGetBean$0(AbstractBeanFactory.java:339)
	at org.springframework.beans.factory.support.DefaultSingletonBeanRegistry.getSingleton(DefaultSingletonBeanRegistry.java:346)
	at org.springframework.beans.factory.support.AbstractBeanFactory.doGetBean(AbstractBeanFactory.java:337)
	at org.springframework.beans.factory.support.AbstractBeanFactory.getBean(AbstractBeanFactory.java:207)
	at org.springframework.context.support.AbstractApplicationContext.finishBeanFactoryInitialization(AbstractApplicationContext.java:970)
	at org.springframework.context.support.AbstractApplicationContext.refresh(AbstractApplicationContext.java:627)
	at org.springframework.boot.web.servlet.context.ServletWebServerApplicationContext.refresh(ServletWebServerApplicationContext.java:146)
	at org.springframework.boot.SpringApplication.refresh(SpringApplication.java:752)
	at org.springframework.boot.SpringApplication.refreshContext(SpringApplication.java:439)
	at org.springframework.boot.SpringApplication.run(SpringApplication.java:318)
	at org.springframework.boot.SpringApplication.run(SpringApplication.java:1361)
	at org.springframework.boot.SpringApplication.run(SpringApplication.java:1350)
	at backend.HotelBookingApplication.main(HotelBookingApplication.java:15)
Caused by: org.postgresql.util.PSQLException: ERROR: foreign key constraint "fkyd20ehofj2axxe92vl67pqvx" cannot be implemented
  Detail: Key columns "staff_id" and "staff_id" are of incompatible types: character varying and bigint.
	at org.postgresql.core.v3.QueryExecutorImpl.receiveErrorResponse(QueryExecutorImpl.java:2733)
	at org.postgresql.core.v3.QueryExecutorImpl.processResults(QueryExecutorImpl.java:2420)
	at org.postgresql.core.v3.QueryExecutorImpl.execute(QueryExecutorImpl.java:372)
	at org.postgresql.jdbc.PgStatement.executeInternal(PgStatement.java:517)
	at org.postgresql.jdbc.PgStatement.execute(PgStatement.java:434)
	at org.postgresql.jdbc.PgStatement.executeWithFlags(PgStatement.java:356)
	at org.postgresql.jdbc.PgStatement.executeCachedSql(PgStatement.java:341)
	at org.postgresql.jdbc.PgStatement.executeWithFlags(PgStatement.java:317)
	at org.postgresql.jdbc.PgStatement.execute(PgStatement.java:312)
	at com.zaxxer.hikari.pool.ProxyStatement.execute(ProxyStatement.java:94)
	at com.zaxxer.hikari.pool.HikariProxyStatement.execute(HikariProxyStatement.java)
	at org.hibernate.tool.schema.internal.exec.GenerationTargetToDatabase.accept(GenerationTargetToDatabase.java:80)
	... 36 common frames omitted
2025-04-13 02:38:24 [main] INFO  o.s.o.j.LocalContainerEntityManagerFactoryBean - Initialized JPA EntityManagerFactory for persistence unit 'default'
2025-04-13 02:38:24 [main] INFO  backend.config.CorsConfig - CORS Configuration Loaded!
2025-04-13 02:38:24 [main] DEBUG o.s.c.e.PropertySourcesPropertyResolver - Found key 'spring.security.oauth2.resourceserver.jwt.issuer-uri' in PropertySource 'environmentProperties' with value of type String
2025-04-13 02:38:25 [main] INFO  o.s.d.j.r.query.QueryEnhancerFactory - Hibernate is in classpath; If applicable, HQL parser will be used.
2025-04-13 02:38:25 [main] DEBUG o.s.c.e.PropertySourcesPropertyResolver - Found key 'graphql.endpoint' in PropertySource 'environmentProperties' with value of type String
2025-04-13 02:38:25 [main] DEBUG o.s.c.e.PropertySourcesPropertyResolver - Found key 'graphql.api-key' in PropertySource 'environmentProperties' with value of type String
2025-04-13 02:38:25 [main] DEBUG o.s.c.e.PropertySourcesPropertyResolver - Found key 'graphql.api.key' in PropertySource 'environmentProperties' with value of type String
2025-04-13 02:38:25 [main] DEBUG o.s.c.e.PropertySourcesPropertyResolver - Found key 'graphql.url' in PropertySource 'environmentProperties' with value of type String
2025-04-13 02:38:25 [main] DEBUG o.s.c.e.PropertySourcesPropertyResolver - Found key 'spring.mail.username' in PropertySource 'environmentProperties' with value of type String
2025-04-13 02:38:25 [main] DEBUG o.s.c.e.PropertySourcesPropertyResolver - Found key 'otp.expiry.minutes' in PropertySource 'environmentProperties' with value of type String
2025-04-13 02:38:25 [main] DEBUG o.s.c.e.PropertySourcesPropertyResolver - Found key 'otp.max.attempts' in PropertySource 'environmentProperties' with value of type String
2025-04-13 02:38:25 [main] DEBUG o.s.c.e.PropertySourcesPropertyResolver - Found key 'graphql.endpoint' in PropertySource 'environmentProperties' with value of type String
2025-04-13 02:38:25 [main] DEBUG o.s.c.e.PropertySourcesPropertyResolver - Found key 'graphql.api-key' in PropertySource 'environmentProperties' with value of type String
2025-04-13 02:38:25 [main] DEBUG o.s.c.e.PropertySourcesPropertyResolver - Found key 'graphql.api.key' in PropertySource 'environmentProperties' with value of type String
2025-04-13 02:38:25 [main] DEBUG o.s.c.e.PropertySourcesPropertyResolver - Found key 'graphql.url' in PropertySource 'environmentProperties' with value of type String
2025-04-13 02:38:26 [main] DEBUG o.s.c.e.PropertySourcesPropertyResolver - Found key 'graphql.endpoint' in PropertySource 'environmentProperties' with value of type String
2025-04-13 02:38:26 [main] DEBUG o.s.c.e.PropertySourcesPropertyResolver - Found key 'graphql.api-key' in PropertySource 'environmentProperties' with value of type String
2025-04-13 02:38:26 [main] DEBUG o.s.c.e.PropertySourcesPropertyResolver - Found key 'graphql.endpoint' in PropertySource 'environmentProperties' with value of type String
2025-04-13 02:38:26 [main] DEBUG o.s.c.e.PropertySourcesPropertyResolver - Found key 'graphql.apiKey' in PropertySource 'environmentProperties' with value of type String
2025-04-13 02:38:26 [main] DEBUG o.s.c.e.PropertySourcesPropertyResolver - Found key 'graphql.endpoint' in PropertySource 'environmentProperties' with value of type String
2025-04-13 02:38:26 [main] DEBUG o.s.c.e.PropertySourcesPropertyResolver - Found key 'graphql.apiKey' in PropertySource 'environmentProperties' with value of type String
2025-04-13 02:38:26 [main] DEBUG o.s.c.e.PropertySourcesPropertyResolver - Found key 'api.base.url' in PropertySource 'environmentProperties' with value of type String
2025-04-13 02:38:26 [main] WARN  o.s.b.a.o.j.JpaBaseConfiguration$JpaWebConfiguration - spring.jpa.open-in-view is enabled by default. Therefore, database queries may be performed during view rendering. Explicitly configure spring.jpa.open-in-view to disable this warning
2025-04-13 02:38:27 [main] INFO  backend.config.CorsConfig - Applying CORS settings...
2025-04-13 02:38:27 [main] DEBUG o.s.s.c.a.a.c.AuthenticationConfiguration$DefaultPasswordEncoderAuthenticationManagerBuilder - No authenticationProviders and no parentAuthenticationManager defined. Returning null.
2025-04-13 02:38:28 [main] INFO  o.s.b.a.e.web.EndpointLinksResolver - Exposing 2 endpoints beneath base path '/actuator'
2025-04-13 02:38:28 [main] INFO  backend.config.SecurityConfig - Configuring security filter chain...
2025-04-13 02:38:28 [main] INFO  backend.config.SecurityConfig - Using issuer URI: https://cognito-idp.ap-south-1.amazonaws.com/ap-south-1_IGHZ9OObg
2025-04-13 02:38:28 [main] INFO  backend.config.SecurityConfig - Configuring authorization rules...
2025-04-13 02:38:28 [main] INFO  backend.config.SecurityConfig - Configuring OAuth2 resource server...
2025-04-13 02:38:28 [main] INFO  backend.config.SecurityConfig - Configuring JWT...
2025-04-13 02:38:28 [main] INFO  backend.config.SecurityConfig - Creating JWT decoder with issuer URI: https://cognito-idp.ap-south-1.amazonaws.com/ap-south-1_IGHZ9OObg
2025-04-13 02:38:29 [main] INFO  backend.config.SecurityConfig - Configuring session management...
2025-04-13 02:38:29 [main] DEBUG o.s.s.web.DefaultSecurityFilterChain - Will secure any request with filters: DisableEncodeUrlFilter, WebAsyncManagerIntegrationFilter, SecurityContextHolderFilter, HeaderWriterFilter, LogoutFilter, BearerTokenAuthenticationFilter, RequestCacheAwareFilter, SecurityContextHolderAwareRequestFilter, AnonymousAuthenticationFilter, SessionManagementFilter, ExceptionTranslationFilter, AuthorizationFilter
2025-04-13 02:38:30 [main] INFO  o.s.b.w.e.tomcat.TomcatWebServer - Tomcat started on port 8081 (http) with context path '/'
2025-04-13 02:38:31 [main] INFO  backend.HotelBookingApplication - Started HotelBookingApplication in 17.731 seconds (process running for 19.042)
2025-04-13 02:38:31 [SpringApplicationShutdownHook] INFO  o.s.b.w.e.tomcat.GracefulShutdown - Commencing graceful shutdown. Waiting for active requests to complete
2025-04-13 02:38:31 [tomcat-shutdown] INFO  o.s.b.w.e.tomcat.GracefulShutdown - Graceful shutdown complete
2025-04-13 02:38:31 [SpringApplicationShutdownHook] INFO  o.s.o.j.LocalContainerEntityManagerFactoryBean - Closing JPA EntityManagerFactory for persistence unit 'default'
2025-04-13 02:38:31 [SpringApplicationShutdownHook] INFO  com.zaxxer.hikari.HikariDataSource - HikariPool-1 - Shutdown initiated...
2025-04-13 02:38:31 [SpringApplicationShutdownHook] INFO  com.zaxxer.hikari.HikariDataSource - HikariPool-1 - Shutdown completed.
2025-04-13 02:38:37 [main] INFO  backend.HotelBookingApplication - Starting HotelBookingApplication using Java 17.0.13 with PID 6781 (/Users/sukuna/Documents/coding/IBE/IBE-BE/KDU/target/classes started by sukuna in /Users/sukuna/Documents/coding/IBE/IBE-BE/KDU)
2025-04-13 02:38:37 [main] INFO  backend.HotelBookingApplication - The following 1 profile is active: "dev"
2025-04-13 02:38:38 [main] INFO  o.s.d.r.c.RepositoryConfigurationDelegate - Bootstrapping Spring Data JPA repositories in DEFAULT mode.
2025-04-13 02:38:38 [main] INFO  o.s.d.r.c.RepositoryConfigurationDelegate - Finished Spring Data repository scanning in 99 ms. Found 15 JPA repository interfaces.
2025-04-13 02:38:39 [main] INFO  o.s.b.w.e.tomcat.TomcatWebServer - Tomcat initialized with port 8081 (http)
2025-04-13 02:38:39 [main] INFO  o.a.coyote.http11.Http11NioProtocol - Initializing ProtocolHandler ["http-nio-8081"]
2025-04-13 02:38:39 [main] INFO  o.a.catalina.core.StandardService - Starting service [Tomcat]
2025-04-13 02:38:39 [main] INFO  o.a.catalina.core.StandardEngine - Starting Servlet engine: [Apache Tomcat/10.1.36]
2025-04-13 02:38:39 [main] INFO  o.a.c.c.C.[Tomcat].[localhost].[/] - Initializing Spring embedded WebApplicationContext
2025-04-13 02:38:39 [main] INFO  o.s.b.w.s.c.ServletWebServerApplicationContext - Root WebApplicationContext: initialization completed in 1769 ms
2025-04-13 02:38:39 [main] INFO  com.zaxxer.hikari.HikariDataSource - HikariPool-1 - Starting...
2025-04-13 02:38:39 [main] INFO  com.zaxxer.hikari.pool.HikariPool - HikariPool-1 - Added connection org.postgresql.jdbc.PgConnection@1ff81b0d
2025-04-13 02:38:39 [main] INFO  com.zaxxer.hikari.HikariDataSource - HikariPool-1 - Start completed.
2025-04-13 02:38:40 [main] INFO  o.s.o.j.p.SpringPersistenceUnitInfo - No LoadTimeWeaver setup: ignoring JPA class transformer
2025-04-13 02:38:40 [main] WARN  org.hibernate.orm.deprecation - HHH90000025: PostgreSQLDialect does not need to be specified explicitly using 'hibernate.dialect' (remove the property setting and it will be selected by default)
2025-04-13 02:38:43 [main] WARN  o.h.t.s.i.ExceptionHandlerLoggedImpl - GenerationTarget encountered exception accepting command : Error executing DDL "alter table if exists staff_room_map alter column staff_id set data type bigint" via JDBC [ERROR: column "staff_id" cannot be cast automatically to type bigint
  Hint: You might need to specify "USING staff_id::bigint".]
org.hibernate.tool.schema.spi.CommandAcceptanceException: Error executing DDL "alter table if exists staff_room_map alter column staff_id set data type bigint" via JDBC [ERROR: column "staff_id" cannot be cast automatically to type bigint
  Hint: You might need to specify "USING staff_id::bigint".]
	at org.hibernate.tool.schema.internal.exec.GenerationTargetToDatabase.accept(GenerationTargetToDatabase.java:94)
	at org.hibernate.tool.schema.internal.AbstractSchemaMigrator.applySqlString(AbstractSchemaMigrator.java:576)
	at org.hibernate.tool.schema.internal.AbstractSchemaMigrator.applySqlStrings(AbstractSchemaMigrator.java:516)
	at org.hibernate.tool.schema.internal.AbstractSchemaMigrator.migrateTable(AbstractSchemaMigrator.java:334)
	at org.hibernate.tool.schema.internal.GroupedSchemaMigratorImpl.performTablesMigration(GroupedSchemaMigratorImpl.java:84)
	at org.hibernate.tool.schema.internal.AbstractSchemaMigrator.performMigration(AbstractSchemaMigrator.java:233)
	at org.hibernate.tool.schema.internal.AbstractSchemaMigrator.doMigration(AbstractSchemaMigrator.java:112)
	at org.hibernate.tool.schema.spi.SchemaManagementToolCoordinator.performDatabaseAction(SchemaManagementToolCoordinator.java:280)
	at org.hibernate.tool.schema.spi.SchemaManagementToolCoordinator.lambda$process$5(SchemaManagementToolCoordinator.java:144)
	at java.base/java.util.HashMap.forEach(HashMap.java:1421)
	at org.hibernate.tool.schema.spi.SchemaManagementToolCoordinator.process(SchemaManagementToolCoordinator.java:141)
	at org.hibernate.boot.internal.SessionFactoryObserverForSchemaExport.sessionFactoryCreated(SessionFactoryObserverForSchemaExport.java:37)
	at org.hibernate.internal.SessionFactoryObserverChain.sessionFactoryCreated(SessionFactoryObserverChain.java:35)
	at org.hibernate.internal.SessionFactoryImpl.<init>(SessionFactoryImpl.java:324)
	at org.hibernate.boot.internal.SessionFactoryBuilderImpl.build(SessionFactoryBuilderImpl.java:463)
	at org.hibernate.jpa.boot.internal.EntityManagerFactoryBuilderImpl.build(EntityManagerFactoryBuilderImpl.java:1517)
	at org.springframework.orm.jpa.vendor.SpringHibernateJpaPersistenceProvider.createContainerEntityManagerFactory(SpringHibernateJpaPersistenceProvider.java:66)
	at org.springframework.orm.jpa.LocalContainerEntityManagerFactoryBean.createNativeEntityManagerFactory(LocalContainerEntityManagerFactoryBean.java:390)
	at org.springframework.orm.jpa.AbstractEntityManagerFactoryBean.buildNativeEntityManagerFactory(AbstractEntityManagerFactoryBean.java:419)
	at org.springframework.orm.jpa.AbstractEntityManagerFactoryBean.afterPropertiesSet(AbstractEntityManagerFactoryBean.java:400)
	at org.springframework.orm.jpa.LocalContainerEntityManagerFactoryBean.afterPropertiesSet(LocalContainerEntityManagerFactoryBean.java:366)
	at org.springframework.beans.factory.support.AbstractAutowireCapableBeanFactory.invokeInitMethods(AbstractAutowireCapableBeanFactory.java:1859)
	at org.springframework.beans.factory.support.AbstractAutowireCapableBeanFactory.initializeBean(AbstractAutowireCapableBeanFactory.java:1808)
	at org.springframework.beans.factory.support.AbstractAutowireCapableBeanFactory.doCreateBean(AbstractAutowireCapableBeanFactory.java:601)
	at org.springframework.beans.factory.support.AbstractAutowireCapableBeanFactory.createBean(AbstractAutowireCapableBeanFactory.java:523)
	at org.springframework.beans.factory.support.AbstractBeanFactory.lambda$doGetBean$0(AbstractBeanFactory.java:339)
	at org.springframework.beans.factory.support.DefaultSingletonBeanRegistry.getSingleton(DefaultSingletonBeanRegistry.java:346)
	at org.springframework.beans.factory.support.AbstractBeanFactory.doGetBean(AbstractBeanFactory.java:337)
	at org.springframework.beans.factory.support.AbstractBeanFactory.getBean(AbstractBeanFactory.java:207)
	at org.springframework.context.support.AbstractApplicationContext.finishBeanFactoryInitialization(AbstractApplicationContext.java:970)
	at org.springframework.context.support.AbstractApplicationContext.refresh(AbstractApplicationContext.java:627)
	at org.springframework.boot.web.servlet.context.ServletWebServerApplicationContext.refresh(ServletWebServerApplicationContext.java:146)
	at org.springframework.boot.SpringApplication.refresh(SpringApplication.java:752)
	at org.springframework.boot.SpringApplication.refreshContext(SpringApplication.java:439)
	at org.springframework.boot.SpringApplication.run(SpringApplication.java:318)
	at org.springframework.boot.SpringApplication.run(SpringApplication.java:1361)
	at org.springframework.boot.SpringApplication.run(SpringApplication.java:1350)
	at backend.HotelBookingApplication.main(HotelBookingApplication.java:15)
Caused by: org.postgresql.util.PSQLException: ERROR: column "staff_id" cannot be cast automatically to type bigint
  Hint: You might need to specify "USING staff_id::bigint".
	at org.postgresql.core.v3.QueryExecutorImpl.receiveErrorResponse(QueryExecutorImpl.java:2733)
	at org.postgresql.core.v3.QueryExecutorImpl.processResults(QueryExecutorImpl.java:2420)
	at org.postgresql.core.v3.QueryExecutorImpl.execute(QueryExecutorImpl.java:372)
	at org.postgresql.jdbc.PgStatement.executeInternal(PgStatement.java:517)
	at org.postgresql.jdbc.PgStatement.execute(PgStatement.java:434)
	at org.postgresql.jdbc.PgStatement.executeWithFlags(PgStatement.java:356)
	at org.postgresql.jdbc.PgStatement.executeCachedSql(PgStatement.java:341)
	at org.postgresql.jdbc.PgStatement.executeWithFlags(PgStatement.java:317)
	at org.postgresql.jdbc.PgStatement.execute(PgStatement.java:312)
	at com.zaxxer.hikari.pool.ProxyStatement.execute(ProxyStatement.java:94)
	at com.zaxxer.hikari.pool.HikariProxyStatement.execute(HikariProxyStatement.java)
	at org.hibernate.tool.schema.internal.exec.GenerationTargetToDatabase.accept(GenerationTargetToDatabase.java:80)
	... 37 common frames omitted
2025-04-13 02:38:43 [main] WARN  o.h.t.s.i.ExceptionHandlerLoggedImpl - GenerationTarget encountered exception accepting command : Error executing DDL "alter table if exists staff_room_map add constraint FKyd20ehofj2axxe92vl67pqvx foreign key (staff_id) references staff" via JDBC [ERROR: foreign key constraint "fkyd20ehofj2axxe92vl67pqvx" cannot be implemented
  Detail: Key columns "staff_id" and "staff_id" are of incompatible types: character varying and bigint.]
org.hibernate.tool.schema.spi.CommandAcceptanceException: Error executing DDL "alter table if exists staff_room_map add constraint FKyd20ehofj2axxe92vl67pqvx foreign key (staff_id) references staff" via JDBC [ERROR: foreign key constraint "fkyd20ehofj2axxe92vl67pqvx" cannot be implemented
  Detail: Key columns "staff_id" and "staff_id" are of incompatible types: character varying and bigint.]
	at org.hibernate.tool.schema.internal.exec.GenerationTargetToDatabase.accept(GenerationTargetToDatabase.java:94)
	at org.hibernate.tool.schema.internal.AbstractSchemaMigrator.applySqlString(AbstractSchemaMigrator.java:576)
	at org.hibernate.tool.schema.internal.AbstractSchemaMigrator.applySqlStrings(AbstractSchemaMigrator.java:516)
	at org.hibernate.tool.schema.internal.AbstractSchemaMigrator.applyForeignKeys(AbstractSchemaMigrator.java:448)
	at org.hibernate.tool.schema.internal.AbstractSchemaMigrator.performMigration(AbstractSchemaMigrator.java:269)
	at org.hibernate.tool.schema.internal.AbstractSchemaMigrator.doMigration(AbstractSchemaMigrator.java:112)
	at org.hibernate.tool.schema.spi.SchemaManagementToolCoordinator.performDatabaseAction(SchemaManagementToolCoordinator.java:280)
	at org.hibernate.tool.schema.spi.SchemaManagementToolCoordinator.lambda$process$5(SchemaManagementToolCoordinator.java:144)
	at java.base/java.util.HashMap.forEach(HashMap.java:1421)
	at org.hibernate.tool.schema.spi.SchemaManagementToolCoordinator.process(SchemaManagementToolCoordinator.java:141)
	at org.hibernate.boot.internal.SessionFactoryObserverForSchemaExport.sessionFactoryCreated(SessionFactoryObserverForSchemaExport.java:37)
	at org.hibernate.internal.SessionFactoryObserverChain.sessionFactoryCreated(SessionFactoryObserverChain.java:35)
	at org.hibernate.internal.SessionFactoryImpl.<init>(SessionFactoryImpl.java:324)
	at org.hibernate.boot.internal.SessionFactoryBuilderImpl.build(SessionFactoryBuilderImpl.java:463)
	at org.hibernate.jpa.boot.internal.EntityManagerFactoryBuilderImpl.build(EntityManagerFactoryBuilderImpl.java:1517)
	at org.springframework.orm.jpa.vendor.SpringHibernateJpaPersistenceProvider.createContainerEntityManagerFactory(SpringHibernateJpaPersistenceProvider.java:66)
	at org.springframework.orm.jpa.LocalContainerEntityManagerFactoryBean.createNativeEntityManagerFactory(LocalContainerEntityManagerFactoryBean.java:390)
	at org.springframework.orm.jpa.AbstractEntityManagerFactoryBean.buildNativeEntityManagerFactory(AbstractEntityManagerFactoryBean.java:419)
	at org.springframework.orm.jpa.AbstractEntityManagerFactoryBean.afterPropertiesSet(AbstractEntityManagerFactoryBean.java:400)
	at org.springframework.orm.jpa.LocalContainerEntityManagerFactoryBean.afterPropertiesSet(LocalContainerEntityManagerFactoryBean.java:366)
	at org.springframework.beans.factory.support.AbstractAutowireCapableBeanFactory.invokeInitMethods(AbstractAutowireCapableBeanFactory.java:1859)
	at org.springframework.beans.factory.support.AbstractAutowireCapableBeanFactory.initializeBean(AbstractAutowireCapableBeanFactory.java:1808)
	at org.springframework.beans.factory.support.AbstractAutowireCapableBeanFactory.doCreateBean(AbstractAutowireCapableBeanFactory.java:601)
	at org.springframework.beans.factory.support.AbstractAutowireCapableBeanFactory.createBean(AbstractAutowireCapableBeanFactory.java:523)
	at org.springframework.beans.factory.support.AbstractBeanFactory.lambda$doGetBean$0(AbstractBeanFactory.java:339)
	at org.springframework.beans.factory.support.DefaultSingletonBeanRegistry.getSingleton(DefaultSingletonBeanRegistry.java:346)
	at org.springframework.beans.factory.support.AbstractBeanFactory.doGetBean(AbstractBeanFactory.java:337)
	at org.springframework.beans.factory.support.AbstractBeanFactory.getBean(AbstractBeanFactory.java:207)
	at org.springframework.context.support.AbstractApplicationContext.finishBeanFactoryInitialization(AbstractApplicationContext.java:970)
	at org.springframework.context.support.AbstractApplicationContext.refresh(AbstractApplicationContext.java:627)
	at org.springframework.boot.web.servlet.context.ServletWebServerApplicationContext.refresh(ServletWebServerApplicationContext.java:146)
	at org.springframework.boot.SpringApplication.refresh(SpringApplication.java:752)
	at org.springframework.boot.SpringApplication.refreshContext(SpringApplication.java:439)
	at org.springframework.boot.SpringApplication.run(SpringApplication.java:318)
	at org.springframework.boot.SpringApplication.run(SpringApplication.java:1361)
	at org.springframework.boot.SpringApplication.run(SpringApplication.java:1350)
	at backend.HotelBookingApplication.main(HotelBookingApplication.java:15)
Caused by: org.postgresql.util.PSQLException: ERROR: foreign key constraint "fkyd20ehofj2axxe92vl67pqvx" cannot be implemented
  Detail: Key columns "staff_id" and "staff_id" are of incompatible types: character varying and bigint.
	at org.postgresql.core.v3.QueryExecutorImpl.receiveErrorResponse(QueryExecutorImpl.java:2733)
	at org.postgresql.core.v3.QueryExecutorImpl.processResults(QueryExecutorImpl.java:2420)
	at org.postgresql.core.v3.QueryExecutorImpl.execute(QueryExecutorImpl.java:372)
	at org.postgresql.jdbc.PgStatement.executeInternal(PgStatement.java:517)
	at org.postgresql.jdbc.PgStatement.execute(PgStatement.java:434)
	at org.postgresql.jdbc.PgStatement.executeWithFlags(PgStatement.java:356)
	at org.postgresql.jdbc.PgStatement.executeCachedSql(PgStatement.java:341)
	at org.postgresql.jdbc.PgStatement.executeWithFlags(PgStatement.java:317)
	at org.postgresql.jdbc.PgStatement.execute(PgStatement.java:312)
	at com.zaxxer.hikari.pool.ProxyStatement.execute(ProxyStatement.java:94)
	at com.zaxxer.hikari.pool.HikariProxyStatement.execute(HikariProxyStatement.java)
	at org.hibernate.tool.schema.internal.exec.GenerationTargetToDatabase.accept(GenerationTargetToDatabase.java:80)
	... 36 common frames omitted
2025-04-13 02:38:43 [main] INFO  o.s.o.j.LocalContainerEntityManagerFactoryBean - Initialized JPA EntityManagerFactory for persistence unit 'default'
2025-04-13 02:38:43 [main] INFO  backend.config.CorsConfig - CORS Configuration Loaded!
2025-04-13 02:38:43 [main] DEBUG o.s.c.e.PropertySourcesPropertyResolver - Found key 'spring.security.oauth2.resourceserver.jwt.issuer-uri' in PropertySource 'environmentProperties' with value of type String
2025-04-13 02:38:44 [main] INFO  o.s.d.j.r.query.QueryEnhancerFactory - Hibernate is in classpath; If applicable, HQL parser will be used.
2025-04-13 02:38:44 [main] DEBUG o.s.c.e.PropertySourcesPropertyResolver - Found key 'graphql.endpoint' in PropertySource 'environmentProperties' with value of type String
2025-04-13 02:38:44 [main] DEBUG o.s.c.e.PropertySourcesPropertyResolver - Found key 'graphql.api-key' in PropertySource 'environmentProperties' with value of type String
2025-04-13 02:38:44 [main] DEBUG o.s.c.e.PropertySourcesPropertyResolver - Found key 'graphql.api.key' in PropertySource 'environmentProperties' with value of type String
2025-04-13 02:38:44 [main] DEBUG o.s.c.e.PropertySourcesPropertyResolver - Found key 'graphql.url' in PropertySource 'environmentProperties' with value of type String
2025-04-13 02:38:44 [main] DEBUG o.s.c.e.PropertySourcesPropertyResolver - Found key 'spring.mail.username' in PropertySource 'environmentProperties' with value of type String
2025-04-13 02:38:44 [main] DEBUG o.s.c.e.PropertySourcesPropertyResolver - Found key 'otp.expiry.minutes' in PropertySource 'environmentProperties' with value of type String
2025-04-13 02:38:44 [main] DEBUG o.s.c.e.PropertySourcesPropertyResolver - Found key 'otp.max.attempts' in PropertySource 'environmentProperties' with value of type String
2025-04-13 02:38:44 [main] DEBUG o.s.c.e.PropertySourcesPropertyResolver - Found key 'graphql.endpoint' in PropertySource 'environmentProperties' with value of type String
2025-04-13 02:38:44 [main] DEBUG o.s.c.e.PropertySourcesPropertyResolver - Found key 'graphql.api-key' in PropertySource 'environmentProperties' with value of type String
2025-04-13 02:38:44 [main] DEBUG o.s.c.e.PropertySourcesPropertyResolver - Found key 'graphql.api.key' in PropertySource 'environmentProperties' with value of type String
2025-04-13 02:38:44 [main] DEBUG o.s.c.e.PropertySourcesPropertyResolver - Found key 'graphql.url' in PropertySource 'environmentProperties' with value of type String
2025-04-13 02:38:44 [main] DEBUG o.s.c.e.PropertySourcesPropertyResolver - Found key 'graphql.endpoint' in PropertySource 'environmentProperties' with value of type String
2025-04-13 02:38:44 [main] DEBUG o.s.c.e.PropertySourcesPropertyResolver - Found key 'graphql.api-key' in PropertySource 'environmentProperties' with value of type String
2025-04-13 02:38:44 [main] DEBUG o.s.c.e.PropertySourcesPropertyResolver - Found key 'graphql.endpoint' in PropertySource 'environmentProperties' with value of type String
2025-04-13 02:38:44 [main] DEBUG o.s.c.e.PropertySourcesPropertyResolver - Found key 'graphql.apiKey' in PropertySource 'environmentProperties' with value of type String
2025-04-13 02:38:44 [main] DEBUG o.s.c.e.PropertySourcesPropertyResolver - Found key 'graphql.endpoint' in PropertySource 'environmentProperties' with value of type String
2025-04-13 02:38:44 [main] DEBUG o.s.c.e.PropertySourcesPropertyResolver - Found key 'graphql.apiKey' in PropertySource 'environmentProperties' with value of type String
2025-04-13 02:38:44 [main] DEBUG o.s.c.e.PropertySourcesPropertyResolver - Found key 'api.base.url' in PropertySource 'environmentProperties' with value of type String
2025-04-13 02:38:44 [main] WARN  o.s.b.a.o.j.JpaBaseConfiguration$JpaWebConfiguration - spring.jpa.open-in-view is enabled by default. Therefore, database queries may be performed during view rendering. Explicitly configure spring.jpa.open-in-view to disable this warning
2025-04-13 02:38:45 [main] INFO  backend.config.CorsConfig - Applying CORS settings...
2025-04-13 02:38:45 [main] DEBUG o.s.s.c.a.a.c.AuthenticationConfiguration$DefaultPasswordEncoderAuthenticationManagerBuilder - No authenticationProviders and no parentAuthenticationManager defined. Returning null.
2025-04-13 02:38:45 [main] INFO  o.s.b.a.e.web.EndpointLinksResolver - Exposing 2 endpoints beneath base path '/actuator'
2025-04-13 02:38:45 [main] INFO  backend.config.SecurityConfig - Configuring security filter chain...
2025-04-13 02:38:45 [main] INFO  backend.config.SecurityConfig - Using issuer URI: https://cognito-idp.ap-south-1.amazonaws.com/ap-south-1_IGHZ9OObg
2025-04-13 02:38:45 [main] INFO  backend.config.SecurityConfig - Configuring authorization rules...
2025-04-13 02:38:45 [main] INFO  backend.config.SecurityConfig - Configuring OAuth2 resource server...
2025-04-13 02:38:45 [main] INFO  backend.config.SecurityConfig - Configuring JWT...
2025-04-13 02:38:45 [main] INFO  backend.config.SecurityConfig - Creating JWT decoder with issuer URI: https://cognito-idp.ap-south-1.amazonaws.com/ap-south-1_IGHZ9OObg
2025-04-13 02:38:45 [main] INFO  backend.config.SecurityConfig - Configuring session management...
2025-04-13 02:38:45 [main] DEBUG o.s.s.web.DefaultSecurityFilterChain - Will secure any request with filters: DisableEncodeUrlFilter, WebAsyncManagerIntegrationFilter, SecurityContextHolderFilter, HeaderWriterFilter, LogoutFilter, BearerTokenAuthenticationFilter, RequestCacheAwareFilter, SecurityContextHolderAwareRequestFilter, AnonymousAuthenticationFilter, SessionManagementFilter, ExceptionTranslationFilter, AuthorizationFilter
2025-04-13 02:38:46 [main] INFO  o.a.coyote.http11.Http11NioProtocol - Starting ProtocolHandler ["http-nio-8081"]
2025-04-13 02:38:46 [main] INFO  o.s.b.w.e.tomcat.TomcatWebServer - Tomcat started on port 8081 (http) with context path '/'
2025-04-13 02:38:46 [main] INFO  backend.HotelBookingApplication - Started HotelBookingApplication in 9.94 seconds (process running for 10.509)
2025-04-13 02:38:48 [http-nio-8081-exec-1] INFO  o.a.c.c.C.[Tomcat].[localhost].[/] - Initializing Spring DispatcherServlet 'dispatcherServlet'
2025-04-13 02:38:48 [http-nio-8081-exec-1] INFO  o.s.web.servlet.DispatcherServlet - Initializing Servlet 'dispatcherServlet'
2025-04-13 02:38:48 [http-nio-8081-exec-1] INFO  o.s.web.servlet.DispatcherServlet - Completed initialization in 3 ms
2025-04-13 02:38:48 [http-nio-8081-exec-1] DEBUG o.s.security.web.FilterChainProxy - Securing POST /api/house-cleaning/generate?date=2025-04-08
2025-04-13 02:38:48 [http-nio-8081-exec-1] DEBUG o.s.s.w.a.AnonymousAuthenticationFilter - Set SecurityContextHolder to anonymous SecurityContext
2025-04-13 02:38:48 [http-nio-8081-exec-1] DEBUG o.s.security.web.FilterChainProxy - Secured POST /api/house-cleaning/generate?date=2025-04-08
2025-04-13 02:38:48 [http-nio-8081-exec-1] INFO  b.s.impl.HouseCleaningServiceImpl - Generating cleaning schedules for date: 2025-04-08
2025-04-13 02:38:49 [http-nio-8081-exec-1] INFO  b.s.impl.HouseCleaningServiceImpl - Found 0 check-in bookings, 5 check-out bookings, and 5 current bookings for date 2025-04-08
2025-04-13 02:38:49 [http-nio-8081-exec-1] INFO  b.s.impl.BookedRoomsServiceImpl - Checking check-in rooms for date: 2025-04-08
2025-04-13 02:38:49 [http-nio-8081-exec-1] INFO  b.s.impl.BookedRoomsServiceImpl - Found 0 transactions with check-in date 2025-04-08
2025-04-13 02:38:49 [http-nio-8081-exec-1] INFO  b.s.impl.BookedRoomsServiceImpl - Booking IDs for check-in: []
2025-04-13 02:38:49 [http-nio-8081-exec-1] INFO  b.s.impl.BookedRoomsServiceImpl - No booking IDs found, returning empty list
2025-04-13 02:38:49 [http-nio-8081-exec-1] INFO  b.s.impl.BookedRoomsServiceImpl - Checking check-out rooms for date: 2025-04-08
2025-04-13 02:38:49 [http-nio-8081-exec-1] INFO  b.s.impl.BookedRoomsServiceImpl - Found 5 transactions with check-out date 2025-04-08
2025-04-13 02:38:49 [http-nio-8081-exec-1] INFO  b.s.impl.BookedRoomsServiceImpl - Booking IDs for check-out: [159, 23, 160, 25, 26]
2025-04-13 02:38:54 [http-nio-8081-exec-1] INFO  b.s.impl.BookedRoomsServiceImpl - Room IDs for bookings [159, 23, 160, 25, 26]: []
2025-04-13 02:38:54 [http-nio-8081-exec-1] INFO  b.s.impl.BookedRoomsServiceImpl - Checking currently booked rooms for date: 2025-04-08T00:00:00Z
2025-04-13 02:38:54 [http-nio-8081-exec-1] INFO  b.s.impl.BookedRoomsServiceImpl - Currently booked room IDs: [432, 480]
2025-04-13 02:38:54 [http-nio-8081-exec-1] INFO  b.s.impl.HouseCleaningServiceImpl - Found 0 check-in rooms, 0 check-out rooms, and 2 current rooms for date 2025-04-08
2025-04-13 02:38:54 [http-nio-8081-exec-1] WARN  b.s.impl.HouseCleaningServiceImpl - Could not extract room ID from booking details for booking ID 159
2025-04-13 02:38:54 [http-nio-8081-exec-1] WARN  b.s.impl.HouseCleaningServiceImpl - Could not extract room ID from booking details for booking ID 23
2025-04-13 02:38:54 [http-nio-8081-exec-1] WARN  b.s.impl.HouseCleaningServiceImpl - Could not extract room ID from booking details for booking ID 160
2025-04-13 02:38:54 [http-nio-8081-exec-1] WARN  b.s.impl.HouseCleaningServiceImpl - Could not extract room ID from booking details for booking ID 25
2025-04-13 02:38:54 [http-nio-8081-exec-1] WARN  b.s.impl.HouseCleaningServiceImpl - Could not extract room ID from booking details for booking ID 26
2025-04-13 02:38:54 [http-nio-8081-exec-1] WARN  b.s.impl.HouseCleaningServiceImpl - Could not extract room ID from booking details for booking ID 159
2025-04-13 02:38:54 [http-nio-8081-exec-1] WARN  b.s.impl.HouseCleaningServiceImpl - Could not extract room ID from booking details for booking ID 23
2025-04-13 02:38:54 [http-nio-8081-exec-1] WARN  b.s.impl.HouseCleaningServiceImpl - Could not extract room ID from booking details for booking ID 160
2025-04-13 02:38:54 [http-nio-8081-exec-1] WARN  b.s.impl.HouseCleaningServiceImpl - Could not extract room ID from booking details for booking ID 25
2025-04-13 02:38:54 [http-nio-8081-exec-1] WARN  b.s.impl.HouseCleaningServiceImpl - Could not extract room ID from booking details for booking ID 26
2025-04-13 02:38:54 [http-nio-8081-exec-1] INFO  b.s.impl.HouseCleaningServiceImpl - Room to booking map: {}
2025-04-13 02:38:54 [http-nio-8081-exec-1] WARN  b.s.impl.HouseCleaningServiceImpl - No booking ID found for room ID 432
2025-04-13 02:38:54 [http-nio-8081-exec-1] WARN  b.s.impl.HouseCleaningServiceImpl - No booking ID found for room ID 480
2025-04-13 02:40:00 [http-nio-8081-exec-3] DEBUG o.s.security.web.FilterChainProxy - Securing POST /api/house-cleaning/assign-staff?date=2025-04-08&shift=AFTERNOON_SHIFT
2025-04-13 02:40:00 [http-nio-8081-exec-3] DEBUG o.s.s.w.a.AnonymousAuthenticationFilter - Set SecurityContextHolder to anonymous SecurityContext
2025-04-13 02:40:00 [http-nio-8081-exec-3] DEBUG o.s.security.web.FilterChainProxy - Secured POST /api/house-cleaning/assign-staff?date=2025-04-08&shift=AFTERNOON_SHIFT
2025-04-13 02:40:00 [http-nio-8081-exec-3] INFO  b.s.impl.HouseCleaningServiceImpl - Assigning staff to schedules for date: 2025-04-08 and shift: AFTERNOON_SHIFT
2025-04-13 02:40:00 [http-nio-8081-exec-3] INFO  b.s.impl.HouseCleaningServiceImpl - Shift time: 11:00 to 15:00
2025-04-13 02:40:00 [http-nio-8081-exec-3] INFO  b.s.impl.HouseCleaningServiceImpl - Assigned staff 2 to room 432 for cleaning from 11:00 to 11:30, staff utilization=12.5%
2025-04-13 02:40:00 [http-nio-8081-exec-3] INFO  b.s.impl.HouseCleaningServiceImpl - Assigned staff 2 to room 480 for cleaning from 11:30 to 12:00, staff utilization=25.0%
2025-04-13 02:40:00 [http-nio-8081-exec-3] INFO  b.s.impl.HouseCleaningServiceImpl - Staff 2 has 2 rooms assigned (utilization: 25.0%)
2025-04-13 02:40:00 [http-nio-8081-exec-3] INFO  b.s.impl.HouseCleaningServiceImpl -   - Room 432 at 11:00
2025-04-13 02:40:00 [http-nio-8081-exec-3] INFO  b.s.impl.HouseCleaningServiceImpl -   - Room 480 at 11:30
2025-04-13 02:40:00 [http-nio-8081-exec-3] INFO  b.s.impl.HouseCleaningServiceImpl -   - Staff 2 is working from 11:00 to 12:00 (utilization: 25.0%)
2025-04-13 02:40:00 [http-nio-8081-exec-3] INFO  b.s.impl.HouseCleaningServiceImpl - Staff 9 is not assigned to any rooms in this shift. Consider moving to another shift.
2025-04-13 02:40:00 [http-nio-8081-exec-3] INFO  b.s.impl.HouseCleaningServiceImpl - Saved schedule for room 432: staffId=2, scheduledTime=11:00
2025-04-13 02:40:00 [http-nio-8081-exec-3] INFO  b.s.impl.HouseCleaningServiceImpl - Saved schedule for room 480: staffId=2, scheduledTime=11:30
2025-04-13 02:45:41 [SpringApplicationShutdownHook] INFO  o.s.b.w.e.tomcat.GracefulShutdown - Commencing graceful shutdown. Waiting for active requests to complete
2025-04-13 02:45:41 [tomcat-shutdown] INFO  o.s.b.w.e.tomcat.GracefulShutdown - Graceful shutdown complete
2025-04-13 02:45:41 [SpringApplicationShutdownHook] INFO  o.s.o.j.LocalContainerEntityManagerFactoryBean - Closing JPA EntityManagerFactory for persistence unit 'default'
2025-04-13 02:45:41 [SpringApplicationShutdownHook] INFO  com.zaxxer.hikari.HikariDataSource - HikariPool-1 - Shutdown initiated...
2025-04-13 02:45:41 [SpringApplicationShutdownHook] INFO  com.zaxxer.hikari.HikariDataSource - HikariPool-1 - Shutdown completed.
2025-04-13 02:45:53 [main] INFO  backend.HotelBookingApplication - Starting HotelBookingApplication using Java 17.0.13 with PID 6963 (/Users/sukuna/Documents/coding/IBE/IBE-BE/KDU/target/classes started by sukuna in /Users/sukuna/Documents/coding/IBE/IBE-BE/KDU)
2025-04-13 02:45:53 [main] INFO  backend.HotelBookingApplication - The following 1 profile is active: "dev"
2025-04-13 02:45:54 [main] INFO  o.s.d.r.c.RepositoryConfigurationDelegate - Bootstrapping Spring Data JPA repositories in DEFAULT mode.
2025-04-13 02:45:54 [main] INFO  o.s.d.r.c.RepositoryConfigurationDelegate - Finished Spring Data repository scanning in 92 ms. Found 15 JPA repository interfaces.
2025-04-13 02:45:56 [main] INFO  o.s.b.w.e.tomcat.TomcatWebServer - Tomcat initialized with port 8081 (http)
2025-04-13 02:45:56 [main] INFO  o.a.coyote.http11.Http11NioProtocol - Initializing ProtocolHandler ["http-nio-8081"]
2025-04-13 02:45:56 [main] INFO  o.a.catalina.core.StandardService - Starting service [Tomcat]
2025-04-13 02:45:56 [main] INFO  o.a.catalina.core.StandardEngine - Starting Servlet engine: [Apache Tomcat/10.1.36]
2025-04-13 02:45:56 [main] INFO  o.a.c.c.C.[Tomcat].[localhost].[/] - Initializing Spring embedded WebApplicationContext
2025-04-13 02:45:56 [main] INFO  o.s.b.w.s.c.ServletWebServerApplicationContext - Root WebApplicationContext: initialization completed in 3024 ms
2025-04-13 02:45:56 [main] INFO  com.zaxxer.hikari.HikariDataSource - HikariPool-1 - Starting...
2025-04-13 02:45:57 [main] INFO  com.zaxxer.hikari.pool.HikariPool - HikariPool-1 - Added connection org.postgresql.jdbc.PgConnection@5e7e7a7e
2025-04-13 02:45:57 [main] INFO  com.zaxxer.hikari.HikariDataSource - HikariPool-1 - Start completed.
2025-04-13 02:45:57 [main] INFO  o.s.o.j.p.SpringPersistenceUnitInfo - No LoadTimeWeaver setup: ignoring JPA class transformer
2025-04-13 02:45:58 [main] WARN  org.hibernate.orm.deprecation - HHH90000025: PostgreSQLDialect does not need to be specified explicitly using 'hibernate.dialect' (remove the property setting and it will be selected by default)
2025-04-13 02:45:59 [main] WARN  o.h.t.s.i.ExceptionHandlerLoggedImpl - GenerationTarget encountered exception accepting command : Error executing DDL "alter table if exists staff_room_map alter column staff_id set data type bigint" via JDBC [ERROR: column "staff_id" cannot be cast automatically to type bigint
  Hint: You might need to specify "USING staff_id::bigint".]
org.hibernate.tool.schema.spi.CommandAcceptanceException: Error executing DDL "alter table if exists staff_room_map alter column staff_id set data type bigint" via JDBC [ERROR: column "staff_id" cannot be cast automatically to type bigint
  Hint: You might need to specify "USING staff_id::bigint".]
	at org.hibernate.tool.schema.internal.exec.GenerationTargetToDatabase.accept(GenerationTargetToDatabase.java:94)
	at org.hibernate.tool.schema.internal.AbstractSchemaMigrator.applySqlString(AbstractSchemaMigrator.java:576)
	at org.hibernate.tool.schema.internal.AbstractSchemaMigrator.applySqlStrings(AbstractSchemaMigrator.java:516)
	at org.hibernate.tool.schema.internal.AbstractSchemaMigrator.migrateTable(AbstractSchemaMigrator.java:334)
	at org.hibernate.tool.schema.internal.GroupedSchemaMigratorImpl.performTablesMigration(GroupedSchemaMigratorImpl.java:84)
	at org.hibernate.tool.schema.internal.AbstractSchemaMigrator.performMigration(AbstractSchemaMigrator.java:233)
	at org.hibernate.tool.schema.internal.AbstractSchemaMigrator.doMigration(AbstractSchemaMigrator.java:112)
	at org.hibernate.tool.schema.spi.SchemaManagementToolCoordinator.performDatabaseAction(SchemaManagementToolCoordinator.java:280)
	at org.hibernate.tool.schema.spi.SchemaManagementToolCoordinator.lambda$process$5(SchemaManagementToolCoordinator.java:144)
	at java.base/java.util.HashMap.forEach(HashMap.java:1421)
	at org.hibernate.tool.schema.spi.SchemaManagementToolCoordinator.process(SchemaManagementToolCoordinator.java:141)
	at org.hibernate.boot.internal.SessionFactoryObserverForSchemaExport.sessionFactoryCreated(SessionFactoryObserverForSchemaExport.java:37)
	at org.hibernate.internal.SessionFactoryObserverChain.sessionFactoryCreated(SessionFactoryObserverChain.java:35)
	at org.hibernate.internal.SessionFactoryImpl.<init>(SessionFactoryImpl.java:324)
	at org.hibernate.boot.internal.SessionFactoryBuilderImpl.build(SessionFactoryBuilderImpl.java:463)
	at org.hibernate.jpa.boot.internal.EntityManagerFactoryBuilderImpl.build(EntityManagerFactoryBuilderImpl.java:1517)
	at org.springframework.orm.jpa.vendor.SpringHibernateJpaPersistenceProvider.createContainerEntityManagerFactory(SpringHibernateJpaPersistenceProvider.java:66)
	at org.springframework.orm.jpa.LocalContainerEntityManagerFactoryBean.createNativeEntityManagerFactory(LocalContainerEntityManagerFactoryBean.java:390)
	at org.springframework.orm.jpa.AbstractEntityManagerFactoryBean.buildNativeEntityManagerFactory(AbstractEntityManagerFactoryBean.java:419)
	at org.springframework.orm.jpa.AbstractEntityManagerFactoryBean.afterPropertiesSet(AbstractEntityManagerFactoryBean.java:400)
	at org.springframework.orm.jpa.LocalContainerEntityManagerFactoryBean.afterPropertiesSet(LocalContainerEntityManagerFactoryBean.java:366)
	at org.springframework.beans.factory.support.AbstractAutowireCapableBeanFactory.invokeInitMethods(AbstractAutowireCapableBeanFactory.java:1859)
	at org.springframework.beans.factory.support.AbstractAutowireCapableBeanFactory.initializeBean(AbstractAutowireCapableBeanFactory.java:1808)
	at org.springframework.beans.factory.support.AbstractAutowireCapableBeanFactory.doCreateBean(AbstractAutowireCapableBeanFactory.java:601)
	at org.springframework.beans.factory.support.AbstractAutowireCapableBeanFactory.createBean(AbstractAutowireCapableBeanFactory.java:523)
	at org.springframework.beans.factory.support.AbstractBeanFactory.lambda$doGetBean$0(AbstractBeanFactory.java:339)
	at org.springframework.beans.factory.support.DefaultSingletonBeanRegistry.getSingleton(DefaultSingletonBeanRegistry.java:346)
	at org.springframework.beans.factory.support.AbstractBeanFactory.doGetBean(AbstractBeanFactory.java:337)
	at org.springframework.beans.factory.support.AbstractBeanFactory.getBean(AbstractBeanFactory.java:207)
	at org.springframework.context.support.AbstractApplicationContext.finishBeanFactoryInitialization(AbstractApplicationContext.java:970)
	at org.springframework.context.support.AbstractApplicationContext.refresh(AbstractApplicationContext.java:627)
	at org.springframework.boot.web.servlet.context.ServletWebServerApplicationContext.refresh(ServletWebServerApplicationContext.java:146)
	at org.springframework.boot.SpringApplication.refresh(SpringApplication.java:752)
	at org.springframework.boot.SpringApplication.refreshContext(SpringApplication.java:439)
	at org.springframework.boot.SpringApplication.run(SpringApplication.java:318)
	at org.springframework.boot.SpringApplication.run(SpringApplication.java:1361)
	at org.springframework.boot.SpringApplication.run(SpringApplication.java:1350)
	at backend.HotelBookingApplication.main(HotelBookingApplication.java:15)
Caused by: org.postgresql.util.PSQLException: ERROR: column "staff_id" cannot be cast automatically to type bigint
  Hint: You might need to specify "USING staff_id::bigint".
	at org.postgresql.core.v3.QueryExecutorImpl.receiveErrorResponse(QueryExecutorImpl.java:2733)
	at org.postgresql.core.v3.QueryExecutorImpl.processResults(QueryExecutorImpl.java:2420)
	at org.postgresql.core.v3.QueryExecutorImpl.execute(QueryExecutorImpl.java:372)
	at org.postgresql.jdbc.PgStatement.executeInternal(PgStatement.java:517)
	at org.postgresql.jdbc.PgStatement.execute(PgStatement.java:434)
	at org.postgresql.jdbc.PgStatement.executeWithFlags(PgStatement.java:356)
	at org.postgresql.jdbc.PgStatement.executeCachedSql(PgStatement.java:341)
	at org.postgresql.jdbc.PgStatement.executeWithFlags(PgStatement.java:317)
	at org.postgresql.jdbc.PgStatement.execute(PgStatement.java:312)
	at com.zaxxer.hikari.pool.ProxyStatement.execute(ProxyStatement.java:94)
	at com.zaxxer.hikari.pool.HikariProxyStatement.execute(HikariProxyStatement.java)
	at org.hibernate.tool.schema.internal.exec.GenerationTargetToDatabase.accept(GenerationTargetToDatabase.java:80)
	... 37 common frames omitted
2025-04-13 02:45:59 [main] WARN  o.h.t.s.i.ExceptionHandlerLoggedImpl - GenerationTarget encountered exception accepting command : Error executing DDL "alter table if exists staff_room_map add constraint FKyd20ehofj2axxe92vl67pqvx foreign key (staff_id) references staff" via JDBC [ERROR: foreign key constraint "fkyd20ehofj2axxe92vl67pqvx" cannot be implemented
  Detail: Key columns "staff_id" and "staff_id" are of incompatible types: character varying and bigint.]
org.hibernate.tool.schema.spi.CommandAcceptanceException: Error executing DDL "alter table if exists staff_room_map add constraint FKyd20ehofj2axxe92vl67pqvx foreign key (staff_id) references staff" via JDBC [ERROR: foreign key constraint "fkyd20ehofj2axxe92vl67pqvx" cannot be implemented
  Detail: Key columns "staff_id" and "staff_id" are of incompatible types: character varying and bigint.]
	at org.hibernate.tool.schema.internal.exec.GenerationTargetToDatabase.accept(GenerationTargetToDatabase.java:94)
	at org.hibernate.tool.schema.internal.AbstractSchemaMigrator.applySqlString(AbstractSchemaMigrator.java:576)
	at org.hibernate.tool.schema.internal.AbstractSchemaMigrator.applySqlStrings(AbstractSchemaMigrator.java:516)
	at org.hibernate.tool.schema.internal.AbstractSchemaMigrator.applyForeignKeys(AbstractSchemaMigrator.java:448)
	at org.hibernate.tool.schema.internal.AbstractSchemaMigrator.performMigration(AbstractSchemaMigrator.java:269)
	at org.hibernate.tool.schema.internal.AbstractSchemaMigrator.doMigration(AbstractSchemaMigrator.java:112)
	at org.hibernate.tool.schema.spi.SchemaManagementToolCoordinator.performDatabaseAction(SchemaManagementToolCoordinator.java:280)
	at org.hibernate.tool.schema.spi.SchemaManagementToolCoordinator.lambda$process$5(SchemaManagementToolCoordinator.java:144)
	at java.base/java.util.HashMap.forEach(HashMap.java:1421)
	at org.hibernate.tool.schema.spi.SchemaManagementToolCoordinator.process(SchemaManagementToolCoordinator.java:141)
	at org.hibernate.boot.internal.SessionFactoryObserverForSchemaExport.sessionFactoryCreated(SessionFactoryObserverForSchemaExport.java:37)
	at org.hibernate.internal.SessionFactoryObserverChain.sessionFactoryCreated(SessionFactoryObserverChain.java:35)
	at org.hibernate.internal.SessionFactoryImpl.<init>(SessionFactoryImpl.java:324)
	at org.hibernate.boot.internal.SessionFactoryBuilderImpl.build(SessionFactoryBuilderImpl.java:463)
	at org.hibernate.jpa.boot.internal.EntityManagerFactoryBuilderImpl.build(EntityManagerFactoryBuilderImpl.java:1517)
	at org.springframework.orm.jpa.vendor.SpringHibernateJpaPersistenceProvider.createContainerEntityManagerFactory(SpringHibernateJpaPersistenceProvider.java:66)
	at org.springframework.orm.jpa.LocalContainerEntityManagerFactoryBean.createNativeEntityManagerFactory(LocalContainerEntityManagerFactoryBean.java:390)
	at org.springframework.orm.jpa.AbstractEntityManagerFactoryBean.buildNativeEntityManagerFactory(AbstractEntityManagerFactoryBean.java:419)
	at org.springframework.orm.jpa.AbstractEntityManagerFactoryBean.afterPropertiesSet(AbstractEntityManagerFactoryBean.java:400)
	at org.springframework.orm.jpa.LocalContainerEntityManagerFactoryBean.afterPropertiesSet(LocalContainerEntityManagerFactoryBean.java:366)
	at org.springframework.beans.factory.support.AbstractAutowireCapableBeanFactory.invokeInitMethods(AbstractAutowireCapableBeanFactory.java:1859)
	at org.springframework.beans.factory.support.AbstractAutowireCapableBeanFactory.initializeBean(AbstractAutowireCapableBeanFactory.java:1808)
	at org.springframework.beans.factory.support.AbstractAutowireCapableBeanFactory.doCreateBean(AbstractAutowireCapableBeanFactory.java:601)
	at org.springframework.beans.factory.support.AbstractAutowireCapableBeanFactory.createBean(AbstractAutowireCapableBeanFactory.java:523)
	at org.springframework.beans.factory.support.AbstractBeanFactory.lambda$doGetBean$0(AbstractBeanFactory.java:339)
	at org.springframework.beans.factory.support.DefaultSingletonBeanRegistry.getSingleton(DefaultSingletonBeanRegistry.java:346)
	at org.springframework.beans.factory.support.AbstractBeanFactory.doGetBean(AbstractBeanFactory.java:337)
	at org.springframework.beans.factory.support.AbstractBeanFactory.getBean(AbstractBeanFactory.java:207)
	at org.springframework.context.support.AbstractApplicationContext.finishBeanFactoryInitialization(AbstractApplicationContext.java:970)
	at org.springframework.context.support.AbstractApplicationContext.refresh(AbstractApplicationContext.java:627)
	at org.springframework.boot.web.servlet.context.ServletWebServerApplicationContext.refresh(ServletWebServerApplicationContext.java:146)
	at org.springframework.boot.SpringApplication.refresh(SpringApplication.java:752)
	at org.springframework.boot.SpringApplication.refreshContext(SpringApplication.java:439)
	at org.springframework.boot.SpringApplication.run(SpringApplication.java:318)
	at org.springframework.boot.SpringApplication.run(SpringApplication.java:1361)
	at org.springframework.boot.SpringApplication.run(SpringApplication.java:1350)
	at backend.HotelBookingApplication.main(HotelBookingApplication.java:15)
Caused by: org.postgresql.util.PSQLException: ERROR: foreign key constraint "fkyd20ehofj2axxe92vl67pqvx" cannot be implemented
  Detail: Key columns "staff_id" and "staff_id" are of incompatible types: character varying and bigint.
	at org.postgresql.core.v3.QueryExecutorImpl.receiveErrorResponse(QueryExecutorImpl.java:2733)
	at org.postgresql.core.v3.QueryExecutorImpl.processResults(QueryExecutorImpl.java:2420)
	at org.postgresql.core.v3.QueryExecutorImpl.execute(QueryExecutorImpl.java:372)
	at org.postgresql.jdbc.PgStatement.executeInternal(PgStatement.java:517)
	at org.postgresql.jdbc.PgStatement.execute(PgStatement.java:434)
	at org.postgresql.jdbc.PgStatement.executeWithFlags(PgStatement.java:356)
	at org.postgresql.jdbc.PgStatement.executeCachedSql(PgStatement.java:341)
	at org.postgresql.jdbc.PgStatement.executeWithFlags(PgStatement.java:317)
	at org.postgresql.jdbc.PgStatement.execute(PgStatement.java:312)
	at com.zaxxer.hikari.pool.ProxyStatement.execute(ProxyStatement.java:94)
	at com.zaxxer.hikari.pool.HikariProxyStatement.execute(HikariProxyStatement.java)
	at org.hibernate.tool.schema.internal.exec.GenerationTargetToDatabase.accept(GenerationTargetToDatabase.java:80)
	... 36 common frames omitted
2025-04-13 02:45:59 [main] INFO  o.s.o.j.LocalContainerEntityManagerFactoryBean - Initialized JPA EntityManagerFactory for persistence unit 'default'
2025-04-13 02:45:59 [main] INFO  backend.config.CorsConfig - CORS Configuration Loaded!
2025-04-13 02:45:59 [main] DEBUG o.s.c.e.PropertySourcesPropertyResolver - Found key 'spring.security.oauth2.resourceserver.jwt.issuer-uri' in PropertySource 'environmentProperties' with value of type String
2025-04-13 02:46:00 [main] INFO  o.s.d.j.r.query.QueryEnhancerFactory - Hibernate is in classpath; If applicable, HQL parser will be used.
2025-04-13 02:46:00 [main] DEBUG o.s.c.e.PropertySourcesPropertyResolver - Found key 'graphql.endpoint' in PropertySource 'environmentProperties' with value of type String
2025-04-13 02:46:00 [main] DEBUG o.s.c.e.PropertySourcesPropertyResolver - Found key 'graphql.api-key' in PropertySource 'environmentProperties' with value of type String
2025-04-13 02:46:00 [main] DEBUG o.s.c.e.PropertySourcesPropertyResolver - Found key 'graphql.api.key' in PropertySource 'environmentProperties' with value of type String
2025-04-13 02:46:00 [main] DEBUG o.s.c.e.PropertySourcesPropertyResolver - Found key 'graphql.url' in PropertySource 'environmentProperties' with value of type String
2025-04-13 02:46:00 [main] DEBUG o.s.c.e.PropertySourcesPropertyResolver - Found key 'spring.mail.username' in PropertySource 'environmentProperties' with value of type String
2025-04-13 02:46:00 [main] DEBUG o.s.c.e.PropertySourcesPropertyResolver - Found key 'otp.expiry.minutes' in PropertySource 'environmentProperties' with value of type String
2025-04-13 02:46:00 [main] DEBUG o.s.c.e.PropertySourcesPropertyResolver - Found key 'otp.max.attempts' in PropertySource 'environmentProperties' with value of type String
2025-04-13 02:46:00 [main] DEBUG o.s.c.e.PropertySourcesPropertyResolver - Found key 'graphql.endpoint' in PropertySource 'environmentProperties' with value of type String
2025-04-13 02:46:00 [main] DEBUG o.s.c.e.PropertySourcesPropertyResolver - Found key 'graphql.api-key' in PropertySource 'environmentProperties' with value of type String
2025-04-13 02:46:00 [main] DEBUG o.s.c.e.PropertySourcesPropertyResolver - Found key 'graphql.api.key' in PropertySource 'environmentProperties' with value of type String
2025-04-13 02:46:00 [main] DEBUG o.s.c.e.PropertySourcesPropertyResolver - Found key 'graphql.url' in PropertySource 'environmentProperties' with value of type String
2025-04-13 02:46:00 [main] DEBUG o.s.c.e.PropertySourcesPropertyResolver - Found key 'graphql.endpoint' in PropertySource 'environmentProperties' with value of type String
2025-04-13 02:46:00 [main] DEBUG o.s.c.e.PropertySourcesPropertyResolver - Found key 'graphql.api-key' in PropertySource 'environmentProperties' with value of type String
2025-04-13 02:46:00 [main] DEBUG o.s.c.e.PropertySourcesPropertyResolver - Found key 'graphql.endpoint' in PropertySource 'environmentProperties' with value of type String
2025-04-13 02:46:00 [main] DEBUG o.s.c.e.PropertySourcesPropertyResolver - Found key 'graphql.apiKey' in PropertySource 'environmentProperties' with value of type String
2025-04-13 02:46:00 [main] DEBUG o.s.c.e.PropertySourcesPropertyResolver - Found key 'graphql.endpoint' in PropertySource 'environmentProperties' with value of type String
2025-04-13 02:46:00 [main] DEBUG o.s.c.e.PropertySourcesPropertyResolver - Found key 'graphql.apiKey' in PropertySource 'environmentProperties' with value of type String
2025-04-13 02:46:01 [main] DEBUG o.s.c.e.PropertySourcesPropertyResolver - Found key 'api.base.url' in PropertySource 'environmentProperties' with value of type String
2025-04-13 02:46:01 [main] WARN  o.s.b.a.o.j.JpaBaseConfiguration$JpaWebConfiguration - spring.jpa.open-in-view is enabled by default. Therefore, database queries may be performed during view rendering. Explicitly configure spring.jpa.open-in-view to disable this warning
2025-04-13 02:46:01 [main] INFO  backend.config.CorsConfig - Applying CORS settings...
2025-04-13 02:46:01 [main] DEBUG o.s.s.c.a.a.c.AuthenticationConfiguration$DefaultPasswordEncoderAuthenticationManagerBuilder - No authenticationProviders and no parentAuthenticationManager defined. Returning null.
2025-04-13 02:46:01 [main] INFO  o.s.b.a.e.web.EndpointLinksResolver - Exposing 2 endpoints beneath base path '/actuator'
2025-04-13 02:46:01 [main] INFO  backend.config.SecurityConfig - Configuring security filter chain...
2025-04-13 02:46:01 [main] INFO  backend.config.SecurityConfig - Using issuer URI: https://cognito-idp.ap-south-1.amazonaws.com/ap-south-1_IGHZ9OObg
2025-04-13 02:46:01 [main] INFO  backend.config.SecurityConfig - Configuring authorization rules...
2025-04-13 02:46:01 [main] INFO  backend.config.SecurityConfig - Configuring OAuth2 resource server...
2025-04-13 02:46:01 [main] INFO  backend.config.SecurityConfig - Configuring JWT...
2025-04-13 02:46:01 [main] INFO  backend.config.SecurityConfig - Creating JWT decoder with issuer URI: https://cognito-idp.ap-south-1.amazonaws.com/ap-south-1_IGHZ9OObg
2025-04-13 02:46:02 [main] INFO  backend.config.SecurityConfig - Configuring session management...
2025-04-13 02:46:02 [main] DEBUG o.s.s.web.DefaultSecurityFilterChain - Will secure any request with filters: DisableEncodeUrlFilter, WebAsyncManagerIntegrationFilter, SecurityContextHolderFilter, HeaderWriterFilter, LogoutFilter, BearerTokenAuthenticationFilter, RequestCacheAwareFilter, SecurityContextHolderAwareRequestFilter, AnonymousAuthenticationFilter, SessionManagementFilter, ExceptionTranslationFilter, AuthorizationFilter
2025-04-13 02:46:02 [main] INFO  o.a.coyote.http11.Http11NioProtocol - Starting ProtocolHandler ["http-nio-8081"]
2025-04-13 02:46:02 [main] INFO  o.s.b.w.e.tomcat.TomcatWebServer - Tomcat started on port 8081 (http) with context path '/'
2025-04-13 02:46:02 [main] INFO  backend.HotelBookingApplication - Started HotelBookingApplication in 10.714 seconds (process running for 11.751)
2025-04-13 02:46:17 [http-nio-8081-exec-1] INFO  o.a.c.c.C.[Tomcat].[localhost].[/] - Initializing Spring DispatcherServlet 'dispatcherServlet'
2025-04-13 02:46:17 [http-nio-8081-exec-1] INFO  o.s.web.servlet.DispatcherServlet - Initializing Servlet 'dispatcherServlet'
2025-04-13 02:46:17 [http-nio-8081-exec-1] INFO  o.s.web.servlet.DispatcherServlet - Completed initialization in 4 ms
2025-04-13 02:46:17 [http-nio-8081-exec-1] DEBUG o.s.security.web.FilterChainProxy - Securing POST /api/house-cleaning/generate?date=2025-04-08
2025-04-13 02:46:17 [http-nio-8081-exec-1] DEBUG o.s.s.w.a.AnonymousAuthenticationFilter - Set SecurityContextHolder to anonymous SecurityContext
2025-04-13 02:46:17 [http-nio-8081-exec-1] DEBUG o.s.security.web.FilterChainProxy - Secured POST /api/house-cleaning/generate?date=2025-04-08
2025-04-13 02:46:17 [http-nio-8081-exec-1] INFO  b.s.impl.HouseCleaningServiceImpl - Generating cleaning schedules for date: 2025-04-08
2025-04-13 02:46:18 [http-nio-8081-exec-1] INFO  b.s.impl.HouseCleaningServiceImpl - Found 0 check-in bookings, 5 check-out bookings, and 5 current bookings for date 2025-04-08
2025-04-13 02:46:18 [http-nio-8081-exec-1] INFO  b.s.impl.BookedRoomsServiceImpl - Checking check-in rooms for date: 2025-05-15
2025-04-13 02:46:18 [http-nio-8081-exec-1] INFO  b.s.impl.BookedRoomsServiceImpl - Found 0 transactions with check-in date 2025-05-15
2025-04-13 02:46:18 [http-nio-8081-exec-1] INFO  b.s.impl.BookedRoomsServiceImpl - Booking IDs for check-in: []
2025-04-13 02:46:18 [http-nio-8081-exec-1] INFO  b.s.impl.BookedRoomsServiceImpl - No booking IDs found, returning empty list
2025-04-13 02:46:18 [http-nio-8081-exec-1] INFO  b.s.impl.BookedRoomsServiceImpl - Checking check-out rooms for date: 2025-05-15
2025-04-13 02:46:18 [http-nio-8081-exec-1] INFO  b.s.impl.BookedRoomsServiceImpl - Found 2 transactions with check-out date 2025-05-15
2025-04-13 02:46:18 [http-nio-8081-exec-1] INFO  b.s.impl.BookedRoomsServiceImpl - Booking IDs for check-out: [110, 318]
2025-04-13 02:46:23 [http-nio-8081-exec-1] INFO  b.s.impl.BookedRoomsServiceImpl - Room IDs for bookings [110, 318]: [470]
2025-04-13 02:46:23 [http-nio-8081-exec-1] INFO  b.s.impl.BookedRoomsServiceImpl - Checking currently booked rooms for date: 2025-05-15T00:00:00Z
2025-04-13 02:46:23 [http-nio-8081-exec-1] INFO  b.s.impl.BookedRoomsServiceImpl - Currently booked room IDs: [422, 470]
2025-04-13 02:46:23 [http-nio-8081-exec-1] INFO  b.s.impl.HouseCleaningServiceImpl - Found 0 check-in rooms, 1 check-out rooms, and 2 current rooms for date 2025-04-08
2025-04-13 02:46:23 [http-nio-8081-exec-1] WARN  b.s.impl.HouseCleaningServiceImpl - Could not extract room ID from booking details for booking ID 159
2025-04-13 02:46:23 [http-nio-8081-exec-1] WARN  b.s.impl.HouseCleaningServiceImpl - Could not extract room ID from booking details for booking ID 23
2025-04-13 02:46:23 [http-nio-8081-exec-1] WARN  b.s.impl.HouseCleaningServiceImpl - Could not extract room ID from booking details for booking ID 160
2025-04-13 02:46:23 [http-nio-8081-exec-1] WARN  b.s.impl.HouseCleaningServiceImpl - Could not extract room ID from booking details for booking ID 25
2025-04-13 02:46:23 [http-nio-8081-exec-1] WARN  b.s.impl.HouseCleaningServiceImpl - Could not extract room ID from booking details for booking ID 26
2025-04-13 02:46:23 [http-nio-8081-exec-1] WARN  b.s.impl.HouseCleaningServiceImpl - Could not extract room ID from booking details for booking ID 159
2025-04-13 02:46:23 [http-nio-8081-exec-1] WARN  b.s.impl.HouseCleaningServiceImpl - Could not extract room ID from booking details for booking ID 23
2025-04-13 02:46:23 [http-nio-8081-exec-1] WARN  b.s.impl.HouseCleaningServiceImpl - Could not extract room ID from booking details for booking ID 160
2025-04-13 02:46:23 [http-nio-8081-exec-1] WARN  b.s.impl.HouseCleaningServiceImpl - Could not extract room ID from booking details for booking ID 25
2025-04-13 02:46:23 [http-nio-8081-exec-1] WARN  b.s.impl.HouseCleaningServiceImpl - Could not extract room ID from booking details for booking ID 26
2025-04-13 02:46:23 [http-nio-8081-exec-1] INFO  b.s.impl.HouseCleaningServiceImpl - Room to booking map: {}
2025-04-13 02:46:23 [http-nio-8081-exec-1] WARN  b.s.impl.HouseCleaningServiceImpl - No booking ID found for room ID 470
2025-04-13 02:46:23 [http-nio-8081-exec-1] WARN  b.s.impl.HouseCleaningServiceImpl - No booking ID found for room ID 422
2025-04-13 02:46:55 [http-nio-8081-exec-3] DEBUG o.s.security.web.FilterChainProxy - Securing POST /api/house-cleaning/assign-staff?date=2025-04-08&shift=AFTERNOON_SHIFT
2025-04-13 02:46:55 [http-nio-8081-exec-3] DEBUG o.s.s.w.a.AnonymousAuthenticationFilter - Set SecurityContextHolder to anonymous SecurityContext
2025-04-13 02:46:55 [http-nio-8081-exec-3] DEBUG o.s.security.web.FilterChainProxy - Secured POST /api/house-cleaning/assign-staff?date=2025-04-08&shift=AFTERNOON_SHIFT
2025-04-13 02:46:55 [http-nio-8081-exec-3] INFO  b.s.impl.HouseCleaningServiceImpl - Assigning staff to schedules for date: 2025-04-08 and shift: AFTERNOON_SHIFT
2025-04-13 02:46:55 [http-nio-8081-exec-3] INFO  b.s.impl.HouseCleaningServiceImpl - Shift time: 11:00 to 15:00
2025-04-13 02:46:55 [http-nio-8081-exec-3] INFO  b.s.impl.HouseCleaningServiceImpl - Assigned staff 2 to room 422 for cleaning from 11:00 to 11:30, staff utilization=12.5%
2025-04-13 02:46:55 [http-nio-8081-exec-3] INFO  b.s.impl.HouseCleaningServiceImpl - Staff 2 has 1 rooms assigned (utilization: 12.5%)
2025-04-13 02:46:55 [http-nio-8081-exec-3] INFO  b.s.impl.HouseCleaningServiceImpl -   - Room 422 at 11:00
2025-04-13 02:46:55 [http-nio-8081-exec-3] INFO  b.s.impl.HouseCleaningServiceImpl -   - Staff 2 is working from 11:00 to 11:30 (utilization: 12.5%)
2025-04-13 02:46:55 [http-nio-8081-exec-3] INFO  b.s.impl.HouseCleaningServiceImpl - Staff 9 is not assigned to any rooms in this shift. Consider moving to another shift.
2025-04-13 02:46:55 [http-nio-8081-exec-3] INFO  b.s.impl.HouseCleaningServiceImpl - Saved schedule for room 422: staffId=2, scheduledTime=11:00
2025-04-13 02:47:40 [http-nio-8081-exec-5] DEBUG o.s.security.web.FilterChainProxy - Securing POST /api/house-cleaning/assign-staff?date=2025-04-08&shift=MORNING_SHIFT
2025-04-13 02:47:40 [http-nio-8081-exec-5] DEBUG o.s.s.w.a.AnonymousAuthenticationFilter - Set SecurityContextHolder to anonymous SecurityContext
2025-04-13 02:47:40 [http-nio-8081-exec-5] DEBUG o.s.security.web.FilterChainProxy - Secured POST /api/house-cleaning/assign-staff?date=2025-04-08&shift=MORNING_SHIFT
2025-04-13 02:47:40 [http-nio-8081-exec-5] INFO  b.s.impl.HouseCleaningServiceImpl - Assigning staff to schedules for date: 2025-04-08 and shift: MORNING_SHIFT
2025-04-13 02:47:40 [http-nio-8081-exec-5] INFO  b.s.impl.HouseCleaningServiceImpl - Shift time: 07:00 to 11:00
2025-04-13 02:47:40 [http-nio-8081-exec-5] INFO  b.s.impl.HouseCleaningServiceImpl - Assigned staff 1 to room 470 for cleaning from 07:00 to 09:00, staff utilization=50.0%
2025-04-13 02:47:40 [http-nio-8081-exec-5] INFO  b.s.impl.HouseCleaningServiceImpl - Staff 1 has 1 rooms assigned (utilization: 50.0%)
2025-04-13 02:47:40 [http-nio-8081-exec-5] INFO  b.s.impl.HouseCleaningServiceImpl -   - Room 470 at 07:00
2025-04-13 02:47:40 [http-nio-8081-exec-5] INFO  b.s.impl.HouseCleaningServiceImpl -   - Staff 1 is working from 07:00 to 09:00 (utilization: 50.0%)
2025-04-13 02:47:40 [http-nio-8081-exec-5] INFO  b.s.impl.HouseCleaningServiceImpl - Staff 4 is not assigned to any rooms in this shift. Consider moving to another shift.
2025-04-13 02:47:40 [http-nio-8081-exec-5] INFO  b.s.impl.HouseCleaningServiceImpl - Staff 10 is not assigned to any rooms in this shift. Consider moving to another shift.
2025-04-13 02:47:40 [http-nio-8081-exec-5] INFO  b.s.impl.HouseCleaningServiceImpl - Staff 7 is not assigned to any rooms in this shift. Consider moving to another shift.
2025-04-13 02:47:40 [http-nio-8081-exec-5] INFO  b.s.impl.HouseCleaningServiceImpl - Saved schedule for room 470: staffId=1, scheduledTime=07:00
2025-04-13 02:50:02 [http-nio-8081-exec-7] DEBUG o.s.security.web.FilterChainProxy - Securing POST /api/house-cleaning/generate?date=2025-04-08
2025-04-13 02:50:02 [http-nio-8081-exec-7] DEBUG o.s.s.w.a.AnonymousAuthenticationFilter - Set SecurityContextHolder to anonymous SecurityContext
2025-04-13 02:50:02 [http-nio-8081-exec-7] DEBUG o.s.security.web.FilterChainProxy - Secured POST /api/house-cleaning/generate?date=2025-04-08
2025-04-13 02:50:02 [http-nio-8081-exec-7] INFO  b.s.impl.HouseCleaningServiceImpl - Generating cleaning schedules for date: 2025-04-08
2025-04-13 02:50:02 [http-nio-8081-exec-7] INFO  b.s.impl.HouseCleaningServiceImpl - Found 0 check-in bookings, 5 check-out bookings, and 5 current bookings for date 2025-04-08
2025-04-13 02:50:02 [http-nio-8081-exec-7] INFO  b.s.impl.BookedRoomsServiceImpl - Checking check-in rooms for date: 2025-05-15
2025-04-13 02:50:02 [http-nio-8081-exec-7] INFO  b.s.impl.BookedRoomsServiceImpl - Found 0 transactions with check-in date 2025-05-15
2025-04-13 02:50:02 [http-nio-8081-exec-7] INFO  b.s.impl.BookedRoomsServiceImpl - Booking IDs for check-in: []
2025-04-13 02:50:02 [http-nio-8081-exec-7] INFO  b.s.impl.BookedRoomsServiceImpl - No booking IDs found, returning empty list
2025-04-13 02:50:02 [http-nio-8081-exec-7] INFO  b.s.impl.BookedRoomsServiceImpl - Checking check-out rooms for date: 2025-05-15
2025-04-13 02:50:02 [http-nio-8081-exec-7] INFO  b.s.impl.BookedRoomsServiceImpl - Found 2 transactions with check-out date 2025-05-15
2025-04-13 02:50:02 [http-nio-8081-exec-7] INFO  b.s.impl.BookedRoomsServiceImpl - Booking IDs for check-out: [110, 318]
2025-04-13 02:50:07 [http-nio-8081-exec-7] INFO  b.s.impl.BookedRoomsServiceImpl - Room IDs for bookings [110, 318]: [470]
2025-04-13 02:50:07 [http-nio-8081-exec-7] INFO  b.s.impl.BookedRoomsServiceImpl - Checking currently booked rooms for date: 2025-05-15T00:00:00Z
2025-04-13 02:50:08 [http-nio-8081-exec-7] INFO  b.s.impl.BookedRoomsServiceImpl - Currently booked room IDs: [422, 470]
2025-04-13 02:50:08 [http-nio-8081-exec-7] INFO  b.s.impl.HouseCleaningServiceImpl - Found 0 check-in rooms, 1 check-out rooms, and 2 current rooms for date 2025-04-08
2025-04-13 02:50:08 [http-nio-8081-exec-7] WARN  b.s.impl.HouseCleaningServiceImpl - Could not extract room ID from booking details for booking ID 159
2025-04-13 02:50:08 [http-nio-8081-exec-7] WARN  b.s.impl.HouseCleaningServiceImpl - Could not extract room ID from booking details for booking ID 23
2025-04-13 02:50:08 [http-nio-8081-exec-7] WARN  b.s.impl.HouseCleaningServiceImpl - Could not extract room ID from booking details for booking ID 160
2025-04-13 02:50:08 [http-nio-8081-exec-7] WARN  b.s.impl.HouseCleaningServiceImpl - Could not extract room ID from booking details for booking ID 25
2025-04-13 02:50:08 [http-nio-8081-exec-7] WARN  b.s.impl.HouseCleaningServiceImpl - Could not extract room ID from booking details for booking ID 26
2025-04-13 02:50:08 [http-nio-8081-exec-7] WARN  b.s.impl.HouseCleaningServiceImpl - Could not extract room ID from booking details for booking ID 159
2025-04-13 02:50:08 [http-nio-8081-exec-7] WARN  b.s.impl.HouseCleaningServiceImpl - Could not extract room ID from booking details for booking ID 23
2025-04-13 02:50:08 [http-nio-8081-exec-7] WARN  b.s.impl.HouseCleaningServiceImpl - Could not extract room ID from booking details for booking ID 160
2025-04-13 02:50:08 [http-nio-8081-exec-7] WARN  b.s.impl.HouseCleaningServiceImpl - Could not extract room ID from booking details for booking ID 25
2025-04-13 02:50:08 [http-nio-8081-exec-7] WARN  b.s.impl.HouseCleaningServiceImpl - Could not extract room ID from booking details for booking ID 26
2025-04-13 02:50:08 [http-nio-8081-exec-7] INFO  b.s.impl.HouseCleaningServiceImpl - Room to booking map: {}
2025-04-13 02:50:08 [http-nio-8081-exec-7] WARN  b.s.impl.HouseCleaningServiceImpl - No booking ID found for room ID 470
2025-04-13 02:50:08 [http-nio-8081-exec-7] WARN  b.s.impl.HouseCleaningServiceImpl - No booking ID found for room ID 422
2025-04-13 02:50:19 [http-nio-8081-exec-10] DEBUG o.s.security.web.FilterChainProxy - Securing POST /api/house-cleaning/assign-staff?date=2025-04-08&shift=MORNING_SHIFT
2025-04-13 02:50:19 [http-nio-8081-exec-10] DEBUG o.s.s.w.a.AnonymousAuthenticationFilter - Set SecurityContextHolder to anonymous SecurityContext
2025-04-13 02:50:19 [http-nio-8081-exec-10] DEBUG o.s.security.web.FilterChainProxy - Secured POST /api/house-cleaning/assign-staff?date=2025-04-08&shift=MORNING_SHIFT
2025-04-13 02:50:19 [http-nio-8081-exec-10] INFO  b.s.impl.HouseCleaningServiceImpl - Assigning staff to schedules for date: 2025-04-08 and shift: MORNING_SHIFT
2025-04-13 02:50:19 [http-nio-8081-exec-10] WARN  b.s.impl.HouseCleaningServiceImpl - No active staff found for shift: MORNING_SHIFT
2025-04-13 03:35:17 [HikariPool-1 housekeeper] WARN  com.zaxxer.hikari.pool.HikariPool - HikariPool-1 - Thread starvation or clock leap detected (housekeeper delta=16m19s253ms).
2025-04-13 03:51:37 [HikariPool-1 housekeeper] WARN  com.zaxxer.hikari.pool.HikariPool - HikariPool-1 - Thread starvation or clock leap detected (housekeeper delta=16m20s13ms).
2025-04-13 04:07:56 [HikariPool-1 housekeeper] WARN  com.zaxxer.hikari.pool.HikariPool - HikariPool-1 - Thread starvation or clock leap detected (housekeeper delta=16m19s889ms).
2025-04-13 04:10:06 [HikariPool-1 housekeeper] WARN  com.zaxxer.hikari.pool.HikariPool - HikariPool-1 - Thread starvation or clock leap detected (housekeeper delta=2m9s669ms).
2025-04-13 04:11:51 [HikariPool-1 housekeeper] WARN  com.zaxxer.hikari.pool.HikariPool - HikariPool-1 - Thread starvation or clock leap detected (housekeeper delta=1m44s745ms).
2025-04-13 04:13:36 [HikariPool-1 housekeeper] WARN  com.zaxxer.hikari.pool.HikariPool - HikariPool-1 - Thread starvation or clock leap detected (housekeeper delta=1m44s758ms).
2025-04-13 04:29:55 [HikariPool-1 housekeeper] WARN  com.zaxxer.hikari.pool.HikariPool - HikariPool-1 - Thread starvation or clock leap detected (housekeeper delta=16m19s816ms).
2025-04-13 04:32:05 [HikariPool-1 housekeeper] WARN  com.zaxxer.hikari.pool.HikariPool - HikariPool-1 - Thread starvation or clock leap detected (housekeeper delta=2m9s672ms).
2025-04-13 04:48:25 [HikariPool-1 housekeeper] WARN  com.zaxxer.hikari.pool.HikariPool - HikariPool-1 - Thread starvation or clock leap detected (housekeeper delta=16m19s870ms).
2025-04-13 04:50:35 [HikariPool-1 housekeeper] WARN  com.zaxxer.hikari.pool.HikariPool - HikariPool-1 - Thread starvation or clock leap detected (housekeeper delta=2m9s618ms).
2025-04-13 05:07:45 [HikariPool-1 housekeeper] WARN  com.zaxxer.hikari.pool.HikariPool - HikariPool-1 - Thread starvation or clock leap detected (housekeeper delta=17m10s4ms).
2025-04-13 05:09:29 [HikariPool-1 housekeeper] WARN  com.zaxxer.hikari.pool.HikariPool - HikariPool-1 - Thread starvation or clock leap detected (housekeeper delta=1m44s755ms).
2025-04-13 05:20:01 [HikariPool-1 housekeeper] WARN  com.zaxxer.hikari.pool.HikariPool - HikariPool-1 - Thread starvation or clock leap detected (housekeeper delta=10m31s511ms).
2025-04-13 05:36:46 [HikariPool-1 housekeeper] WARN  com.zaxxer.hikari.pool.HikariPool - HikariPool-1 - Thread starvation or clock leap detected (housekeeper delta=16m44s809ms).
2025-04-13 05:38:55 [HikariPool-1 housekeeper] WARN  com.zaxxer.hikari.pool.HikariPool - HikariPool-1 - Thread starvation or clock leap detected (housekeeper delta=2m9s679ms).
2025-04-13 05:41:05 [HikariPool-1 housekeeper] WARN  com.zaxxer.hikari.pool.HikariPool - HikariPool-1 - Thread starvation or clock leap detected (housekeeper delta=2m9s666ms).
2025-04-13 05:42:50 [HikariPool-1 housekeeper] WARN  com.zaxxer.hikari.pool.HikariPool - HikariPool-1 - Thread starvation or clock leap detected (housekeeper delta=1m44s491ms).
2025-04-13 05:44:59 [HikariPool-1 housekeeper] WARN  com.zaxxer.hikari.pool.HikariPool - HikariPool-1 - Thread starvation or clock leap detected (housekeeper delta=2m9s683ms).
2025-04-13 05:47:09 [HikariPool-1 housekeeper] WARN  com.zaxxer.hikari.pool.HikariPool - HikariPool-1 - Thread starvation or clock leap detected (housekeeper delta=2m9s680ms).
2025-04-13 06:04:19 [HikariPool-1 housekeeper] WARN  com.zaxxer.hikari.pool.HikariPool - HikariPool-1 - Thread starvation or clock leap detected (housekeeper delta=17m9s640ms).
2025-04-13 06:06:28 [HikariPool-1 housekeeper] WARN  com.zaxxer.hikari.pool.HikariPool - HikariPool-1 - Thread starvation or clock leap detected (housekeeper delta=2m9s667ms).
2025-04-13 06:22:38 [HikariPool-1 housekeeper] WARN  com.zaxxer.hikari.pool.HikariPool - HikariPool-1 - Thread starvation or clock leap detected (housekeeper delta=16m9s410ms).
2025-04-13 06:24:47 [HikariPool-1 housekeeper] WARN  com.zaxxer.hikari.pool.HikariPool - HikariPool-1 - Thread starvation or clock leap detected (housekeeper delta=2m9s673ms).
2025-04-13 06:40:42 [HikariPool-1 housekeeper] WARN  com.zaxxer.hikari.pool.HikariPool - HikariPool-1 - Thread starvation or clock leap detected (housekeeper delta=15m54s968ms).
2025-04-13 06:42:52 [HikariPool-1 housekeeper] WARN  com.zaxxer.hikari.pool.HikariPool - HikariPool-1 - Thread starvation or clock leap detected (housekeeper delta=2m9s705ms).
2025-04-13 07:22:32 [HikariPool-1 housekeeper] WARN  com.zaxxer.hikari.pool.HikariPool - HikariPool-1 - Thread starvation or clock leap detected (housekeeper delta=39m40s254ms).
2025-04-13 07:23:27 [HikariPool-1 housekeeper] WARN  com.zaxxer.hikari.pool.HikariPool - HikariPool-1 - Thread starvation or clock leap detected (housekeeper delta=54s940ms).
2025-04-13 07:40:12 [HikariPool-1 housekeeper] WARN  com.zaxxer.hikari.pool.HikariPool - HikariPool-1 - Thread starvation or clock leap detected (housekeeper delta=16m44s811ms).
2025-04-13 07:42:22 [HikariPool-1 housekeeper] WARN  com.zaxxer.hikari.pool.HikariPool - HikariPool-1 - Thread starvation or clock leap detected (housekeeper delta=2m9s684ms).
2025-04-13 07:43:42 [HikariPool-1 housekeeper] WARN  com.zaxxer.hikari.pool.HikariPool - HikariPool-1 - Thread starvation or clock leap detected (housekeeper delta=1m19s847ms).
2025-04-13 08:00:26 [HikariPool-1 housekeeper] WARN  com.zaxxer.hikari.pool.HikariPool - HikariPool-1 - Thread starvation or clock leap detected (housekeeper delta=16m44s800ms).
2025-04-13 08:02:11 [HikariPool-1 housekeeper] WARN  com.zaxxer.hikari.pool.HikariPool - HikariPool-1 - Thread starvation or clock leap detected (housekeeper delta=1m44s753ms).
2025-04-13 08:19:21 [HikariPool-1 housekeeper] WARN  com.zaxxer.hikari.pool.HikariPool - HikariPool-1 - Thread starvation or clock leap detected (housekeeper delta=17m9s651ms).
2025-04-13 08:20:16 [HikariPool-1 housekeeper] WARN  com.zaxxer.hikari.pool.HikariPool - HikariPool-1 - Thread starvation or clock leap detected (housekeeper delta=54s926ms).
2025-04-13 08:39:40 [HikariPool-1 housekeeper] WARN  com.zaxxer.hikari.pool.HikariPool - HikariPool-1 - Thread starvation or clock leap detected (housekeeper delta=19m23s971ms).
2025-04-13 08:41:49 [HikariPool-1 housekeeper] WARN  com.zaxxer.hikari.pool.HikariPool - HikariPool-1 - Thread starvation or clock leap detected (housekeeper delta=2m9s666ms).
2025-04-13 08:43:59 [HikariPool-1 housekeeper] WARN  com.zaxxer.hikari.pool.HikariPool - HikariPool-1 - Thread starvation or clock leap detected (housekeeper delta=2m9s667ms).
2025-04-13 08:46:09 [HikariPool-1 housekeeper] WARN  com.zaxxer.hikari.pool.HikariPool - HikariPool-1 - Thread starvation or clock leap detected (housekeeper delta=2m9s666ms).
2025-04-13 08:48:18 [HikariPool-1 housekeeper] WARN  com.zaxxer.hikari.pool.HikariPool - HikariPool-1 - Thread starvation or clock leap detected (housekeeper delta=2m9s667ms).
2025-04-13 08:50:03 [HikariPool-1 housekeeper] WARN  com.zaxxer.hikari.pool.HikariPool - HikariPool-1 - Thread starvation or clock leap detected (housekeeper delta=1m44s749ms).
2025-04-13 08:52:13 [HikariPool-1 housekeeper] WARN  com.zaxxer.hikari.pool.HikariPool - HikariPool-1 - Thread starvation or clock leap detected (housekeeper delta=2m9s676ms).
2025-04-13 08:53:08 [HikariPool-1 housekeeper] WARN  com.zaxxer.hikari.pool.HikariPool - HikariPool-1 - Thread starvation or clock leap detected (housekeeper delta=54s936ms).
2025-04-13 09:10:17 [HikariPool-1 housekeeper] WARN  com.zaxxer.hikari.pool.HikariPool - HikariPool-1 - Thread starvation or clock leap detected (housekeeper delta=17m9s653ms).
2025-04-13 09:12:27 [HikariPool-1 housekeeper] WARN  com.zaxxer.hikari.pool.HikariPool - HikariPool-1 - Thread starvation or clock leap detected (housekeeper delta=2m9s661ms).
2025-04-13 09:24:04 [HikariPool-1 housekeeper] WARN  com.zaxxer.hikari.pool.HikariPool - HikariPool-1 - Thread starvation or clock leap detected (housekeeper delta=11m37s74ms).
2025-04-13 09:41:14 [HikariPool-1 housekeeper] WARN  com.zaxxer.hikari.pool.HikariPool - HikariPool-1 - Thread starvation or clock leap detected (housekeeper delta=17m9s777ms).
2025-04-13 09:43:23 [HikariPool-1 housekeeper] WARN  com.zaxxer.hikari.pool.HikariPool - HikariPool-1 - Thread starvation or clock leap detected (housekeeper delta=2m9s680ms).
2025-04-13 09:45:33 [HikariPool-1 housekeeper] WARN  com.zaxxer.hikari.pool.HikariPool - HikariPool-1 - Thread starvation or clock leap detected (housekeeper delta=2m9s685ms).
2025-04-13 09:47:18 [HikariPool-1 housekeeper] WARN  com.zaxxer.hikari.pool.HikariPool - HikariPool-1 - Thread starvation or clock leap detected (housekeeper delta=1m44s591ms).
2025-04-13 09:49:27 [HikariPool-1 housekeeper] WARN  com.zaxxer.hikari.pool.HikariPool - HikariPool-1 - Thread starvation or clock leap detected (housekeeper delta=2m9s694ms).
2025-04-13 09:51:37 [HikariPool-1 housekeeper] WARN  com.zaxxer.hikari.pool.HikariPool - HikariPool-1 - Thread starvation or clock leap detected (housekeeper delta=2m9s681ms).
2025-04-13 09:53:46 [HikariPool-1 housekeeper] WARN  com.zaxxer.hikari.pool.HikariPool - HikariPool-1 - Thread starvation or clock leap detected (housekeeper delta=2m9s126ms).
2025-04-13 10:10:39 [HikariPool-1 housekeeper] WARN  com.zaxxer.hikari.pool.HikariPool - HikariPool-1 - Thread starvation or clock leap detected (housekeeper delta=16m52s494ms).
2025-04-13 10:12:24 [HikariPool-1 housekeeper] WARN  com.zaxxer.hikari.pool.HikariPool - HikariPool-1 - Thread starvation or clock leap detected (housekeeper delta=1m44s762ms).
2025-04-13 10:26:06 [HikariPool-1 housekeeper] WARN  com.zaxxer.hikari.pool.HikariPool - HikariPool-1 - Thread starvation or clock leap detected (housekeeper delta=13m42s244ms).
2025-04-13 10:28:15 [HikariPool-1 housekeeper] WARN  com.zaxxer.hikari.pool.HikariPool - HikariPool-1 - Thread starvation or clock leap detected (housekeeper delta=2m9s644ms).
2025-04-13 10:44:10 [HikariPool-1 housekeeper] WARN  com.zaxxer.hikari.pool.HikariPool - HikariPool-1 - Thread starvation or clock leap detected (housekeeper delta=15m54s985ms).
2025-04-13 10:46:20 [HikariPool-1 housekeeper] WARN  com.zaxxer.hikari.pool.HikariPool - HikariPool-1 - Thread starvation or clock leap detected (housekeeper delta=2m9s676ms).
2025-04-13 11:06:44 [HikariPool-1 housekeeper] WARN  com.zaxxer.hikari.pool.HikariPool - HikariPool-1 - Thread starvation or clock leap detected (housekeeper delta=20m23s858ms).
2025-04-13 11:44:02 [HikariPool-1 housekeeper] WARN  com.zaxxer.hikari.pool.HikariPool - HikariPool-1 - Thread starvation or clock leap detected (housekeeper delta=37m18s461ms).
2025-04-13 11:44:57 [HikariPool-1 housekeeper] WARN  com.zaxxer.hikari.pool.HikariPool - HikariPool-1 - Thread starvation or clock leap detected (housekeeper delta=54s943ms).
2025-04-13 12:00:52 [HikariPool-1 housekeeper] WARN  com.zaxxer.hikari.pool.HikariPool - HikariPool-1 - Thread starvation or clock leap detected (housekeeper delta=15m54s925ms).
2025-04-13 14:06:13 [HikariPool-1 housekeeper] WARN  com.zaxxer.hikari.pool.HikariPool - HikariPool-1 - Thread starvation or clock leap detected (housekeeper delta=16m19s849ms).
2025-04-13 14:23:03 [HikariPool-1 housekeeper] WARN  com.zaxxer.hikari.pool.HikariPool - HikariPool-1 - Thread starvation or clock leap detected (housekeeper delta=16m20s25ms).
2025-04-13 14:24:48 [HikariPool-1 housekeeper] WARN  com.zaxxer.hikari.pool.HikariPool - HikariPool-1 - Thread starvation or clock leap detected (housekeeper delta=1m44s887ms).
2025-04-13 14:41:08 [HikariPool-1 housekeeper] WARN  com.zaxxer.hikari.pool.HikariPool - HikariPool-1 - Thread starvation or clock leap detected (housekeeper delta=16m19s867ms).
2025-04-13 14:43:18 [HikariPool-1 housekeeper] WARN  com.zaxxer.hikari.pool.HikariPool - HikariPool-1 - Thread starvation or clock leap detected (housekeeper delta=2m9s750ms).
2025-04-13 15:00:03 [HikariPool-1 housekeeper] WARN  com.zaxxer.hikari.pool.HikariPool - HikariPool-1 - Thread starvation or clock leap detected (housekeeper delta=16m44s888ms).
2025-04-13 15:02:13 [HikariPool-1 housekeeper] WARN  com.zaxxer.hikari.pool.HikariPool - HikariPool-1 - Thread starvation or clock leap detected (housekeeper delta=2m10s193ms).
2025-04-13 15:20:53 [HikariPool-1 housekeeper] WARN  com.zaxxer.hikari.pool.HikariPool - HikariPool-1 - Thread starvation or clock leap detected (housekeeper delta=17m9s695ms).
2025-04-13 15:37:39 [HikariPool-1 housekeeper] WARN  com.zaxxer.hikari.pool.HikariPool - HikariPool-1 - Thread starvation or clock leap detected (housekeeper delta=16m45s521ms).
2025-04-13 15:55:54 [HikariPool-1 housekeeper] WARN  com.zaxxer.hikari.pool.HikariPool - HikariPool-1 - Thread starvation or clock leap detected (housekeeper delta=16m44s852ms).
2025-04-13 15:57:14 [HikariPool-1 housekeeper] WARN  com.zaxxer.hikari.pool.HikariPool - HikariPool-1 - Thread starvation or clock leap detected (housekeeper delta=1m19s856ms).
2025-04-13 16:13:58 [HikariPool-1 housekeeper] WARN  com.zaxxer.hikari.pool.HikariPool - HikariPool-1 - Thread starvation or clock leap detected (housekeeper delta=16m44s845ms).
2025-04-13 16:15:18 [HikariPool-1 housekeeper] WARN  com.zaxxer.hikari.pool.HikariPool - HikariPool-1 - Thread starvation or clock leap detected (housekeeper delta=1m19s861ms).
2025-04-13 16:25:00 [HikariPool-1 housekeeper] WARN  com.zaxxer.hikari.pool.HikariPool - HikariPool-1 - Thread starvation or clock leap detected (housekeeper delta=8m41s578ms).
2025-04-13 16:43:15 [HikariPool-1 housekeeper] WARN  com.zaxxer.hikari.pool.HikariPool - HikariPool-1 - Thread starvation or clock leap detected (housekeeper delta=16m44s737ms).
2025-04-13 16:45:24 [HikariPool-1 housekeeper] WARN  com.zaxxer.hikari.pool.HikariPool - HikariPool-1 - Thread starvation or clock leap detected (housekeeper delta=2m9s693ms).
2025-04-13 16:46:19 [HikariPool-1 housekeeper] WARN  com.zaxxer.hikari.pool.HikariPool - HikariPool-1 - Thread starvation or clock leap detected (housekeeper delta=54s927ms).
2025-04-13 17:03:26 [HikariPool-1 housekeeper] WARN  com.zaxxer.hikari.pool.HikariPool - HikariPool-1 - Thread starvation or clock leap detected (housekeeper delta=16m6s377ms).
2025-04-13 17:05:11 [HikariPool-1 housekeeper] WARN  com.zaxxer.hikari.pool.HikariPool - HikariPool-1 - Thread starvation or clock leap detected (housekeeper delta=1m44s782ms).
2025-04-13 17:22:36 [HikariPool-1 housekeeper] WARN  com.zaxxer.hikari.pool.HikariPool - HikariPool-1 - Thread starvation or clock leap detected (housekeeper delta=15m54s908ms).
2025-04-13 17:24:45 [HikariPool-1 housekeeper] WARN  com.zaxxer.hikari.pool.HikariPool - HikariPool-1 - Thread starvation or clock leap detected (housekeeper delta=2m9s678ms).
2025-04-13 17:41:55 [HikariPool-1 housekeeper] WARN  com.zaxxer.hikari.pool.HikariPool - HikariPool-1 - Thread starvation or clock leap detected (housekeeper delta=17m9s700ms).
2025-04-13 17:44:05 [HikariPool-1 housekeeper] WARN  com.zaxxer.hikari.pool.HikariPool - HikariPool-1 - Thread starvation or clock leap detected (housekeeper delta=2m9s670ms).
2025-04-13 18:02:19 [HikariPool-1 housekeeper] WARN  com.zaxxer.hikari.pool.HikariPool - HikariPool-1 - Thread starvation or clock leap detected (housekeeper delta=16m44s775ms).
2025-04-13 18:19:29 [HikariPool-1 housekeeper] WARN  com.zaxxer.hikari.pool.HikariPool - HikariPool-1 - Thread starvation or clock leap detected (housekeeper delta=17m9s705ms).
2025-04-13 18:21:14 [HikariPool-1 housekeeper] WARN  com.zaxxer.hikari.pool.HikariPool - HikariPool-1 - Thread starvation or clock leap detected (housekeeper delta=1m44s766ms).
2025-04-13 18:38:23 [HikariPool-1 housekeeper] WARN  com.zaxxer.hikari.pool.HikariPool - HikariPool-1 - Thread starvation or clock leap detected (housekeeper delta=17m9s654ms).
2025-04-13 18:55:33 [HikariPool-1 housekeeper] WARN  com.zaxxer.hikari.pool.HikariPool - HikariPool-1 - Thread starvation or clock leap detected (housekeeper delta=17m9s806ms).
2025-04-13 18:57:43 [HikariPool-1 housekeeper] WARN  com.zaxxer.hikari.pool.HikariPool - HikariPool-1 - Thread starvation or clock leap detected (housekeeper delta=2m9s681ms).
2025-04-13 18:59:03 [HikariPool-1 housekeeper] WARN  com.zaxxer.hikari.pool.HikariPool - HikariPool-1 - Thread starvation or clock leap detected (housekeeper delta=1m19s862ms).
2025-04-13 19:15:58 [HikariPool-1 housekeeper] WARN  com.zaxxer.hikari.pool.HikariPool - HikariPool-1 - Thread starvation or clock leap detected (housekeeper delta=15m54s969ms).
2025-04-13 19:16:53 [HikariPool-1 housekeeper] WARN  com.zaxxer.hikari.pool.HikariPool - HikariPool-1 - Thread starvation or clock leap detected (housekeeper delta=54s928ms).
2025-04-13 19:34:13 [HikariPool-1 housekeeper] WARN  com.zaxxer.hikari.pool.HikariPool - HikariPool-1 - Thread starvation or clock leap detected (housekeeper delta=16m19s897ms).
2025-04-13 19:35:57 [HikariPool-1 housekeeper] WARN  com.zaxxer.hikari.pool.HikariPool - HikariPool-1 - Thread starvation or clock leap detected (housekeeper delta=1m44s464ms).
2025-04-13 19:53:07 [HikariPool-1 housekeeper] WARN  com.zaxxer.hikari.pool.HikariPool - HikariPool-1 - Thread starvation or clock leap detected (housekeeper delta=17m9s732ms).
2025-04-13 19:54:27 [HikariPool-1 housekeeper] WARN  com.zaxxer.hikari.pool.HikariPool - HikariPool-1 - Thread starvation or clock leap detected (housekeeper delta=1m19s846ms).
2025-04-13 20:10:22 [HikariPool-1 housekeeper] WARN  com.zaxxer.hikari.pool.HikariPool - HikariPool-1 - Thread starvation or clock leap detected (housekeeper delta=15m55s22ms).
2025-04-13 20:27:42 [HikariPool-1 housekeeper] WARN  com.zaxxer.hikari.pool.HikariPool - HikariPool-1 - Thread starvation or clock leap detected (housekeeper delta=16m19s900ms).
2025-04-13 20:28:37 [HikariPool-1 housekeeper] WARN  com.zaxxer.hikari.pool.HikariPool - HikariPool-1 - Thread starvation or clock leap detected (housekeeper delta=54s941ms).
2025-04-13 20:45:25 [HikariPool-1 housekeeper] WARN  com.zaxxer.hikari.pool.HikariPool - HikariPool-1 - Thread starvation or clock leap detected (housekeeper delta=16m18s855ms).
2025-04-13 20:47:10 [HikariPool-1 housekeeper] WARN  com.zaxxer.hikari.pool.HikariPool - HikariPool-1 - Thread starvation or clock leap detected (housekeeper delta=1m44s756ms).
2025-04-13 21:08:00 [HikariPool-1 housekeeper] WARN  com.zaxxer.hikari.pool.HikariPool - HikariPool-1 - Thread starvation or clock leap detected (housekeeper delta=16m19s925ms).
2025-04-13 21:09:45 [HikariPool-1 housekeeper] WARN  com.zaxxer.hikari.pool.HikariPool - HikariPool-1 - Thread starvation or clock leap detected (housekeeper delta=1m44s864ms).
2025-04-13 21:27:35 [HikariPool-1 housekeeper] WARN  com.zaxxer.hikari.pool.HikariPool - HikariPool-1 - Thread starvation or clock leap detected (housekeeper delta=16m19s891ms).
2025-04-13 21:29:20 [HikariPool-1 housekeeper] WARN  com.zaxxer.hikari.pool.HikariPool - HikariPool-1 - Thread starvation or clock leap detected (housekeeper delta=1m44s750ms).
2025-04-13 21:45:40 [HikariPool-1 housekeeper] WARN  com.zaxxer.hikari.pool.HikariPool - HikariPool-1 - Thread starvation or clock leap detected (housekeeper delta=16m19s935ms).
2025-04-13 21:46:35 [HikariPool-1 housekeeper] WARN  com.zaxxer.hikari.pool.HikariPool - HikariPool-1 - Thread starvation or clock leap detected (housekeeper delta=54s932ms).
2025-04-13 22:04:19 [HikariPool-1 housekeeper] WARN  com.zaxxer.hikari.pool.HikariPool - HikariPool-1 - Thread starvation or clock leap detected (housekeeper delta=16m44s793ms).
2025-04-13 22:21:29 [HikariPool-1 housekeeper] WARN  com.zaxxer.hikari.pool.HikariPool - HikariPool-1 - Thread starvation or clock leap detected (housekeeper delta=17m9s326ms).
2025-04-13 22:23:38 [HikariPool-1 housekeeper] WARN  com.zaxxer.hikari.pool.HikariPool - HikariPool-1 - Thread starvation or clock leap detected (housekeeper delta=2m9s678ms).
2025-04-13 22:35:29 [HikariPool-1 housekeeper] WARN  com.zaxxer.hikari.pool.HikariPool - HikariPool-1 - Thread starvation or clock leap detected (housekeeper delta=11m50s752ms).
2025-04-13 22:45:15 [SpringApplicationShutdownHook] INFO  o.s.b.w.e.tomcat.GracefulShutdown - Commencing graceful shutdown. Waiting for active requests to complete
2025-04-13 22:45:15 [tomcat-shutdown] INFO  o.s.b.w.e.tomcat.GracefulShutdown - Graceful shutdown complete
2025-04-13 22:45:15 [SpringApplicationShutdownHook] INFO  o.s.o.j.LocalContainerEntityManagerFactoryBean - Closing JPA EntityManagerFactory for persistence unit 'default'
2025-04-13 22:45:15 [SpringApplicationShutdownHook] INFO  com.zaxxer.hikari.HikariDataSource - HikariPool-1 - Shutdown initiated...
2025-04-13 22:45:15 [SpringApplicationShutdownHook] INFO  com.zaxxer.hikari.HikariDataSource - HikariPool-1 - Shutdown completed.
2025-04-13 22:45:23 [main] INFO  backend.HotelBookingApplication - Starting HotelBookingApplication using Java 17.0.13 with PID 14497 (/Users/sukuna/Documents/coding/IBE/IBE-BE/KDU/target/classes started by sukuna in /Users/sukuna/Documents/coding/IBE/IBE-BE/KDU)
2025-04-13 22:45:23 [main] INFO  backend.HotelBookingApplication - The following 1 profile is active: "dev"
2025-04-13 22:45:24 [main] INFO  o.s.d.r.c.RepositoryConfigurationDelegate - Bootstrapping Spring Data JPA repositories in DEFAULT mode.
2025-04-13 22:45:24 [main] INFO  o.s.d.r.c.RepositoryConfigurationDelegate - Finished Spring Data repository scanning in 63 ms. Found 15 JPA repository interfaces.
2025-04-13 22:45:24 [main] INFO  o.s.b.w.e.tomcat.TomcatWebServer - Tomcat initialized with port 8081 (http)
2025-04-13 22:45:24 [main] INFO  o.a.coyote.http11.Http11NioProtocol - Initializing ProtocolHandler ["http-nio-8081"]
2025-04-13 22:45:24 [main] INFO  o.a.catalina.core.StandardService - Starting service [Tomcat]
2025-04-13 22:45:24 [main] INFO  o.a.catalina.core.StandardEngine - Starting Servlet engine: [Apache Tomcat/10.1.36]
2025-04-13 22:45:24 [main] INFO  o.a.c.c.C.[Tomcat].[localhost].[/] - Initializing Spring embedded WebApplicationContext
2025-04-13 22:45:24 [main] INFO  o.s.b.w.s.c.ServletWebServerApplicationContext - Root WebApplicationContext: initialization completed in 1539 ms
2025-04-13 22:45:25 [main] INFO  com.zaxxer.hikari.HikariDataSource - HikariPool-1 - Starting...
2025-04-13 22:45:30 [main] INFO  com.zaxxer.hikari.pool.HikariPool - HikariPool-1 - Added connection org.postgresql.jdbc.PgConnection@2e6b379c
2025-04-13 22:45:30 [main] INFO  com.zaxxer.hikari.HikariDataSource - HikariPool-1 - Start completed.
2025-04-13 22:45:31 [main] INFO  o.s.o.j.p.SpringPersistenceUnitInfo - No LoadTimeWeaver setup: ignoring JPA class transformer
2025-04-13 22:45:31 [main] WARN  org.hibernate.orm.deprecation - HHH90000025: PostgreSQLDialect does not need to be specified explicitly using 'hibernate.dialect' (remove the property setting and it will be selected by default)
2025-04-13 22:45:32 [main] WARN  o.h.t.s.i.ExceptionHandlerLoggedImpl - GenerationTarget encountered exception accepting command : Error executing DDL "alter table if exists staff_room_map alter column staff_id set data type bigint" via JDBC [ERROR: column "staff_id" cannot be cast automatically to type bigint
  Hint: You might need to specify "USING staff_id::bigint".]
org.hibernate.tool.schema.spi.CommandAcceptanceException: Error executing DDL "alter table if exists staff_room_map alter column staff_id set data type bigint" via JDBC [ERROR: column "staff_id" cannot be cast automatically to type bigint
  Hint: You might need to specify "USING staff_id::bigint".]
	at org.hibernate.tool.schema.internal.exec.GenerationTargetToDatabase.accept(GenerationTargetToDatabase.java:94)
	at org.hibernate.tool.schema.internal.AbstractSchemaMigrator.applySqlString(AbstractSchemaMigrator.java:576)
	at org.hibernate.tool.schema.internal.AbstractSchemaMigrator.applySqlStrings(AbstractSchemaMigrator.java:516)
	at org.hibernate.tool.schema.internal.AbstractSchemaMigrator.migrateTable(AbstractSchemaMigrator.java:334)
	at org.hibernate.tool.schema.internal.GroupedSchemaMigratorImpl.performTablesMigration(GroupedSchemaMigratorImpl.java:84)
	at org.hibernate.tool.schema.internal.AbstractSchemaMigrator.performMigration(AbstractSchemaMigrator.java:233)
	at org.hibernate.tool.schema.internal.AbstractSchemaMigrator.doMigration(AbstractSchemaMigrator.java:112)
	at org.hibernate.tool.schema.spi.SchemaManagementToolCoordinator.performDatabaseAction(SchemaManagementToolCoordinator.java:280)
	at org.hibernate.tool.schema.spi.SchemaManagementToolCoordinator.lambda$process$5(SchemaManagementToolCoordinator.java:144)
	at java.base/java.util.HashMap.forEach(HashMap.java:1421)
	at org.hibernate.tool.schema.spi.SchemaManagementToolCoordinator.process(SchemaManagementToolCoordinator.java:141)
	at org.hibernate.boot.internal.SessionFactoryObserverForSchemaExport.sessionFactoryCreated(SessionFactoryObserverForSchemaExport.java:37)
	at org.hibernate.internal.SessionFactoryObserverChain.sessionFactoryCreated(SessionFactoryObserverChain.java:35)
	at org.hibernate.internal.SessionFactoryImpl.<init>(SessionFactoryImpl.java:324)
	at org.hibernate.boot.internal.SessionFactoryBuilderImpl.build(SessionFactoryBuilderImpl.java:463)
	at org.hibernate.jpa.boot.internal.EntityManagerFactoryBuilderImpl.build(EntityManagerFactoryBuilderImpl.java:1517)
	at org.springframework.orm.jpa.vendor.SpringHibernateJpaPersistenceProvider.createContainerEntityManagerFactory(SpringHibernateJpaPersistenceProvider.java:66)
	at org.springframework.orm.jpa.LocalContainerEntityManagerFactoryBean.createNativeEntityManagerFactory(LocalContainerEntityManagerFactoryBean.java:390)
	at org.springframework.orm.jpa.AbstractEntityManagerFactoryBean.buildNativeEntityManagerFactory(AbstractEntityManagerFactoryBean.java:419)
	at org.springframework.orm.jpa.AbstractEntityManagerFactoryBean.afterPropertiesSet(AbstractEntityManagerFactoryBean.java:400)
	at org.springframework.orm.jpa.LocalContainerEntityManagerFactoryBean.afterPropertiesSet(LocalContainerEntityManagerFactoryBean.java:366)
	at org.springframework.beans.factory.support.AbstractAutowireCapableBeanFactory.invokeInitMethods(AbstractAutowireCapableBeanFactory.java:1859)
	at org.springframework.beans.factory.support.AbstractAutowireCapableBeanFactory.initializeBean(AbstractAutowireCapableBeanFactory.java:1808)
	at org.springframework.beans.factory.support.AbstractAutowireCapableBeanFactory.doCreateBean(AbstractAutowireCapableBeanFactory.java:601)
	at org.springframework.beans.factory.support.AbstractAutowireCapableBeanFactory.createBean(AbstractAutowireCapableBeanFactory.java:523)
	at org.springframework.beans.factory.support.AbstractBeanFactory.lambda$doGetBean$0(AbstractBeanFactory.java:339)
	at org.springframework.beans.factory.support.DefaultSingletonBeanRegistry.getSingleton(DefaultSingletonBeanRegistry.java:346)
	at org.springframework.beans.factory.support.AbstractBeanFactory.doGetBean(AbstractBeanFactory.java:337)
	at org.springframework.beans.factory.support.AbstractBeanFactory.getBean(AbstractBeanFactory.java:207)
	at org.springframework.context.support.AbstractApplicationContext.finishBeanFactoryInitialization(AbstractApplicationContext.java:970)
	at org.springframework.context.support.AbstractApplicationContext.refresh(AbstractApplicationContext.java:627)
	at org.springframework.boot.web.servlet.context.ServletWebServerApplicationContext.refresh(ServletWebServerApplicationContext.java:146)
	at org.springframework.boot.SpringApplication.refresh(SpringApplication.java:752)
	at org.springframework.boot.SpringApplication.refreshContext(SpringApplication.java:439)
	at org.springframework.boot.SpringApplication.run(SpringApplication.java:318)
	at org.springframework.boot.SpringApplication.run(SpringApplication.java:1361)
	at org.springframework.boot.SpringApplication.run(SpringApplication.java:1350)
	at backend.HotelBookingApplication.main(HotelBookingApplication.java:15)
Caused by: org.postgresql.util.PSQLException: ERROR: column "staff_id" cannot be cast automatically to type bigint
  Hint: You might need to specify "USING staff_id::bigint".
	at org.postgresql.core.v3.QueryExecutorImpl.receiveErrorResponse(QueryExecutorImpl.java:2733)
	at org.postgresql.core.v3.QueryExecutorImpl.processResults(QueryExecutorImpl.java:2420)
	at org.postgresql.core.v3.QueryExecutorImpl.execute(QueryExecutorImpl.java:372)
	at org.postgresql.jdbc.PgStatement.executeInternal(PgStatement.java:517)
	at org.postgresql.jdbc.PgStatement.execute(PgStatement.java:434)
	at org.postgresql.jdbc.PgStatement.executeWithFlags(PgStatement.java:356)
	at org.postgresql.jdbc.PgStatement.executeCachedSql(PgStatement.java:341)
	at org.postgresql.jdbc.PgStatement.executeWithFlags(PgStatement.java:317)
	at org.postgresql.jdbc.PgStatement.execute(PgStatement.java:312)
	at com.zaxxer.hikari.pool.ProxyStatement.execute(ProxyStatement.java:94)
	at com.zaxxer.hikari.pool.HikariProxyStatement.execute(HikariProxyStatement.java)
	at org.hibernate.tool.schema.internal.exec.GenerationTargetToDatabase.accept(GenerationTargetToDatabase.java:80)
	... 37 common frames omitted
2025-04-13 22:45:32 [main] WARN  o.h.t.s.i.ExceptionHandlerLoggedImpl - GenerationTarget encountered exception accepting command : Error executing DDL "alter table if exists staff_room_map add constraint FKyd20ehofj2axxe92vl67pqvx foreign key (staff_id) references staff" via JDBC [ERROR: foreign key constraint "fkyd20ehofj2axxe92vl67pqvx" cannot be implemented
  Detail: Key columns "staff_id" and "staff_id" are of incompatible types: character varying and bigint.]
org.hibernate.tool.schema.spi.CommandAcceptanceException: Error executing DDL "alter table if exists staff_room_map add constraint FKyd20ehofj2axxe92vl67pqvx foreign key (staff_id) references staff" via JDBC [ERROR: foreign key constraint "fkyd20ehofj2axxe92vl67pqvx" cannot be implemented
  Detail: Key columns "staff_id" and "staff_id" are of incompatible types: character varying and bigint.]
	at org.hibernate.tool.schema.internal.exec.GenerationTargetToDatabase.accept(GenerationTargetToDatabase.java:94)
	at org.hibernate.tool.schema.internal.AbstractSchemaMigrator.applySqlString(AbstractSchemaMigrator.java:576)
	at org.hibernate.tool.schema.internal.AbstractSchemaMigrator.applySqlStrings(AbstractSchemaMigrator.java:516)
	at org.hibernate.tool.schema.internal.AbstractSchemaMigrator.applyForeignKeys(AbstractSchemaMigrator.java:448)
	at org.hibernate.tool.schema.internal.AbstractSchemaMigrator.performMigration(AbstractSchemaMigrator.java:269)
	at org.hibernate.tool.schema.internal.AbstractSchemaMigrator.doMigration(AbstractSchemaMigrator.java:112)
	at org.hibernate.tool.schema.spi.SchemaManagementToolCoordinator.performDatabaseAction(SchemaManagementToolCoordinator.java:280)
	at org.hibernate.tool.schema.spi.SchemaManagementToolCoordinator.lambda$process$5(SchemaManagementToolCoordinator.java:144)
	at java.base/java.util.HashMap.forEach(HashMap.java:1421)
	at org.hibernate.tool.schema.spi.SchemaManagementToolCoordinator.process(SchemaManagementToolCoordinator.java:141)
	at org.hibernate.boot.internal.SessionFactoryObserverForSchemaExport.sessionFactoryCreated(SessionFactoryObserverForSchemaExport.java:37)
	at org.hibernate.internal.SessionFactoryObserverChain.sessionFactoryCreated(SessionFactoryObserverChain.java:35)
	at org.hibernate.internal.SessionFactoryImpl.<init>(SessionFactoryImpl.java:324)
	at org.hibernate.boot.internal.SessionFactoryBuilderImpl.build(SessionFactoryBuilderImpl.java:463)
	at org.hibernate.jpa.boot.internal.EntityManagerFactoryBuilderImpl.build(EntityManagerFactoryBuilderImpl.java:1517)
	at org.springframework.orm.jpa.vendor.SpringHibernateJpaPersistenceProvider.createContainerEntityManagerFactory(SpringHibernateJpaPersistenceProvider.java:66)
	at org.springframework.orm.jpa.LocalContainerEntityManagerFactoryBean.createNativeEntityManagerFactory(LocalContainerEntityManagerFactoryBean.java:390)
	at org.springframework.orm.jpa.AbstractEntityManagerFactoryBean.buildNativeEntityManagerFactory(AbstractEntityManagerFactoryBean.java:419)
	at org.springframework.orm.jpa.AbstractEntityManagerFactoryBean.afterPropertiesSet(AbstractEntityManagerFactoryBean.java:400)
	at org.springframework.orm.jpa.LocalContainerEntityManagerFactoryBean.afterPropertiesSet(LocalContainerEntityManagerFactoryBean.java:366)
	at org.springframework.beans.factory.support.AbstractAutowireCapableBeanFactory.invokeInitMethods(AbstractAutowireCapableBeanFactory.java:1859)
	at org.springframework.beans.factory.support.AbstractAutowireCapableBeanFactory.initializeBean(AbstractAutowireCapableBeanFactory.java:1808)
	at org.springframework.beans.factory.support.AbstractAutowireCapableBeanFactory.doCreateBean(AbstractAutowireCapableBeanFactory.java:601)
	at org.springframework.beans.factory.support.AbstractAutowireCapableBeanFactory.createBean(AbstractAutowireCapableBeanFactory.java:523)
	at org.springframework.beans.factory.support.AbstractBeanFactory.lambda$doGetBean$0(AbstractBeanFactory.java:339)
	at org.springframework.beans.factory.support.DefaultSingletonBeanRegistry.getSingleton(DefaultSingletonBeanRegistry.java:346)
	at org.springframework.beans.factory.support.AbstractBeanFactory.doGetBean(AbstractBeanFactory.java:337)
	at org.springframework.beans.factory.support.AbstractBeanFactory.getBean(AbstractBeanFactory.java:207)
	at org.springframework.context.support.AbstractApplicationContext.finishBeanFactoryInitialization(AbstractApplicationContext.java:970)
	at org.springframework.context.support.AbstractApplicationContext.refresh(AbstractApplicationContext.java:627)
	at org.springframework.boot.web.servlet.context.ServletWebServerApplicationContext.refresh(ServletWebServerApplicationContext.java:146)
	at org.springframework.boot.SpringApplication.refresh(SpringApplication.java:752)
	at org.springframework.boot.SpringApplication.refreshContext(SpringApplication.java:439)
	at org.springframework.boot.SpringApplication.run(SpringApplication.java:318)
	at org.springframework.boot.SpringApplication.run(SpringApplication.java:1361)
	at org.springframework.boot.SpringApplication.run(SpringApplication.java:1350)
	at backend.HotelBookingApplication.main(HotelBookingApplication.java:15)
Caused by: org.postgresql.util.PSQLException: ERROR: foreign key constraint "fkyd20ehofj2axxe92vl67pqvx" cannot be implemented
  Detail: Key columns "staff_id" and "staff_id" are of incompatible types: character varying and bigint.
	at org.postgresql.core.v3.QueryExecutorImpl.receiveErrorResponse(QueryExecutorImpl.java:2733)
	at org.postgresql.core.v3.QueryExecutorImpl.processResults(QueryExecutorImpl.java:2420)
	at org.postgresql.core.v3.QueryExecutorImpl.execute(QueryExecutorImpl.java:372)
	at org.postgresql.jdbc.PgStatement.executeInternal(PgStatement.java:517)
	at org.postgresql.jdbc.PgStatement.execute(PgStatement.java:434)
	at org.postgresql.jdbc.PgStatement.executeWithFlags(PgStatement.java:356)
	at org.postgresql.jdbc.PgStatement.executeCachedSql(PgStatement.java:341)
	at org.postgresql.jdbc.PgStatement.executeWithFlags(PgStatement.java:317)
	at org.postgresql.jdbc.PgStatement.execute(PgStatement.java:312)
	at com.zaxxer.hikari.pool.ProxyStatement.execute(ProxyStatement.java:94)
	at com.zaxxer.hikari.pool.HikariProxyStatement.execute(HikariProxyStatement.java)
	at org.hibernate.tool.schema.internal.exec.GenerationTargetToDatabase.accept(GenerationTargetToDatabase.java:80)
	... 36 common frames omitted
2025-04-13 22:45:32 [main] INFO  o.s.o.j.LocalContainerEntityManagerFactoryBean - Initialized JPA EntityManagerFactory for persistence unit 'default'
2025-04-13 22:45:32 [main] INFO  backend.config.CorsConfig - CORS Configuration Loaded!
2025-04-13 22:45:32 [main] DEBUG o.s.c.e.PropertySourcesPropertyResolver - Found key 'spring.security.oauth2.resourceserver.jwt.issuer-uri' in PropertySource 'environmentProperties' with value of type String
2025-04-13 22:45:33 [main] INFO  o.s.d.j.r.query.QueryEnhancerFactory - Hibernate is in classpath; If applicable, HQL parser will be used.
2025-04-13 22:45:33 [main] DEBUG o.s.c.e.PropertySourcesPropertyResolver - Found key 'graphql.endpoint' in PropertySource 'environmentProperties' with value of type String
2025-04-13 22:45:33 [main] DEBUG o.s.c.e.PropertySourcesPropertyResolver - Found key 'graphql.api-key' in PropertySource 'environmentProperties' with value of type String
2025-04-13 22:45:33 [main] DEBUG o.s.c.e.PropertySourcesPropertyResolver - Found key 'graphql.api.key' in PropertySource 'environmentProperties' with value of type String
2025-04-13 22:45:33 [main] DEBUG o.s.c.e.PropertySourcesPropertyResolver - Found key 'graphql.url' in PropertySource 'environmentProperties' with value of type String
2025-04-13 22:45:33 [main] DEBUG o.s.c.e.PropertySourcesPropertyResolver - Found key 'spring.mail.username' in PropertySource 'environmentProperties' with value of type String
2025-04-13 22:45:33 [main] DEBUG o.s.c.e.PropertySourcesPropertyResolver - Found key 'otp.expiry.minutes' in PropertySource 'environmentProperties' with value of type String
2025-04-13 22:45:33 [main] DEBUG o.s.c.e.PropertySourcesPropertyResolver - Found key 'otp.max.attempts' in PropertySource 'environmentProperties' with value of type String
2025-04-13 22:45:33 [main] DEBUG o.s.c.e.PropertySourcesPropertyResolver - Found key 'graphql.endpoint' in PropertySource 'environmentProperties' with value of type String
2025-04-13 22:45:33 [main] DEBUG o.s.c.e.PropertySourcesPropertyResolver - Found key 'graphql.api-key' in PropertySource 'environmentProperties' with value of type String
2025-04-13 22:45:33 [main] DEBUG o.s.c.e.PropertySourcesPropertyResolver - Found key 'graphql.api.key' in PropertySource 'environmentProperties' with value of type String
2025-04-13 22:45:33 [main] DEBUG o.s.c.e.PropertySourcesPropertyResolver - Found key 'graphql.url' in PropertySource 'environmentProperties' with value of type String
2025-04-13 22:45:33 [main] DEBUG o.s.c.e.PropertySourcesPropertyResolver - Found key 'graphql.endpoint' in PropertySource 'environmentProperties' with value of type String
2025-04-13 22:45:33 [main] DEBUG o.s.c.e.PropertySourcesPropertyResolver - Found key 'graphql.api-key' in PropertySource 'environmentProperties' with value of type String
2025-04-13 22:45:33 [main] DEBUG o.s.c.e.PropertySourcesPropertyResolver - Found key 'graphql.endpoint' in PropertySource 'environmentProperties' with value of type String
2025-04-13 22:45:33 [main] DEBUG o.s.c.e.PropertySourcesPropertyResolver - Found key 'graphql.apiKey' in PropertySource 'environmentProperties' with value of type String
2025-04-13 22:45:33 [main] DEBUG o.s.c.e.PropertySourcesPropertyResolver - Found key 'graphql.endpoint' in PropertySource 'environmentProperties' with value of type String
2025-04-13 22:45:33 [main] DEBUG o.s.c.e.PropertySourcesPropertyResolver - Found key 'graphql.apiKey' in PropertySource 'environmentProperties' with value of type String
2025-04-13 22:45:33 [main] DEBUG o.s.c.e.PropertySourcesPropertyResolver - Found key 'api.base.url' in PropertySource 'environmentProperties' with value of type String
2025-04-13 22:45:33 [main] WARN  o.s.b.a.o.j.JpaBaseConfiguration$JpaWebConfiguration - spring.jpa.open-in-view is enabled by default. Therefore, database queries may be performed during view rendering. Explicitly configure spring.jpa.open-in-view to disable this warning
2025-04-13 22:45:34 [main] INFO  backend.config.CorsConfig - Applying CORS settings...
2025-04-13 22:45:34 [main] DEBUG o.s.s.c.a.a.c.AuthenticationConfiguration$DefaultPasswordEncoderAuthenticationManagerBuilder - No authenticationProviders and no parentAuthenticationManager defined. Returning null.
2025-04-13 22:45:34 [main] INFO  o.s.b.a.e.web.EndpointLinksResolver - Exposing 2 endpoints beneath base path '/actuator'
2025-04-13 22:45:34 [main] INFO  backend.config.SecurityConfig - Configuring security filter chain...
2025-04-13 22:45:34 [main] INFO  backend.config.SecurityConfig - Using issuer URI: https://cognito-idp.ap-south-1.amazonaws.com/ap-south-1_IGHZ9OObg
2025-04-13 22:45:34 [main] INFO  backend.config.SecurityConfig - Configuring authorization rules...
2025-04-13 22:45:34 [main] INFO  backend.config.SecurityConfig - Configuring OAuth2 resource server...
2025-04-13 22:45:34 [main] INFO  backend.config.SecurityConfig - Configuring JWT...
2025-04-13 22:45:34 [main] INFO  backend.config.SecurityConfig - Creating JWT decoder with issuer URI: https://cognito-idp.ap-south-1.amazonaws.com/ap-south-1_IGHZ9OObg
2025-04-13 22:45:34 [main] INFO  backend.config.SecurityConfig - Configuring session management...
2025-04-13 22:45:34 [main] DEBUG o.s.s.web.DefaultSecurityFilterChain - Will secure any request with filters: DisableEncodeUrlFilter, WebAsyncManagerIntegrationFilter, SecurityContextHolderFilter, HeaderWriterFilter, LogoutFilter, BearerTokenAuthenticationFilter, RequestCacheAwareFilter, SecurityContextHolderAwareRequestFilter, AnonymousAuthenticationFilter, SessionManagementFilter, ExceptionTranslationFilter, AuthorizationFilter
2025-04-13 22:45:35 [main] INFO  o.a.coyote.http11.Http11NioProtocol - Starting ProtocolHandler ["http-nio-8081"]
2025-04-13 22:45:35 [main] INFO  o.s.b.w.e.tomcat.TomcatWebServer - Tomcat started on port 8081 (http) with context path '/'
2025-04-13 22:45:35 [main] INFO  backend.HotelBookingApplication - Started HotelBookingApplication in 12.973 seconds (process running for 14.294)
2025-04-13 22:45:48 [http-nio-8081-exec-1] INFO  o.a.c.c.C.[Tomcat].[localhost].[/] - Initializing Spring DispatcherServlet 'dispatcherServlet'
2025-04-13 22:45:48 [http-nio-8081-exec-1] INFO  o.s.web.servlet.DispatcherServlet - Initializing Servlet 'dispatcherServlet'
2025-04-13 22:45:48 [http-nio-8081-exec-1] INFO  o.s.web.servlet.DispatcherServlet - Completed initialization in 6 ms
2025-04-13 22:45:49 [http-nio-8081-exec-1] DEBUG o.s.security.web.FilterChainProxy - Securing POST /api/house-cleaning/generate?date=2025-04-08
2025-04-13 22:45:49 [http-nio-8081-exec-1] DEBUG o.s.s.w.a.AnonymousAuthenticationFilter - Set SecurityContextHolder to anonymous SecurityContext
2025-04-13 22:45:49 [http-nio-8081-exec-1] DEBUG o.s.security.web.FilterChainProxy - Secured POST /api/house-cleaning/generate?date=2025-04-08
2025-04-13 22:45:49 [http-nio-8081-exec-1] INFO  b.s.impl.HouseCleaningServiceImpl - Generating cleaning schedules for date: 2025-04-08
2025-04-13 22:45:49 [http-nio-8081-exec-1] INFO  b.s.impl.HouseCleaningServiceImpl - Found 0 check-in bookings, 5 check-out bookings, and 5 current bookings for date 2025-04-08
2025-04-13 22:45:49 [http-nio-8081-exec-1] INFO  b.s.impl.BookedRoomsServiceImpl - Checking check-in rooms for date: 2025-05-15
2025-04-13 22:45:49 [http-nio-8081-exec-1] INFO  b.s.impl.BookedRoomsServiceImpl - Found 0 transactions with check-in date 2025-05-15
2025-04-13 22:45:49 [http-nio-8081-exec-1] INFO  b.s.impl.BookedRoomsServiceImpl - Booking IDs for check-in: []
2025-04-13 22:45:49 [http-nio-8081-exec-1] INFO  b.s.impl.BookedRoomsServiceImpl - No booking IDs found, returning empty list
2025-04-13 22:45:49 [http-nio-8081-exec-1] INFO  b.s.impl.BookedRoomsServiceImpl - Checking check-out rooms for date: 2025-05-15
2025-04-13 22:45:49 [http-nio-8081-exec-1] INFO  b.s.impl.BookedRoomsServiceImpl - Found 2 transactions with check-out date 2025-05-15
2025-04-13 22:45:49 [http-nio-8081-exec-1] INFO  b.s.impl.BookedRoomsServiceImpl - Booking IDs for check-out: [110, 318]
2025-04-13 22:45:54 [http-nio-8081-exec-1] INFO  b.s.impl.BookedRoomsServiceImpl - Room IDs for bookings [110, 318]: [470]
2025-04-13 22:45:54 [http-nio-8081-exec-1] INFO  b.s.impl.BookedRoomsServiceImpl - Checking currently booked rooms for date: 2025-05-15T00:00:00Z
2025-04-13 22:45:55 [http-nio-8081-exec-1] INFO  b.s.impl.BookedRoomsServiceImpl - Currently booked room IDs: [422, 470]
2025-04-13 22:45:55 [http-nio-8081-exec-1] INFO  b.s.impl.HouseCleaningServiceImpl - Found 0 check-in rooms, 1 check-out rooms, and 2 current rooms for date 2025-04-08
2025-04-13 22:45:55 [http-nio-8081-exec-1] WARN  b.s.impl.HouseCleaningServiceImpl - Could not extract room ID from booking details for booking ID 159
2025-04-13 22:45:55 [http-nio-8081-exec-1] WARN  b.s.impl.HouseCleaningServiceImpl - Could not extract room ID from booking details for booking ID 23
2025-04-13 22:45:55 [http-nio-8081-exec-1] WARN  b.s.impl.HouseCleaningServiceImpl - Could not extract room ID from booking details for booking ID 160
2025-04-13 22:45:55 [http-nio-8081-exec-1] WARN  b.s.impl.HouseCleaningServiceImpl - Could not extract room ID from booking details for booking ID 25
2025-04-13 22:45:55 [http-nio-8081-exec-1] WARN  b.s.impl.HouseCleaningServiceImpl - Could not extract room ID from booking details for booking ID 26
2025-04-13 22:45:55 [http-nio-8081-exec-1] WARN  b.s.impl.HouseCleaningServiceImpl - Could not extract room ID from booking details for booking ID 159
2025-04-13 22:45:55 [http-nio-8081-exec-1] WARN  b.s.impl.HouseCleaningServiceImpl - Could not extract room ID from booking details for booking ID 23
2025-04-13 22:45:55 [http-nio-8081-exec-1] WARN  b.s.impl.HouseCleaningServiceImpl - Could not extract room ID from booking details for booking ID 160
2025-04-13 22:45:55 [http-nio-8081-exec-1] WARN  b.s.impl.HouseCleaningServiceImpl - Could not extract room ID from booking details for booking ID 25
2025-04-13 22:45:55 [http-nio-8081-exec-1] WARN  b.s.impl.HouseCleaningServiceImpl - Could not extract room ID from booking details for booking ID 26
2025-04-13 22:45:55 [http-nio-8081-exec-1] INFO  b.s.impl.HouseCleaningServiceImpl - Room to booking map: {}
2025-04-13 22:45:55 [http-nio-8081-exec-1] WARN  b.s.impl.HouseCleaningServiceImpl - No booking ID found for room ID 470
2025-04-13 22:45:55 [http-nio-8081-exec-1] WARN  b.s.impl.HouseCleaningServiceImpl - No booking ID found for room ID 422
2025-04-13 22:46:02 [http-nio-8081-exec-3] DEBUG o.s.security.web.FilterChainProxy - Securing POST /api/house-cleaning/assign-staff?date=2025-04-08&shift=MORNING_SHIFT
2025-04-13 22:46:02 [http-nio-8081-exec-3] DEBUG o.s.s.w.a.AnonymousAuthenticationFilter - Set SecurityContextHolder to anonymous SecurityContext
2025-04-13 22:46:02 [http-nio-8081-exec-3] DEBUG o.s.security.web.FilterChainProxy - Secured POST /api/house-cleaning/assign-staff?date=2025-04-08&shift=MORNING_SHIFT
2025-04-13 22:46:02 [http-nio-8081-exec-3] INFO  b.s.impl.HouseCleaningServiceImpl - Assigning staff to schedules for date: 2025-04-08 and shift: MORNING_SHIFT
2025-04-13 22:46:02 [http-nio-8081-exec-3] INFO  b.s.impl.HouseCleaningServiceImpl - Shift time: 07:00 to 11:00
2025-04-13 22:46:02 [http-nio-8081-exec-3] INFO  b.s.impl.HouseCleaningServiceImpl - STAFF REQUIREMENTS: 1 staff needed for 1 rooms in shift MORNING_SHIFT. 3 staff available, 2 excess staff.
2025-04-13 22:46:02 [http-nio-8081-exec-3] INFO  b.s.impl.HouseCleaningServiceImpl - Assigned staff 4 to room 470 for cleaning from 07:00 to 09:00, staff utilization=50.0%
2025-04-13 22:46:02 [http-nio-8081-exec-3] INFO  b.s.impl.HouseCleaningServiceImpl - Staff 4 is underutilized (50.0%). Consider moving to another shift.
2025-04-13 22:46:02 [http-nio-8081-exec-3] INFO  b.s.impl.HouseCleaningServiceImpl - Staff 4 has 1 rooms assigned (utilization: 50.0%)
2025-04-13 22:46:02 [http-nio-8081-exec-3] INFO  b.s.impl.HouseCleaningServiceImpl -   - Room 470 at 07:00
2025-04-13 22:46:02 [http-nio-8081-exec-3] INFO  b.s.impl.HouseCleaningServiceImpl -   - Staff 4 is working from 07:00 to 09:00 (utilization: 50.0%)
2025-04-13 22:46:02 [http-nio-8081-exec-3] INFO  b.s.impl.HouseCleaningServiceImpl - Staff 10 is not assigned to any rooms in this shift. Will move to another shift.
2025-04-13 22:46:02 [http-nio-8081-exec-3] INFO  b.s.impl.HouseCleaningServiceImpl - Staff 7 is not assigned to any rooms in this shift. Will move to another shift.
2025-04-13 22:46:02 [http-nio-8081-exec-3] INFO  b.s.impl.HouseCleaningServiceImpl - STAFF ANALYSIS - Shift AFTERNOON_SHIFT: 1 rooms, 2 staff available, 1 staff required
2025-04-13 22:46:02 [http-nio-8081-exec-3] INFO  b.s.impl.HouseCleaningServiceImpl - STAFF ANALYSIS - Shift EVENING_SHIFT: 0 rooms, 3 staff available, 0 staff required
2025-04-13 22:46:02 [http-nio-8081-exec-3] INFO  b.s.impl.HouseCleaningServiceImpl - Attempting to reassign 2 unused staff members from MORNING_SHIFT shift
2025-04-13 22:46:02 [http-nio-8081-exec-3] INFO  b.s.impl.HouseCleaningServiceImpl - No other shifts need additional staff. Staff 7 remains in shift MORNING_SHIFT
2025-04-13 22:46:02 [http-nio-8081-exec-3] INFO  b.s.impl.HouseCleaningServiceImpl - No other shifts need additional staff. Staff 10 remains in shift MORNING_SHIFT
2025-04-13 22:46:02 [http-nio-8081-exec-3] INFO  b.s.impl.HouseCleaningServiceImpl - Considering 1 underutilized staff members from MORNING_SHIFT shift for reassignment
2025-04-13 22:46:02 [http-nio-8081-exec-3] INFO  b.s.impl.HouseCleaningServiceImpl - Saved schedule for room 470: staffId=4, scheduledTime=07:00
2025-04-13 22:48:15 [http-nio-8081-exec-5] DEBUG o.s.security.web.FilterChainProxy - Securing POST /api/house-cleaning/generate?date=2025-04-08
2025-04-13 22:48:15 [http-nio-8081-exec-5] DEBUG o.s.s.w.a.AnonymousAuthenticationFilter - Set SecurityContextHolder to anonymous SecurityContext
2025-04-13 22:48:15 [http-nio-8081-exec-5] DEBUG o.s.security.web.FilterChainProxy - Secured POST /api/house-cleaning/generate?date=2025-04-08
2025-04-13 22:48:15 [http-nio-8081-exec-5] INFO  b.s.impl.HouseCleaningServiceImpl - Generating cleaning schedules for date: 2025-04-08
2025-04-13 22:48:15 [http-nio-8081-exec-5] INFO  b.s.impl.HouseCleaningServiceImpl - Found 0 check-in bookings, 5 check-out bookings, and 5 current bookings for date 2025-04-08
2025-04-13 22:48:15 [http-nio-8081-exec-5] INFO  b.s.impl.BookedRoomsServiceImpl - Checking check-in rooms for date: 2025-05-15
2025-04-13 22:48:15 [http-nio-8081-exec-5] INFO  b.s.impl.BookedRoomsServiceImpl - Found 0 transactions with check-in date 2025-05-15
2025-04-13 22:48:15 [http-nio-8081-exec-5] INFO  b.s.impl.BookedRoomsServiceImpl - Booking IDs for check-in: []
2025-04-13 22:48:15 [http-nio-8081-exec-5] INFO  b.s.impl.BookedRoomsServiceImpl - No booking IDs found, returning empty list
2025-04-13 22:48:15 [http-nio-8081-exec-5] INFO  b.s.impl.BookedRoomsServiceImpl - Checking check-out rooms for date: 2025-05-15
2025-04-13 22:48:15 [http-nio-8081-exec-5] INFO  b.s.impl.BookedRoomsServiceImpl - Found 2 transactions with check-out date 2025-05-15
2025-04-13 22:48:15 [http-nio-8081-exec-5] INFO  b.s.impl.BookedRoomsServiceImpl - Booking IDs for check-out: [110, 318]
2025-04-13 22:48:20 [http-nio-8081-exec-6] DEBUG o.s.security.web.FilterChainProxy - Securing POST /api/house-cleaning/assign-staff?date=2025-04-08&shift=MORNING_SHIFT
2025-04-13 22:48:20 [http-nio-8081-exec-6] DEBUG o.s.s.w.a.AnonymousAuthenticationFilter - Set SecurityContextHolder to anonymous SecurityContext
2025-04-13 22:48:20 [http-nio-8081-exec-6] DEBUG o.s.security.web.FilterChainProxy - Secured POST /api/house-cleaning/assign-staff?date=2025-04-08&shift=MORNING_SHIFT
2025-04-13 22:48:20 [http-nio-8081-exec-6] INFO  b.s.impl.HouseCleaningServiceImpl - Assigning staff to schedules for date: 2025-04-08 and shift: MORNING_SHIFT
2025-04-13 22:48:20 [http-nio-8081-exec-6] WARN  b.s.impl.HouseCleaningServiceImpl - No active staff found for shift: MORNING_SHIFT
2025-04-13 22:48:22 [http-nio-8081-exec-5] INFO  b.s.impl.BookedRoomsServiceImpl - Room IDs for bookings [110, 318]: [470]
2025-04-13 22:48:22 [http-nio-8081-exec-5] INFO  b.s.impl.BookedRoomsServiceImpl - Checking currently booked rooms for date: 2025-05-15T00:00:00Z
2025-04-13 22:48:22 [http-nio-8081-exec-5] INFO  b.s.impl.BookedRoomsServiceImpl - Currently booked room IDs: [422, 470]
2025-04-13 22:48:22 [http-nio-8081-exec-5] INFO  b.s.impl.HouseCleaningServiceImpl - Found 0 check-in rooms, 1 check-out rooms, and 2 current rooms for date 2025-04-08
2025-04-13 22:48:22 [http-nio-8081-exec-5] WARN  b.s.impl.HouseCleaningServiceImpl - Could not extract room ID from booking details for booking ID 159
2025-04-13 22:48:22 [http-nio-8081-exec-5] WARN  b.s.impl.HouseCleaningServiceImpl - Could not extract room ID from booking details for booking ID 23
2025-04-13 22:48:22 [http-nio-8081-exec-5] WARN  b.s.impl.HouseCleaningServiceImpl - Could not extract room ID from booking details for booking ID 160
2025-04-13 22:48:22 [http-nio-8081-exec-5] WARN  b.s.impl.HouseCleaningServiceImpl - Could not extract room ID from booking details for booking ID 25
2025-04-13 22:48:22 [http-nio-8081-exec-5] WARN  b.s.impl.HouseCleaningServiceImpl - Could not extract room ID from booking details for booking ID 26
2025-04-13 22:48:22 [http-nio-8081-exec-5] WARN  b.s.impl.HouseCleaningServiceImpl - Could not extract room ID from booking details for booking ID 159
2025-04-13 22:48:22 [http-nio-8081-exec-5] WARN  b.s.impl.HouseCleaningServiceImpl - Could not extract room ID from booking details for booking ID 23
2025-04-13 22:48:22 [http-nio-8081-exec-5] WARN  b.s.impl.HouseCleaningServiceImpl - Could not extract room ID from booking details for booking ID 160
2025-04-13 22:48:22 [http-nio-8081-exec-5] WARN  b.s.impl.HouseCleaningServiceImpl - Could not extract room ID from booking details for booking ID 25
2025-04-13 22:48:22 [http-nio-8081-exec-5] WARN  b.s.impl.HouseCleaningServiceImpl - Could not extract room ID from booking details for booking ID 26
2025-04-13 22:48:22 [http-nio-8081-exec-5] INFO  b.s.impl.HouseCleaningServiceImpl - Room to booking map: {}
2025-04-13 22:48:22 [http-nio-8081-exec-5] WARN  b.s.impl.HouseCleaningServiceImpl - No booking ID found for room ID 470
2025-04-13 22:48:22 [http-nio-8081-exec-5] WARN  b.s.impl.HouseCleaningServiceImpl - No booking ID found for room ID 422
2025-04-13 22:48:28 [http-nio-8081-exec-9] DEBUG o.s.security.web.FilterChainProxy - Securing POST /api/house-cleaning/assign-staff?date=2025-04-08&shift=MORNING_SHIFT
2025-04-13 22:48:28 [http-nio-8081-exec-9] DEBUG o.s.s.w.a.AnonymousAuthenticationFilter - Set SecurityContextHolder to anonymous SecurityContext
2025-04-13 22:48:28 [http-nio-8081-exec-9] DEBUG o.s.security.web.FilterChainProxy - Secured POST /api/house-cleaning/assign-staff?date=2025-04-08&shift=MORNING_SHIFT
2025-04-13 22:48:28 [http-nio-8081-exec-9] INFO  b.s.impl.HouseCleaningServiceImpl - Assigning staff to schedules for date: 2025-04-08 and shift: MORNING_SHIFT
2025-04-13 22:48:28 [http-nio-8081-exec-9] WARN  b.s.impl.HouseCleaningServiceImpl - No active staff found for shift: MORNING_SHIFT
2025-04-13 22:49:02 [http-nio-8081-exec-1] DEBUG o.s.security.web.FilterChainProxy - Securing POST /api/house-cleaning/assign-staff?date=2025-04-08&shift=MORNING_SHIFT
2025-04-13 22:49:02 [http-nio-8081-exec-1] DEBUG o.s.s.w.a.AnonymousAuthenticationFilter - Set SecurityContextHolder to anonymous SecurityContext
2025-04-13 22:49:02 [http-nio-8081-exec-1] DEBUG o.s.security.web.FilterChainProxy - Secured POST /api/house-cleaning/assign-staff?date=2025-04-08&shift=MORNING_SHIFT
2025-04-13 22:49:02 [http-nio-8081-exec-1] INFO  b.s.impl.HouseCleaningServiceImpl - Assigning staff to schedules for date: 2025-04-08 and shift: MORNING_SHIFT
2025-04-13 22:49:02 [http-nio-8081-exec-1] WARN  b.s.impl.HouseCleaningServiceImpl - No active staff found for shift: MORNING_SHIFT
2025-04-13 22:53:02 [SpringApplicationShutdownHook] INFO  o.s.b.w.e.tomcat.GracefulShutdown - Commencing graceful shutdown. Waiting for active requests to complete
2025-04-13 22:53:02 [tomcat-shutdown] INFO  o.s.b.w.e.tomcat.GracefulShutdown - Graceful shutdown complete
2025-04-13 22:53:02 [SpringApplicationShutdownHook] INFO  o.s.o.j.LocalContainerEntityManagerFactoryBean - Closing JPA EntityManagerFactory for persistence unit 'default'
2025-04-13 22:53:02 [SpringApplicationShutdownHook] INFO  com.zaxxer.hikari.HikariDataSource - HikariPool-1 - Shutdown initiated...
2025-04-13 22:53:02 [SpringApplicationShutdownHook] INFO  com.zaxxer.hikari.HikariDataSource - HikariPool-1 - Shutdown completed.
2025-04-13 22:53:09 [main] INFO  backend.HotelBookingApplication - Starting HotelBookingApplication using Java 17.0.13 with PID 14708 (/Users/sukuna/Documents/coding/IBE/IBE-BE/KDU/target/classes started by sukuna in /Users/sukuna/Documents/coding/IBE/IBE-BE/KDU)
2025-04-13 22:53:09 [main] INFO  backend.HotelBookingApplication - The following 1 profile is active: "dev"
2025-04-13 22:53:09 [main] INFO  o.s.d.r.c.RepositoryConfigurationDelegate - Bootstrapping Spring Data JPA repositories in DEFAULT mode.
2025-04-13 22:53:09 [main] INFO  o.s.d.r.c.RepositoryConfigurationDelegate - Finished Spring Data repository scanning in 66 ms. Found 15 JPA repository interfaces.
2025-04-13 22:53:10 [main] INFO  o.s.b.w.e.tomcat.TomcatWebServer - Tomcat initialized with port 8081 (http)
2025-04-13 22:53:10 [main] INFO  o.a.coyote.http11.Http11NioProtocol - Initializing ProtocolHandler ["http-nio-8081"]
2025-04-13 22:53:10 [main] INFO  o.a.catalina.core.StandardService - Starting service [Tomcat]
2025-04-13 22:53:10 [main] INFO  o.a.catalina.core.StandardEngine - Starting Servlet engine: [Apache Tomcat/10.1.36]
2025-04-13 22:53:10 [main] INFO  o.a.c.c.C.[Tomcat].[localhost].[/] - Initializing Spring embedded WebApplicationContext
2025-04-13 22:53:10 [main] INFO  o.s.b.w.s.c.ServletWebServerApplicationContext - Root WebApplicationContext: initialization completed in 1494 ms
2025-04-13 22:53:10 [main] INFO  com.zaxxer.hikari.HikariDataSource - HikariPool-1 - Starting...
2025-04-13 22:53:11 [main] INFO  com.zaxxer.hikari.pool.HikariPool - HikariPool-1 - Added connection org.postgresql.jdbc.PgConnection@5e7e7a7e
2025-04-13 22:53:11 [main] INFO  com.zaxxer.hikari.HikariDataSource - HikariPool-1 - Start completed.
2025-04-13 22:53:11 [main] INFO  o.s.o.j.p.SpringPersistenceUnitInfo - No LoadTimeWeaver setup: ignoring JPA class transformer
2025-04-13 22:53:11 [main] WARN  org.hibernate.orm.deprecation - HHH90000025: PostgreSQLDialect does not need to be specified explicitly using 'hibernate.dialect' (remove the property setting and it will be selected by default)
2025-04-13 22:53:12 [main] WARN  o.h.t.s.i.ExceptionHandlerLoggedImpl - GenerationTarget encountered exception accepting command : Error executing DDL "alter table if exists staff_room_map alter column staff_id set data type bigint" via JDBC [ERROR: column "staff_id" cannot be cast automatically to type bigint
  Hint: You might need to specify "USING staff_id::bigint".]
org.hibernate.tool.schema.spi.CommandAcceptanceException: Error executing DDL "alter table if exists staff_room_map alter column staff_id set data type bigint" via JDBC [ERROR: column "staff_id" cannot be cast automatically to type bigint
  Hint: You might need to specify "USING staff_id::bigint".]
	at org.hibernate.tool.schema.internal.exec.GenerationTargetToDatabase.accept(GenerationTargetToDatabase.java:94)
	at org.hibernate.tool.schema.internal.AbstractSchemaMigrator.applySqlString(AbstractSchemaMigrator.java:576)
	at org.hibernate.tool.schema.internal.AbstractSchemaMigrator.applySqlStrings(AbstractSchemaMigrator.java:516)
	at org.hibernate.tool.schema.internal.AbstractSchemaMigrator.migrateTable(AbstractSchemaMigrator.java:334)
	at org.hibernate.tool.schema.internal.GroupedSchemaMigratorImpl.performTablesMigration(GroupedSchemaMigratorImpl.java:84)
	at org.hibernate.tool.schema.internal.AbstractSchemaMigrator.performMigration(AbstractSchemaMigrator.java:233)
	at org.hibernate.tool.schema.internal.AbstractSchemaMigrator.doMigration(AbstractSchemaMigrator.java:112)
	at org.hibernate.tool.schema.spi.SchemaManagementToolCoordinator.performDatabaseAction(SchemaManagementToolCoordinator.java:280)
	at org.hibernate.tool.schema.spi.SchemaManagementToolCoordinator.lambda$process$5(SchemaManagementToolCoordinator.java:144)
	at java.base/java.util.HashMap.forEach(HashMap.java:1421)
	at org.hibernate.tool.schema.spi.SchemaManagementToolCoordinator.process(SchemaManagementToolCoordinator.java:141)
	at org.hibernate.boot.internal.SessionFactoryObserverForSchemaExport.sessionFactoryCreated(SessionFactoryObserverForSchemaExport.java:37)
	at org.hibernate.internal.SessionFactoryObserverChain.sessionFactoryCreated(SessionFactoryObserverChain.java:35)
	at org.hibernate.internal.SessionFactoryImpl.<init>(SessionFactoryImpl.java:324)
	at org.hibernate.boot.internal.SessionFactoryBuilderImpl.build(SessionFactoryBuilderImpl.java:463)
	at org.hibernate.jpa.boot.internal.EntityManagerFactoryBuilderImpl.build(EntityManagerFactoryBuilderImpl.java:1517)
	at org.springframework.orm.jpa.vendor.SpringHibernateJpaPersistenceProvider.createContainerEntityManagerFactory(SpringHibernateJpaPersistenceProvider.java:66)
	at org.springframework.orm.jpa.LocalContainerEntityManagerFactoryBean.createNativeEntityManagerFactory(LocalContainerEntityManagerFactoryBean.java:390)
	at org.springframework.orm.jpa.AbstractEntityManagerFactoryBean.buildNativeEntityManagerFactory(AbstractEntityManagerFactoryBean.java:419)
	at org.springframework.orm.jpa.AbstractEntityManagerFactoryBean.afterPropertiesSet(AbstractEntityManagerFactoryBean.java:400)
	at org.springframework.orm.jpa.LocalContainerEntityManagerFactoryBean.afterPropertiesSet(LocalContainerEntityManagerFactoryBean.java:366)
	at org.springframework.beans.factory.support.AbstractAutowireCapableBeanFactory.invokeInitMethods(AbstractAutowireCapableBeanFactory.java:1859)
	at org.springframework.beans.factory.support.AbstractAutowireCapableBeanFactory.initializeBean(AbstractAutowireCapableBeanFactory.java:1808)
	at org.springframework.beans.factory.support.AbstractAutowireCapableBeanFactory.doCreateBean(AbstractAutowireCapableBeanFactory.java:601)
	at org.springframework.beans.factory.support.AbstractAutowireCapableBeanFactory.createBean(AbstractAutowireCapableBeanFactory.java:523)
	at org.springframework.beans.factory.support.AbstractBeanFactory.lambda$doGetBean$0(AbstractBeanFactory.java:339)
	at org.springframework.beans.factory.support.DefaultSingletonBeanRegistry.getSingleton(DefaultSingletonBeanRegistry.java:346)
	at org.springframework.beans.factory.support.AbstractBeanFactory.doGetBean(AbstractBeanFactory.java:337)
	at org.springframework.beans.factory.support.AbstractBeanFactory.getBean(AbstractBeanFactory.java:207)
	at org.springframework.context.support.AbstractApplicationContext.finishBeanFactoryInitialization(AbstractApplicationContext.java:970)
	at org.springframework.context.support.AbstractApplicationContext.refresh(AbstractApplicationContext.java:627)
	at org.springframework.boot.web.servlet.context.ServletWebServerApplicationContext.refresh(ServletWebServerApplicationContext.java:146)
	at org.springframework.boot.SpringApplication.refresh(SpringApplication.java:752)
	at org.springframework.boot.SpringApplication.refreshContext(SpringApplication.java:439)
	at org.springframework.boot.SpringApplication.run(SpringApplication.java:318)
	at org.springframework.boot.SpringApplication.run(SpringApplication.java:1361)
	at org.springframework.boot.SpringApplication.run(SpringApplication.java:1350)
	at backend.HotelBookingApplication.main(HotelBookingApplication.java:15)
Caused by: org.postgresql.util.PSQLException: ERROR: column "staff_id" cannot be cast automatically to type bigint
  Hint: You might need to specify "USING staff_id::bigint".
	at org.postgresql.core.v3.QueryExecutorImpl.receiveErrorResponse(QueryExecutorImpl.java:2733)
	at org.postgresql.core.v3.QueryExecutorImpl.processResults(QueryExecutorImpl.java:2420)
	at org.postgresql.core.v3.QueryExecutorImpl.execute(QueryExecutorImpl.java:372)
	at org.postgresql.jdbc.PgStatement.executeInternal(PgStatement.java:517)
	at org.postgresql.jdbc.PgStatement.execute(PgStatement.java:434)
	at org.postgresql.jdbc.PgStatement.executeWithFlags(PgStatement.java:356)
	at org.postgresql.jdbc.PgStatement.executeCachedSql(PgStatement.java:341)
	at org.postgresql.jdbc.PgStatement.executeWithFlags(PgStatement.java:317)
	at org.postgresql.jdbc.PgStatement.execute(PgStatement.java:312)
	at com.zaxxer.hikari.pool.ProxyStatement.execute(ProxyStatement.java:94)
	at com.zaxxer.hikari.pool.HikariProxyStatement.execute(HikariProxyStatement.java)
	at org.hibernate.tool.schema.internal.exec.GenerationTargetToDatabase.accept(GenerationTargetToDatabase.java:80)
	... 37 common frames omitted
2025-04-13 22:53:13 [main] WARN  o.h.t.s.i.ExceptionHandlerLoggedImpl - GenerationTarget encountered exception accepting command : Error executing DDL "alter table if exists staff_room_map add constraint FKyd20ehofj2axxe92vl67pqvx foreign key (staff_id) references staff" via JDBC [ERROR: foreign key constraint "fkyd20ehofj2axxe92vl67pqvx" cannot be implemented
  Detail: Key columns "staff_id" and "staff_id" are of incompatible types: character varying and bigint.]
org.hibernate.tool.schema.spi.CommandAcceptanceException: Error executing DDL "alter table if exists staff_room_map add constraint FKyd20ehofj2axxe92vl67pqvx foreign key (staff_id) references staff" via JDBC [ERROR: foreign key constraint "fkyd20ehofj2axxe92vl67pqvx" cannot be implemented
  Detail: Key columns "staff_id" and "staff_id" are of incompatible types: character varying and bigint.]
	at org.hibernate.tool.schema.internal.exec.GenerationTargetToDatabase.accept(GenerationTargetToDatabase.java:94)
	at org.hibernate.tool.schema.internal.AbstractSchemaMigrator.applySqlString(AbstractSchemaMigrator.java:576)
	at org.hibernate.tool.schema.internal.AbstractSchemaMigrator.applySqlStrings(AbstractSchemaMigrator.java:516)
	at org.hibernate.tool.schema.internal.AbstractSchemaMigrator.applyForeignKeys(AbstractSchemaMigrator.java:448)
	at org.hibernate.tool.schema.internal.AbstractSchemaMigrator.performMigration(AbstractSchemaMigrator.java:269)
	at org.hibernate.tool.schema.internal.AbstractSchemaMigrator.doMigration(AbstractSchemaMigrator.java:112)
	at org.hibernate.tool.schema.spi.SchemaManagementToolCoordinator.performDatabaseAction(SchemaManagementToolCoordinator.java:280)
	at org.hibernate.tool.schema.spi.SchemaManagementToolCoordinator.lambda$process$5(SchemaManagementToolCoordinator.java:144)
	at java.base/java.util.HashMap.forEach(HashMap.java:1421)
	at org.hibernate.tool.schema.spi.SchemaManagementToolCoordinator.process(SchemaManagementToolCoordinator.java:141)
	at org.hibernate.boot.internal.SessionFactoryObserverForSchemaExport.sessionFactoryCreated(SessionFactoryObserverForSchemaExport.java:37)
	at org.hibernate.internal.SessionFactoryObserverChain.sessionFactoryCreated(SessionFactoryObserverChain.java:35)
	at org.hibernate.internal.SessionFactoryImpl.<init>(SessionFactoryImpl.java:324)
	at org.hibernate.boot.internal.SessionFactoryBuilderImpl.build(SessionFactoryBuilderImpl.java:463)
	at org.hibernate.jpa.boot.internal.EntityManagerFactoryBuilderImpl.build(EntityManagerFactoryBuilderImpl.java:1517)
	at org.springframework.orm.jpa.vendor.SpringHibernateJpaPersistenceProvider.createContainerEntityManagerFactory(SpringHibernateJpaPersistenceProvider.java:66)
	at org.springframework.orm.jpa.LocalContainerEntityManagerFactoryBean.createNativeEntityManagerFactory(LocalContainerEntityManagerFactoryBean.java:390)
	at org.springframework.orm.jpa.AbstractEntityManagerFactoryBean.buildNativeEntityManagerFactory(AbstractEntityManagerFactoryBean.java:419)
	at org.springframework.orm.jpa.AbstractEntityManagerFactoryBean.afterPropertiesSet(AbstractEntityManagerFactoryBean.java:400)
	at org.springframework.orm.jpa.LocalContainerEntityManagerFactoryBean.afterPropertiesSet(LocalContainerEntityManagerFactoryBean.java:366)
	at org.springframework.beans.factory.support.AbstractAutowireCapableBeanFactory.invokeInitMethods(AbstractAutowireCapableBeanFactory.java:1859)
	at org.springframework.beans.factory.support.AbstractAutowireCapableBeanFactory.initializeBean(AbstractAutowireCapableBeanFactory.java:1808)
	at org.springframework.beans.factory.support.AbstractAutowireCapableBeanFactory.doCreateBean(AbstractAutowireCapableBeanFactory.java:601)
	at org.springframework.beans.factory.support.AbstractAutowireCapableBeanFactory.createBean(AbstractAutowireCapableBeanFactory.java:523)
	at org.springframework.beans.factory.support.AbstractBeanFactory.lambda$doGetBean$0(AbstractBeanFactory.java:339)
	at org.springframework.beans.factory.support.DefaultSingletonBeanRegistry.getSingleton(DefaultSingletonBeanRegistry.java:346)
	at org.springframework.beans.factory.support.AbstractBeanFactory.doGetBean(AbstractBeanFactory.java:337)
	at org.springframework.beans.factory.support.AbstractBeanFactory.getBean(AbstractBeanFactory.java:207)
	at org.springframework.context.support.AbstractApplicationContext.finishBeanFactoryInitialization(AbstractApplicationContext.java:970)
	at org.springframework.context.support.AbstractApplicationContext.refresh(AbstractApplicationContext.java:627)
	at org.springframework.boot.web.servlet.context.ServletWebServerApplicationContext.refresh(ServletWebServerApplicationContext.java:146)
	at org.springframework.boot.SpringApplication.refresh(SpringApplication.java:752)
	at org.springframework.boot.SpringApplication.refreshContext(SpringApplication.java:439)
	at org.springframework.boot.SpringApplication.run(SpringApplication.java:318)
	at org.springframework.boot.SpringApplication.run(SpringApplication.java:1361)
	at org.springframework.boot.SpringApplication.run(SpringApplication.java:1350)
	at backend.HotelBookingApplication.main(HotelBookingApplication.java:15)
Caused by: org.postgresql.util.PSQLException: ERROR: foreign key constraint "fkyd20ehofj2axxe92vl67pqvx" cannot be implemented
  Detail: Key columns "staff_id" and "staff_id" are of incompatible types: character varying and bigint.
	at org.postgresql.core.v3.QueryExecutorImpl.receiveErrorResponse(QueryExecutorImpl.java:2733)
	at org.postgresql.core.v3.QueryExecutorImpl.processResults(QueryExecutorImpl.java:2420)
	at org.postgresql.core.v3.QueryExecutorImpl.execute(QueryExecutorImpl.java:372)
	at org.postgresql.jdbc.PgStatement.executeInternal(PgStatement.java:517)
	at org.postgresql.jdbc.PgStatement.execute(PgStatement.java:434)
	at org.postgresql.jdbc.PgStatement.executeWithFlags(PgStatement.java:356)
	at org.postgresql.jdbc.PgStatement.executeCachedSql(PgStatement.java:341)
	at org.postgresql.jdbc.PgStatement.executeWithFlags(PgStatement.java:317)
	at org.postgresql.jdbc.PgStatement.execute(PgStatement.java:312)
	at com.zaxxer.hikari.pool.ProxyStatement.execute(ProxyStatement.java:94)
	at com.zaxxer.hikari.pool.HikariProxyStatement.execute(HikariProxyStatement.java)
	at org.hibernate.tool.schema.internal.exec.GenerationTargetToDatabase.accept(GenerationTargetToDatabase.java:80)
	... 36 common frames omitted
2025-04-13 22:53:13 [main] INFO  o.s.o.j.LocalContainerEntityManagerFactoryBean - Initialized JPA EntityManagerFactory for persistence unit 'default'
2025-04-13 22:53:13 [main] INFO  backend.config.CorsConfig - CORS Configuration Loaded!
2025-04-13 22:53:13 [main] DEBUG o.s.c.e.PropertySourcesPropertyResolver - Found key 'spring.security.oauth2.resourceserver.jwt.issuer-uri' in PropertySource 'environmentProperties' with value of type String
2025-04-13 22:53:13 [main] INFO  o.s.d.j.r.query.QueryEnhancerFactory - Hibernate is in classpath; If applicable, HQL parser will be used.
2025-04-13 22:53:13 [main] DEBUG o.s.c.e.PropertySourcesPropertyResolver - Found key 'graphql.endpoint' in PropertySource 'environmentProperties' with value of type String
2025-04-13 22:53:13 [main] DEBUG o.s.c.e.PropertySourcesPropertyResolver - Found key 'graphql.api-key' in PropertySource 'environmentProperties' with value of type String
2025-04-13 22:53:13 [main] DEBUG o.s.c.e.PropertySourcesPropertyResolver - Found key 'graphql.api.key' in PropertySource 'environmentProperties' with value of type String
2025-04-13 22:53:14 [main] DEBUG o.s.c.e.PropertySourcesPropertyResolver - Found key 'graphql.url' in PropertySource 'environmentProperties' with value of type String
2025-04-13 22:53:14 [main] DEBUG o.s.c.e.PropertySourcesPropertyResolver - Found key 'spring.mail.username' in PropertySource 'environmentProperties' with value of type String
2025-04-13 22:53:14 [main] DEBUG o.s.c.e.PropertySourcesPropertyResolver - Found key 'otp.expiry.minutes' in PropertySource 'environmentProperties' with value of type String
2025-04-13 22:53:14 [main] DEBUG o.s.c.e.PropertySourcesPropertyResolver - Found key 'otp.max.attempts' in PropertySource 'environmentProperties' with value of type String
2025-04-13 22:53:14 [main] DEBUG o.s.c.e.PropertySourcesPropertyResolver - Found key 'graphql.endpoint' in PropertySource 'environmentProperties' with value of type String
2025-04-13 22:53:14 [main] DEBUG o.s.c.e.PropertySourcesPropertyResolver - Found key 'graphql.api-key' in PropertySource 'environmentProperties' with value of type String
2025-04-13 22:53:14 [main] DEBUG o.s.c.e.PropertySourcesPropertyResolver - Found key 'graphql.api.key' in PropertySource 'environmentProperties' with value of type String
2025-04-13 22:53:14 [main] DEBUG o.s.c.e.PropertySourcesPropertyResolver - Found key 'graphql.url' in PropertySource 'environmentProperties' with value of type String
2025-04-13 22:53:14 [main] DEBUG o.s.c.e.PropertySourcesPropertyResolver - Found key 'graphql.endpoint' in PropertySource 'environmentProperties' with value of type String
2025-04-13 22:53:14 [main] DEBUG o.s.c.e.PropertySourcesPropertyResolver - Found key 'graphql.api-key' in PropertySource 'environmentProperties' with value of type String
2025-04-13 22:53:14 [main] DEBUG o.s.c.e.PropertySourcesPropertyResolver - Found key 'graphql.endpoint' in PropertySource 'environmentProperties' with value of type String
2025-04-13 22:53:14 [main] DEBUG o.s.c.e.PropertySourcesPropertyResolver - Found key 'graphql.apiKey' in PropertySource 'environmentProperties' with value of type String
2025-04-13 22:53:14 [main] DEBUG o.s.c.e.PropertySourcesPropertyResolver - Found key 'graphql.endpoint' in PropertySource 'environmentProperties' with value of type String
2025-04-13 22:53:14 [main] DEBUG o.s.c.e.PropertySourcesPropertyResolver - Found key 'graphql.apiKey' in PropertySource 'environmentProperties' with value of type String
2025-04-13 22:53:14 [main] DEBUG o.s.c.e.PropertySourcesPropertyResolver - Found key 'api.base.url' in PropertySource 'environmentProperties' with value of type String
2025-04-13 22:53:14 [main] WARN  o.s.b.a.o.j.JpaBaseConfiguration$JpaWebConfiguration - spring.jpa.open-in-view is enabled by default. Therefore, database queries may be performed during view rendering. Explicitly configure spring.jpa.open-in-view to disable this warning
2025-04-13 22:53:14 [main] INFO  backend.config.CorsConfig - Applying CORS settings...
2025-04-13 22:53:14 [main] DEBUG o.s.s.c.a.a.c.AuthenticationConfiguration$DefaultPasswordEncoderAuthenticationManagerBuilder - No authenticationProviders and no parentAuthenticationManager defined. Returning null.
2025-04-13 22:53:14 [main] INFO  o.s.b.a.e.web.EndpointLinksResolver - Exposing 2 endpoints beneath base path '/actuator'
2025-04-13 22:53:14 [main] INFO  backend.config.SecurityConfig - Configuring security filter chain...
2025-04-13 22:53:14 [main] INFO  backend.config.SecurityConfig - Using issuer URI: https://cognito-idp.ap-south-1.amazonaws.com/ap-south-1_IGHZ9OObg
2025-04-13 22:53:14 [main] INFO  backend.config.SecurityConfig - Configuring authorization rules...
2025-04-13 22:53:14 [main] INFO  backend.config.SecurityConfig - Configuring OAuth2 resource server...
2025-04-13 22:53:14 [main] INFO  backend.config.SecurityConfig - Configuring JWT...
2025-04-13 22:53:14 [main] INFO  backend.config.SecurityConfig - Creating JWT decoder with issuer URI: https://cognito-idp.ap-south-1.amazonaws.com/ap-south-1_IGHZ9OObg
2025-04-13 22:53:15 [main] INFO  backend.config.SecurityConfig - Configuring session management...
2025-04-13 22:53:15 [main] DEBUG o.s.s.web.DefaultSecurityFilterChain - Will secure any request with filters: DisableEncodeUrlFilter, WebAsyncManagerIntegrationFilter, SecurityContextHolderFilter, HeaderWriterFilter, LogoutFilter, BearerTokenAuthenticationFilter, RequestCacheAwareFilter, SecurityContextHolderAwareRequestFilter, AnonymousAuthenticationFilter, SessionManagementFilter, ExceptionTranslationFilter, AuthorizationFilter
2025-04-13 22:53:15 [main] INFO  o.a.coyote.http11.Http11NioProtocol - Starting ProtocolHandler ["http-nio-8081"]
2025-04-13 22:53:15 [main] INFO  o.s.b.w.e.tomcat.TomcatWebServer - Tomcat started on port 8081 (http) with context path '/'
2025-04-13 22:53:15 [main] INFO  backend.HotelBookingApplication - Started HotelBookingApplication in 7.508 seconds (process running for 8.039)
2025-04-13 22:53:18 [http-nio-8081-exec-1] INFO  o.a.c.c.C.[Tomcat].[localhost].[/] - Initializing Spring DispatcherServlet 'dispatcherServlet'
2025-04-13 22:53:18 [http-nio-8081-exec-1] INFO  o.s.web.servlet.DispatcherServlet - Initializing Servlet 'dispatcherServlet'
2025-04-13 22:53:18 [http-nio-8081-exec-1] INFO  o.s.web.servlet.DispatcherServlet - Completed initialization in 4 ms
2025-04-13 22:53:18 [http-nio-8081-exec-1] DEBUG o.s.security.web.FilterChainProxy - Securing POST /api/house-cleaning/generate?date=2025-04-08
2025-04-13 22:53:18 [http-nio-8081-exec-1] DEBUG o.s.s.w.a.AnonymousAuthenticationFilter - Set SecurityContextHolder to anonymous SecurityContext
2025-04-13 22:53:18 [http-nio-8081-exec-1] DEBUG o.s.security.web.FilterChainProxy - Secured POST /api/house-cleaning/generate?date=2025-04-08
2025-04-13 22:53:18 [http-nio-8081-exec-1] INFO  b.s.impl.HouseCleaningServiceImpl - Generating cleaning schedules for date: 2025-04-08
2025-04-13 22:53:18 [http-nio-8081-exec-1] INFO  b.s.impl.HouseCleaningServiceImpl - Found 0 check-in bookings, 5 check-out bookings, and 5 current bookings for date 2025-04-08
2025-04-13 22:53:18 [http-nio-8081-exec-1] INFO  b.s.impl.BookedRoomsServiceImpl - Checking check-in rooms for date: 2025-05-15
2025-04-13 22:53:18 [http-nio-8081-exec-1] INFO  b.s.impl.BookedRoomsServiceImpl - Found 0 transactions with check-in date 2025-05-15
2025-04-13 22:53:18 [http-nio-8081-exec-1] INFO  b.s.impl.BookedRoomsServiceImpl - Booking IDs for check-in: []
2025-04-13 22:53:18 [http-nio-8081-exec-1] INFO  b.s.impl.BookedRoomsServiceImpl - No booking IDs found, returning empty list
2025-04-13 22:53:18 [http-nio-8081-exec-1] INFO  b.s.impl.BookedRoomsServiceImpl - Checking check-out rooms for date: 2025-05-15
2025-04-13 22:53:19 [http-nio-8081-exec-1] INFO  b.s.impl.BookedRoomsServiceImpl - Found 2 transactions with check-out date 2025-05-15
2025-04-13 22:53:19 [http-nio-8081-exec-1] INFO  b.s.impl.BookedRoomsServiceImpl - Booking IDs for check-out: [110, 318]
2025-04-13 22:53:24 [http-nio-8081-exec-1] INFO  b.s.impl.BookedRoomsServiceImpl - Room IDs for bookings [110, 318]: [470]
2025-04-13 22:53:24 [http-nio-8081-exec-1] INFO  b.s.impl.BookedRoomsServiceImpl - Checking currently booked rooms for date: 2025-05-15T00:00:00Z
2025-04-13 22:53:25 [http-nio-8081-exec-1] INFO  b.s.impl.BookedRoomsServiceImpl - Currently booked room IDs: [422, 470]
2025-04-13 22:53:25 [http-nio-8081-exec-1] INFO  b.s.impl.HouseCleaningServiceImpl - Found 0 check-in rooms, 1 check-out rooms, and 2 current rooms for date 2025-04-08
2025-04-13 22:53:25 [http-nio-8081-exec-1] WARN  b.s.impl.HouseCleaningServiceImpl - Could not extract room ID from booking details for booking ID 159
2025-04-13 22:53:25 [http-nio-8081-exec-1] WARN  b.s.impl.HouseCleaningServiceImpl - Could not extract room ID from booking details for booking ID 23
2025-04-13 22:53:25 [http-nio-8081-exec-1] WARN  b.s.impl.HouseCleaningServiceImpl - Could not extract room ID from booking details for booking ID 160
2025-04-13 22:53:25 [http-nio-8081-exec-1] WARN  b.s.impl.HouseCleaningServiceImpl - Could not extract room ID from booking details for booking ID 25
2025-04-13 22:53:25 [http-nio-8081-exec-1] WARN  b.s.impl.HouseCleaningServiceImpl - Could not extract room ID from booking details for booking ID 26
2025-04-13 22:53:25 [http-nio-8081-exec-1] WARN  b.s.impl.HouseCleaningServiceImpl - Could not extract room ID from booking details for booking ID 159
2025-04-13 22:53:25 [http-nio-8081-exec-1] WARN  b.s.impl.HouseCleaningServiceImpl - Could not extract room ID from booking details for booking ID 23
2025-04-13 22:53:25 [http-nio-8081-exec-1] WARN  b.s.impl.HouseCleaningServiceImpl - Could not extract room ID from booking details for booking ID 160
2025-04-13 22:53:25 [http-nio-8081-exec-1] WARN  b.s.impl.HouseCleaningServiceImpl - Could not extract room ID from booking details for booking ID 25
2025-04-13 22:53:25 [http-nio-8081-exec-1] WARN  b.s.impl.HouseCleaningServiceImpl - Could not extract room ID from booking details for booking ID 26
2025-04-13 22:53:25 [http-nio-8081-exec-1] INFO  b.s.impl.HouseCleaningServiceImpl - Room to booking map: {}
2025-04-13 22:53:25 [http-nio-8081-exec-1] WARN  b.s.impl.HouseCleaningServiceImpl - No booking ID found for room ID 470
2025-04-13 22:53:25 [http-nio-8081-exec-1] WARN  b.s.impl.HouseCleaningServiceImpl - No booking ID found for room ID 422
2025-04-13 22:53:36 [http-nio-8081-exec-3] DEBUG o.s.security.web.FilterChainProxy - Securing POST /api/house-cleaning/assign-staff?date=2025-04-08&shift=MORNING_SHIFT
2025-04-13 22:53:36 [http-nio-8081-exec-3] DEBUG o.s.s.w.a.AnonymousAuthenticationFilter - Set SecurityContextHolder to anonymous SecurityContext
2025-04-13 22:53:36 [http-nio-8081-exec-3] DEBUG o.s.security.web.FilterChainProxy - Secured POST /api/house-cleaning/assign-staff?date=2025-04-08&shift=MORNING_SHIFT
2025-04-13 22:53:36 [http-nio-8081-exec-3] INFO  b.s.impl.HouseCleaningServiceImpl - Assigning staff to schedules for date: 2025-04-08 and shift: MORNING_SHIFT
2025-04-13 22:53:36 [http-nio-8081-exec-3] WARN  b.s.impl.HouseCleaningServiceImpl - No active staff found for shift: MORNING_SHIFT
2025-04-13 22:54:05 [http-nio-8081-exec-5] DEBUG o.s.security.web.FilterChainProxy - Securing POST /api/house-cleaning/assign-staff?date=2025-04-08&shift=MORNING_SHIFT
2025-04-13 22:54:05 [http-nio-8081-exec-5] DEBUG o.s.s.w.a.AnonymousAuthenticationFilter - Set SecurityContextHolder to anonymous SecurityContext
2025-04-13 22:54:05 [http-nio-8081-exec-5] DEBUG o.s.security.web.FilterChainProxy - Secured POST /api/house-cleaning/assign-staff?date=2025-04-08&shift=MORNING_SHIFT
2025-04-13 22:54:05 [http-nio-8081-exec-5] INFO  b.s.impl.HouseCleaningServiceImpl - Assigning staff to schedules for date: 2025-04-08 and shift: MORNING_SHIFT
2025-04-13 22:54:05 [http-nio-8081-exec-5] INFO  b.s.impl.HouseCleaningServiceImpl - Shift time: 07:00 to 11:00
2025-04-13 22:54:05 [http-nio-8081-exec-5] INFO  b.s.impl.HouseCleaningServiceImpl - STAFF REQUIREMENTS: 1 staff needed for 1 rooms in shift MORNING_SHIFT. 1 staff available, 0 excess staff.
2025-04-13 22:54:05 [http-nio-8081-exec-5] INFO  b.s.impl.HouseCleaningServiceImpl - FINAL STAFF STATUS: Adequate staffing for shift MORNING_SHIFT: 1 staff for 1 required positions.
2025-04-13 22:54:05 [http-nio-8081-exec-5] INFO  b.s.impl.HouseCleaningServiceImpl - Assigned staff 4 to room 470 for cleaning from 07:00 to 09:00, staff utilization=50.0%
2025-04-13 22:54:05 [http-nio-8081-exec-5] INFO  b.s.impl.HouseCleaningServiceImpl - Staff 4 is underutilized (50.0%). Consider moving to another shift.
2025-04-13 22:54:05 [http-nio-8081-exec-5] INFO  b.s.impl.HouseCleaningServiceImpl - Staff 4 has 1 rooms assigned (utilization: 50.0%)
2025-04-13 22:54:05 [http-nio-8081-exec-5] INFO  b.s.impl.HouseCleaningServiceImpl -   - Room 470 at 07:00
2025-04-13 22:54:05 [http-nio-8081-exec-5] INFO  b.s.impl.HouseCleaningServiceImpl -   - Staff 4 is working from 07:00 to 09:00 (utilization: 50.0%)
2025-04-13 22:54:05 [http-nio-8081-exec-5] INFO  b.s.impl.HouseCleaningServiceImpl - STAFF ANALYSIS - Shift AFTERNOON_SHIFT: 1 rooms, 2 staff available, 1 staff required
2025-04-13 22:54:05 [http-nio-8081-exec-5] INFO  b.s.impl.HouseCleaningServiceImpl - STAFF ANALYSIS - Shift EVENING_SHIFT: 0 rooms, 3 staff available, 0 staff required
2025-04-13 22:54:05 [http-nio-8081-exec-5] INFO  b.s.impl.HouseCleaningServiceImpl - Considering 1 underutilized staff members from MORNING_SHIFT shift for reassignment
2025-04-13 22:54:05 [http-nio-8081-exec-5] INFO  b.s.impl.HouseCleaningServiceImpl - Saved schedule for room 470: staffId=4, scheduledTime=07:00
2025-04-13 23:00:00 [SpringApplicationShutdownHook] INFO  o.s.b.w.e.tomcat.GracefulShutdown - Commencing graceful shutdown. Waiting for active requests to complete
2025-04-13 23:00:00 [tomcat-shutdown] INFO  o.s.b.w.e.tomcat.GracefulShutdown - Graceful shutdown complete
2025-04-13 23:00:00 [SpringApplicationShutdownHook] INFO  o.s.o.j.LocalContainerEntityManagerFactoryBean - Closing JPA EntityManagerFactory for persistence unit 'default'
2025-04-13 23:00:00 [SpringApplicationShutdownHook] INFO  com.zaxxer.hikari.HikariDataSource - HikariPool-1 - Shutdown initiated...
2025-04-13 23:00:00 [SpringApplicationShutdownHook] INFO  com.zaxxer.hikari.HikariDataSource - HikariPool-1 - Shutdown completed.
2025-04-13 23:00:06 [main] INFO  backend.HotelBookingApplication - Starting HotelBookingApplication using Java 17.0.13 with PID 15736 (/Users/sukuna/Documents/coding/IBE/IBE-BE/KDU/target/classes started by sukuna in /Users/sukuna/Documents/coding/IBE/IBE-BE/KDU)
2025-04-13 23:00:06 [main] INFO  backend.HotelBookingApplication - The following 1 profile is active: "dev"
2025-04-13 23:00:08 [main] INFO  o.s.d.r.c.RepositoryConfigurationDelegate - Bootstrapping Spring Data JPA repositories in DEFAULT mode.
2025-04-13 23:00:08 [main] INFO  o.s.d.r.c.RepositoryConfigurationDelegate - Finished Spring Data repository scanning in 70 ms. Found 15 JPA repository interfaces.
2025-04-13 23:00:08 [main] INFO  o.s.b.w.e.tomcat.TomcatWebServer - Tomcat initialized with port 8081 (http)
2025-04-13 23:00:08 [main] INFO  o.a.coyote.http11.Http11NioProtocol - Initializing ProtocolHandler ["http-nio-8081"]
2025-04-13 23:00:08 [main] INFO  o.a.catalina.core.StandardService - Starting service [Tomcat]
2025-04-13 23:00:08 [main] INFO  o.a.catalina.core.StandardEngine - Starting Servlet engine: [Apache Tomcat/10.1.36]
2025-04-13 23:00:08 [main] INFO  o.a.c.c.C.[Tomcat].[localhost].[/] - Initializing Spring embedded WebApplicationContext
2025-04-13 23:00:08 [main] INFO  o.s.b.w.s.c.ServletWebServerApplicationContext - Root WebApplicationContext: initialization completed in 2136 ms
2025-04-13 23:00:09 [main] INFO  com.zaxxer.hikari.HikariDataSource - HikariPool-1 - Starting...
2025-04-13 23:00:09 [main] INFO  com.zaxxer.hikari.pool.HikariPool - HikariPool-1 - Added connection org.postgresql.jdbc.PgConnection@5e7e7a7e
2025-04-13 23:00:09 [main] INFO  com.zaxxer.hikari.HikariDataSource - HikariPool-1 - Start completed.
2025-04-13 23:00:09 [main] INFO  o.s.o.j.p.SpringPersistenceUnitInfo - No LoadTimeWeaver setup: ignoring JPA class transformer
2025-04-13 23:00:09 [main] WARN  org.hibernate.orm.deprecation - HHH90000025: PostgreSQLDialect does not need to be specified explicitly using 'hibernate.dialect' (remove the property setting and it will be selected by default)
2025-04-13 23:00:11 [main] WARN  o.h.t.s.i.ExceptionHandlerLoggedImpl - GenerationTarget encountered exception accepting command : Error executing DDL "alter table if exists staff_room_map alter column staff_id set data type bigint" via JDBC [ERROR: column "staff_id" cannot be cast automatically to type bigint
  Hint: You might need to specify "USING staff_id::bigint".]
org.hibernate.tool.schema.spi.CommandAcceptanceException: Error executing DDL "alter table if exists staff_room_map alter column staff_id set data type bigint" via JDBC [ERROR: column "staff_id" cannot be cast automatically to type bigint
  Hint: You might need to specify "USING staff_id::bigint".]
	at org.hibernate.tool.schema.internal.exec.GenerationTargetToDatabase.accept(GenerationTargetToDatabase.java:94)
	at org.hibernate.tool.schema.internal.AbstractSchemaMigrator.applySqlString(AbstractSchemaMigrator.java:576)
	at org.hibernate.tool.schema.internal.AbstractSchemaMigrator.applySqlStrings(AbstractSchemaMigrator.java:516)
	at org.hibernate.tool.schema.internal.AbstractSchemaMigrator.migrateTable(AbstractSchemaMigrator.java:334)
	at org.hibernate.tool.schema.internal.GroupedSchemaMigratorImpl.performTablesMigration(GroupedSchemaMigratorImpl.java:84)
	at org.hibernate.tool.schema.internal.AbstractSchemaMigrator.performMigration(AbstractSchemaMigrator.java:233)
	at org.hibernate.tool.schema.internal.AbstractSchemaMigrator.doMigration(AbstractSchemaMigrator.java:112)
	at org.hibernate.tool.schema.spi.SchemaManagementToolCoordinator.performDatabaseAction(SchemaManagementToolCoordinator.java:280)
	at org.hibernate.tool.schema.spi.SchemaManagementToolCoordinator.lambda$process$5(SchemaManagementToolCoordinator.java:144)
	at java.base/java.util.HashMap.forEach(HashMap.java:1421)
	at org.hibernate.tool.schema.spi.SchemaManagementToolCoordinator.process(SchemaManagementToolCoordinator.java:141)
	at org.hibernate.boot.internal.SessionFactoryObserverForSchemaExport.sessionFactoryCreated(SessionFactoryObserverForSchemaExport.java:37)
	at org.hibernate.internal.SessionFactoryObserverChain.sessionFactoryCreated(SessionFactoryObserverChain.java:35)
	at org.hibernate.internal.SessionFactoryImpl.<init>(SessionFactoryImpl.java:324)
	at org.hibernate.boot.internal.SessionFactoryBuilderImpl.build(SessionFactoryBuilderImpl.java:463)
	at org.hibernate.jpa.boot.internal.EntityManagerFactoryBuilderImpl.build(EntityManagerFactoryBuilderImpl.java:1517)
	at org.springframework.orm.jpa.vendor.SpringHibernateJpaPersistenceProvider.createContainerEntityManagerFactory(SpringHibernateJpaPersistenceProvider.java:66)
	at org.springframework.orm.jpa.LocalContainerEntityManagerFactoryBean.createNativeEntityManagerFactory(LocalContainerEntityManagerFactoryBean.java:390)
	at org.springframework.orm.jpa.AbstractEntityManagerFactoryBean.buildNativeEntityManagerFactory(AbstractEntityManagerFactoryBean.java:419)
	at org.springframework.orm.jpa.AbstractEntityManagerFactoryBean.afterPropertiesSet(AbstractEntityManagerFactoryBean.java:400)
	at org.springframework.orm.jpa.LocalContainerEntityManagerFactoryBean.afterPropertiesSet(LocalContainerEntityManagerFactoryBean.java:366)
	at org.springframework.beans.factory.support.AbstractAutowireCapableBeanFactory.invokeInitMethods(AbstractAutowireCapableBeanFactory.java:1859)
	at org.springframework.beans.factory.support.AbstractAutowireCapableBeanFactory.initializeBean(AbstractAutowireCapableBeanFactory.java:1808)
	at org.springframework.beans.factory.support.AbstractAutowireCapableBeanFactory.doCreateBean(AbstractAutowireCapableBeanFactory.java:601)
	at org.springframework.beans.factory.support.AbstractAutowireCapableBeanFactory.createBean(AbstractAutowireCapableBeanFactory.java:523)
	at org.springframework.beans.factory.support.AbstractBeanFactory.lambda$doGetBean$0(AbstractBeanFactory.java:339)
	at org.springframework.beans.factory.support.DefaultSingletonBeanRegistry.getSingleton(DefaultSingletonBeanRegistry.java:346)
	at org.springframework.beans.factory.support.AbstractBeanFactory.doGetBean(AbstractBeanFactory.java:337)
	at org.springframework.beans.factory.support.AbstractBeanFactory.getBean(AbstractBeanFactory.java:207)
	at org.springframework.context.support.AbstractApplicationContext.finishBeanFactoryInitialization(AbstractApplicationContext.java:970)
	at org.springframework.context.support.AbstractApplicationContext.refresh(AbstractApplicationContext.java:627)
	at org.springframework.boot.web.servlet.context.ServletWebServerApplicationContext.refresh(ServletWebServerApplicationContext.java:146)
	at org.springframework.boot.SpringApplication.refresh(SpringApplication.java:752)
	at org.springframework.boot.SpringApplication.refreshContext(SpringApplication.java:439)
	at org.springframework.boot.SpringApplication.run(SpringApplication.java:318)
	at org.springframework.boot.SpringApplication.run(SpringApplication.java:1361)
	at org.springframework.boot.SpringApplication.run(SpringApplication.java:1350)
	at backend.HotelBookingApplication.main(HotelBookingApplication.java:15)
Caused by: org.postgresql.util.PSQLException: ERROR: column "staff_id" cannot be cast automatically to type bigint
  Hint: You might need to specify "USING staff_id::bigint".
	at org.postgresql.core.v3.QueryExecutorImpl.receiveErrorResponse(QueryExecutorImpl.java:2733)
	at org.postgresql.core.v3.QueryExecutorImpl.processResults(QueryExecutorImpl.java:2420)
	at org.postgresql.core.v3.QueryExecutorImpl.execute(QueryExecutorImpl.java:372)
	at org.postgresql.jdbc.PgStatement.executeInternal(PgStatement.java:517)
	at org.postgresql.jdbc.PgStatement.execute(PgStatement.java:434)
	at org.postgresql.jdbc.PgStatement.executeWithFlags(PgStatement.java:356)
	at org.postgresql.jdbc.PgStatement.executeCachedSql(PgStatement.java:341)
	at org.postgresql.jdbc.PgStatement.executeWithFlags(PgStatement.java:317)
	at org.postgresql.jdbc.PgStatement.execute(PgStatement.java:312)
	at com.zaxxer.hikari.pool.ProxyStatement.execute(ProxyStatement.java:94)
	at com.zaxxer.hikari.pool.HikariProxyStatement.execute(HikariProxyStatement.java)
	at org.hibernate.tool.schema.internal.exec.GenerationTargetToDatabase.accept(GenerationTargetToDatabase.java:80)
	... 37 common frames omitted
2025-04-13 23:00:11 [main] WARN  o.h.t.s.i.ExceptionHandlerLoggedImpl - GenerationTarget encountered exception accepting command : Error executing DDL "alter table if exists staff_room_map add constraint FKyd20ehofj2axxe92vl67pqvx foreign key (staff_id) references staff" via JDBC [ERROR: foreign key constraint "fkyd20ehofj2axxe92vl67pqvx" cannot be implemented
  Detail: Key columns "staff_id" and "staff_id" are of incompatible types: character varying and bigint.]
org.hibernate.tool.schema.spi.CommandAcceptanceException: Error executing DDL "alter table if exists staff_room_map add constraint FKyd20ehofj2axxe92vl67pqvx foreign key (staff_id) references staff" via JDBC [ERROR: foreign key constraint "fkyd20ehofj2axxe92vl67pqvx" cannot be implemented
  Detail: Key columns "staff_id" and "staff_id" are of incompatible types: character varying and bigint.]
	at org.hibernate.tool.schema.internal.exec.GenerationTargetToDatabase.accept(GenerationTargetToDatabase.java:94)
	at org.hibernate.tool.schema.internal.AbstractSchemaMigrator.applySqlString(AbstractSchemaMigrator.java:576)
	at org.hibernate.tool.schema.internal.AbstractSchemaMigrator.applySqlStrings(AbstractSchemaMigrator.java:516)
	at org.hibernate.tool.schema.internal.AbstractSchemaMigrator.applyForeignKeys(AbstractSchemaMigrator.java:448)
	at org.hibernate.tool.schema.internal.AbstractSchemaMigrator.performMigration(AbstractSchemaMigrator.java:269)
	at org.hibernate.tool.schema.internal.AbstractSchemaMigrator.doMigration(AbstractSchemaMigrator.java:112)
	at org.hibernate.tool.schema.spi.SchemaManagementToolCoordinator.performDatabaseAction(SchemaManagementToolCoordinator.java:280)
	at org.hibernate.tool.schema.spi.SchemaManagementToolCoordinator.lambda$process$5(SchemaManagementToolCoordinator.java:144)
	at java.base/java.util.HashMap.forEach(HashMap.java:1421)
	at org.hibernate.tool.schema.spi.SchemaManagementToolCoordinator.process(SchemaManagementToolCoordinator.java:141)
	at org.hibernate.boot.internal.SessionFactoryObserverForSchemaExport.sessionFactoryCreated(SessionFactoryObserverForSchemaExport.java:37)
	at org.hibernate.internal.SessionFactoryObserverChain.sessionFactoryCreated(SessionFactoryObserverChain.java:35)
	at org.hibernate.internal.SessionFactoryImpl.<init>(SessionFactoryImpl.java:324)
	at org.hibernate.boot.internal.SessionFactoryBuilderImpl.build(SessionFactoryBuilderImpl.java:463)
	at org.hibernate.jpa.boot.internal.EntityManagerFactoryBuilderImpl.build(EntityManagerFactoryBuilderImpl.java:1517)
	at org.springframework.orm.jpa.vendor.SpringHibernateJpaPersistenceProvider.createContainerEntityManagerFactory(SpringHibernateJpaPersistenceProvider.java:66)
	at org.springframework.orm.jpa.LocalContainerEntityManagerFactoryBean.createNativeEntityManagerFactory(LocalContainerEntityManagerFactoryBean.java:390)
	at org.springframework.orm.jpa.AbstractEntityManagerFactoryBean.buildNativeEntityManagerFactory(AbstractEntityManagerFactoryBean.java:419)
	at org.springframework.orm.jpa.AbstractEntityManagerFactoryBean.afterPropertiesSet(AbstractEntityManagerFactoryBean.java:400)
	at org.springframework.orm.jpa.LocalContainerEntityManagerFactoryBean.afterPropertiesSet(LocalContainerEntityManagerFactoryBean.java:366)
	at org.springframework.beans.factory.support.AbstractAutowireCapableBeanFactory.invokeInitMethods(AbstractAutowireCapableBeanFactory.java:1859)
	at org.springframework.beans.factory.support.AbstractAutowireCapableBeanFactory.initializeBean(AbstractAutowireCapableBeanFactory.java:1808)
	at org.springframework.beans.factory.support.AbstractAutowireCapableBeanFactory.doCreateBean(AbstractAutowireCapableBeanFactory.java:601)
	at org.springframework.beans.factory.support.AbstractAutowireCapableBeanFactory.createBean(AbstractAutowireCapableBeanFactory.java:523)
	at org.springframework.beans.factory.support.AbstractBeanFactory.lambda$doGetBean$0(AbstractBeanFactory.java:339)
	at org.springframework.beans.factory.support.DefaultSingletonBeanRegistry.getSingleton(DefaultSingletonBeanRegistry.java:346)
	at org.springframework.beans.factory.support.AbstractBeanFactory.doGetBean(AbstractBeanFactory.java:337)
	at org.springframework.beans.factory.support.AbstractBeanFactory.getBean(AbstractBeanFactory.java:207)
	at org.springframework.context.support.AbstractApplicationContext.finishBeanFactoryInitialization(AbstractApplicationContext.java:970)
	at org.springframework.context.support.AbstractApplicationContext.refresh(AbstractApplicationContext.java:627)
	at org.springframework.boot.web.servlet.context.ServletWebServerApplicationContext.refresh(ServletWebServerApplicationContext.java:146)
	at org.springframework.boot.SpringApplication.refresh(SpringApplication.java:752)
	at org.springframework.boot.SpringApplication.refreshContext(SpringApplication.java:439)
	at org.springframework.boot.SpringApplication.run(SpringApplication.java:318)
	at org.springframework.boot.SpringApplication.run(SpringApplication.java:1361)
	at org.springframework.boot.SpringApplication.run(SpringApplication.java:1350)
	at backend.HotelBookingApplication.main(HotelBookingApplication.java:15)
Caused by: org.postgresql.util.PSQLException: ERROR: foreign key constraint "fkyd20ehofj2axxe92vl67pqvx" cannot be implemented
  Detail: Key columns "staff_id" and "staff_id" are of incompatible types: character varying and bigint.
	at org.postgresql.core.v3.QueryExecutorImpl.receiveErrorResponse(QueryExecutorImpl.java:2733)
	at org.postgresql.core.v3.QueryExecutorImpl.processResults(QueryExecutorImpl.java:2420)
	at org.postgresql.core.v3.QueryExecutorImpl.execute(QueryExecutorImpl.java:372)
	at org.postgresql.jdbc.PgStatement.executeInternal(PgStatement.java:517)
	at org.postgresql.jdbc.PgStatement.execute(PgStatement.java:434)
	at org.postgresql.jdbc.PgStatement.executeWithFlags(PgStatement.java:356)
	at org.postgresql.jdbc.PgStatement.executeCachedSql(PgStatement.java:341)
	at org.postgresql.jdbc.PgStatement.executeWithFlags(PgStatement.java:317)
	at org.postgresql.jdbc.PgStatement.execute(PgStatement.java:312)
	at com.zaxxer.hikari.pool.ProxyStatement.execute(ProxyStatement.java:94)
	at com.zaxxer.hikari.pool.HikariProxyStatement.execute(HikariProxyStatement.java)
	at org.hibernate.tool.schema.internal.exec.GenerationTargetToDatabase.accept(GenerationTargetToDatabase.java:80)
	... 36 common frames omitted
2025-04-13 23:00:11 [main] INFO  o.s.o.j.LocalContainerEntityManagerFactoryBean - Initialized JPA EntityManagerFactory for persistence unit 'default'
2025-04-13 23:00:11 [main] INFO  backend.config.CorsConfig - CORS Configuration Loaded!
2025-04-13 23:00:11 [main] DEBUG o.s.c.e.PropertySourcesPropertyResolver - Found key 'spring.security.oauth2.resourceserver.jwt.issuer-uri' in PropertySource 'environmentProperties' with value of type String
2025-04-13 23:00:11 [main] INFO  o.s.d.j.r.query.QueryEnhancerFactory - Hibernate is in classpath; If applicable, HQL parser will be used.
2025-04-13 23:00:11 [main] DEBUG o.s.c.e.PropertySourcesPropertyResolver - Found key 'graphql.endpoint' in PropertySource 'environmentProperties' with value of type String
2025-04-13 23:00:11 [main] DEBUG o.s.c.e.PropertySourcesPropertyResolver - Found key 'graphql.api-key' in PropertySource 'environmentProperties' with value of type String
2025-04-13 23:00:12 [main] DEBUG o.s.c.e.PropertySourcesPropertyResolver - Found key 'graphql.api.key' in PropertySource 'environmentProperties' with value of type String
2025-04-13 23:00:12 [main] DEBUG o.s.c.e.PropertySourcesPropertyResolver - Found key 'graphql.url' in PropertySource 'environmentProperties' with value of type String
2025-04-13 23:00:12 [main] DEBUG o.s.c.e.PropertySourcesPropertyResolver - Found key 'spring.mail.username' in PropertySource 'environmentProperties' with value of type String
2025-04-13 23:00:12 [main] DEBUG o.s.c.e.PropertySourcesPropertyResolver - Found key 'otp.expiry.minutes' in PropertySource 'environmentProperties' with value of type String
2025-04-13 23:00:12 [main] DEBUG o.s.c.e.PropertySourcesPropertyResolver - Found key 'otp.max.attempts' in PropertySource 'environmentProperties' with value of type String
2025-04-13 23:00:12 [main] DEBUG o.s.c.e.PropertySourcesPropertyResolver - Found key 'graphql.endpoint' in PropertySource 'environmentProperties' with value of type String
2025-04-13 23:00:12 [main] DEBUG o.s.c.e.PropertySourcesPropertyResolver - Found key 'graphql.api-key' in PropertySource 'environmentProperties' with value of type String
2025-04-13 23:00:12 [main] DEBUG o.s.c.e.PropertySourcesPropertyResolver - Found key 'graphql.api.key' in PropertySource 'environmentProperties' with value of type String
2025-04-13 23:00:12 [main] DEBUG o.s.c.e.PropertySourcesPropertyResolver - Found key 'graphql.url' in PropertySource 'environmentProperties' with value of type String
2025-04-13 23:00:12 [main] DEBUG o.s.c.e.PropertySourcesPropertyResolver - Found key 'graphql.endpoint' in PropertySource 'environmentProperties' with value of type String
2025-04-13 23:00:12 [main] DEBUG o.s.c.e.PropertySourcesPropertyResolver - Found key 'graphql.api-key' in PropertySource 'environmentProperties' with value of type String
2025-04-13 23:00:12 [main] DEBUG o.s.c.e.PropertySourcesPropertyResolver - Found key 'graphql.endpoint' in PropertySource 'environmentProperties' with value of type String
2025-04-13 23:00:12 [main] DEBUG o.s.c.e.PropertySourcesPropertyResolver - Found key 'graphql.apiKey' in PropertySource 'environmentProperties' with value of type String
2025-04-13 23:00:12 [main] DEBUG o.s.c.e.PropertySourcesPropertyResolver - Found key 'graphql.endpoint' in PropertySource 'environmentProperties' with value of type String
2025-04-13 23:00:12 [main] DEBUG o.s.c.e.PropertySourcesPropertyResolver - Found key 'graphql.apiKey' in PropertySource 'environmentProperties' with value of type String
2025-04-13 23:00:12 [main] DEBUG o.s.c.e.PropertySourcesPropertyResolver - Found key 'api.base.url' in PropertySource 'environmentProperties' with value of type String
2025-04-13 23:00:12 [main] WARN  o.s.b.a.o.j.JpaBaseConfiguration$JpaWebConfiguration - spring.jpa.open-in-view is enabled by default. Therefore, database queries may be performed during view rendering. Explicitly configure spring.jpa.open-in-view to disable this warning
2025-04-13 23:00:12 [main] INFO  backend.config.CorsConfig - Applying CORS settings...
2025-04-13 23:00:12 [main] DEBUG o.s.s.c.a.a.c.AuthenticationConfiguration$DefaultPasswordEncoderAuthenticationManagerBuilder - No authenticationProviders and no parentAuthenticationManager defined. Returning null.
2025-04-13 23:00:12 [main] INFO  o.s.b.a.e.web.EndpointLinksResolver - Exposing 2 endpoints beneath base path '/actuator'
2025-04-13 23:00:12 [main] INFO  backend.config.SecurityConfig - Configuring security filter chain...
2025-04-13 23:00:12 [main] INFO  backend.config.SecurityConfig - Using issuer URI: https://cognito-idp.ap-south-1.amazonaws.com/ap-south-1_IGHZ9OObg
2025-04-13 23:00:12 [main] INFO  backend.config.SecurityConfig - Configuring authorization rules...
2025-04-13 23:00:12 [main] INFO  backend.config.SecurityConfig - Configuring OAuth2 resource server...
2025-04-13 23:00:12 [main] INFO  backend.config.SecurityConfig - Configuring JWT...
2025-04-13 23:00:12 [main] INFO  backend.config.SecurityConfig - Creating JWT decoder with issuer URI: https://cognito-idp.ap-south-1.amazonaws.com/ap-south-1_IGHZ9OObg
2025-04-13 23:00:13 [main] INFO  backend.config.SecurityConfig - Configuring session management...
2025-04-13 23:00:13 [main] DEBUG o.s.s.web.DefaultSecurityFilterChain - Will secure any request with filters: DisableEncodeUrlFilter, WebAsyncManagerIntegrationFilter, SecurityContextHolderFilter, HeaderWriterFilter, LogoutFilter, BearerTokenAuthenticationFilter, RequestCacheAwareFilter, SecurityContextHolderAwareRequestFilter, AnonymousAuthenticationFilter, SessionManagementFilter, ExceptionTranslationFilter, AuthorizationFilter
2025-04-13 23:00:13 [main] INFO  o.a.coyote.http11.Http11NioProtocol - Starting ProtocolHandler ["http-nio-8081"]
2025-04-13 23:00:13 [main] INFO  o.s.b.w.e.tomcat.TomcatWebServer - Tomcat started on port 8081 (http) with context path '/'
2025-04-13 23:00:13 [main] INFO  backend.HotelBookingApplication - Started HotelBookingApplication in 8.174 seconds (process running for 8.917)
2025-04-13 23:00:19 [http-nio-8081-exec-1] INFO  o.a.c.c.C.[Tomcat].[localhost].[/] - Initializing Spring DispatcherServlet 'dispatcherServlet'
2025-04-13 23:00:19 [http-nio-8081-exec-1] INFO  o.s.web.servlet.DispatcherServlet - Initializing Servlet 'dispatcherServlet'
2025-04-13 23:00:19 [http-nio-8081-exec-1] INFO  o.s.web.servlet.DispatcherServlet - Completed initialization in 4 ms
2025-04-13 23:00:19 [http-nio-8081-exec-1] DEBUG o.s.security.web.FilterChainProxy - Securing POST /api/house-cleaning/generate?date=2025-04-08
2025-04-13 23:00:19 [http-nio-8081-exec-1] DEBUG o.s.s.w.a.AnonymousAuthenticationFilter - Set SecurityContextHolder to anonymous SecurityContext
2025-04-13 23:00:19 [http-nio-8081-exec-1] DEBUG o.s.security.web.FilterChainProxy - Secured POST /api/house-cleaning/generate?date=2025-04-08
2025-04-13 23:00:19 [http-nio-8081-exec-1] INFO  b.s.impl.HouseCleaningServiceImpl - Generating cleaning schedules for date: 2025-04-08
2025-04-13 23:00:20 [http-nio-8081-exec-1] INFO  b.s.impl.HouseCleaningServiceImpl - Found 0 check-in bookings, 5 check-out bookings, and 5 current bookings for date 2025-04-08
2025-04-13 23:00:20 [http-nio-8081-exec-1] INFO  b.s.impl.BookedRoomsServiceImpl - Checking check-in rooms for date: 2025-05-15
2025-04-13 23:00:20 [http-nio-8081-exec-1] INFO  b.s.impl.BookedRoomsServiceImpl - Found 0 transactions with check-in date 2025-05-15
2025-04-13 23:00:20 [http-nio-8081-exec-1] INFO  b.s.impl.BookedRoomsServiceImpl - Booking IDs for check-in: []
2025-04-13 23:00:20 [http-nio-8081-exec-1] INFO  b.s.impl.BookedRoomsServiceImpl - No booking IDs found, returning empty list
2025-04-13 23:00:20 [http-nio-8081-exec-1] INFO  b.s.impl.BookedRoomsServiceImpl - Checking check-out rooms for date: 2025-05-15
2025-04-13 23:00:20 [http-nio-8081-exec-1] INFO  b.s.impl.BookedRoomsServiceImpl - Found 2 transactions with check-out date 2025-05-15
2025-04-13 23:00:20 [http-nio-8081-exec-1] INFO  b.s.impl.BookedRoomsServiceImpl - Booking IDs for check-out: [110, 318]
2025-04-13 23:00:22 [http-nio-8081-exec-1] INFO  b.s.impl.BookedRoomsServiceImpl - Room IDs for bookings [110, 318]: [470]
2025-04-13 23:00:22 [http-nio-8081-exec-1] INFO  b.s.impl.BookedRoomsServiceImpl - Checking currently booked rooms for date: 2025-05-15T00:00:00Z
2025-04-13 23:00:22 [http-nio-8081-exec-1] INFO  b.s.impl.BookedRoomsServiceImpl - Currently booked room IDs: [422, 470]
2025-04-13 23:00:22 [http-nio-8081-exec-1] INFO  b.s.impl.HouseCleaningServiceImpl - Found 0 check-in rooms, 1 check-out rooms, and 2 current rooms for date 2025-04-08
2025-04-13 23:00:22 [http-nio-8081-exec-1] WARN  b.s.impl.HouseCleaningServiceImpl - Could not extract room ID from booking details for booking ID 159
2025-04-13 23:00:22 [http-nio-8081-exec-1] WARN  b.s.impl.HouseCleaningServiceImpl - Could not extract room ID from booking details for booking ID 23
2025-04-13 23:00:22 [http-nio-8081-exec-1] WARN  b.s.impl.HouseCleaningServiceImpl - Could not extract room ID from booking details for booking ID 160
2025-04-13 23:00:22 [http-nio-8081-exec-1] WARN  b.s.impl.HouseCleaningServiceImpl - Could not extract room ID from booking details for booking ID 25
2025-04-13 23:00:22 [http-nio-8081-exec-1] WARN  b.s.impl.HouseCleaningServiceImpl - Could not extract room ID from booking details for booking ID 26
2025-04-13 23:00:22 [http-nio-8081-exec-1] WARN  b.s.impl.HouseCleaningServiceImpl - Could not extract room ID from booking details for booking ID 159
2025-04-13 23:00:22 [http-nio-8081-exec-1] WARN  b.s.impl.HouseCleaningServiceImpl - Could not extract room ID from booking details for booking ID 23
2025-04-13 23:00:22 [http-nio-8081-exec-1] WARN  b.s.impl.HouseCleaningServiceImpl - Could not extract room ID from booking details for booking ID 160
2025-04-13 23:00:22 [http-nio-8081-exec-1] WARN  b.s.impl.HouseCleaningServiceImpl - Could not extract room ID from booking details for booking ID 25
2025-04-13 23:00:22 [http-nio-8081-exec-1] WARN  b.s.impl.HouseCleaningServiceImpl - Could not extract room ID from booking details for booking ID 26
2025-04-13 23:00:22 [http-nio-8081-exec-1] INFO  b.s.impl.HouseCleaningServiceImpl - Room to booking map: {}
2025-04-13 23:00:22 [http-nio-8081-exec-1] WARN  b.s.impl.HouseCleaningServiceImpl - No booking ID found for room ID 470
2025-04-13 23:00:22 [http-nio-8081-exec-1] WARN  b.s.impl.HouseCleaningServiceImpl - No booking ID found for room ID 422
2025-04-13 23:00:51 [http-nio-8081-exec-3] DEBUG o.s.security.web.FilterChainProxy - Securing POST /api/house-cleaning/assign-staff?date=2025-04-08&shift=MORNING_SHIFT
2025-04-13 23:00:51 [http-nio-8081-exec-3] DEBUG o.s.s.w.a.AnonymousAuthenticationFilter - Set SecurityContextHolder to anonymous SecurityContext
2025-04-13 23:00:51 [http-nio-8081-exec-3] DEBUG o.s.security.web.FilterChainProxy - Secured POST /api/house-cleaning/assign-staff?date=2025-04-08&shift=MORNING_SHIFT
2025-04-13 23:00:51 [http-nio-8081-exec-3] INFO  b.s.impl.HouseCleaningServiceImpl - Assigning staff to schedules for date: 2025-04-08 and shift: MORNING_SHIFT
2025-04-13 23:00:51 [http-nio-8081-exec-3] WARN  b.s.impl.HouseCleaningServiceImpl - Staff shortage detected for shift MORNING_SHIFT. Required: 1, Available: 0. Attempting to redistribute staff from other shifts.
2025-04-13 23:00:51 [http-nio-8081-exec-3] INFO  b.s.impl.HouseCleaningServiceImpl - STAFF REDISTRIBUTION: Analyzing all shifts to find staff for MORNING_SHIFT
2025-04-13 23:00:51 [http-nio-8081-exec-3] INFO  b.s.impl.HouseCleaningServiceImpl - Need to move 1 staff to shift MORNING_SHIFT
2025-04-13 23:00:51 [http-nio-8081-exec-3] INFO  b.s.impl.HouseCleaningServiceImpl - STAFF ANALYSIS - Shift AFTERNOON_SHIFT: 1 rooms, 2 staff available, 1 staff required, 1 excess staff
2025-04-13 23:00:51 [http-nio-8081-exec-3] INFO  b.s.impl.HouseCleaningServiceImpl - STAFF ANALYSIS - Shift EVENING_SHIFT: 0 rooms, 3 staff available, 0 staff required, 3 excess staff
2025-04-13 23:00:51 [http-nio-8081-exec-3] INFO  b.s.impl.HouseCleaningServiceImpl - Moving 1 excess staff from shift AFTERNOON_SHIFT to shift MORNING_SHIFT
2025-04-13 23:00:51 [http-nio-8081-exec-3] INFO  b.s.impl.HouseCleaningServiceImpl - Moved staff 2 from shift AFTERNOON_SHIFT to shift MORNING_SHIFT
2025-04-13 23:00:51 [http-nio-8081-exec-3] INFO  b.s.impl.HouseCleaningServiceImpl - Successfully moved 1 staff to shift MORNING_SHIFT. Requirement met.
2025-04-13 23:00:51 [http-nio-8081-exec-3] INFO  b.s.impl.HouseCleaningServiceImpl - After redistribution: 1 staff available for shift MORNING_SHIFT
2025-04-13 23:00:51 [http-nio-8081-exec-3] INFO  b.s.impl.HouseCleaningServiceImpl - Shift time: 07:00 to 11:00
2025-04-13 23:00:51 [http-nio-8081-exec-3] INFO  b.s.impl.HouseCleaningServiceImpl - STAFF REQUIREMENTS: 1 staff needed for 1 rooms in shift MORNING_SHIFT. 1 staff available, 0 excess staff.
2025-04-13 23:00:51 [http-nio-8081-exec-3] INFO  b.s.impl.HouseCleaningServiceImpl - Assigned staff 2 to room 470 for cleaning from 07:00 to 09:00, staff utilization=50.0%
2025-04-13 23:00:51 [http-nio-8081-exec-3] INFO  b.s.impl.HouseCleaningServiceImpl - Staff 2 is underutilized (50.0%). Consider moving to another shift.
2025-04-13 23:00:51 [http-nio-8081-exec-3] INFO  b.s.impl.HouseCleaningServiceImpl - Staff 2 has 1 rooms assigned (utilization: 50.0%)
2025-04-13 23:00:51 [http-nio-8081-exec-3] INFO  b.s.impl.HouseCleaningServiceImpl -   - Room 470 at 07:00
2025-04-13 23:00:51 [http-nio-8081-exec-3] INFO  b.s.impl.HouseCleaningServiceImpl -   - Staff 2 is working from 07:00 to 09:00 (utilization: 50.0%)
2025-04-13 23:00:51 [http-nio-8081-exec-3] INFO  b.s.impl.HouseCleaningServiceImpl - STAFF ANALYSIS - Shift AFTERNOON_SHIFT: 1 rooms, 1 staff available, 1 staff required
2025-04-13 23:00:51 [http-nio-8081-exec-3] INFO  b.s.impl.HouseCleaningServiceImpl - STAFF ANALYSIS - Shift EVENING_SHIFT: 0 rooms, 3 staff available, 0 staff required
2025-04-13 23:00:51 [http-nio-8081-exec-3] INFO  b.s.impl.HouseCleaningServiceImpl - Considering 1 underutilized staff members from MORNING_SHIFT shift for reassignment
2025-04-13 23:00:51 [http-nio-8081-exec-3] INFO  b.s.impl.HouseCleaningServiceImpl - Saved schedule for room 470: staffId=2, scheduledTime=07:00
2025-04-13 23:11:54 [http-nio-8081-exec-5] DEBUG o.s.security.web.FilterChainProxy - Securing GET /swagger-ui/index.html
2025-04-13 23:11:54 [http-nio-8081-exec-5] DEBUG o.s.s.w.a.AnonymousAuthenticationFilter - Set SecurityContextHolder to anonymous SecurityContext
2025-04-13 23:11:54 [http-nio-8081-exec-5] DEBUG o.s.security.web.FilterChainProxy - Secured GET /swagger-ui/index.html
2025-04-13 23:11:54 [http-nio-8081-exec-6] DEBUG o.s.security.web.FilterChainProxy - Securing GET /swagger-ui/swagger-ui.css
2025-04-13 23:11:54 [http-nio-8081-exec-6] DEBUG o.s.s.w.a.AnonymousAuthenticationFilter - Set SecurityContextHolder to anonymous SecurityContext
2025-04-13 23:11:54 [http-nio-8081-exec-6] DEBUG o.s.security.web.FilterChainProxy - Secured GET /swagger-ui/swagger-ui.css
2025-04-13 23:11:54 [http-nio-8081-exec-8] DEBUG o.s.security.web.FilterChainProxy - Securing GET /swagger-ui/swagger-ui-standalone-preset.js
2025-04-13 23:11:54 [http-nio-8081-exec-9] DEBUG o.s.security.web.FilterChainProxy - Securing GET /swagger-ui/swagger-ui-bundle.js
2025-04-13 23:11:54 [http-nio-8081-exec-7] DEBUG o.s.security.web.FilterChainProxy - Securing GET /swagger-ui/index.css
2025-04-13 23:11:54 [http-nio-8081-exec-8] DEBUG o.s.s.w.a.AnonymousAuthenticationFilter - Set SecurityContextHolder to anonymous SecurityContext
2025-04-13 23:11:54 [http-nio-8081-exec-9] DEBUG o.s.s.w.a.AnonymousAuthenticationFilter - Set SecurityContextHolder to anonymous SecurityContext
2025-04-13 23:11:54 [http-nio-8081-exec-7] DEBUG o.s.s.w.a.AnonymousAuthenticationFilter - Set SecurityContextHolder to anonymous SecurityContext
2025-04-13 23:11:54 [http-nio-8081-exec-7] DEBUG o.s.security.web.FilterChainProxy - Secured GET /swagger-ui/index.css
2025-04-13 23:11:54 [http-nio-8081-exec-9] DEBUG o.s.security.web.FilterChainProxy - Secured GET /swagger-ui/swagger-ui-bundle.js
2025-04-13 23:11:54 [http-nio-8081-exec-8] DEBUG o.s.security.web.FilterChainProxy - Secured GET /swagger-ui/swagger-ui-standalone-preset.js
2025-04-13 23:11:54 [http-nio-8081-exec-10] DEBUG o.s.security.web.FilterChainProxy - Securing GET /swagger-ui/swagger-initializer.js
2025-04-13 23:11:54 [http-nio-8081-exec-10] DEBUG o.s.s.w.a.AnonymousAuthenticationFilter - Set SecurityContextHolder to anonymous SecurityContext
2025-04-13 23:11:54 [http-nio-8081-exec-10] DEBUG o.s.security.web.FilterChainProxy - Secured GET /swagger-ui/swagger-initializer.js
2025-04-13 23:11:54 [http-nio-8081-exec-2] DEBUG o.s.security.web.FilterChainProxy - Securing GET /swagger-ui/favicon-32x32.png
2025-04-13 23:11:54 [http-nio-8081-exec-1] DEBUG o.s.security.web.FilterChainProxy - Securing GET /v3/api-docs/swagger-config
2025-04-13 23:11:54 [http-nio-8081-exec-1] DEBUG o.s.s.w.a.AnonymousAuthenticationFilter - Set SecurityContextHolder to anonymous SecurityContext
2025-04-13 23:11:54 [http-nio-8081-exec-2] DEBUG o.s.s.w.a.AnonymousAuthenticationFilter - Set SecurityContextHolder to anonymous SecurityContext
2025-04-13 23:11:54 [http-nio-8081-exec-1] DEBUG o.s.security.web.FilterChainProxy - Secured GET /v3/api-docs/swagger-config
2025-04-13 23:11:54 [http-nio-8081-exec-2] DEBUG o.s.security.web.FilterChainProxy - Secured GET /swagger-ui/favicon-32x32.png
2025-04-13 23:11:54 [http-nio-8081-exec-3] DEBUG o.s.security.web.FilterChainProxy - Securing GET /v3/api-docs
2025-04-13 23:11:54 [http-nio-8081-exec-3] DEBUG o.s.s.w.a.AnonymousAuthenticationFilter - Set SecurityContextHolder to anonymous SecurityContext
2025-04-13 23:11:54 [http-nio-8081-exec-3] DEBUG o.s.security.web.FilterChainProxy - Secured GET /v3/api-docs
2025-04-13 23:11:55 [http-nio-8081-exec-3] INFO  o.s.api.AbstractOpenApiResource - Init duration for springdoc-openapi is: 624 ms
2025-04-13 23:20:37 [SpringApplicationShutdownHook] INFO  o.s.b.w.e.tomcat.GracefulShutdown - Commencing graceful shutdown. Waiting for active requests to complete
2025-04-13 23:20:37 [tomcat-shutdown] INFO  o.s.b.w.e.tomcat.GracefulShutdown - Graceful shutdown complete
2025-04-13 23:20:38 [SpringApplicationShutdownHook] INFO  o.s.o.j.LocalContainerEntityManagerFactoryBean - Closing JPA EntityManagerFactory for persistence unit 'default'
2025-04-13 23:20:38 [SpringApplicationShutdownHook] INFO  com.zaxxer.hikari.HikariDataSource - HikariPool-1 - Shutdown initiated...
2025-04-13 23:20:38 [SpringApplicationShutdownHook] INFO  com.zaxxer.hikari.HikariDataSource - HikariPool-1 - Shutdown completed.
2025-04-13 23:20:45 [main] INFO  backend.HotelBookingApplication - Starting HotelBookingApplication using Java 17.0.13 with PID 17742 (/Users/sukuna/Documents/coding/IBE/IBE-BE/KDU/target/classes started by sukuna in /Users/sukuna/Documents/coding/IBE/IBE-BE/KDU)
2025-04-13 23:20:45 [main] INFO  backend.HotelBookingApplication - The following 1 profile is active: "dev"
2025-04-13 23:20:47 [main] INFO  o.s.d.r.c.RepositoryConfigurationDelegate - Bootstrapping Spring Data JPA repositories in DEFAULT mode.
2025-04-13 23:20:47 [main] INFO  o.s.d.r.c.RepositoryConfigurationDelegate - Finished Spring Data repository scanning in 71 ms. Found 15 JPA repository interfaces.
2025-04-13 23:20:48 [main] INFO  o.s.b.w.e.tomcat.TomcatWebServer - Tomcat initialized with port 8081 (http)
2025-04-13 23:20:48 [main] INFO  o.a.coyote.http11.Http11NioProtocol - Initializing ProtocolHandler ["http-nio-8081"]
2025-04-13 23:20:48 [main] INFO  o.a.catalina.core.StandardService - Starting service [Tomcat]
2025-04-13 23:20:48 [main] INFO  o.a.catalina.core.StandardEngine - Starting Servlet engine: [Apache Tomcat/10.1.36]
2025-04-13 23:20:48 [main] INFO  o.a.c.c.C.[Tomcat].[localhost].[/] - Initializing Spring embedded WebApplicationContext
2025-04-13 23:20:48 [main] INFO  o.s.b.w.s.c.ServletWebServerApplicationContext - Root WebApplicationContext: initialization completed in 3493 ms
2025-04-13 23:20:49 [main] INFO  com.zaxxer.hikari.HikariDataSource - HikariPool-1 - Starting...
2025-04-13 23:20:54 [main] INFO  com.zaxxer.hikari.pool.HikariPool - HikariPool-1 - Added connection org.postgresql.jdbc.PgConnection@5e7e7a7e
2025-04-13 23:20:54 [main] INFO  com.zaxxer.hikari.HikariDataSource - HikariPool-1 - Start completed.
2025-04-13 23:20:55 [main] INFO  o.s.o.j.p.SpringPersistenceUnitInfo - No LoadTimeWeaver setup: ignoring JPA class transformer
2025-04-13 23:20:55 [main] WARN  org.hibernate.orm.deprecation - HHH90000025: PostgreSQLDialect does not need to be specified explicitly using 'hibernate.dialect' (remove the property setting and it will be selected by default)
2025-04-13 23:20:57 [main] WARN  o.h.t.s.i.ExceptionHandlerLoggedImpl - GenerationTarget encountered exception accepting command : Error executing DDL "alter table if exists staff_room_map alter column staff_id set data type bigint" via JDBC [ERROR: column "staff_id" cannot be cast automatically to type bigint
  Hint: You might need to specify "USING staff_id::bigint".]
org.hibernate.tool.schema.spi.CommandAcceptanceException: Error executing DDL "alter table if exists staff_room_map alter column staff_id set data type bigint" via JDBC [ERROR: column "staff_id" cannot be cast automatically to type bigint
  Hint: You might need to specify "USING staff_id::bigint".]
	at org.hibernate.tool.schema.internal.exec.GenerationTargetToDatabase.accept(GenerationTargetToDatabase.java:94)
	at org.hibernate.tool.schema.internal.AbstractSchemaMigrator.applySqlString(AbstractSchemaMigrator.java:576)
	at org.hibernate.tool.schema.internal.AbstractSchemaMigrator.applySqlStrings(AbstractSchemaMigrator.java:516)
	at org.hibernate.tool.schema.internal.AbstractSchemaMigrator.migrateTable(AbstractSchemaMigrator.java:334)
	at org.hibernate.tool.schema.internal.GroupedSchemaMigratorImpl.performTablesMigration(GroupedSchemaMigratorImpl.java:84)
	at org.hibernate.tool.schema.internal.AbstractSchemaMigrator.performMigration(AbstractSchemaMigrator.java:233)
	at org.hibernate.tool.schema.internal.AbstractSchemaMigrator.doMigration(AbstractSchemaMigrator.java:112)
	at org.hibernate.tool.schema.spi.SchemaManagementToolCoordinator.performDatabaseAction(SchemaManagementToolCoordinator.java:280)
	at org.hibernate.tool.schema.spi.SchemaManagementToolCoordinator.lambda$process$5(SchemaManagementToolCoordinator.java:144)
	at java.base/java.util.HashMap.forEach(HashMap.java:1421)
	at org.hibernate.tool.schema.spi.SchemaManagementToolCoordinator.process(SchemaManagementToolCoordinator.java:141)
	at org.hibernate.boot.internal.SessionFactoryObserverForSchemaExport.sessionFactoryCreated(SessionFactoryObserverForSchemaExport.java:37)
	at org.hibernate.internal.SessionFactoryObserverChain.sessionFactoryCreated(SessionFactoryObserverChain.java:35)
	at org.hibernate.internal.SessionFactoryImpl.<init>(SessionFactoryImpl.java:324)
	at org.hibernate.boot.internal.SessionFactoryBuilderImpl.build(SessionFactoryBuilderImpl.java:463)
	at org.hibernate.jpa.boot.internal.EntityManagerFactoryBuilderImpl.build(EntityManagerFactoryBuilderImpl.java:1517)
	at org.springframework.orm.jpa.vendor.SpringHibernateJpaPersistenceProvider.createContainerEntityManagerFactory(SpringHibernateJpaPersistenceProvider.java:66)
	at org.springframework.orm.jpa.LocalContainerEntityManagerFactoryBean.createNativeEntityManagerFactory(LocalContainerEntityManagerFactoryBean.java:390)
	at org.springframework.orm.jpa.AbstractEntityManagerFactoryBean.buildNativeEntityManagerFactory(AbstractEntityManagerFactoryBean.java:419)
	at org.springframework.orm.jpa.AbstractEntityManagerFactoryBean.afterPropertiesSet(AbstractEntityManagerFactoryBean.java:400)
	at org.springframework.orm.jpa.LocalContainerEntityManagerFactoryBean.afterPropertiesSet(LocalContainerEntityManagerFactoryBean.java:366)
	at org.springframework.beans.factory.support.AbstractAutowireCapableBeanFactory.invokeInitMethods(AbstractAutowireCapableBeanFactory.java:1859)
	at org.springframework.beans.factory.support.AbstractAutowireCapableBeanFactory.initializeBean(AbstractAutowireCapableBeanFactory.java:1808)
	at org.springframework.beans.factory.support.AbstractAutowireCapableBeanFactory.doCreateBean(AbstractAutowireCapableBeanFactory.java:601)
	at org.springframework.beans.factory.support.AbstractAutowireCapableBeanFactory.createBean(AbstractAutowireCapableBeanFactory.java:523)
	at org.springframework.beans.factory.support.AbstractBeanFactory.lambda$doGetBean$0(AbstractBeanFactory.java:339)
	at org.springframework.beans.factory.support.DefaultSingletonBeanRegistry.getSingleton(DefaultSingletonBeanRegistry.java:346)
	at org.springframework.beans.factory.support.AbstractBeanFactory.doGetBean(AbstractBeanFactory.java:337)
	at org.springframework.beans.factory.support.AbstractBeanFactory.getBean(AbstractBeanFactory.java:207)
	at org.springframework.context.support.AbstractApplicationContext.finishBeanFactoryInitialization(AbstractApplicationContext.java:970)
	at org.springframework.context.support.AbstractApplicationContext.refresh(AbstractApplicationContext.java:627)
	at org.springframework.boot.web.servlet.context.ServletWebServerApplicationContext.refresh(ServletWebServerApplicationContext.java:146)
	at org.springframework.boot.SpringApplication.refresh(SpringApplication.java:752)
	at org.springframework.boot.SpringApplication.refreshContext(SpringApplication.java:439)
	at org.springframework.boot.SpringApplication.run(SpringApplication.java:318)
	at org.springframework.boot.SpringApplication.run(SpringApplication.java:1361)
	at org.springframework.boot.SpringApplication.run(SpringApplication.java:1350)
	at backend.HotelBookingApplication.main(HotelBookingApplication.java:15)
Caused by: org.postgresql.util.PSQLException: ERROR: column "staff_id" cannot be cast automatically to type bigint
  Hint: You might need to specify "USING staff_id::bigint".
	at org.postgresql.core.v3.QueryExecutorImpl.receiveErrorResponse(QueryExecutorImpl.java:2733)
	at org.postgresql.core.v3.QueryExecutorImpl.processResults(QueryExecutorImpl.java:2420)
	at org.postgresql.core.v3.QueryExecutorImpl.execute(QueryExecutorImpl.java:372)
	at org.postgresql.jdbc.PgStatement.executeInternal(PgStatement.java:517)
	at org.postgresql.jdbc.PgStatement.execute(PgStatement.java:434)
	at org.postgresql.jdbc.PgStatement.executeWithFlags(PgStatement.java:356)
	at org.postgresql.jdbc.PgStatement.executeCachedSql(PgStatement.java:341)
	at org.postgresql.jdbc.PgStatement.executeWithFlags(PgStatement.java:317)
	at org.postgresql.jdbc.PgStatement.execute(PgStatement.java:312)
	at com.zaxxer.hikari.pool.ProxyStatement.execute(ProxyStatement.java:94)
	at com.zaxxer.hikari.pool.HikariProxyStatement.execute(HikariProxyStatement.java)
	at org.hibernate.tool.schema.internal.exec.GenerationTargetToDatabase.accept(GenerationTargetToDatabase.java:80)
	... 37 common frames omitted
2025-04-13 23:20:58 [main] WARN  o.h.t.s.i.ExceptionHandlerLoggedImpl - GenerationTarget encountered exception accepting command : Error executing DDL "alter table if exists staff_room_map add constraint FKyd20ehofj2axxe92vl67pqvx foreign key (staff_id) references staff" via JDBC [ERROR: foreign key constraint "fkyd20ehofj2axxe92vl67pqvx" cannot be implemented
  Detail: Key columns "staff_id" and "staff_id" are of incompatible types: character varying and bigint.]
org.hibernate.tool.schema.spi.CommandAcceptanceException: Error executing DDL "alter table if exists staff_room_map add constraint FKyd20ehofj2axxe92vl67pqvx foreign key (staff_id) references staff" via JDBC [ERROR: foreign key constraint "fkyd20ehofj2axxe92vl67pqvx" cannot be implemented
  Detail: Key columns "staff_id" and "staff_id" are of incompatible types: character varying and bigint.]
	at org.hibernate.tool.schema.internal.exec.GenerationTargetToDatabase.accept(GenerationTargetToDatabase.java:94)
	at org.hibernate.tool.schema.internal.AbstractSchemaMigrator.applySqlString(AbstractSchemaMigrator.java:576)
	at org.hibernate.tool.schema.internal.AbstractSchemaMigrator.applySqlStrings(AbstractSchemaMigrator.java:516)
	at org.hibernate.tool.schema.internal.AbstractSchemaMigrator.applyForeignKeys(AbstractSchemaMigrator.java:448)
	at org.hibernate.tool.schema.internal.AbstractSchemaMigrator.performMigration(AbstractSchemaMigrator.java:269)
	at org.hibernate.tool.schema.internal.AbstractSchemaMigrator.doMigration(AbstractSchemaMigrator.java:112)
	at org.hibernate.tool.schema.spi.SchemaManagementToolCoordinator.performDatabaseAction(SchemaManagementToolCoordinator.java:280)
	at org.hibernate.tool.schema.spi.SchemaManagementToolCoordinator.lambda$process$5(SchemaManagementToolCoordinator.java:144)
	at java.base/java.util.HashMap.forEach(HashMap.java:1421)
	at org.hibernate.tool.schema.spi.SchemaManagementToolCoordinator.process(SchemaManagementToolCoordinator.java:141)
	at org.hibernate.boot.internal.SessionFactoryObserverForSchemaExport.sessionFactoryCreated(SessionFactoryObserverForSchemaExport.java:37)
	at org.hibernate.internal.SessionFactoryObserverChain.sessionFactoryCreated(SessionFactoryObserverChain.java:35)
	at org.hibernate.internal.SessionFactoryImpl.<init>(SessionFactoryImpl.java:324)
	at org.hibernate.boot.internal.SessionFactoryBuilderImpl.build(SessionFactoryBuilderImpl.java:463)
	at org.hibernate.jpa.boot.internal.EntityManagerFactoryBuilderImpl.build(EntityManagerFactoryBuilderImpl.java:1517)
	at org.springframework.orm.jpa.vendor.SpringHibernateJpaPersistenceProvider.createContainerEntityManagerFactory(SpringHibernateJpaPersistenceProvider.java:66)
	at org.springframework.orm.jpa.LocalContainerEntityManagerFactoryBean.createNativeEntityManagerFactory(LocalContainerEntityManagerFactoryBean.java:390)
	at org.springframework.orm.jpa.AbstractEntityManagerFactoryBean.buildNativeEntityManagerFactory(AbstractEntityManagerFactoryBean.java:419)
	at org.springframework.orm.jpa.AbstractEntityManagerFactoryBean.afterPropertiesSet(AbstractEntityManagerFactoryBean.java:400)
	at org.springframework.orm.jpa.LocalContainerEntityManagerFactoryBean.afterPropertiesSet(LocalContainerEntityManagerFactoryBean.java:366)
	at org.springframework.beans.factory.support.AbstractAutowireCapableBeanFactory.invokeInitMethods(AbstractAutowireCapableBeanFactory.java:1859)
	at org.springframework.beans.factory.support.AbstractAutowireCapableBeanFactory.initializeBean(AbstractAutowireCapableBeanFactory.java:1808)
	at org.springframework.beans.factory.support.AbstractAutowireCapableBeanFactory.doCreateBean(AbstractAutowireCapableBeanFactory.java:601)
	at org.springframework.beans.factory.support.AbstractAutowireCapableBeanFactory.createBean(AbstractAutowireCapableBeanFactory.java:523)
	at org.springframework.beans.factory.support.AbstractBeanFactory.lambda$doGetBean$0(AbstractBeanFactory.java:339)
	at org.springframework.beans.factory.support.DefaultSingletonBeanRegistry.getSingleton(DefaultSingletonBeanRegistry.java:346)
	at org.springframework.beans.factory.support.AbstractBeanFactory.doGetBean(AbstractBeanFactory.java:337)
	at org.springframework.beans.factory.support.AbstractBeanFactory.getBean(AbstractBeanFactory.java:207)
	at org.springframework.context.support.AbstractApplicationContext.finishBeanFactoryInitialization(AbstractApplicationContext.java:970)
	at org.springframework.context.support.AbstractApplicationContext.refresh(AbstractApplicationContext.java:627)
	at org.springframework.boot.web.servlet.context.ServletWebServerApplicationContext.refresh(ServletWebServerApplicationContext.java:146)
	at org.springframework.boot.SpringApplication.refresh(SpringApplication.java:752)
	at org.springframework.boot.SpringApplication.refreshContext(SpringApplication.java:439)
	at org.springframework.boot.SpringApplication.run(SpringApplication.java:318)
	at org.springframework.boot.SpringApplication.run(SpringApplication.java:1361)
	at org.springframework.boot.SpringApplication.run(SpringApplication.java:1350)
	at backend.HotelBookingApplication.main(HotelBookingApplication.java:15)
Caused by: org.postgresql.util.PSQLException: ERROR: foreign key constraint "fkyd20ehofj2axxe92vl67pqvx" cannot be implemented
  Detail: Key columns "staff_id" and "staff_id" are of incompatible types: character varying and bigint.
	at org.postgresql.core.v3.QueryExecutorImpl.receiveErrorResponse(QueryExecutorImpl.java:2733)
	at org.postgresql.core.v3.QueryExecutorImpl.processResults(QueryExecutorImpl.java:2420)
	at org.postgresql.core.v3.QueryExecutorImpl.execute(QueryExecutorImpl.java:372)
	at org.postgresql.jdbc.PgStatement.executeInternal(PgStatement.java:517)
	at org.postgresql.jdbc.PgStatement.execute(PgStatement.java:434)
	at org.postgresql.jdbc.PgStatement.executeWithFlags(PgStatement.java:356)
	at org.postgresql.jdbc.PgStatement.executeCachedSql(PgStatement.java:341)
	at org.postgresql.jdbc.PgStatement.executeWithFlags(PgStatement.java:317)
	at org.postgresql.jdbc.PgStatement.execute(PgStatement.java:312)
	at com.zaxxer.hikari.pool.ProxyStatement.execute(ProxyStatement.java:94)
	at com.zaxxer.hikari.pool.HikariProxyStatement.execute(HikariProxyStatement.java)
	at org.hibernate.tool.schema.internal.exec.GenerationTargetToDatabase.accept(GenerationTargetToDatabase.java:80)
	... 36 common frames omitted
2025-04-13 23:20:58 [main] INFO  o.s.o.j.LocalContainerEntityManagerFactoryBean - Initialized JPA EntityManagerFactory for persistence unit 'default'
2025-04-13 23:20:58 [main] INFO  backend.config.CorsConfig - CORS Configuration Loaded!
2025-04-13 23:20:58 [main] DEBUG o.s.c.e.PropertySourcesPropertyResolver - Found key 'spring.security.oauth2.resourceserver.jwt.issuer-uri' in PropertySource 'environmentProperties' with value of type String
2025-04-13 23:20:58 [main] INFO  o.s.d.j.r.query.QueryEnhancerFactory - Hibernate is in classpath; If applicable, HQL parser will be used.
2025-04-13 23:20:58 [main] DEBUG o.s.c.e.PropertySourcesPropertyResolver - Found key 'graphql.endpoint' in PropertySource 'environmentProperties' with value of type String
2025-04-13 23:20:58 [main] DEBUG o.s.c.e.PropertySourcesPropertyResolver - Found key 'graphql.api-key' in PropertySource 'environmentProperties' with value of type String
2025-04-13 23:20:59 [main] DEBUG o.s.c.e.PropertySourcesPropertyResolver - Found key 'graphql.api.key' in PropertySource 'environmentProperties' with value of type String
2025-04-13 23:20:59 [main] DEBUG o.s.c.e.PropertySourcesPropertyResolver - Found key 'graphql.url' in PropertySource 'environmentProperties' with value of type String
2025-04-13 23:20:59 [main] DEBUG o.s.c.e.PropertySourcesPropertyResolver - Found key 'spring.mail.username' in PropertySource 'environmentProperties' with value of type String
2025-04-13 23:20:59 [main] DEBUG o.s.c.e.PropertySourcesPropertyResolver - Found key 'otp.expiry.minutes' in PropertySource 'environmentProperties' with value of type String
2025-04-13 23:20:59 [main] DEBUG o.s.c.e.PropertySourcesPropertyResolver - Found key 'otp.max.attempts' in PropertySource 'environmentProperties' with value of type String
2025-04-13 23:20:59 [main] DEBUG o.s.c.e.PropertySourcesPropertyResolver - Found key 'graphql.endpoint' in PropertySource 'environmentProperties' with value of type String
2025-04-13 23:20:59 [main] DEBUG o.s.c.e.PropertySourcesPropertyResolver - Found key 'graphql.api-key' in PropertySource 'environmentProperties' with value of type String
2025-04-13 23:20:59 [main] DEBUG o.s.c.e.PropertySourcesPropertyResolver - Found key 'graphql.api.key' in PropertySource 'environmentProperties' with value of type String
2025-04-13 23:20:59 [main] DEBUG o.s.c.e.PropertySourcesPropertyResolver - Found key 'graphql.url' in PropertySource 'environmentProperties' with value of type String
2025-04-13 23:20:59 [main] DEBUG o.s.c.e.PropertySourcesPropertyResolver - Found key 'graphql.endpoint' in PropertySource 'environmentProperties' with value of type String
2025-04-13 23:20:59 [main] DEBUG o.s.c.e.PropertySourcesPropertyResolver - Found key 'graphql.api-key' in PropertySource 'environmentProperties' with value of type String
2025-04-13 23:20:59 [main] DEBUG o.s.c.e.PropertySourcesPropertyResolver - Found key 'graphql.endpoint' in PropertySource 'environmentProperties' with value of type String
2025-04-13 23:20:59 [main] DEBUG o.s.c.e.PropertySourcesPropertyResolver - Found key 'graphql.apiKey' in PropertySource 'environmentProperties' with value of type String
2025-04-13 23:20:59 [main] DEBUG o.s.c.e.PropertySourcesPropertyResolver - Found key 'graphql.endpoint' in PropertySource 'environmentProperties' with value of type String
2025-04-13 23:20:59 [main] DEBUG o.s.c.e.PropertySourcesPropertyResolver - Found key 'graphql.apiKey' in PropertySource 'environmentProperties' with value of type String
2025-04-13 23:20:59 [main] DEBUG o.s.c.e.PropertySourcesPropertyResolver - Found key 'api.base.url' in PropertySource 'environmentProperties' with value of type String
2025-04-13 23:20:59 [main] WARN  o.s.b.a.o.j.JpaBaseConfiguration$JpaWebConfiguration - spring.jpa.open-in-view is enabled by default. Therefore, database queries may be performed during view rendering. Explicitly configure spring.jpa.open-in-view to disable this warning
2025-04-13 23:20:59 [main] INFO  backend.config.CorsConfig - Applying CORS settings...
2025-04-13 23:21:00 [main] DEBUG o.s.s.c.a.a.c.AuthenticationConfiguration$DefaultPasswordEncoderAuthenticationManagerBuilder - No authenticationProviders and no parentAuthenticationManager defined. Returning null.
2025-04-13 23:21:00 [main] INFO  o.s.b.a.e.web.EndpointLinksResolver - Exposing 2 endpoints beneath base path '/actuator'
2025-04-13 23:21:00 [main] INFO  backend.config.SecurityConfig - Configuring security filter chain...
2025-04-13 23:21:00 [main] INFO  backend.config.SecurityConfig - Using issuer URI: https://cognito-idp.ap-south-1.amazonaws.com/ap-south-1_IGHZ9OObg
2025-04-13 23:21:00 [main] INFO  backend.config.SecurityConfig - Configuring authorization rules...
2025-04-13 23:21:00 [main] INFO  backend.config.SecurityConfig - Configuring OAuth2 resource server...
2025-04-13 23:21:00 [main] INFO  backend.config.SecurityConfig - Configuring JWT...
2025-04-13 23:21:00 [main] INFO  backend.config.SecurityConfig - Creating JWT decoder with issuer URI: https://cognito-idp.ap-south-1.amazonaws.com/ap-south-1_IGHZ9OObg
2025-04-13 23:21:00 [main] INFO  backend.config.SecurityConfig - Configuring session management...
2025-04-13 23:21:00 [main] DEBUG o.s.s.web.DefaultSecurityFilterChain - Will secure any request with filters: DisableEncodeUrlFilter, WebAsyncManagerIntegrationFilter, SecurityContextHolderFilter, HeaderWriterFilter, LogoutFilter, BearerTokenAuthenticationFilter, RequestCacheAwareFilter, SecurityContextHolderAwareRequestFilter, AnonymousAuthenticationFilter, SessionManagementFilter, ExceptionTranslationFilter, AuthorizationFilter
2025-04-13 23:21:01 [main] INFO  o.a.coyote.http11.Http11NioProtocol - Starting ProtocolHandler ["http-nio-8081"]
2025-04-13 23:21:01 [main] INFO  o.s.b.w.e.tomcat.TomcatWebServer - Tomcat started on port 8081 (http) with context path '/'
2025-04-13 23:21:01 [main] INFO  backend.HotelBookingApplication - Started HotelBookingApplication in 16.983 seconds (process running for 17.832)
2025-04-13 23:21:03 [http-nio-8081-exec-1] INFO  o.a.c.c.C.[Tomcat].[localhost].[/] - Initializing Spring DispatcherServlet 'dispatcherServlet'
2025-04-13 23:21:03 [http-nio-8081-exec-1] INFO  o.s.web.servlet.DispatcherServlet - Initializing Servlet 'dispatcherServlet'
2025-04-13 23:21:03 [http-nio-8081-exec-1] INFO  o.s.web.servlet.DispatcherServlet - Completed initialization in 3 ms
2025-04-13 23:21:04 [http-nio-8081-exec-1] DEBUG o.s.security.web.FilterChainProxy - Securing GET /swagger-ui/index.html
2025-04-13 23:21:04 [http-nio-8081-exec-1] DEBUG o.s.s.w.a.AnonymousAuthenticationFilter - Set SecurityContextHolder to anonymous SecurityContext
2025-04-13 23:21:04 [http-nio-8081-exec-1] DEBUG o.s.security.web.FilterChainProxy - Secured GET /swagger-ui/index.html
2025-04-13 23:21:04 [http-nio-8081-exec-2] DEBUG o.s.security.web.FilterChainProxy - Securing GET /swagger-ui/swagger-ui.css
2025-04-13 23:21:04 [http-nio-8081-exec-3] DEBUG o.s.security.web.FilterChainProxy - Securing GET /swagger-ui/swagger-ui-bundle.js
2025-04-13 23:21:04 [http-nio-8081-exec-5] DEBUG o.s.security.web.FilterChainProxy - Securing GET /swagger-ui/swagger-ui-standalone-preset.js
2025-04-13 23:21:04 [http-nio-8081-exec-2] DEBUG o.s.s.w.a.AnonymousAuthenticationFilter - Set SecurityContextHolder to anonymous SecurityContext
2025-04-13 23:21:04 [http-nio-8081-exec-3] DEBUG o.s.s.w.a.AnonymousAuthenticationFilter - Set SecurityContextHolder to anonymous SecurityContext
2025-04-13 23:21:04 [http-nio-8081-exec-6] DEBUG o.s.security.web.FilterChainProxy - Securing GET /swagger-ui/swagger-initializer.js
2025-04-13 23:21:04 [http-nio-8081-exec-5] DEBUG o.s.s.w.a.AnonymousAuthenticationFilter - Set SecurityContextHolder to anonymous SecurityContext
2025-04-13 23:21:04 [http-nio-8081-exec-6] DEBUG o.s.s.w.a.AnonymousAuthenticationFilter - Set SecurityContextHolder to anonymous SecurityContext
2025-04-13 23:21:04 [http-nio-8081-exec-2] DEBUG o.s.security.web.FilterChainProxy - Secured GET /swagger-ui/swagger-ui.css
2025-04-13 23:21:04 [http-nio-8081-exec-5] DEBUG o.s.security.web.FilterChainProxy - Secured GET /swagger-ui/swagger-ui-standalone-preset.js
2025-04-13 23:21:04 [http-nio-8081-exec-3] DEBUG o.s.security.web.FilterChainProxy - Secured GET /swagger-ui/swagger-ui-bundle.js
2025-04-13 23:21:04 [http-nio-8081-exec-6] DEBUG o.s.security.web.FilterChainProxy - Secured GET /swagger-ui/swagger-initializer.js
2025-04-13 23:21:04 [http-nio-8081-exec-4] DEBUG o.s.security.web.FilterChainProxy - Securing GET /swagger-ui/index.css
2025-04-13 23:21:04 [http-nio-8081-exec-4] DEBUG o.s.s.w.a.AnonymousAuthenticationFilter - Set SecurityContextHolder to anonymous SecurityContext
2025-04-13 23:21:04 [http-nio-8081-exec-4] DEBUG o.s.security.web.FilterChainProxy - Secured GET /swagger-ui/index.css
2025-04-13 23:21:04 [http-nio-8081-exec-7] DEBUG o.s.security.web.FilterChainProxy - Securing GET /v3/api-docs/swagger-config
2025-04-13 23:21:04 [http-nio-8081-exec-8] DEBUG o.s.security.web.FilterChainProxy - Securing GET /swagger-ui/favicon-32x32.png
2025-04-13 23:21:04 [http-nio-8081-exec-7] DEBUG o.s.s.w.a.AnonymousAuthenticationFilter - Set SecurityContextHolder to anonymous SecurityContext
2025-04-13 23:21:04 [http-nio-8081-exec-8] DEBUG o.s.s.w.a.AnonymousAuthenticationFilter - Set SecurityContextHolder to anonymous SecurityContext
2025-04-13 23:21:04 [http-nio-8081-exec-7] DEBUG o.s.security.web.FilterChainProxy - Secured GET /v3/api-docs/swagger-config
2025-04-13 23:21:04 [http-nio-8081-exec-8] DEBUG o.s.security.web.FilterChainProxy - Secured GET /swagger-ui/favicon-32x32.png
2025-04-13 23:21:04 [http-nio-8081-exec-9] DEBUG o.s.security.web.FilterChainProxy - Securing GET /v3/api-docs
2025-04-13 23:21:04 [http-nio-8081-exec-9] DEBUG o.s.s.w.a.AnonymousAuthenticationFilter - Set SecurityContextHolder to anonymous SecurityContext
2025-04-13 23:21:04 [http-nio-8081-exec-9] DEBUG o.s.security.web.FilterChainProxy - Secured GET /v3/api-docs
2025-04-13 23:21:05 [http-nio-8081-exec-9] INFO  o.s.api.AbstractOpenApiResource - Init duration for springdoc-openapi is: 568 ms
2025-04-13 23:21:24 [http-nio-8081-exec-3] DEBUG o.s.security.web.FilterChainProxy - Securing POST /api/house-cleaning/generate?date=2025-04-08
2025-04-13 23:21:24 [http-nio-8081-exec-3] DEBUG o.s.s.w.a.AnonymousAuthenticationFilter - Set SecurityContextHolder to anonymous SecurityContext
2025-04-13 23:21:24 [http-nio-8081-exec-3] DEBUG o.s.security.web.FilterChainProxy - Secured POST /api/house-cleaning/generate?date=2025-04-08
2025-04-13 23:21:24 [http-nio-8081-exec-3] INFO  b.s.impl.HouseCleaningServiceImpl - Generating cleaning schedules for date: 2025-04-08
2025-04-13 23:21:25 [http-nio-8081-exec-3] INFO  b.s.impl.HouseCleaningServiceImpl - Found 0 check-in bookings, 5 check-out bookings, and 5 current bookings for date 2025-04-08
2025-04-13 23:21:25 [http-nio-8081-exec-3] INFO  b.s.impl.BookedRoomsServiceImpl - Checking check-in rooms for date: 2025-05-15
2025-04-13 23:21:25 [http-nio-8081-exec-3] INFO  b.s.impl.BookedRoomsServiceImpl - Found 0 transactions with check-in date 2025-05-15
2025-04-13 23:21:25 [http-nio-8081-exec-3] INFO  b.s.impl.BookedRoomsServiceImpl - Booking IDs for check-in: []
2025-04-13 23:21:25 [http-nio-8081-exec-3] INFO  b.s.impl.BookedRoomsServiceImpl - No booking IDs found, returning empty list
2025-04-13 23:21:25 [http-nio-8081-exec-3] INFO  b.s.impl.BookedRoomsServiceImpl - Checking check-out rooms for date: 2025-05-15
2025-04-13 23:21:25 [http-nio-8081-exec-3] INFO  b.s.impl.BookedRoomsServiceImpl - Found 2 transactions with check-out date 2025-05-15
2025-04-13 23:21:25 [http-nio-8081-exec-3] INFO  b.s.impl.BookedRoomsServiceImpl - Booking IDs for check-out: [110, 318]
2025-04-13 23:21:27 [http-nio-8081-exec-3] INFO  b.s.impl.BookedRoomsServiceImpl - Room IDs for bookings [110, 318]: [470]
2025-04-13 23:21:27 [http-nio-8081-exec-3] INFO  b.s.impl.BookedRoomsServiceImpl - Checking currently booked rooms for date: 2025-05-15T00:00:00Z
2025-04-13 23:21:27 [http-nio-8081-exec-3] INFO  b.s.impl.BookedRoomsServiceImpl - Currently booked room IDs: [422, 470]
2025-04-13 23:21:27 [http-nio-8081-exec-3] INFO  b.s.impl.HouseCleaningServiceImpl - Found 0 check-in rooms, 1 check-out rooms, and 2 current rooms for date 2025-04-08
2025-04-13 23:21:27 [http-nio-8081-exec-3] WARN  b.s.impl.HouseCleaningServiceImpl - Could not extract room ID from booking details for booking ID 159
2025-04-13 23:21:27 [http-nio-8081-exec-3] WARN  b.s.impl.HouseCleaningServiceImpl - Could not extract room ID from booking details for booking ID 23
2025-04-13 23:21:27 [http-nio-8081-exec-3] WARN  b.s.impl.HouseCleaningServiceImpl - Could not extract room ID from booking details for booking ID 160
2025-04-13 23:21:27 [http-nio-8081-exec-3] WARN  b.s.impl.HouseCleaningServiceImpl - Could not extract room ID from booking details for booking ID 25
2025-04-13 23:21:27 [http-nio-8081-exec-3] WARN  b.s.impl.HouseCleaningServiceImpl - Could not extract room ID from booking details for booking ID 26
2025-04-13 23:21:27 [http-nio-8081-exec-3] WARN  b.s.impl.HouseCleaningServiceImpl - Could not extract room ID from booking details for booking ID 159
2025-04-13 23:21:27 [http-nio-8081-exec-3] WARN  b.s.impl.HouseCleaningServiceImpl - Could not extract room ID from booking details for booking ID 23
2025-04-13 23:21:27 [http-nio-8081-exec-3] WARN  b.s.impl.HouseCleaningServiceImpl - Could not extract room ID from booking details for booking ID 160
2025-04-13 23:21:27 [http-nio-8081-exec-3] WARN  b.s.impl.HouseCleaningServiceImpl - Could not extract room ID from booking details for booking ID 25
2025-04-13 23:21:27 [http-nio-8081-exec-3] WARN  b.s.impl.HouseCleaningServiceImpl - Could not extract room ID from booking details for booking ID 26
2025-04-13 23:21:27 [http-nio-8081-exec-3] INFO  b.s.impl.HouseCleaningServiceImpl - Room to booking map: {}
2025-04-13 23:21:27 [http-nio-8081-exec-3] WARN  b.s.impl.HouseCleaningServiceImpl - No booking ID found for room ID 470
2025-04-13 23:21:27 [http-nio-8081-exec-3] WARN  b.s.impl.HouseCleaningServiceImpl - No booking ID found for room ID 422
2025-04-13 23:30:35 [http-nio-8081-exec-8] DEBUG o.s.security.web.FilterChainProxy - Securing GET /api/house-cleaning/schedules?date=2025-05-15
2025-04-13 23:30:35 [http-nio-8081-exec-8] DEBUG o.s.s.w.a.AnonymousAuthenticationFilter - Set SecurityContextHolder to anonymous SecurityContext
2025-04-13 23:30:35 [http-nio-8081-exec-8] DEBUG o.s.security.web.FilterChainProxy - Secured GET /api/house-cleaning/schedules?date=2025-05-15
2025-04-13 23:30:43 [http-nio-8081-exec-9] DEBUG o.s.security.web.FilterChainProxy - Securing GET /api/house-cleaning/schedules?date=2025-04-15
2025-04-13 23:30:43 [http-nio-8081-exec-9] DEBUG o.s.s.w.a.AnonymousAuthenticationFilter - Set SecurityContextHolder to anonymous SecurityContext
2025-04-13 23:30:43 [http-nio-8081-exec-9] DEBUG o.s.security.web.FilterChainProxy - Secured GET /api/house-cleaning/schedules?date=2025-04-15
2025-04-13 23:32:31 [SpringApplicationShutdownHook] INFO  o.s.b.w.e.tomcat.GracefulShutdown - Commencing graceful shutdown. Waiting for active requests to complete
2025-04-13 23:32:31 [tomcat-shutdown] INFO  o.s.b.w.e.tomcat.GracefulShutdown - Graceful shutdown complete
2025-04-13 23:32:32 [SpringApplicationShutdownHook] INFO  o.s.o.j.LocalContainerEntityManagerFactoryBean - Closing JPA EntityManagerFactory for persistence unit 'default'
2025-04-13 23:32:32 [SpringApplicationShutdownHook] INFO  com.zaxxer.hikari.HikariDataSource - HikariPool-1 - Shutdown initiated...
2025-04-13 23:32:32 [SpringApplicationShutdownHook] INFO  com.zaxxer.hikari.HikariDataSource - HikariPool-1 - Shutdown completed.
2025-04-13 23:32:39 [main] INFO  backend.HotelBookingApplication - Starting HotelBookingApplication using Java 17.0.13 with PID 18180 (/Users/sukuna/Documents/coding/IBE/IBE-BE/KDU/target/classes started by sukuna in /Users/sukuna/Documents/coding/IBE/IBE-BE/KDU)
2025-04-13 23:32:39 [main] INFO  backend.HotelBookingApplication - The following 1 profile is active: "dev"
2025-04-13 23:32:40 [main] INFO  o.s.d.r.c.RepositoryConfigurationDelegate - Bootstrapping Spring Data JPA repositories in DEFAULT mode.
2025-04-13 23:32:40 [main] INFO  o.s.d.r.c.RepositoryConfigurationDelegate - Finished Spring Data repository scanning in 59 ms. Found 15 JPA repository interfaces.
2025-04-13 23:32:41 [main] INFO  o.s.b.w.e.tomcat.TomcatWebServer - Tomcat initialized with port 8081 (http)
2025-04-13 23:32:41 [main] INFO  o.a.coyote.http11.Http11NioProtocol - Initializing ProtocolHandler ["http-nio-8081"]
2025-04-13 23:32:41 [main] INFO  o.a.catalina.core.StandardService - Starting service [Tomcat]
2025-04-13 23:32:41 [main] INFO  o.a.catalina.core.StandardEngine - Starting Servlet engine: [Apache Tomcat/10.1.36]
2025-04-13 23:32:41 [main] INFO  o.a.c.c.C.[Tomcat].[localhost].[/] - Initializing Spring embedded WebApplicationContext
2025-04-13 23:32:41 [main] INFO  o.s.b.w.s.c.ServletWebServerApplicationContext - Root WebApplicationContext: initialization completed in 2126 ms
2025-04-13 23:32:42 [main] INFO  com.zaxxer.hikari.HikariDataSource - HikariPool-1 - Starting...
2025-04-13 23:32:47 [main] INFO  com.zaxxer.hikari.pool.HikariPool - HikariPool-1 - Added connection org.postgresql.jdbc.PgConnection@5e7e7a7e
2025-04-13 23:32:47 [main] INFO  com.zaxxer.hikari.HikariDataSource - HikariPool-1 - Start completed.
2025-04-13 23:32:48 [main] INFO  o.s.o.j.p.SpringPersistenceUnitInfo - No LoadTimeWeaver setup: ignoring JPA class transformer
2025-04-13 23:32:48 [main] WARN  org.hibernate.orm.deprecation - HHH90000025: PostgreSQLDialect does not need to be specified explicitly using 'hibernate.dialect' (remove the property setting and it will be selected by default)
2025-04-13 23:32:49 [main] WARN  o.h.t.s.i.ExceptionHandlerLoggedImpl - GenerationTarget encountered exception accepting command : Error executing DDL "alter table if exists staff_room_map alter column staff_id set data type bigint" via JDBC [ERROR: column "staff_id" cannot be cast automatically to type bigint
  Hint: You might need to specify "USING staff_id::bigint".]
org.hibernate.tool.schema.spi.CommandAcceptanceException: Error executing DDL "alter table if exists staff_room_map alter column staff_id set data type bigint" via JDBC [ERROR: column "staff_id" cannot be cast automatically to type bigint
  Hint: You might need to specify "USING staff_id::bigint".]
	at org.hibernate.tool.schema.internal.exec.GenerationTargetToDatabase.accept(GenerationTargetToDatabase.java:94)
	at org.hibernate.tool.schema.internal.AbstractSchemaMigrator.applySqlString(AbstractSchemaMigrator.java:576)
	at org.hibernate.tool.schema.internal.AbstractSchemaMigrator.applySqlStrings(AbstractSchemaMigrator.java:516)
	at org.hibernate.tool.schema.internal.AbstractSchemaMigrator.migrateTable(AbstractSchemaMigrator.java:334)
	at org.hibernate.tool.schema.internal.GroupedSchemaMigratorImpl.performTablesMigration(GroupedSchemaMigratorImpl.java:84)
	at org.hibernate.tool.schema.internal.AbstractSchemaMigrator.performMigration(AbstractSchemaMigrator.java:233)
	at org.hibernate.tool.schema.internal.AbstractSchemaMigrator.doMigration(AbstractSchemaMigrator.java:112)
	at org.hibernate.tool.schema.spi.SchemaManagementToolCoordinator.performDatabaseAction(SchemaManagementToolCoordinator.java:280)
	at org.hibernate.tool.schema.spi.SchemaManagementToolCoordinator.lambda$process$5(SchemaManagementToolCoordinator.java:144)
	at java.base/java.util.HashMap.forEach(HashMap.java:1421)
	at org.hibernate.tool.schema.spi.SchemaManagementToolCoordinator.process(SchemaManagementToolCoordinator.java:141)
	at org.hibernate.boot.internal.SessionFactoryObserverForSchemaExport.sessionFactoryCreated(SessionFactoryObserverForSchemaExport.java:37)
	at org.hibernate.internal.SessionFactoryObserverChain.sessionFactoryCreated(SessionFactoryObserverChain.java:35)
	at org.hibernate.internal.SessionFactoryImpl.<init>(SessionFactoryImpl.java:324)
	at org.hibernate.boot.internal.SessionFactoryBuilderImpl.build(SessionFactoryBuilderImpl.java:463)
	at org.hibernate.jpa.boot.internal.EntityManagerFactoryBuilderImpl.build(EntityManagerFactoryBuilderImpl.java:1517)
	at org.springframework.orm.jpa.vendor.SpringHibernateJpaPersistenceProvider.createContainerEntityManagerFactory(SpringHibernateJpaPersistenceProvider.java:66)
	at org.springframework.orm.jpa.LocalContainerEntityManagerFactoryBean.createNativeEntityManagerFactory(LocalContainerEntityManagerFactoryBean.java:390)
	at org.springframework.orm.jpa.AbstractEntityManagerFactoryBean.buildNativeEntityManagerFactory(AbstractEntityManagerFactoryBean.java:419)
	at org.springframework.orm.jpa.AbstractEntityManagerFactoryBean.afterPropertiesSet(AbstractEntityManagerFactoryBean.java:400)
	at org.springframework.orm.jpa.LocalContainerEntityManagerFactoryBean.afterPropertiesSet(LocalContainerEntityManagerFactoryBean.java:366)
	at org.springframework.beans.factory.support.AbstractAutowireCapableBeanFactory.invokeInitMethods(AbstractAutowireCapableBeanFactory.java:1859)
	at org.springframework.beans.factory.support.AbstractAutowireCapableBeanFactory.initializeBean(AbstractAutowireCapableBeanFactory.java:1808)
	at org.springframework.beans.factory.support.AbstractAutowireCapableBeanFactory.doCreateBean(AbstractAutowireCapableBeanFactory.java:601)
	at org.springframework.beans.factory.support.AbstractAutowireCapableBeanFactory.createBean(AbstractAutowireCapableBeanFactory.java:523)
	at org.springframework.beans.factory.support.AbstractBeanFactory.lambda$doGetBean$0(AbstractBeanFactory.java:339)
	at org.springframework.beans.factory.support.DefaultSingletonBeanRegistry.getSingleton(DefaultSingletonBeanRegistry.java:346)
	at org.springframework.beans.factory.support.AbstractBeanFactory.doGetBean(AbstractBeanFactory.java:337)
	at org.springframework.beans.factory.support.AbstractBeanFactory.getBean(AbstractBeanFactory.java:207)
	at org.springframework.context.support.AbstractApplicationContext.finishBeanFactoryInitialization(AbstractApplicationContext.java:970)
	at org.springframework.context.support.AbstractApplicationContext.refresh(AbstractApplicationContext.java:627)
	at org.springframework.boot.web.servlet.context.ServletWebServerApplicationContext.refresh(ServletWebServerApplicationContext.java:146)
	at org.springframework.boot.SpringApplication.refresh(SpringApplication.java:752)
	at org.springframework.boot.SpringApplication.refreshContext(SpringApplication.java:439)
	at org.springframework.boot.SpringApplication.run(SpringApplication.java:318)
	at org.springframework.boot.SpringApplication.run(SpringApplication.java:1361)
	at org.springframework.boot.SpringApplication.run(SpringApplication.java:1350)
	at backend.HotelBookingApplication.main(HotelBookingApplication.java:15)
Caused by: org.postgresql.util.PSQLException: ERROR: column "staff_id" cannot be cast automatically to type bigint
  Hint: You might need to specify "USING staff_id::bigint".
	at org.postgresql.core.v3.QueryExecutorImpl.receiveErrorResponse(QueryExecutorImpl.java:2733)
	at org.postgresql.core.v3.QueryExecutorImpl.processResults(QueryExecutorImpl.java:2420)
	at org.postgresql.core.v3.QueryExecutorImpl.execute(QueryExecutorImpl.java:372)
	at org.postgresql.jdbc.PgStatement.executeInternal(PgStatement.java:517)
	at org.postgresql.jdbc.PgStatement.execute(PgStatement.java:434)
	at org.postgresql.jdbc.PgStatement.executeWithFlags(PgStatement.java:356)
	at org.postgresql.jdbc.PgStatement.executeCachedSql(PgStatement.java:341)
	at org.postgresql.jdbc.PgStatement.executeWithFlags(PgStatement.java:317)
	at org.postgresql.jdbc.PgStatement.execute(PgStatement.java:312)
	at com.zaxxer.hikari.pool.ProxyStatement.execute(ProxyStatement.java:94)
	at com.zaxxer.hikari.pool.HikariProxyStatement.execute(HikariProxyStatement.java)
	at org.hibernate.tool.schema.internal.exec.GenerationTargetToDatabase.accept(GenerationTargetToDatabase.java:80)
	... 37 common frames omitted
2025-04-13 23:32:49 [main] WARN  o.h.t.s.i.ExceptionHandlerLoggedImpl - GenerationTarget encountered exception accepting command : Error executing DDL "alter table if exists staff_room_map add constraint FKyd20ehofj2axxe92vl67pqvx foreign key (staff_id) references staff" via JDBC [ERROR: foreign key constraint "fkyd20ehofj2axxe92vl67pqvx" cannot be implemented
  Detail: Key columns "staff_id" and "staff_id" are of incompatible types: character varying and bigint.]
org.hibernate.tool.schema.spi.CommandAcceptanceException: Error executing DDL "alter table if exists staff_room_map add constraint FKyd20ehofj2axxe92vl67pqvx foreign key (staff_id) references staff" via JDBC [ERROR: foreign key constraint "fkyd20ehofj2axxe92vl67pqvx" cannot be implemented
  Detail: Key columns "staff_id" and "staff_id" are of incompatible types: character varying and bigint.]
	at org.hibernate.tool.schema.internal.exec.GenerationTargetToDatabase.accept(GenerationTargetToDatabase.java:94)
	at org.hibernate.tool.schema.internal.AbstractSchemaMigrator.applySqlString(AbstractSchemaMigrator.java:576)
	at org.hibernate.tool.schema.internal.AbstractSchemaMigrator.applySqlStrings(AbstractSchemaMigrator.java:516)
	at org.hibernate.tool.schema.internal.AbstractSchemaMigrator.applyForeignKeys(AbstractSchemaMigrator.java:448)
	at org.hibernate.tool.schema.internal.AbstractSchemaMigrator.performMigration(AbstractSchemaMigrator.java:269)
	at org.hibernate.tool.schema.internal.AbstractSchemaMigrator.doMigration(AbstractSchemaMigrator.java:112)
	at org.hibernate.tool.schema.spi.SchemaManagementToolCoordinator.performDatabaseAction(SchemaManagementToolCoordinator.java:280)
	at org.hibernate.tool.schema.spi.SchemaManagementToolCoordinator.lambda$process$5(SchemaManagementToolCoordinator.java:144)
	at java.base/java.util.HashMap.forEach(HashMap.java:1421)
	at org.hibernate.tool.schema.spi.SchemaManagementToolCoordinator.process(SchemaManagementToolCoordinator.java:141)
	at org.hibernate.boot.internal.SessionFactoryObserverForSchemaExport.sessionFactoryCreated(SessionFactoryObserverForSchemaExport.java:37)
	at org.hibernate.internal.SessionFactoryObserverChain.sessionFactoryCreated(SessionFactoryObserverChain.java:35)
	at org.hibernate.internal.SessionFactoryImpl.<init>(SessionFactoryImpl.java:324)
	at org.hibernate.boot.internal.SessionFactoryBuilderImpl.build(SessionFactoryBuilderImpl.java:463)
	at org.hibernate.jpa.boot.internal.EntityManagerFactoryBuilderImpl.build(EntityManagerFactoryBuilderImpl.java:1517)
	at org.springframework.orm.jpa.vendor.SpringHibernateJpaPersistenceProvider.createContainerEntityManagerFactory(SpringHibernateJpaPersistenceProvider.java:66)
	at org.springframework.orm.jpa.LocalContainerEntityManagerFactoryBean.createNativeEntityManagerFactory(LocalContainerEntityManagerFactoryBean.java:390)
	at org.springframework.orm.jpa.AbstractEntityManagerFactoryBean.buildNativeEntityManagerFactory(AbstractEntityManagerFactoryBean.java:419)
	at org.springframework.orm.jpa.AbstractEntityManagerFactoryBean.afterPropertiesSet(AbstractEntityManagerFactoryBean.java:400)
	at org.springframework.orm.jpa.LocalContainerEntityManagerFactoryBean.afterPropertiesSet(LocalContainerEntityManagerFactoryBean.java:366)
	at org.springframework.beans.factory.support.AbstractAutowireCapableBeanFactory.invokeInitMethods(AbstractAutowireCapableBeanFactory.java:1859)
	at org.springframework.beans.factory.support.AbstractAutowireCapableBeanFactory.initializeBean(AbstractAutowireCapableBeanFactory.java:1808)
	at org.springframework.beans.factory.support.AbstractAutowireCapableBeanFactory.doCreateBean(AbstractAutowireCapableBeanFactory.java:601)
	at org.springframework.beans.factory.support.AbstractAutowireCapableBeanFactory.createBean(AbstractAutowireCapableBeanFactory.java:523)
	at org.springframework.beans.factory.support.AbstractBeanFactory.lambda$doGetBean$0(AbstractBeanFactory.java:339)
	at org.springframework.beans.factory.support.DefaultSingletonBeanRegistry.getSingleton(DefaultSingletonBeanRegistry.java:346)
	at org.springframework.beans.factory.support.AbstractBeanFactory.doGetBean(AbstractBeanFactory.java:337)
	at org.springframework.beans.factory.support.AbstractBeanFactory.getBean(AbstractBeanFactory.java:207)
	at org.springframework.context.support.AbstractApplicationContext.finishBeanFactoryInitialization(AbstractApplicationContext.java:970)
	at org.springframework.context.support.AbstractApplicationContext.refresh(AbstractApplicationContext.java:627)
	at org.springframework.boot.web.servlet.context.ServletWebServerApplicationContext.refresh(ServletWebServerApplicationContext.java:146)
	at org.springframework.boot.SpringApplication.refresh(SpringApplication.java:752)
	at org.springframework.boot.SpringApplication.refreshContext(SpringApplication.java:439)
	at org.springframework.boot.SpringApplication.run(SpringApplication.java:318)
	at org.springframework.boot.SpringApplication.run(SpringApplication.java:1361)
	at org.springframework.boot.SpringApplication.run(SpringApplication.java:1350)
	at backend.HotelBookingApplication.main(HotelBookingApplication.java:15)
Caused by: org.postgresql.util.PSQLException: ERROR: foreign key constraint "fkyd20ehofj2axxe92vl67pqvx" cannot be implemented
  Detail: Key columns "staff_id" and "staff_id" are of incompatible types: character varying and bigint.
	at org.postgresql.core.v3.QueryExecutorImpl.receiveErrorResponse(QueryExecutorImpl.java:2733)
	at org.postgresql.core.v3.QueryExecutorImpl.processResults(QueryExecutorImpl.java:2420)
	at org.postgresql.core.v3.QueryExecutorImpl.execute(QueryExecutorImpl.java:372)
	at org.postgresql.jdbc.PgStatement.executeInternal(PgStatement.java:517)
	at org.postgresql.jdbc.PgStatement.execute(PgStatement.java:434)
	at org.postgresql.jdbc.PgStatement.executeWithFlags(PgStatement.java:356)
	at org.postgresql.jdbc.PgStatement.executeCachedSql(PgStatement.java:341)
	at org.postgresql.jdbc.PgStatement.executeWithFlags(PgStatement.java:317)
	at org.postgresql.jdbc.PgStatement.execute(PgStatement.java:312)
	at com.zaxxer.hikari.pool.ProxyStatement.execute(ProxyStatement.java:94)
	at com.zaxxer.hikari.pool.HikariProxyStatement.execute(HikariProxyStatement.java)
	at org.hibernate.tool.schema.internal.exec.GenerationTargetToDatabase.accept(GenerationTargetToDatabase.java:80)
	... 36 common frames omitted
2025-04-13 23:32:49 [main] INFO  o.s.o.j.LocalContainerEntityManagerFactoryBean - Initialized JPA EntityManagerFactory for persistence unit 'default'
2025-04-13 23:32:49 [main] INFO  backend.config.CorsConfig - CORS Configuration Loaded!
2025-04-13 23:32:49 [main] DEBUG o.s.c.e.PropertySourcesPropertyResolver - Found key 'spring.security.oauth2.resourceserver.jwt.issuer-uri' in PropertySource 'environmentProperties' with value of type String
2025-04-13 23:32:50 [main] INFO  o.s.d.j.r.query.QueryEnhancerFactory - Hibernate is in classpath; If applicable, HQL parser will be used.
2025-04-13 23:32:50 [main] DEBUG o.s.c.e.PropertySourcesPropertyResolver - Found key 'graphql.endpoint' in PropertySource 'environmentProperties' with value of type String
2025-04-13 23:32:50 [main] DEBUG o.s.c.e.PropertySourcesPropertyResolver - Found key 'graphql.api-key' in PropertySource 'environmentProperties' with value of type String
2025-04-13 23:32:50 [main] DEBUG o.s.c.e.PropertySourcesPropertyResolver - Found key 'graphql.api.key' in PropertySource 'environmentProperties' with value of type String
2025-04-13 23:32:50 [main] DEBUG o.s.c.e.PropertySourcesPropertyResolver - Found key 'graphql.url' in PropertySource 'environmentProperties' with value of type String
2025-04-13 23:32:50 [main] DEBUG o.s.c.e.PropertySourcesPropertyResolver - Found key 'spring.mail.username' in PropertySource 'environmentProperties' with value of type String
2025-04-13 23:32:50 [main] DEBUG o.s.c.e.PropertySourcesPropertyResolver - Found key 'otp.expiry.minutes' in PropertySource 'environmentProperties' with value of type String
2025-04-13 23:32:50 [main] DEBUG o.s.c.e.PropertySourcesPropertyResolver - Found key 'otp.max.attempts' in PropertySource 'environmentProperties' with value of type String
2025-04-13 23:32:50 [main] DEBUG o.s.c.e.PropertySourcesPropertyResolver - Found key 'graphql.endpoint' in PropertySource 'environmentProperties' with value of type String
2025-04-13 23:32:50 [main] DEBUG o.s.c.e.PropertySourcesPropertyResolver - Found key 'graphql.api-key' in PropertySource 'environmentProperties' with value of type String
2025-04-13 23:32:50 [main] DEBUG o.s.c.e.PropertySourcesPropertyResolver - Found key 'graphql.api.key' in PropertySource 'environmentProperties' with value of type String
2025-04-13 23:32:50 [main] DEBUG o.s.c.e.PropertySourcesPropertyResolver - Found key 'graphql.url' in PropertySource 'environmentProperties' with value of type String
2025-04-13 23:32:50 [main] DEBUG o.s.c.e.PropertySourcesPropertyResolver - Found key 'graphql.endpoint' in PropertySource 'environmentProperties' with value of type String
2025-04-13 23:32:50 [main] DEBUG o.s.c.e.PropertySourcesPropertyResolver - Found key 'graphql.api-key' in PropertySource 'environmentProperties' with value of type String
2025-04-13 23:32:50 [main] DEBUG o.s.c.e.PropertySourcesPropertyResolver - Found key 'graphql.endpoint' in PropertySource 'environmentProperties' with value of type String
2025-04-13 23:32:50 [main] DEBUG o.s.c.e.PropertySourcesPropertyResolver - Found key 'graphql.apiKey' in PropertySource 'environmentProperties' with value of type String
2025-04-13 23:32:50 [main] DEBUG o.s.c.e.PropertySourcesPropertyResolver - Found key 'graphql.endpoint' in PropertySource 'environmentProperties' with value of type String
2025-04-13 23:32:50 [main] DEBUG o.s.c.e.PropertySourcesPropertyResolver - Found key 'graphql.apiKey' in PropertySource 'environmentProperties' with value of type String
2025-04-13 23:32:50 [main] DEBUG o.s.c.e.PropertySourcesPropertyResolver - Found key 'api.base.url' in PropertySource 'environmentProperties' with value of type String
2025-04-13 23:32:50 [main] WARN  o.s.b.a.o.j.JpaBaseConfiguration$JpaWebConfiguration - spring.jpa.open-in-view is enabled by default. Therefore, database queries may be performed during view rendering. Explicitly configure spring.jpa.open-in-view to disable this warning
2025-04-13 23:32:50 [main] INFO  backend.config.CorsConfig - Applying CORS settings...
2025-04-13 23:32:51 [main] DEBUG o.s.s.c.a.a.c.AuthenticationConfiguration$DefaultPasswordEncoderAuthenticationManagerBuilder - No authenticationProviders and no parentAuthenticationManager defined. Returning null.
2025-04-13 23:32:51 [main] INFO  o.s.b.a.e.web.EndpointLinksResolver - Exposing 2 endpoints beneath base path '/actuator'
2025-04-13 23:32:51 [main] INFO  backend.config.SecurityConfig - Configuring security filter chain...
2025-04-13 23:32:51 [main] INFO  backend.config.SecurityConfig - Using issuer URI: https://cognito-idp.ap-south-1.amazonaws.com/ap-south-1_IGHZ9OObg
2025-04-13 23:32:51 [main] INFO  backend.config.SecurityConfig - Configuring authorization rules...
2025-04-13 23:32:51 [main] INFO  backend.config.SecurityConfig - Configuring OAuth2 resource server...
2025-04-13 23:32:51 [main] INFO  backend.config.SecurityConfig - Configuring JWT...
2025-04-13 23:32:51 [main] INFO  backend.config.SecurityConfig - Creating JWT decoder with issuer URI: https://cognito-idp.ap-south-1.amazonaws.com/ap-south-1_IGHZ9OObg
2025-04-13 23:32:51 [main] INFO  backend.config.SecurityConfig - Configuring session management...
2025-04-13 23:32:51 [main] DEBUG o.s.s.web.DefaultSecurityFilterChain - Will secure any request with filters: DisableEncodeUrlFilter, WebAsyncManagerIntegrationFilter, SecurityContextHolderFilter, HeaderWriterFilter, LogoutFilter, BearerTokenAuthenticationFilter, RequestCacheAwareFilter, SecurityContextHolderAwareRequestFilter, AnonymousAuthenticationFilter, SessionManagementFilter, ExceptionTranslationFilter, AuthorizationFilter
2025-04-13 23:32:52 [main] INFO  o.a.coyote.http11.Http11NioProtocol - Starting ProtocolHandler ["http-nio-8081"]
2025-04-13 23:32:52 [main] INFO  o.s.b.w.e.tomcat.TomcatWebServer - Tomcat started on port 8081 (http) with context path '/'
2025-04-13 23:32:52 [main] INFO  backend.HotelBookingApplication - Started HotelBookingApplication in 13.511 seconds (process running for 14.151)
2025-04-13 23:32:53 [http-nio-8081-exec-1] INFO  o.a.c.c.C.[Tomcat].[localhost].[/] - Initializing Spring DispatcherServlet 'dispatcherServlet'
2025-04-13 23:32:53 [http-nio-8081-exec-1] INFO  o.s.web.servlet.DispatcherServlet - Initializing Servlet 'dispatcherServlet'
2025-04-13 23:32:53 [http-nio-8081-exec-1] INFO  o.s.web.servlet.DispatcherServlet - Completed initialization in 2 ms
2025-04-13 23:32:53 [http-nio-8081-exec-1] DEBUG o.s.security.web.FilterChainProxy - Securing POST /api/house-cleaning/generate?date=2025-04-08
2025-04-13 23:32:53 [http-nio-8081-exec-1] DEBUG o.s.s.w.a.AnonymousAuthenticationFilter - Set SecurityContextHolder to anonymous SecurityContext
2025-04-13 23:32:53 [http-nio-8081-exec-1] DEBUG o.s.security.web.FilterChainProxy - Secured POST /api/house-cleaning/generate?date=2025-04-08
2025-04-13 23:32:53 [http-nio-8081-exec-1] INFO  b.s.impl.HouseCleaningServiceImpl - Generating cleaning schedules for date: 2025-04-08
2025-04-13 23:32:53 [http-nio-8081-exec-1] INFO  b.s.impl.HouseCleaningServiceImpl - Found 0 check-in bookings, 5 check-out bookings, and 5 current bookings for date 2025-04-08
2025-04-13 23:32:53 [http-nio-8081-exec-1] INFO  b.s.impl.BookedRoomsServiceImpl - Checking check-in rooms for date: 2025-05-15
2025-04-13 23:32:53 [http-nio-8081-exec-1] INFO  b.s.impl.BookedRoomsServiceImpl - Found 0 transactions with check-in date 2025-05-15
2025-04-13 23:32:53 [http-nio-8081-exec-1] INFO  b.s.impl.BookedRoomsServiceImpl - Booking IDs for check-in: []
2025-04-13 23:32:53 [http-nio-8081-exec-1] INFO  b.s.impl.BookedRoomsServiceImpl - No booking IDs found, returning empty list
2025-04-13 23:32:53 [http-nio-8081-exec-1] INFO  b.s.impl.BookedRoomsServiceImpl - Checking check-out rooms for date: 2025-05-15
2025-04-13 23:32:53 [http-nio-8081-exec-1] INFO  b.s.impl.BookedRoomsServiceImpl - Found 2 transactions with check-out date 2025-05-15
2025-04-13 23:32:53 [http-nio-8081-exec-1] INFO  b.s.impl.BookedRoomsServiceImpl - Booking IDs for check-out: [110, 318]
2025-04-13 23:32:59 [http-nio-8081-exec-1] INFO  b.s.impl.BookedRoomsServiceImpl - Room IDs for bookings [110, 318]: [470]
2025-04-13 23:32:59 [http-nio-8081-exec-1] INFO  b.s.impl.BookedRoomsServiceImpl - Checking currently booked rooms for date: 2025-05-15T00:00:00Z
2025-04-13 23:32:59 [http-nio-8081-exec-1] INFO  b.s.impl.BookedRoomsServiceImpl - Currently booked room IDs: [422, 470]
2025-04-13 23:32:59 [http-nio-8081-exec-1] INFO  b.s.impl.HouseCleaningServiceImpl - Found 0 check-in rooms, 1 check-out rooms, and 2 current rooms for date 2025-04-08
2025-04-13 23:32:59 [http-nio-8081-exec-1] WARN  b.s.impl.HouseCleaningServiceImpl - Could not extract room ID from booking details for booking ID 159
2025-04-13 23:32:59 [http-nio-8081-exec-1] WARN  b.s.impl.HouseCleaningServiceImpl - Could not extract room ID from booking details for booking ID 23
2025-04-13 23:32:59 [http-nio-8081-exec-1] WARN  b.s.impl.HouseCleaningServiceImpl - Could not extract room ID from booking details for booking ID 160
2025-04-13 23:32:59 [http-nio-8081-exec-1] WARN  b.s.impl.HouseCleaningServiceImpl - Could not extract room ID from booking details for booking ID 25
2025-04-13 23:32:59 [http-nio-8081-exec-1] WARN  b.s.impl.HouseCleaningServiceImpl - Could not extract room ID from booking details for booking ID 26
2025-04-13 23:32:59 [http-nio-8081-exec-1] WARN  b.s.impl.HouseCleaningServiceImpl - Could not extract room ID from booking details for booking ID 159
2025-04-13 23:32:59 [http-nio-8081-exec-1] WARN  b.s.impl.HouseCleaningServiceImpl - Could not extract room ID from booking details for booking ID 23
2025-04-13 23:32:59 [http-nio-8081-exec-1] WARN  b.s.impl.HouseCleaningServiceImpl - Could not extract room ID from booking details for booking ID 160
2025-04-13 23:32:59 [http-nio-8081-exec-1] WARN  b.s.impl.HouseCleaningServiceImpl - Could not extract room ID from booking details for booking ID 25
2025-04-13 23:32:59 [http-nio-8081-exec-1] WARN  b.s.impl.HouseCleaningServiceImpl - Could not extract room ID from booking details for booking ID 26
2025-04-13 23:32:59 [http-nio-8081-exec-1] INFO  b.s.impl.HouseCleaningServiceImpl - Room to booking map: {}
2025-04-13 23:32:59 [http-nio-8081-exec-1] WARN  b.s.impl.HouseCleaningServiceImpl - No booking ID found for room ID 470
2025-04-13 23:32:59 [http-nio-8081-exec-1] WARN  b.s.impl.HouseCleaningServiceImpl - No booking ID found for room ID 422
2025-04-13 23:33:49 [http-nio-8081-exec-3] DEBUG o.s.security.web.FilterChainProxy - Securing POST /api/house-cleaning/assign-staff?date=2025-05-15&shift=MORNING_SHIFT
2025-04-13 23:33:49 [http-nio-8081-exec-3] DEBUG o.s.s.w.a.AnonymousAuthenticationFilter - Set SecurityContextHolder to anonymous SecurityContext
2025-04-13 23:33:49 [http-nio-8081-exec-3] DEBUG o.s.security.web.FilterChainProxy - Secured POST /api/house-cleaning/assign-staff?date=2025-05-15&shift=MORNING_SHIFT
2025-04-13 23:33:49 [http-nio-8081-exec-3] INFO  b.s.impl.HouseCleaningServiceImpl - Assigning staff to schedules for date: 2025-05-15 and shift: MORNING_SHIFT
2025-04-13 23:33:49 [http-nio-8081-exec-3] INFO  b.s.impl.HouseCleaningServiceImpl - No pending schedules found for date: 2025-05-15 and shift: MORNING_SHIFT
2025-04-13 23:33:53 [http-nio-8081-exec-5] DEBUG o.s.security.web.FilterChainProxy - Securing POST /api/house-cleaning/assign-staff?date=2025-05-15&shift=EVENING_SHIFT
2025-04-13 23:33:53 [http-nio-8081-exec-5] DEBUG o.s.s.w.a.AnonymousAuthenticationFilter - Set SecurityContextHolder to anonymous SecurityContext
2025-04-13 23:33:53 [http-nio-8081-exec-5] DEBUG o.s.security.web.FilterChainProxy - Secured POST /api/house-cleaning/assign-staff?date=2025-05-15&shift=EVENING_SHIFT
2025-04-13 23:33:53 [http-nio-8081-exec-5] INFO  b.s.impl.HouseCleaningServiceImpl - Assigning staff to schedules for date: 2025-05-15 and shift: EVENING_SHIFT
2025-04-13 23:33:54 [http-nio-8081-exec-5] INFO  b.s.impl.HouseCleaningServiceImpl - No pending schedules found for date: 2025-05-15 and shift: EVENING_SHIFT
2025-04-13 23:33:56 [http-nio-8081-exec-6] DEBUG o.s.security.web.FilterChainProxy - Securing POST /api/house-cleaning/assign-staff?date=2025-05-15&shift=AFTERNOON_SHIFT
2025-04-13 23:33:56 [http-nio-8081-exec-6] DEBUG o.s.s.w.a.AnonymousAuthenticationFilter - Set SecurityContextHolder to anonymous SecurityContext
2025-04-13 23:33:56 [http-nio-8081-exec-6] DEBUG o.s.security.web.FilterChainProxy - Secured POST /api/house-cleaning/assign-staff?date=2025-05-15&shift=AFTERNOON_SHIFT
2025-04-13 23:33:56 [http-nio-8081-exec-6] INFO  b.s.impl.HouseCleaningServiceImpl - Assigning staff to schedules for date: 2025-05-15 and shift: AFTERNOON_SHIFT
2025-04-13 23:33:56 [http-nio-8081-exec-6] INFO  b.s.impl.HouseCleaningServiceImpl - No pending schedules found for date: 2025-05-15 and shift: AFTERNOON_SHIFT
2025-04-13 23:34:31 [http-nio-8081-exec-8] DEBUG o.s.security.web.FilterChainProxy - Securing POST /api/house-cleaning/assign-staff?date=2025-05-15&shift=AFTERNOON_SHIFT
2025-04-13 23:34:31 [http-nio-8081-exec-8] DEBUG o.s.s.w.a.AnonymousAuthenticationFilter - Set SecurityContextHolder to anonymous SecurityContext
2025-04-13 23:34:31 [http-nio-8081-exec-8] DEBUG o.s.security.web.FilterChainProxy - Secured POST /api/house-cleaning/assign-staff?date=2025-05-15&shift=AFTERNOON_SHIFT
2025-04-13 23:34:31 [http-nio-8081-exec-8] INFO  b.s.impl.HouseCleaningServiceImpl - Assigning staff to schedules for date: 2025-05-15 and shift: AFTERNOON_SHIFT
2025-04-13 23:34:31 [http-nio-8081-exec-8] INFO  b.s.impl.HouseCleaningServiceImpl - No pending schedules found for date: 2025-05-15 and shift: AFTERNOON_SHIFT
2025-04-13 23:36:43 [http-nio-8081-exec-10] DEBUG o.s.security.web.FilterChainProxy - Securing POST /api/house-cleaning/generate?date=2025-05-15
2025-04-13 23:36:43 [http-nio-8081-exec-10] DEBUG o.s.s.w.a.AnonymousAuthenticationFilter - Set SecurityContextHolder to anonymous SecurityContext
2025-04-13 23:36:43 [http-nio-8081-exec-10] DEBUG o.s.security.web.FilterChainProxy - Secured POST /api/house-cleaning/generate?date=2025-05-15
2025-04-13 23:36:43 [http-nio-8081-exec-10] INFO  b.s.impl.HouseCleaningServiceImpl - Generating cleaning schedules for date: 2025-05-15
2025-04-13 23:36:44 [http-nio-8081-exec-10] INFO  b.s.impl.HouseCleaningServiceImpl - Found 0 check-in bookings, 2 check-out bookings, and 3 current bookings for date 2025-05-15
2025-04-13 23:36:44 [http-nio-8081-exec-10] INFO  b.s.impl.BookedRoomsServiceImpl - Checking check-in rooms for date: 2025-05-15
2025-04-13 23:36:44 [http-nio-8081-exec-10] INFO  b.s.impl.BookedRoomsServiceImpl - Found 0 transactions with check-in date 2025-05-15
2025-04-13 23:36:44 [http-nio-8081-exec-10] INFO  b.s.impl.BookedRoomsServiceImpl - Booking IDs for check-in: []
2025-04-13 23:36:44 [http-nio-8081-exec-10] INFO  b.s.impl.BookedRoomsServiceImpl - No booking IDs found, returning empty list
2025-04-13 23:36:44 [http-nio-8081-exec-10] INFO  b.s.impl.BookedRoomsServiceImpl - Checking check-out rooms for date: 2025-05-15
2025-04-13 23:36:44 [http-nio-8081-exec-10] INFO  b.s.impl.BookedRoomsServiceImpl - Found 2 transactions with check-out date 2025-05-15
2025-04-13 23:36:44 [http-nio-8081-exec-10] INFO  b.s.impl.BookedRoomsServiceImpl - Booking IDs for check-out: [110, 318]
2025-04-13 23:36:49 [http-nio-8081-exec-10] INFO  b.s.impl.BookedRoomsServiceImpl - Room IDs for bookings [110, 318]: [470]
2025-04-13 23:36:49 [http-nio-8081-exec-10] INFO  b.s.impl.BookedRoomsServiceImpl - Checking currently booked rooms for date: 2025-05-15T00:00:00Z
2025-04-13 23:36:49 [http-nio-8081-exec-10] INFO  b.s.impl.BookedRoomsServiceImpl - Currently booked room IDs: [422, 470]
2025-04-13 23:36:49 [http-nio-8081-exec-10] INFO  b.s.impl.HouseCleaningServiceImpl - Found 0 check-in rooms, 1 check-out rooms, and 2 current rooms for date 2025-05-15
2025-04-13 23:36:49 [http-nio-8081-exec-10] WARN  b.s.impl.HouseCleaningServiceImpl - Could not extract room ID from booking details for booking ID 110
2025-04-13 23:36:49 [http-nio-8081-exec-10] WARN  b.s.impl.HouseCleaningServiceImpl - Could not extract room ID from booking details for booking ID 318
2025-04-13 23:36:49 [http-nio-8081-exec-10] WARN  b.s.impl.HouseCleaningServiceImpl - Could not extract room ID from booking details for booking ID 110
2025-04-13 23:36:49 [http-nio-8081-exec-10] WARN  b.s.impl.HouseCleaningServiceImpl - Could not extract room ID from booking details for booking ID 320
2025-04-13 23:36:49 [http-nio-8081-exec-10] WARN  b.s.impl.HouseCleaningServiceImpl - Could not extract room ID from booking details for booking ID 318
2025-04-13 23:36:49 [http-nio-8081-exec-10] INFO  b.s.impl.HouseCleaningServiceImpl - Room to booking map: {}
2025-04-13 23:36:49 [http-nio-8081-exec-10] WARN  b.s.impl.HouseCleaningServiceImpl - No booking ID found for room ID 470
2025-04-13 23:36:49 [http-nio-8081-exec-10] WARN  b.s.impl.HouseCleaningServiceImpl - No booking ID found for room ID 422
2025-04-13 23:37:19 [http-nio-8081-exec-2] DEBUG o.s.security.web.FilterChainProxy - Securing POST /api/house-cleaning/assign-staff?date=2025-05-15&shift=AFTERNOON_SHIFT
2025-04-13 23:37:19 [http-nio-8081-exec-2] DEBUG o.s.s.w.a.AnonymousAuthenticationFilter - Set SecurityContextHolder to anonymous SecurityContext
2025-04-13 23:37:19 [http-nio-8081-exec-2] DEBUG o.s.security.web.FilterChainProxy - Secured POST /api/house-cleaning/assign-staff?date=2025-05-15&shift=AFTERNOON_SHIFT
2025-04-13 23:37:19 [http-nio-8081-exec-2] INFO  b.s.impl.HouseCleaningServiceImpl - Assigning staff to schedules for date: 2025-05-15 and shift: AFTERNOON_SHIFT
2025-04-13 23:37:19 [http-nio-8081-exec-2] INFO  b.s.impl.HouseCleaningServiceImpl - Shift time: 11:00 to 15:00
2025-04-13 23:37:19 [http-nio-8081-exec-2] INFO  b.s.impl.HouseCleaningServiceImpl - STAFF REQUIREMENTS: 1 staff needed for 2 rooms in shift AFTERNOON_SHIFT. 1 staff available, 0 excess staff.
2025-04-13 23:37:19 [http-nio-8081-exec-2] INFO  b.s.impl.HouseCleaningServiceImpl - Assigned staff 9 to room 470 for cleaning from 11:00 to 13:00, staff utilization=50.0%
2025-04-13 23:37:19 [http-nio-8081-exec-2] INFO  b.s.impl.HouseCleaningServiceImpl - Assigned staff 9 to room 422 for cleaning from 13:00 to 13:30, staff utilization=62.5%
2025-04-13 23:37:19 [http-nio-8081-exec-2] INFO  b.s.impl.HouseCleaningServiceImpl - Staff 9 is underutilized (62.5%). Consider moving to another shift.
2025-04-13 23:37:19 [http-nio-8081-exec-2] INFO  b.s.impl.HouseCleaningServiceImpl - Staff 9 has 2 rooms assigned (utilization: 62.5%)
2025-04-13 23:37:19 [http-nio-8081-exec-2] INFO  b.s.impl.HouseCleaningServiceImpl -   - Room 470 at 11:00
2025-04-13 23:37:19 [http-nio-8081-exec-2] INFO  b.s.impl.HouseCleaningServiceImpl -   - Room 422 at 13:00
2025-04-13 23:37:19 [http-nio-8081-exec-2] INFO  b.s.impl.HouseCleaningServiceImpl -   - Staff 9 is working from 11:00 to 13:30 (utilization: 62.5%)
2025-04-13 23:37:20 [http-nio-8081-exec-2] INFO  b.s.impl.HouseCleaningServiceImpl - STAFF ANALYSIS - Shift MORNING_SHIFT: 0 rooms, 1 staff available, 0 staff required
2025-04-13 23:37:20 [http-nio-8081-exec-2] INFO  b.s.impl.HouseCleaningServiceImpl - STAFF ANALYSIS - Shift EVENING_SHIFT: 0 rooms, 3 staff available, 0 staff required
2025-04-13 23:37:20 [http-nio-8081-exec-2] INFO  b.s.impl.HouseCleaningServiceImpl - Considering 1 underutilized staff members from AFTERNOON_SHIFT shift for reassignment
2025-04-13 23:37:20 [http-nio-8081-exec-2] INFO  b.s.impl.HouseCleaningServiceImpl - Saved schedule for room 470: staffId=9, scheduledTime=11:00
2025-04-13 23:37:20 [http-nio-8081-exec-2] INFO  b.s.impl.HouseCleaningServiceImpl - Saved schedule for room 422: staffId=9, scheduledTime=13:00
2025-04-13 23:48:46 [SpringApplicationShutdownHook] INFO  o.s.b.w.e.tomcat.GracefulShutdown - Commencing graceful shutdown. Waiting for active requests to complete
2025-04-13 23:48:48 [tomcat-shutdown] INFO  o.s.b.w.e.tomcat.GracefulShutdown - Graceful shutdown complete
2025-04-13 23:48:48 [SpringApplicationShutdownHook] INFO  o.s.o.j.LocalContainerEntityManagerFactoryBean - Closing JPA EntityManagerFactory for persistence unit 'default'
2025-04-13 23:48:49 [SpringApplicationShutdownHook] INFO  com.zaxxer.hikari.HikariDataSource - HikariPool-1 - Shutdown initiated...
2025-04-13 23:48:49 [SpringApplicationShutdownHook] INFO  com.zaxxer.hikari.HikariDataSource - HikariPool-1 - Shutdown completed.
2025-04-13 23:49:08 [main] INFO  backend.HotelBookingApplication - Starting HotelBookingApplication using Java 17.0.13 with PID 19463 (/Users/sukuna/Documents/coding/IBE/IBE-BE/KDU/target/classes started by sukuna in /Users/sukuna/Documents/coding/IBE/IBE-BE/KDU)
2025-04-13 23:49:08 [main] INFO  backend.HotelBookingApplication - The following 1 profile is active: "dev"
2025-04-13 23:49:11 [main] INFO  o.s.d.r.c.RepositoryConfigurationDelegate - Bootstrapping Spring Data JPA repositories in DEFAULT mode.
2025-04-13 23:49:11 [main] INFO  o.s.d.r.c.RepositoryConfigurationDelegate - Finished Spring Data repository scanning in 105 ms. Found 15 JPA repository interfaces.
2025-04-13 23:49:11 [main] INFO  o.s.b.w.e.tomcat.TomcatWebServer - Tomcat initialized with port 8081 (http)
2025-04-13 23:49:11 [main] INFO  o.a.coyote.http11.Http11NioProtocol - Initializing ProtocolHandler ["http-nio-8081"]
2025-04-13 23:49:11 [main] INFO  o.a.catalina.core.StandardService - Starting service [Tomcat]
2025-04-13 23:49:11 [main] INFO  o.a.catalina.core.StandardEngine - Starting Servlet engine: [Apache Tomcat/10.1.36]
2025-04-13 23:49:12 [main] INFO  o.a.c.c.C.[Tomcat].[localhost].[/] - Initializing Spring embedded WebApplicationContext
2025-04-13 23:49:12 [main] INFO  o.s.b.w.s.c.ServletWebServerApplicationContext - Root WebApplicationContext: initialization completed in 3125 ms
2025-04-13 23:49:12 [main] INFO  com.zaxxer.hikari.HikariDataSource - HikariPool-1 - Starting...
2025-04-13 23:49:15 [main] INFO  com.zaxxer.hikari.pool.HikariPool - HikariPool-1 - Added connection org.postgresql.jdbc.PgConnection@5e7e7a7e
2025-04-13 23:49:15 [main] INFO  com.zaxxer.hikari.HikariDataSource - HikariPool-1 - Start completed.
2025-04-13 23:49:16 [main] INFO  o.s.o.j.p.SpringPersistenceUnitInfo - No LoadTimeWeaver setup: ignoring JPA class transformer
2025-04-13 23:49:16 [main] WARN  org.hibernate.orm.deprecation - HHH90000025: PostgreSQLDialect does not need to be specified explicitly using 'hibernate.dialect' (remove the property setting and it will be selected by default)
2025-04-13 23:49:18 [main] WARN  o.h.t.s.i.ExceptionHandlerLoggedImpl - GenerationTarget encountered exception accepting command : Error executing DDL "alter table if exists staff_room_map alter column staff_id set data type bigint" via JDBC [ERROR: column "staff_id" cannot be cast automatically to type bigint
  Hint: You might need to specify "USING staff_id::bigint".]
org.hibernate.tool.schema.spi.CommandAcceptanceException: Error executing DDL "alter table if exists staff_room_map alter column staff_id set data type bigint" via JDBC [ERROR: column "staff_id" cannot be cast automatically to type bigint
  Hint: You might need to specify "USING staff_id::bigint".]
	at org.hibernate.tool.schema.internal.exec.GenerationTargetToDatabase.accept(GenerationTargetToDatabase.java:94)
	at org.hibernate.tool.schema.internal.AbstractSchemaMigrator.applySqlString(AbstractSchemaMigrator.java:576)
	at org.hibernate.tool.schema.internal.AbstractSchemaMigrator.applySqlStrings(AbstractSchemaMigrator.java:516)
	at org.hibernate.tool.schema.internal.AbstractSchemaMigrator.migrateTable(AbstractSchemaMigrator.java:334)
	at org.hibernate.tool.schema.internal.GroupedSchemaMigratorImpl.performTablesMigration(GroupedSchemaMigratorImpl.java:84)
	at org.hibernate.tool.schema.internal.AbstractSchemaMigrator.performMigration(AbstractSchemaMigrator.java:233)
	at org.hibernate.tool.schema.internal.AbstractSchemaMigrator.doMigration(AbstractSchemaMigrator.java:112)
	at org.hibernate.tool.schema.spi.SchemaManagementToolCoordinator.performDatabaseAction(SchemaManagementToolCoordinator.java:280)
	at org.hibernate.tool.schema.spi.SchemaManagementToolCoordinator.lambda$process$5(SchemaManagementToolCoordinator.java:144)
	at java.base/java.util.HashMap.forEach(HashMap.java:1421)
	at org.hibernate.tool.schema.spi.SchemaManagementToolCoordinator.process(SchemaManagementToolCoordinator.java:141)
	at org.hibernate.boot.internal.SessionFactoryObserverForSchemaExport.sessionFactoryCreated(SessionFactoryObserverForSchemaExport.java:37)
	at org.hibernate.internal.SessionFactoryObserverChain.sessionFactoryCreated(SessionFactoryObserverChain.java:35)
	at org.hibernate.internal.SessionFactoryImpl.<init>(SessionFactoryImpl.java:324)
	at org.hibernate.boot.internal.SessionFactoryBuilderImpl.build(SessionFactoryBuilderImpl.java:463)
	at org.hibernate.jpa.boot.internal.EntityManagerFactoryBuilderImpl.build(EntityManagerFactoryBuilderImpl.java:1517)
	at org.springframework.orm.jpa.vendor.SpringHibernateJpaPersistenceProvider.createContainerEntityManagerFactory(SpringHibernateJpaPersistenceProvider.java:66)
	at org.springframework.orm.jpa.LocalContainerEntityManagerFactoryBean.createNativeEntityManagerFactory(LocalContainerEntityManagerFactoryBean.java:390)
	at org.springframework.orm.jpa.AbstractEntityManagerFactoryBean.buildNativeEntityManagerFactory(AbstractEntityManagerFactoryBean.java:419)
	at org.springframework.orm.jpa.AbstractEntityManagerFactoryBean.afterPropertiesSet(AbstractEntityManagerFactoryBean.java:400)
	at org.springframework.orm.jpa.LocalContainerEntityManagerFactoryBean.afterPropertiesSet(LocalContainerEntityManagerFactoryBean.java:366)
	at org.springframework.beans.factory.support.AbstractAutowireCapableBeanFactory.invokeInitMethods(AbstractAutowireCapableBeanFactory.java:1859)
	at org.springframework.beans.factory.support.AbstractAutowireCapableBeanFactory.initializeBean(AbstractAutowireCapableBeanFactory.java:1808)
	at org.springframework.beans.factory.support.AbstractAutowireCapableBeanFactory.doCreateBean(AbstractAutowireCapableBeanFactory.java:601)
	at org.springframework.beans.factory.support.AbstractAutowireCapableBeanFactory.createBean(AbstractAutowireCapableBeanFactory.java:523)
	at org.springframework.beans.factory.support.AbstractBeanFactory.lambda$doGetBean$0(AbstractBeanFactory.java:339)
	at org.springframework.beans.factory.support.DefaultSingletonBeanRegistry.getSingleton(DefaultSingletonBeanRegistry.java:346)
	at org.springframework.beans.factory.support.AbstractBeanFactory.doGetBean(AbstractBeanFactory.java:337)
	at org.springframework.beans.factory.support.AbstractBeanFactory.getBean(AbstractBeanFactory.java:207)
	at org.springframework.context.support.AbstractApplicationContext.finishBeanFactoryInitialization(AbstractApplicationContext.java:970)
	at org.springframework.context.support.AbstractApplicationContext.refresh(AbstractApplicationContext.java:627)
	at org.springframework.boot.web.servlet.context.ServletWebServerApplicationContext.refresh(ServletWebServerApplicationContext.java:146)
	at org.springframework.boot.SpringApplication.refresh(SpringApplication.java:752)
	at org.springframework.boot.SpringApplication.refreshContext(SpringApplication.java:439)
	at org.springframework.boot.SpringApplication.run(SpringApplication.java:318)
	at org.springframework.boot.SpringApplication.run(SpringApplication.java:1361)
	at org.springframework.boot.SpringApplication.run(SpringApplication.java:1350)
	at backend.HotelBookingApplication.main(HotelBookingApplication.java:15)
Caused by: org.postgresql.util.PSQLException: ERROR: column "staff_id" cannot be cast automatically to type bigint
  Hint: You might need to specify "USING staff_id::bigint".
	at org.postgresql.core.v3.QueryExecutorImpl.receiveErrorResponse(QueryExecutorImpl.java:2733)
	at org.postgresql.core.v3.QueryExecutorImpl.processResults(QueryExecutorImpl.java:2420)
	at org.postgresql.core.v3.QueryExecutorImpl.execute(QueryExecutorImpl.java:372)
	at org.postgresql.jdbc.PgStatement.executeInternal(PgStatement.java:517)
	at org.postgresql.jdbc.PgStatement.execute(PgStatement.java:434)
	at org.postgresql.jdbc.PgStatement.executeWithFlags(PgStatement.java:356)
	at org.postgresql.jdbc.PgStatement.executeCachedSql(PgStatement.java:341)
	at org.postgresql.jdbc.PgStatement.executeWithFlags(PgStatement.java:317)
	at org.postgresql.jdbc.PgStatement.execute(PgStatement.java:312)
	at com.zaxxer.hikari.pool.ProxyStatement.execute(ProxyStatement.java:94)
	at com.zaxxer.hikari.pool.HikariProxyStatement.execute(HikariProxyStatement.java)
	at org.hibernate.tool.schema.internal.exec.GenerationTargetToDatabase.accept(GenerationTargetToDatabase.java:80)
	... 37 common frames omitted
2025-04-13 23:49:18 [main] WARN  o.h.t.s.i.ExceptionHandlerLoggedImpl - GenerationTarget encountered exception accepting command : Error executing DDL "alter table if exists staff_room_map add constraint FKyd20ehofj2axxe92vl67pqvx foreign key (staff_id) references staff" via JDBC [ERROR: foreign key constraint "fkyd20ehofj2axxe92vl67pqvx" cannot be implemented
  Detail: Key columns "staff_id" and "staff_id" are of incompatible types: character varying and bigint.]
org.hibernate.tool.schema.spi.CommandAcceptanceException: Error executing DDL "alter table if exists staff_room_map add constraint FKyd20ehofj2axxe92vl67pqvx foreign key (staff_id) references staff" via JDBC [ERROR: foreign key constraint "fkyd20ehofj2axxe92vl67pqvx" cannot be implemented
  Detail: Key columns "staff_id" and "staff_id" are of incompatible types: character varying and bigint.]
	at org.hibernate.tool.schema.internal.exec.GenerationTargetToDatabase.accept(GenerationTargetToDatabase.java:94)
	at org.hibernate.tool.schema.internal.AbstractSchemaMigrator.applySqlString(AbstractSchemaMigrator.java:576)
	at org.hibernate.tool.schema.internal.AbstractSchemaMigrator.applySqlStrings(AbstractSchemaMigrator.java:516)
	at org.hibernate.tool.schema.internal.AbstractSchemaMigrator.applyForeignKeys(AbstractSchemaMigrator.java:448)
	at org.hibernate.tool.schema.internal.AbstractSchemaMigrator.performMigration(AbstractSchemaMigrator.java:269)
	at org.hibernate.tool.schema.internal.AbstractSchemaMigrator.doMigration(AbstractSchemaMigrator.java:112)
	at org.hibernate.tool.schema.spi.SchemaManagementToolCoordinator.performDatabaseAction(SchemaManagementToolCoordinator.java:280)
	at org.hibernate.tool.schema.spi.SchemaManagementToolCoordinator.lambda$process$5(SchemaManagementToolCoordinator.java:144)
	at java.base/java.util.HashMap.forEach(HashMap.java:1421)
	at org.hibernate.tool.schema.spi.SchemaManagementToolCoordinator.process(SchemaManagementToolCoordinator.java:141)
	at org.hibernate.boot.internal.SessionFactoryObserverForSchemaExport.sessionFactoryCreated(SessionFactoryObserverForSchemaExport.java:37)
	at org.hibernate.internal.SessionFactoryObserverChain.sessionFactoryCreated(SessionFactoryObserverChain.java:35)
	at org.hibernate.internal.SessionFactoryImpl.<init>(SessionFactoryImpl.java:324)
	at org.hibernate.boot.internal.SessionFactoryBuilderImpl.build(SessionFactoryBuilderImpl.java:463)
	at org.hibernate.jpa.boot.internal.EntityManagerFactoryBuilderImpl.build(EntityManagerFactoryBuilderImpl.java:1517)
	at org.springframework.orm.jpa.vendor.SpringHibernateJpaPersistenceProvider.createContainerEntityManagerFactory(SpringHibernateJpaPersistenceProvider.java:66)
	at org.springframework.orm.jpa.LocalContainerEntityManagerFactoryBean.createNativeEntityManagerFactory(LocalContainerEntityManagerFactoryBean.java:390)
	at org.springframework.orm.jpa.AbstractEntityManagerFactoryBean.buildNativeEntityManagerFactory(AbstractEntityManagerFactoryBean.java:419)
	at org.springframework.orm.jpa.AbstractEntityManagerFactoryBean.afterPropertiesSet(AbstractEntityManagerFactoryBean.java:400)
	at org.springframework.orm.jpa.LocalContainerEntityManagerFactoryBean.afterPropertiesSet(LocalContainerEntityManagerFactoryBean.java:366)
	at org.springframework.beans.factory.support.AbstractAutowireCapableBeanFactory.invokeInitMethods(AbstractAutowireCapableBeanFactory.java:1859)
	at org.springframework.beans.factory.support.AbstractAutowireCapableBeanFactory.initializeBean(AbstractAutowireCapableBeanFactory.java:1808)
	at org.springframework.beans.factory.support.AbstractAutowireCapableBeanFactory.doCreateBean(AbstractAutowireCapableBeanFactory.java:601)
	at org.springframework.beans.factory.support.AbstractAutowireCapableBeanFactory.createBean(AbstractAutowireCapableBeanFactory.java:523)
	at org.springframework.beans.factory.support.AbstractBeanFactory.lambda$doGetBean$0(AbstractBeanFactory.java:339)
	at org.springframework.beans.factory.support.DefaultSingletonBeanRegistry.getSingleton(DefaultSingletonBeanRegistry.java:346)
	at org.springframework.beans.factory.support.AbstractBeanFactory.doGetBean(AbstractBeanFactory.java:337)
	at org.springframework.beans.factory.support.AbstractBeanFactory.getBean(AbstractBeanFactory.java:207)
	at org.springframework.context.support.AbstractApplicationContext.finishBeanFactoryInitialization(AbstractApplicationContext.java:970)
	at org.springframework.context.support.AbstractApplicationContext.refresh(AbstractApplicationContext.java:627)
	at org.springframework.boot.web.servlet.context.ServletWebServerApplicationContext.refresh(ServletWebServerApplicationContext.java:146)
	at org.springframework.boot.SpringApplication.refresh(SpringApplication.java:752)
	at org.springframework.boot.SpringApplication.refreshContext(SpringApplication.java:439)
	at org.springframework.boot.SpringApplication.run(SpringApplication.java:318)
	at org.springframework.boot.SpringApplication.run(SpringApplication.java:1361)
	at org.springframework.boot.SpringApplication.run(SpringApplication.java:1350)
	at backend.HotelBookingApplication.main(HotelBookingApplication.java:15)
Caused by: org.postgresql.util.PSQLException: ERROR: foreign key constraint "fkyd20ehofj2axxe92vl67pqvx" cannot be implemented
  Detail: Key columns "staff_id" and "staff_id" are of incompatible types: character varying and bigint.
	at org.postgresql.core.v3.QueryExecutorImpl.receiveErrorResponse(QueryExecutorImpl.java:2733)
	at org.postgresql.core.v3.QueryExecutorImpl.processResults(QueryExecutorImpl.java:2420)
	at org.postgresql.core.v3.QueryExecutorImpl.execute(QueryExecutorImpl.java:372)
	at org.postgresql.jdbc.PgStatement.executeInternal(PgStatement.java:517)
	at org.postgresql.jdbc.PgStatement.execute(PgStatement.java:434)
	at org.postgresql.jdbc.PgStatement.executeWithFlags(PgStatement.java:356)
	at org.postgresql.jdbc.PgStatement.executeCachedSql(PgStatement.java:341)
	at org.postgresql.jdbc.PgStatement.executeWithFlags(PgStatement.java:317)
	at org.postgresql.jdbc.PgStatement.execute(PgStatement.java:312)
	at com.zaxxer.hikari.pool.ProxyStatement.execute(ProxyStatement.java:94)
	at com.zaxxer.hikari.pool.HikariProxyStatement.execute(HikariProxyStatement.java)
	at org.hibernate.tool.schema.internal.exec.GenerationTargetToDatabase.accept(GenerationTargetToDatabase.java:80)
	... 36 common frames omitted
2025-04-13 23:49:18 [main] INFO  o.s.o.j.LocalContainerEntityManagerFactoryBean - Initialized JPA EntityManagerFactory for persistence unit 'default'
2025-04-13 23:49:18 [main] INFO  backend.config.CorsConfig - CORS Configuration Loaded!
2025-04-13 23:49:18 [main] DEBUG o.s.c.e.PropertySourcesPropertyResolver - Found key 'spring.security.oauth2.resourceserver.jwt.issuer-uri' in PropertySource 'environmentProperties' with value of type String
2025-04-13 23:49:18 [main] INFO  o.s.d.j.r.query.QueryEnhancerFactory - Hibernate is in classpath; If applicable, HQL parser will be used.
2025-04-13 23:49:19 [main] DEBUG o.s.c.e.PropertySourcesPropertyResolver - Found key 'graphql.endpoint' in PropertySource 'environmentProperties' with value of type String
2025-04-13 23:49:19 [main] DEBUG o.s.c.e.PropertySourcesPropertyResolver - Found key 'graphql.api-key' in PropertySource 'environmentProperties' with value of type String
2025-04-13 23:49:19 [main] DEBUG o.s.c.e.PropertySourcesPropertyResolver - Found key 'graphql.api.key' in PropertySource 'environmentProperties' with value of type String
2025-04-13 23:49:19 [main] DEBUG o.s.c.e.PropertySourcesPropertyResolver - Found key 'graphql.url' in PropertySource 'environmentProperties' with value of type String
2025-04-13 23:49:19 [main] DEBUG o.s.c.e.PropertySourcesPropertyResolver - Found key 'spring.mail.username' in PropertySource 'environmentProperties' with value of type String
2025-04-13 23:49:19 [main] DEBUG o.s.c.e.PropertySourcesPropertyResolver - Found key 'otp.expiry.minutes' in PropertySource 'environmentProperties' with value of type String
2025-04-13 23:49:19 [main] DEBUG o.s.c.e.PropertySourcesPropertyResolver - Found key 'otp.max.attempts' in PropertySource 'environmentProperties' with value of type String
2025-04-13 23:49:19 [main] DEBUG o.s.c.e.PropertySourcesPropertyResolver - Found key 'graphql.endpoint' in PropertySource 'environmentProperties' with value of type String
2025-04-13 23:49:19 [main] DEBUG o.s.c.e.PropertySourcesPropertyResolver - Found key 'graphql.api-key' in PropertySource 'environmentProperties' with value of type String
2025-04-13 23:49:19 [main] DEBUG o.s.c.e.PropertySourcesPropertyResolver - Found key 'graphql.api.key' in PropertySource 'environmentProperties' with value of type String
2025-04-13 23:49:19 [main] DEBUG o.s.c.e.PropertySourcesPropertyResolver - Found key 'graphql.url' in PropertySource 'environmentProperties' with value of type String
2025-04-13 23:49:19 [main] DEBUG o.s.c.e.PropertySourcesPropertyResolver - Found key 'graphql.endpoint' in PropertySource 'environmentProperties' with value of type String
2025-04-13 23:49:19 [main] DEBUG o.s.c.e.PropertySourcesPropertyResolver - Found key 'graphql.api-key' in PropertySource 'environmentProperties' with value of type String
2025-04-13 23:49:19 [main] DEBUG o.s.c.e.PropertySourcesPropertyResolver - Found key 'graphql.endpoint' in PropertySource 'environmentProperties' with value of type String
2025-04-13 23:49:19 [main] DEBUG o.s.c.e.PropertySourcesPropertyResolver - Found key 'graphql.apiKey' in PropertySource 'environmentProperties' with value of type String
2025-04-13 23:49:19 [main] DEBUG o.s.c.e.PropertySourcesPropertyResolver - Found key 'graphql.endpoint' in PropertySource 'environmentProperties' with value of type String
2025-04-13 23:49:19 [main] DEBUG o.s.c.e.PropertySourcesPropertyResolver - Found key 'graphql.apiKey' in PropertySource 'environmentProperties' with value of type String
2025-04-13 23:49:19 [main] DEBUG o.s.c.e.PropertySourcesPropertyResolver - Found key 'api.base.url' in PropertySource 'environmentProperties' with value of type String
2025-04-13 23:49:19 [main] WARN  o.s.b.a.o.j.JpaBaseConfiguration$JpaWebConfiguration - spring.jpa.open-in-view is enabled by default. Therefore, database queries may be performed during view rendering. Explicitly configure spring.jpa.open-in-view to disable this warning
2025-04-13 23:49:19 [main] INFO  backend.config.CorsConfig - Applying CORS settings...
2025-04-13 23:49:20 [main] DEBUG o.s.s.c.a.a.c.AuthenticationConfiguration$DefaultPasswordEncoderAuthenticationManagerBuilder - No authenticationProviders and no parentAuthenticationManager defined. Returning null.
2025-04-13 23:49:20 [main] INFO  o.s.b.a.e.web.EndpointLinksResolver - Exposing 2 endpoints beneath base path '/actuator'
2025-04-13 23:49:20 [main] INFO  backend.config.SecurityConfig - Configuring security filter chain...
2025-04-13 23:49:20 [main] INFO  backend.config.SecurityConfig - Using issuer URI: https://cognito-idp.ap-south-1.amazonaws.com/ap-south-1_IGHZ9OObg
2025-04-13 23:49:20 [main] INFO  backend.config.SecurityConfig - Configuring authorization rules...
2025-04-13 23:49:20 [main] INFO  backend.config.SecurityConfig - Configuring OAuth2 resource server...
2025-04-13 23:49:20 [main] INFO  backend.config.SecurityConfig - Configuring JWT...
2025-04-13 23:49:20 [main] INFO  backend.config.SecurityConfig - Creating JWT decoder with issuer URI: https://cognito-idp.ap-south-1.amazonaws.com/ap-south-1_IGHZ9OObg
2025-04-13 23:49:20 [main] INFO  backend.config.SecurityConfig - Configuring session management...
2025-04-13 23:49:20 [main] DEBUG o.s.s.web.DefaultSecurityFilterChain - Will secure any request with filters: DisableEncodeUrlFilter, WebAsyncManagerIntegrationFilter, SecurityContextHolderFilter, HeaderWriterFilter, LogoutFilter, BearerTokenAuthenticationFilter, RequestCacheAwareFilter, SecurityContextHolderAwareRequestFilter, AnonymousAuthenticationFilter, SessionManagementFilter, ExceptionTranslationFilter, AuthorizationFilter
2025-04-13 23:49:21 [main] INFO  o.a.coyote.http11.Http11NioProtocol - Starting ProtocolHandler ["http-nio-8081"]
2025-04-13 23:49:21 [main] INFO  o.s.b.w.e.tomcat.TomcatWebServer - Tomcat started on port 8081 (http) with context path '/'
2025-04-13 23:49:21 [main] INFO  backend.HotelBookingApplication - Started HotelBookingApplication in 14.439 seconds (process running for 15.304)
2025-04-13 23:49:23 [http-nio-8081-exec-1] INFO  o.a.c.c.C.[Tomcat].[localhost].[/] - Initializing Spring DispatcherServlet 'dispatcherServlet'
2025-04-13 23:49:23 [http-nio-8081-exec-1] INFO  o.s.web.servlet.DispatcherServlet - Initializing Servlet 'dispatcherServlet'
2025-04-13 23:49:23 [http-nio-8081-exec-1] INFO  o.s.web.servlet.DispatcherServlet - Completed initialization in 2 ms
2025-04-13 23:49:23 [http-nio-8081-exec-1] DEBUG o.s.security.web.FilterChainProxy - Securing POST /api/house-cleaning/generate?date=2025-05-01
2025-04-13 23:49:23 [http-nio-8081-exec-1] DEBUG o.s.s.w.a.AnonymousAuthenticationFilter - Set SecurityContextHolder to anonymous SecurityContext
2025-04-13 23:49:23 [http-nio-8081-exec-1] DEBUG o.s.security.web.FilterChainProxy - Secured POST /api/house-cleaning/generate?date=2025-05-01
2025-04-13 23:49:23 [http-nio-8081-exec-1] INFO  b.s.impl.HouseCleaningServiceImpl - Generating cleaning schedules for date: 2025-05-01
2025-04-13 23:49:23 [http-nio-8081-exec-1] INFO  b.s.impl.HouseCleaningServiceImpl - Found 10 check-in bookings, 0 check-out bookings, and 10 current bookings for date 2025-05-01
2025-04-13 23:49:23 [http-nio-8081-exec-1] INFO  b.s.impl.BookedRoomsServiceImpl - Checking check-in rooms for date: 2025-05-01
2025-04-13 23:49:23 [http-nio-8081-exec-1] INFO  b.s.impl.BookedRoomsServiceImpl - Found 10 transactions with check-in date 2025-05-01
2025-04-13 23:49:23 [http-nio-8081-exec-1] INFO  b.s.impl.BookedRoomsServiceImpl - Booking IDs for check-in: [13, 12, 15, 14, 53, 55, 59, 60, 155, 318]
2025-04-13 23:49:28 [http-nio-8081-exec-1] INFO  b.s.impl.BookedRoomsServiceImpl - Room IDs for bookings [13, 12, 15, 14, 53, 55, 59, 60, 155, 318]: [421, 422, 433, 434, 439, 451, 452, 457, 464, 469, 470]
2025-04-13 23:49:28 [http-nio-8081-exec-1] INFO  b.s.impl.BookedRoomsServiceImpl - Checking check-out rooms for date: 2025-05-01
2025-04-13 23:49:28 [http-nio-8081-exec-1] INFO  b.s.impl.BookedRoomsServiceImpl - Found 0 transactions with check-out date 2025-05-01
2025-04-13 23:49:29 [http-nio-8081-exec-1] INFO  b.s.impl.BookedRoomsServiceImpl - Booking IDs for check-out: []
2025-04-13 23:49:29 [http-nio-8081-exec-1] INFO  b.s.impl.BookedRoomsServiceImpl - No booking IDs found, returning empty list
2025-04-13 23:49:29 [http-nio-8081-exec-1] INFO  b.s.impl.BookedRoomsServiceImpl - Checking currently booked rooms for date: 2025-05-01T00:00:00Z
2025-04-13 23:49:29 [http-nio-8081-exec-1] INFO  b.s.impl.BookedRoomsServiceImpl - Currently booked room IDs: [421, 422, 433, 434, 439, 451, 452, 457, 464, 469, 470]
2025-04-13 23:49:29 [http-nio-8081-exec-1] INFO  b.s.impl.HouseCleaningServiceImpl - Found 11 check-in rooms, 0 check-out rooms, and 11 current rooms for date 2025-05-01
2025-04-13 23:49:29 [http-nio-8081-exec-1] WARN  b.s.impl.HouseCleaningServiceImpl - Could not extract room ID from booking details for booking ID 13
2025-04-13 23:49:29 [http-nio-8081-exec-1] WARN  b.s.impl.HouseCleaningServiceImpl - Could not extract room ID from booking details for booking ID 12
2025-04-13 23:49:29 [http-nio-8081-exec-1] WARN  b.s.impl.HouseCleaningServiceImpl - Could not extract room ID from booking details for booking ID 15
2025-04-13 23:49:29 [http-nio-8081-exec-1] WARN  b.s.impl.HouseCleaningServiceImpl - Could not extract room ID from booking details for booking ID 14
2025-04-13 23:49:29 [http-nio-8081-exec-1] WARN  b.s.impl.HouseCleaningServiceImpl - Could not extract room ID from booking details for booking ID 53
2025-04-13 23:49:29 [http-nio-8081-exec-1] WARN  b.s.impl.HouseCleaningServiceImpl - Could not extract room ID from booking details for booking ID 55
2025-04-13 23:49:29 [http-nio-8081-exec-1] WARN  b.s.impl.HouseCleaningServiceImpl - Could not extract room ID from booking details for booking ID 59
2025-04-13 23:49:29 [http-nio-8081-exec-1] WARN  b.s.impl.HouseCleaningServiceImpl - Could not extract room ID from booking details for booking ID 60
2025-04-13 23:49:29 [http-nio-8081-exec-1] WARN  b.s.impl.HouseCleaningServiceImpl - Could not extract room ID from booking details for booking ID 155
2025-04-13 23:49:29 [http-nio-8081-exec-1] WARN  b.s.impl.HouseCleaningServiceImpl - Could not extract room ID from booking details for booking ID 318
2025-04-13 23:49:29 [http-nio-8081-exec-1] WARN  b.s.impl.HouseCleaningServiceImpl - Could not extract room ID from booking details for booking ID 13
2025-04-13 23:49:29 [http-nio-8081-exec-1] WARN  b.s.impl.HouseCleaningServiceImpl - Could not extract room ID from booking details for booking ID 12
2025-04-13 23:49:29 [http-nio-8081-exec-1] WARN  b.s.impl.HouseCleaningServiceImpl - Could not extract room ID from booking details for booking ID 15
2025-04-13 23:49:29 [http-nio-8081-exec-1] WARN  b.s.impl.HouseCleaningServiceImpl - Could not extract room ID from booking details for booking ID 14
2025-04-13 23:49:29 [http-nio-8081-exec-1] WARN  b.s.impl.HouseCleaningServiceImpl - Could not extract room ID from booking details for booking ID 53
2025-04-13 23:49:29 [http-nio-8081-exec-1] WARN  b.s.impl.HouseCleaningServiceImpl - Could not extract room ID from booking details for booking ID 55
2025-04-13 23:49:29 [http-nio-8081-exec-1] WARN  b.s.impl.HouseCleaningServiceImpl - Could not extract room ID from booking details for booking ID 59
2025-04-13 23:49:29 [http-nio-8081-exec-1] WARN  b.s.impl.HouseCleaningServiceImpl - Could not extract room ID from booking details for booking ID 60
2025-04-13 23:49:29 [http-nio-8081-exec-1] WARN  b.s.impl.HouseCleaningServiceImpl - Could not extract room ID from booking details for booking ID 155
2025-04-13 23:49:29 [http-nio-8081-exec-1] WARN  b.s.impl.HouseCleaningServiceImpl - Could not extract room ID from booking details for booking ID 318
2025-04-13 23:49:29 [http-nio-8081-exec-1] INFO  b.s.impl.HouseCleaningServiceImpl - Room to booking map: {}
2025-04-13 23:49:29 [http-nio-8081-exec-1] WARN  b.s.impl.HouseCleaningServiceImpl - No booking ID found for room ID 421
2025-04-13 23:49:29 [http-nio-8081-exec-1] WARN  b.s.impl.HouseCleaningServiceImpl - No booking ID found for room ID 422
2025-04-13 23:49:29 [http-nio-8081-exec-1] WARN  b.s.impl.HouseCleaningServiceImpl - No booking ID found for room ID 433
2025-04-13 23:49:29 [http-nio-8081-exec-1] WARN  b.s.impl.HouseCleaningServiceImpl - No booking ID found for room ID 434
2025-04-13 23:49:29 [http-nio-8081-exec-1] WARN  b.s.impl.HouseCleaningServiceImpl - No booking ID found for room ID 439
2025-04-13 23:49:29 [http-nio-8081-exec-1] WARN  b.s.impl.HouseCleaningServiceImpl - No booking ID found for room ID 451
2025-04-13 23:49:29 [http-nio-8081-exec-1] WARN  b.s.impl.HouseCleaningServiceImpl - No booking ID found for room ID 452
2025-04-13 23:49:29 [http-nio-8081-exec-1] WARN  b.s.impl.HouseCleaningServiceImpl - No booking ID found for room ID 457
2025-04-13 23:49:29 [http-nio-8081-exec-1] WARN  b.s.impl.HouseCleaningServiceImpl - No booking ID found for room ID 464
2025-04-13 23:49:29 [http-nio-8081-exec-1] WARN  b.s.impl.HouseCleaningServiceImpl - No booking ID found for room ID 469
2025-04-13 23:49:29 [http-nio-8081-exec-1] WARN  b.s.impl.HouseCleaningServiceImpl - No booking ID found for room ID 470
2025-04-13 23:50:19 [http-nio-8081-exec-3] DEBUG o.s.security.web.FilterChainProxy - Securing POST /api/house-cleaning/assign-staff?date=2025-05-01&shift=AFTERNOON_SHIFT
2025-04-13 23:50:19 [http-nio-8081-exec-3] DEBUG o.s.s.w.a.AnonymousAuthenticationFilter - Set SecurityContextHolder to anonymous SecurityContext
2025-04-13 23:50:19 [http-nio-8081-exec-3] DEBUG o.s.security.web.FilterChainProxy - Secured POST /api/house-cleaning/assign-staff?date=2025-05-01&shift=AFTERNOON_SHIFT
2025-04-13 23:50:19 [http-nio-8081-exec-3] INFO  b.s.impl.HouseCleaningServiceImpl - Assigning staff to schedules for date: 2025-05-01 and shift: AFTERNOON_SHIFT
2025-04-13 23:50:19 [http-nio-8081-exec-3] INFO  b.s.impl.HouseCleaningServiceImpl - No pending schedules found for date: 2025-05-01 and shift: AFTERNOON_SHIFT
2025-04-13 23:50:27 [http-nio-8081-exec-5] DEBUG o.s.security.web.FilterChainProxy - Securing POST /api/house-cleaning/assign-staff?date=2025-05-01&shift=MORNING_SHIFT
2025-04-13 23:50:27 [http-nio-8081-exec-5] DEBUG o.s.s.w.a.AnonymousAuthenticationFilter - Set SecurityContextHolder to anonymous SecurityContext
2025-04-13 23:50:27 [http-nio-8081-exec-5] DEBUG o.s.security.web.FilterChainProxy - Secured POST /api/house-cleaning/assign-staff?date=2025-05-01&shift=MORNING_SHIFT
2025-04-13 23:50:27 [http-nio-8081-exec-5] INFO  b.s.impl.HouseCleaningServiceImpl - Assigning staff to schedules for date: 2025-05-01 and shift: MORNING_SHIFT
2025-04-13 23:50:27 [http-nio-8081-exec-5] WARN  b.s.impl.HouseCleaningServiceImpl - Staff shortage detected for shift MORNING_SHIFT. Required: 2, Available: 1. Attempting to redistribute staff from other shifts.
2025-04-13 23:50:27 [http-nio-8081-exec-5] INFO  b.s.impl.HouseCleaningServiceImpl - STAFF REDISTRIBUTION: Analyzing all shifts to find staff for MORNING_SHIFT
2025-04-13 23:50:27 [http-nio-8081-exec-5] INFO  b.s.impl.HouseCleaningServiceImpl - Need to move 1 staff to shift MORNING_SHIFT
2025-04-13 23:50:28 [http-nio-8081-exec-5] INFO  b.s.impl.HouseCleaningServiceImpl - STAFF ANALYSIS - Shift AFTERNOON_SHIFT: 0 rooms, 1 staff available, 0 staff required, 1 excess staff
2025-04-13 23:50:28 [http-nio-8081-exec-5] INFO  b.s.impl.HouseCleaningServiceImpl - STAFF ANALYSIS - Shift EVENING_SHIFT: 0 rooms, 3 staff available, 0 staff required, 3 excess staff
2025-04-13 23:50:28 [http-nio-8081-exec-5] INFO  b.s.impl.HouseCleaningServiceImpl - Moving 1 excess staff from shift AFTERNOON_SHIFT to shift MORNING_SHIFT
2025-04-13 23:50:28 [http-nio-8081-exec-5] INFO  b.s.impl.HouseCleaningServiceImpl - Moved staff 9 from shift AFTERNOON_SHIFT to shift MORNING_SHIFT
2025-04-13 23:50:28 [http-nio-8081-exec-5] INFO  b.s.impl.HouseCleaningServiceImpl - Successfully moved 1 staff to shift MORNING_SHIFT. Requirement met.
2025-04-13 23:50:28 [http-nio-8081-exec-5] INFO  b.s.impl.HouseCleaningServiceImpl - After redistribution: 2 staff available for shift MORNING_SHIFT
2025-04-13 23:50:28 [http-nio-8081-exec-5] INFO  b.s.impl.HouseCleaningServiceImpl - Shift time: 07:00 to 11:00
2025-04-13 23:50:28 [http-nio-8081-exec-5] INFO  b.s.impl.HouseCleaningServiceImpl - STAFF REQUIREMENTS: 2 staff needed for 11 rooms in shift MORNING_SHIFT. 2 staff available, 0 excess staff.
2025-04-13 23:50:28 [http-nio-8081-exec-5] INFO  b.s.impl.HouseCleaningServiceImpl - Assigned staff 2 to room 421 for cleaning from 07:00 to 07:30, staff utilization=12.5%
2025-04-13 23:50:28 [http-nio-8081-exec-5] INFO  b.s.impl.HouseCleaningServiceImpl - Assigned staff 9 to room 422 for cleaning from 07:00 to 07:30, staff utilization=12.5%
2025-04-13 23:50:28 [http-nio-8081-exec-5] INFO  b.s.impl.HouseCleaningServiceImpl - Assigned staff 2 to room 433 for cleaning from 07:30 to 08:00, staff utilization=25.0%
2025-04-13 23:50:28 [http-nio-8081-exec-5] INFO  b.s.impl.HouseCleaningServiceImpl - Assigned staff 9 to room 434 for cleaning from 07:30 to 08:00, staff utilization=25.0%
2025-04-13 23:50:28 [http-nio-8081-exec-5] INFO  b.s.impl.HouseCleaningServiceImpl - Assigned staff 2 to room 439 for cleaning from 08:00 to 08:30, staff utilization=37.5%
2025-04-13 23:50:28 [http-nio-8081-exec-5] INFO  b.s.impl.HouseCleaningServiceImpl - Assigned staff 9 to room 451 for cleaning from 08:00 to 08:30, staff utilization=37.5%
2025-04-13 23:50:28 [http-nio-8081-exec-5] INFO  b.s.impl.HouseCleaningServiceImpl - Assigned staff 2 to room 452 for cleaning from 08:30 to 09:00, staff utilization=50.0%
2025-04-13 23:50:28 [http-nio-8081-exec-5] INFO  b.s.impl.HouseCleaningServiceImpl - Assigned staff 9 to room 457 for cleaning from 08:30 to 09:00, staff utilization=50.0%
2025-04-13 23:50:28 [http-nio-8081-exec-5] INFO  b.s.impl.HouseCleaningServiceImpl - Assigned staff 2 to room 464 for cleaning from 09:00 to 09:30, staff utilization=62.5%
2025-04-13 23:50:28 [http-nio-8081-exec-5] INFO  b.s.impl.HouseCleaningServiceImpl - Assigned staff 9 to room 469 for cleaning from 09:00 to 09:30, staff utilization=62.5%
2025-04-13 23:50:28 [http-nio-8081-exec-5] INFO  b.s.impl.HouseCleaningServiceImpl - Assigned staff 2 to room 470 for cleaning from 09:30 to 10:00, staff utilization=75.0%
2025-04-13 23:50:28 [http-nio-8081-exec-5] INFO  b.s.impl.HouseCleaningServiceImpl - Staff 2 has 6 rooms assigned (utilization: 75.0%)
2025-04-13 23:50:28 [http-nio-8081-exec-5] INFO  b.s.impl.HouseCleaningServiceImpl -   - Room 421 at 07:00
2025-04-13 23:50:28 [http-nio-8081-exec-5] INFO  b.s.impl.HouseCleaningServiceImpl -   - Room 433 at 07:30
2025-04-13 23:50:28 [http-nio-8081-exec-5] INFO  b.s.impl.HouseCleaningServiceImpl -   - Room 439 at 08:00
2025-04-13 23:50:28 [http-nio-8081-exec-5] INFO  b.s.impl.HouseCleaningServiceImpl -   - Room 452 at 08:30
2025-04-13 23:50:28 [http-nio-8081-exec-5] INFO  b.s.impl.HouseCleaningServiceImpl -   - Room 464 at 09:00
2025-04-13 23:50:28 [http-nio-8081-exec-5] INFO  b.s.impl.HouseCleaningServiceImpl -   - Room 470 at 09:30
2025-04-13 23:50:28 [http-nio-8081-exec-5] INFO  b.s.impl.HouseCleaningServiceImpl -   - Staff 2 is working from 07:00 to 10:00 (utilization: 75.0%)
2025-04-13 23:50:28 [http-nio-8081-exec-5] INFO  b.s.impl.HouseCleaningServiceImpl - Staff 9 is underutilized (62.5%). Consider moving to another shift.
2025-04-13 23:50:28 [http-nio-8081-exec-5] INFO  b.s.impl.HouseCleaningServiceImpl - Staff 9 has 5 rooms assigned (utilization: 62.5%)
2025-04-13 23:50:28 [http-nio-8081-exec-5] INFO  b.s.impl.HouseCleaningServiceImpl -   - Room 422 at 07:00
2025-04-13 23:50:28 [http-nio-8081-exec-5] INFO  b.s.impl.HouseCleaningServiceImpl -   - Room 434 at 07:30
2025-04-13 23:50:28 [http-nio-8081-exec-5] INFO  b.s.impl.HouseCleaningServiceImpl -   - Room 451 at 08:00
2025-04-13 23:50:28 [http-nio-8081-exec-5] INFO  b.s.impl.HouseCleaningServiceImpl -   - Room 457 at 08:30
2025-04-13 23:50:28 [http-nio-8081-exec-5] INFO  b.s.impl.HouseCleaningServiceImpl -   - Room 469 at 09:00
2025-04-13 23:50:28 [http-nio-8081-exec-5] INFO  b.s.impl.HouseCleaningServiceImpl -   - Staff 9 is working from 07:00 to 09:30 (utilization: 62.5%)
2025-04-13 23:50:28 [http-nio-8081-exec-5] INFO  b.s.impl.HouseCleaningServiceImpl - STAFF ANALYSIS - Shift AFTERNOON_SHIFT: 0 rooms, 0 staff available, 0 staff required
2025-04-13 23:50:28 [http-nio-8081-exec-5] INFO  b.s.impl.HouseCleaningServiceImpl - STAFF ANALYSIS - Shift EVENING_SHIFT: 0 rooms, 3 staff available, 0 staff required
2025-04-13 23:50:28 [http-nio-8081-exec-5] INFO  b.s.impl.HouseCleaningServiceImpl - Considering 1 underutilized staff members from MORNING_SHIFT shift for reassignment
2025-04-13 23:50:28 [http-nio-8081-exec-5] INFO  b.s.impl.HouseCleaningServiceImpl - Saved schedule for room 421: staffId=2, scheduledTime=07:00
2025-04-13 23:50:28 [http-nio-8081-exec-5] INFO  b.s.impl.HouseCleaningServiceImpl - Saved schedule for room 422: staffId=9, scheduledTime=07:00
2025-04-13 23:50:28 [http-nio-8081-exec-5] INFO  b.s.impl.HouseCleaningServiceImpl - Saved schedule for room 433: staffId=2, scheduledTime=07:30
2025-04-13 23:50:28 [http-nio-8081-exec-5] INFO  b.s.impl.HouseCleaningServiceImpl - Saved schedule for room 434: staffId=9, scheduledTime=07:30
2025-04-13 23:50:28 [http-nio-8081-exec-5] INFO  b.s.impl.HouseCleaningServiceImpl - Saved schedule for room 439: staffId=2, scheduledTime=08:00
2025-04-13 23:50:28 [http-nio-8081-exec-5] INFO  b.s.impl.HouseCleaningServiceImpl - Saved schedule for room 451: staffId=9, scheduledTime=08:00
2025-04-13 23:50:28 [http-nio-8081-exec-5] INFO  b.s.impl.HouseCleaningServiceImpl - Saved schedule for room 452: staffId=2, scheduledTime=08:30
2025-04-13 23:50:28 [http-nio-8081-exec-5] INFO  b.s.impl.HouseCleaningServiceImpl - Saved schedule for room 457: staffId=9, scheduledTime=08:30
2025-04-13 23:50:28 [http-nio-8081-exec-5] INFO  b.s.impl.HouseCleaningServiceImpl - Saved schedule for room 464: staffId=2, scheduledTime=09:00
2025-04-13 23:50:28 [http-nio-8081-exec-5] INFO  b.s.impl.HouseCleaningServiceImpl - Saved schedule for room 469: staffId=9, scheduledTime=09:00
2025-04-13 23:50:28 [http-nio-8081-exec-5] INFO  b.s.impl.HouseCleaningServiceImpl - Saved schedule for room 470: staffId=2, scheduledTime=09:30
