2025-04-12 02:18:03 [HikariPool-1 housekeeper] WARN  com.zaxxer.hikari.pool.HikariPool - HikariPool-1 - Thread starvation or clock leap detected (housekeeper delta=15m54s211ms).
2025-04-12 02:18:58 [HikariPool-1 housekeeper] WARN  com.zaxxer.hikari.pool.HikariPool - HikariPool-1 - Thread starvation or clock leap detected (housekeeper delta=54s654ms).
2025-04-12 02:35:43 [HikariPool-1 housekeeper] WARN  com.zaxxer.hikari.pool.HikariPool - HikariPool-1 - Thread starvation or clock leap detected (housekeeper delta=16m44s807ms).
2025-04-12 02:37:02 [HikariPool-1 housekeeper] WARN  com.zaxxer.hikari.pool.HikariPool - HikariPool-1 - Thread starvation or clock leap detected (housekeeper delta=1m19s99ms).
2025-04-12 02:53:23 [HikariPool-1 housekeeper] WARN  com.zaxxer.hikari.pool.HikariPool - HikariPool-1 - Thread starvation or clock leap detected (housekeeper delta=16m20s892ms).
2025-04-12 02:55:32 [HikariPool-1 housekeeper] WARN  com.zaxxer.hikari.pool.HikariPool - HikariPool-1 - Thread starvation or clock leap detected (housekeeper delta=2m9s687ms).
2025-04-12 02:57:42 [HikariPool-1 housekeeper] WARN  com.zaxxer.hikari.pool.HikariPool - HikariPool-1 - Thread starvation or clock leap detected (housekeeper delta=2m9s691ms).
2025-04-12 03:14:52 [HikariPool-1 housekeeper] WARN  com.zaxxer.hikari.pool.HikariPool - HikariPool-1 - Thread starvation or clock leap detected (housekeeper delta=17m9s759ms).
2025-04-12 03:32:01 [HikariPool-1 housekeeper] WARN  com.zaxxer.hikari.pool.HikariPool - HikariPool-1 - Thread starvation or clock leap detected (housekeeper delta=17m9s748ms).
2025-04-12 03:49:11 [HikariPool-1 housekeeper] WARN  com.zaxxer.hikari.pool.HikariPool - HikariPool-1 - Thread starvation or clock leap detected (housekeeper delta=17m9s729ms).
2025-04-12 03:50:56 [HikariPool-1 housekeeper] WARN  com.zaxxer.hikari.pool.HikariPool - HikariPool-1 - Thread starvation or clock leap detected (housekeeper delta=1m44s768ms).
2025-04-12 04:03:19 [HikariPool-1 housekeeper] WARN  com.zaxxer.hikari.pool.HikariPool - HikariPool-1 - Thread starvation or clock leap detected (housekeeper delta=12m23s30ms).
2025-04-12 04:05:04 [HikariPool-1 housekeeper] WARN  com.zaxxer.hikari.pool.HikariPool - HikariPool-1 - Thread starvation or clock leap detected (housekeeper delta=1m44s773ms).
2025-04-12 04:06:49 [HikariPool-1 housekeeper] WARN  com.zaxxer.hikari.pool.HikariPool - HikariPool-1 - Thread starvation or clock leap detected (housekeeper delta=1m44s768ms).
2025-04-12 04:23:33 [HikariPool-1 housekeeper] WARN  com.zaxxer.hikari.pool.HikariPool - HikariPool-1 - Thread starvation or clock leap detected (housekeeper delta=16m44s811ms).
2025-04-12 04:25:18 [HikariPool-1 housekeeper] WARN  com.zaxxer.hikari.pool.HikariPool - HikariPool-1 - Thread starvation or clock leap detected (housekeeper delta=1m44s767ms).
2025-04-12 04:42:28 [HikariPool-1 housekeeper] WARN  com.zaxxer.hikari.pool.HikariPool - HikariPool-1 - Thread starvation or clock leap detected (housekeeper delta=17m9s721ms).
2025-04-12 04:59:38 [HikariPool-1 housekeeper] WARN  com.zaxxer.hikari.pool.HikariPool - HikariPool-1 - Thread starvation or clock leap detected (housekeeper delta=17m9s732ms).
2025-04-12 05:01:22 [HikariPool-1 housekeeper] WARN  com.zaxxer.hikari.pool.HikariPool - HikariPool-1 - Thread starvation or clock leap detected (housekeeper delta=1m44s759ms).
2025-04-12 05:18:32 [HikariPool-1 housekeeper] WARN  com.zaxxer.hikari.pool.HikariPool - HikariPool-1 - Thread starvation or clock leap detected (housekeeper delta=17m9s730ms).
2025-04-12 05:20:42 [HikariPool-1 housekeeper] WARN  com.zaxxer.hikari.pool.HikariPool - HikariPool-1 - Thread starvation or clock leap detected (housekeeper delta=2m9s661ms).
2025-04-12 05:37:27 [HikariPool-1 housekeeper] WARN  com.zaxxer.hikari.pool.HikariPool - HikariPool-1 - Thread starvation or clock leap detected (housekeeper delta=16m44s808ms).
2025-04-12 05:39:36 [HikariPool-1 housekeeper] WARN  com.zaxxer.hikari.pool.HikariPool - HikariPool-1 - Thread starvation or clock leap detected (housekeeper delta=2m9s676ms).
2025-04-12 05:56:46 [HikariPool-1 housekeeper] WARN  com.zaxxer.hikari.pool.HikariPool - HikariPool-1 - Thread starvation or clock leap detected (housekeeper delta=17m9s728ms).
2025-04-12 07:56:54 [HikariPool-1 housekeeper] WARN  com.zaxxer.hikari.pool.HikariPool - HikariPool-1 - Thread starvation or clock leap detected (housekeeper delta=2h7s832ms).
2025-04-12 07:58:14 [HikariPool-1 housekeeper] WARN  com.zaxxer.hikari.pool.HikariPool - HikariPool-1 - Thread starvation or clock leap detected (housekeeper delta=1m19s848ms).
2025-04-12 08:14:58 [HikariPool-1 housekeeper] WARN  com.zaxxer.hikari.pool.HikariPool - HikariPool-1 - Thread starvation or clock leap detected (housekeeper delta=16m44s801ms).
2025-04-12 08:16:43 [HikariPool-1 housekeeper] WARN  com.zaxxer.hikari.pool.HikariPool - HikariPool-1 - Thread starvation or clock leap detected (housekeeper delta=1m44s770ms).
2025-04-12 08:33:53 [HikariPool-1 housekeeper] WARN  com.zaxxer.hikari.pool.HikariPool - HikariPool-1 - Thread starvation or clock leap detected (housekeeper delta=17m9s708ms).
2025-04-12 08:51:03 [HikariPool-1 housekeeper] WARN  com.zaxxer.hikari.pool.HikariPool - HikariPool-1 - Thread starvation or clock leap detected (housekeeper delta=17m9s702ms).
2025-04-12 08:52:22 [HikariPool-1 housekeeper] WARN  com.zaxxer.hikari.pool.HikariPool - HikariPool-1 - Thread starvation or clock leap detected (housekeeper delta=1m19s884ms).
2025-04-12 09:09:07 [HikariPool-1 housekeeper] WARN  com.zaxxer.hikari.pool.HikariPool - HikariPool-1 - Thread starvation or clock leap detected (housekeeper delta=16m44s801ms).
2025-04-12 09:11:17 [HikariPool-1 housekeeper] WARN  com.zaxxer.hikari.pool.HikariPool - HikariPool-1 - Thread starvation or clock leap detected (housekeeper delta=2m9s676ms).
2025-04-12 09:13:27 [HikariPool-1 housekeeper] WARN  com.zaxxer.hikari.pool.HikariPool - HikariPool-1 - Thread starvation or clock leap detected (housekeeper delta=2m9s664ms).
2025-04-12 09:30:36 [HikariPool-1 housekeeper] WARN  com.zaxxer.hikari.pool.HikariPool - HikariPool-1 - Thread starvation or clock leap detected (housekeeper delta=17m9s722ms).
2025-04-12 09:47:46 [HikariPool-1 housekeeper] WARN  com.zaxxer.hikari.pool.HikariPool - HikariPool-1 - Thread starvation or clock leap detected (housekeeper delta=17m9s708ms).
2025-04-12 09:49:56 [HikariPool-1 housekeeper] WARN  com.zaxxer.hikari.pool.HikariPool - HikariPool-1 - Thread starvation or clock leap detected (housekeeper delta=2m9s673ms).
2025-04-12 09:57:26 [HikariPool-1 housekeeper] WARN  com.zaxxer.hikari.pool.HikariPool - HikariPool-1 - Thread starvation or clock leap detected (housekeeper delta=7m30s223ms).
2025-04-12 10:14:36 [HikariPool-1 housekeeper] WARN  com.zaxxer.hikari.pool.HikariPool - HikariPool-1 - Thread starvation or clock leap detected (housekeeper delta=17m9s628ms).
2025-04-12 10:16:45 [HikariPool-1 housekeeper] WARN  com.zaxxer.hikari.pool.HikariPool - HikariPool-1 - Thread starvation or clock leap detected (housekeeper delta=2m9s694ms).
2025-04-12 10:18:30 [HikariPool-1 housekeeper] WARN  com.zaxxer.hikari.pool.HikariPool - HikariPool-1 - Thread starvation or clock leap detected (housekeeper delta=1m44s772ms).
2025-04-12 10:20:40 [HikariPool-1 housekeeper] WARN  com.zaxxer.hikari.pool.HikariPool - HikariPool-1 - Thread starvation or clock leap detected (housekeeper delta=2m9s679ms).
2025-04-12 10:22:49 [HikariPool-1 housekeeper] WARN  com.zaxxer.hikari.pool.HikariPool - HikariPool-1 - Thread starvation or clock leap detected (housekeeper delta=2m9s680ms).
2025-04-12 10:24:59 [HikariPool-1 housekeeper] WARN  com.zaxxer.hikari.pool.HikariPool - HikariPool-1 - Thread starvation or clock leap detected (housekeeper delta=2m9s672ms).
2025-04-12 10:25:54 [HikariPool-1 housekeeper] WARN  com.zaxxer.hikari.pool.HikariPool - HikariPool-1 - Thread starvation or clock leap detected (housekeeper delta=54s932ms).
2025-04-12 10:47:35 [HikariPool-1 housekeeper] WARN  com.zaxxer.hikari.pool.HikariPool - HikariPool-1 - Thread starvation or clock leap detected (housekeeper delta=21m41s132ms).
2025-04-12 10:49:45 [HikariPool-1 housekeeper] WARN  com.zaxxer.hikari.pool.HikariPool - HikariPool-1 - Thread starvation or clock leap detected (housekeeper delta=2m9s692ms).
2025-04-12 10:51:54 [HikariPool-1 housekeeper] WARN  com.zaxxer.hikari.pool.HikariPool - HikariPool-1 - Thread starvation or clock leap detected (housekeeper delta=2m9s669ms).
2025-04-12 10:54:03 [HikariPool-1 housekeeper] WARN  com.zaxxer.hikari.pool.HikariPool - HikariPool-1 - Thread starvation or clock leap detected (housekeeper delta=2m8s762ms).
2025-04-12 10:56:13 [HikariPool-1 housekeeper] WARN  com.zaxxer.hikari.pool.HikariPool - HikariPool-1 - Thread starvation or clock leap detected (housekeeper delta=2m9s782ms).
2025-04-12 10:57:58 [HikariPool-1 housekeeper] WARN  com.zaxxer.hikari.pool.HikariPool - HikariPool-1 - Thread starvation or clock leap detected (housekeeper delta=1m44s841ms).
2025-04-12 11:00:08 [HikariPool-1 housekeeper] WARN  com.zaxxer.hikari.pool.HikariPool - HikariPool-1 - Thread starvation or clock leap detected (housekeeper delta=2m9s678ms).
2025-04-12 11:01:02 [HikariPool-1 housekeeper] WARN  com.zaxxer.hikari.pool.HikariPool - HikariPool-1 - Thread starvation or clock leap detected (housekeeper delta=54s938ms).
2025-04-12 11:18:12 [HikariPool-1 housekeeper] WARN  com.zaxxer.hikari.pool.HikariPool - HikariPool-1 - Thread starvation or clock leap detected (housekeeper delta=17m9s747ms).
2025-04-12 11:35:22 [HikariPool-1 housekeeper] WARN  com.zaxxer.hikari.pool.HikariPool - HikariPool-1 - Thread starvation or clock leap detected (housekeeper delta=17m9s739ms).
2025-04-12 11:37:32 [HikariPool-1 housekeeper] WARN  com.zaxxer.hikari.pool.HikariPool - HikariPool-1 - Thread starvation or clock leap detected (housekeeper delta=2m9s716ms).
2025-04-12 11:39:16 [HikariPool-1 housekeeper] WARN  com.zaxxer.hikari.pool.HikariPool - HikariPool-1 - Thread starvation or clock leap detected (housekeeper delta=1m44s773ms).
2025-04-12 11:56:26 [HikariPool-1 housekeeper] WARN  com.zaxxer.hikari.pool.HikariPool - HikariPool-1 - Thread starvation or clock leap detected (housekeeper delta=17m9s720ms).
2025-04-12 11:58:36 [HikariPool-1 housekeeper] WARN  com.zaxxer.hikari.pool.HikariPool - HikariPool-1 - Thread starvation or clock leap detected (housekeeper delta=2m9s668ms).
2025-04-12 11:59:56 [HikariPool-1 housekeeper] WARN  com.zaxxer.hikari.pool.HikariPool - HikariPool-1 - Thread starvation or clock leap detected (housekeeper delta=1m19s855ms).
2025-04-12 12:19:20 [HikariPool-1 housekeeper] WARN  com.zaxxer.hikari.pool.HikariPool - HikariPool-1 - Thread starvation or clock leap detected (housekeeper delta=19m23s810ms).
2025-04-12 12:25:57 [HikariPool-1 housekeeper] WARN  com.zaxxer.hikari.pool.HikariPool - HikariPool-1 - Thread starvation or clock leap detected (housekeeper delta=6m37s361ms).
2025-04-12 12:28:02 [HikariPool-1 housekeeper] WARN  com.zaxxer.hikari.pool.HikariPool - HikariPool-1 - Thread starvation or clock leap detected (housekeeper delta=2m5s4ms).
2025-04-12 12:58:27 [HikariPool-1 housekeeper] WARN  com.zaxxer.hikari.pool.HikariPool - HikariPool-1 - Thread starvation or clock leap detected (housekeeper delta=30m24s870ms).
2025-04-12 13:06:01 [HikariPool-1 housekeeper] WARN  com.zaxxer.hikari.pool.HikariPool - HikariPool-1 - Thread starvation or clock leap detected (housekeeper delta=7m33s798ms).
2025-04-12 13:07:59 [HikariPool-1 housekeeper] WARN  com.zaxxer.hikari.pool.HikariPool - HikariPool-1 - Thread starvation or clock leap detected (housekeeper delta=1m27s317ms).
2025-04-12 13:12:54 [HikariPool-1 housekeeper] WARN  com.zaxxer.hikari.pool.HikariPool - HikariPool-1 - Thread starvation or clock leap detected (housekeeper delta=4m54s169ms).
2025-04-12 13:15:22 [HikariPool-1 housekeeper] WARN  com.zaxxer.hikari.pool.HikariPool - HikariPool-1 - Thread starvation or clock leap detected (housekeeper delta=2m28s88ms).
2025-04-12 13:18:23 [HikariPool-1 housekeeper] WARN  com.zaxxer.hikari.pool.HikariPool - HikariPool-1 - Thread starvation or clock leap detected (housekeeper delta=3m1s746ms).
2025-04-12 16:00:52 [HikariPool-1 housekeeper] WARN  com.zaxxer.hikari.pool.HikariPool - HikariPool-1 - Thread starvation or clock leap detected (housekeeper delta=2h42m28s643ms).
2025-04-12 16:54:19 [HikariPool-1 housekeeper] WARN  com.zaxxer.hikari.pool.HikariPool - HikariPool-1 - Thread starvation or clock leap detected (housekeeper delta=36m26s819ms).
2025-04-12 17:13:42 [HikariPool-1 housekeeper] WARN  com.zaxxer.hikari.pool.HikariPool - HikariPool-1 - Thread starvation or clock leap detected (housekeeper delta=13m22s516ms).
2025-04-12 17:53:28 [HikariPool-1 housekeeper] WARN  com.zaxxer.hikari.pool.HikariPool - HikariPool-1 - Thread starvation or clock leap detected (housekeeper delta=24m46s41ms).
2025-04-12 18:12:08 [HikariPool-1 housekeeper] WARN  com.zaxxer.hikari.pool.HikariPool - HikariPool-1 - Thread starvation or clock leap detected (housekeeper delta=18m40s638ms).
2025-04-12 18:28:53 [HikariPool-1 housekeeper] WARN  com.zaxxer.hikari.pool.HikariPool - HikariPool-1 - Thread starvation or clock leap detected (housekeeper delta=16m44s717ms).
2025-04-12 18:31:03 [HikariPool-1 housekeeper] WARN  com.zaxxer.hikari.pool.HikariPool - HikariPool-1 - Thread starvation or clock leap detected (housekeeper delta=2m9s670ms).
2025-04-12 19:30:23 [HikariPool-1 housekeeper] WARN  com.zaxxer.hikari.pool.HikariPool - HikariPool-1 - Thread starvation or clock leap detected (housekeeper delta=59m20s101ms).
2025-04-12 19:32:33 [HikariPool-1 housekeeper] WARN  com.zaxxer.hikari.pool.HikariPool - HikariPool-1 - Thread starvation or clock leap detected (housekeeper delta=2m9s674ms).
2025-04-12 20:30:55 [HikariPool-1 housekeeper] WARN  com.zaxxer.hikari.pool.HikariPool - HikariPool-1 - Thread starvation or clock leap detected (housekeeper delta=58m22s601ms).
2025-04-12 20:32:40 [HikariPool-1 housekeeper] WARN  com.zaxxer.hikari.pool.HikariPool - HikariPool-1 - Thread starvation or clock leap detected (housekeeper delta=1m44s756ms).
2025-04-12 20:49:50 [HikariPool-1 housekeeper] WARN  com.zaxxer.hikari.pool.HikariPool - HikariPool-1 - Thread starvation or clock leap detected (housekeeper delta=17m9s725ms).
2025-04-12 21:06:59 [HikariPool-1 housekeeper] WARN  com.zaxxer.hikari.pool.HikariPool - HikariPool-1 - Thread starvation or clock leap detected (housekeeper delta=17m9s713ms).
2025-04-12 21:31:54 [HikariPool-1 housekeeper] WARN  com.zaxxer.hikari.pool.HikariPool - HikariPool-1 - Thread starvation or clock leap detected (housekeeper delta=24m54s933ms).
2025-04-12 21:34:03 [HikariPool-1 housekeeper] WARN  com.zaxxer.hikari.pool.HikariPool - HikariPool-1 - Thread starvation or clock leap detected (housekeeper delta=2m8s881ms).
2025-04-12 22:00:04 [HikariPool-1 housekeeper] WARN  com.zaxxer.hikari.pool.HikariPool - HikariPool-1 - Thread starvation or clock leap detected (housekeeper delta=26m968ms).
2025-04-12 22:02:12 [SpringApplicationShutdownHook] INFO  o.s.b.w.e.tomcat.GracefulShutdown - Commencing graceful shutdown. Waiting for active requests to complete
2025-04-12 22:02:13 [tomcat-shutdown] INFO  o.s.b.w.e.tomcat.GracefulShutdown - Graceful shutdown complete
2025-04-12 22:02:13 [SpringApplicationShutdownHook] INFO  o.s.o.j.LocalContainerEntityManagerFactoryBean - Closing JPA EntityManagerFactory for persistence unit 'default'
2025-04-12 22:02:13 [SpringApplicationShutdownHook] INFO  com.zaxxer.hikari.HikariDataSource - HikariPool-1 - Shutdown initiated...
2025-04-12 22:02:13 [SpringApplicationShutdownHook] INFO  com.zaxxer.hikari.HikariDataSource - HikariPool-1 - Shutdown completed.
2025-04-12 22:02:22 [main] INFO  backend.HotelBookingApplication - Starting HotelBookingApplication using Java 17.0.13 with PID 83471 (/Users/sukuna/Documents/coding/IBE/IBE-BE/KDU/target/classes started by sukuna in /Users/sukuna/Documents/coding/IBE/IBE-BE/KDU)
2025-04-12 22:02:22 [main] INFO  backend.HotelBookingApplication - The following 1 profile is active: "dev"
2025-04-12 22:02:23 [main] INFO  o.s.d.r.c.RepositoryConfigurationDelegate - Bootstrapping Spring Data JPA repositories in DEFAULT mode.
2025-04-12 22:02:23 [main] INFO  o.s.d.r.c.RepositoryConfigurationDelegate - Finished Spring Data repository scanning in 72 ms. Found 15 JPA repository interfaces.
2025-04-12 22:02:24 [main] INFO  o.s.b.w.e.tomcat.TomcatWebServer - Tomcat initialized with port 8081 (http)
2025-04-12 22:02:24 [main] INFO  o.a.coyote.http11.Http11NioProtocol - Initializing ProtocolHandler ["http-nio-8081"]
2025-04-12 22:02:24 [main] INFO  o.a.catalina.core.StandardService - Starting service [Tomcat]
2025-04-12 22:02:24 [main] INFO  o.a.catalina.core.StandardEngine - Starting Servlet engine: [Apache Tomcat/10.1.36]
2025-04-12 22:02:24 [main] INFO  o.a.c.c.C.[Tomcat].[localhost].[/] - Initializing Spring embedded WebApplicationContext
2025-04-12 22:02:24 [main] INFO  o.s.b.w.s.c.ServletWebServerApplicationContext - Root WebApplicationContext: initialization completed in 1620 ms
2025-04-12 22:02:24 [main] INFO  com.zaxxer.hikari.HikariDataSource - HikariPool-1 - Starting...
2025-04-12 22:02:30 [main] INFO  com.zaxxer.hikari.pool.HikariPool - HikariPool-1 - Added connection org.postgresql.jdbc.PgConnection@670c171c
2025-04-12 22:02:30 [main] INFO  com.zaxxer.hikari.HikariDataSource - HikariPool-1 - Start completed.
2025-04-12 22:02:30 [main] INFO  o.s.o.j.p.SpringPersistenceUnitInfo - No LoadTimeWeaver setup: ignoring JPA class transformer
2025-04-12 22:02:30 [main] WARN  org.hibernate.orm.deprecation - HHH90000025: PostgreSQLDialect does not need to be specified explicitly using 'hibernate.dialect' (remove the property setting and it will be selected by default)
2025-04-12 22:02:33 [main] WARN  o.h.t.s.i.ExceptionHandlerLoggedImpl - GenerationTarget encountered exception accepting command : Error executing DDL "create table staff (staff_id varchar(255) generated by default as identity, is_active boolean, shift_id varchar(255), primary key (staff_id))" via JDBC [ERROR: identity column type must be smallint, integer, or bigint]
org.hibernate.tool.schema.spi.CommandAcceptanceException: Error executing DDL "create table staff (staff_id varchar(255) generated by default as identity, is_active boolean, shift_id varchar(255), primary key (staff_id))" via JDBC [ERROR: identity column type must be smallint, integer, or bigint]
	at org.hibernate.tool.schema.internal.exec.GenerationTargetToDatabase.accept(GenerationTargetToDatabase.java:94)
	at org.hibernate.tool.schema.internal.AbstractSchemaMigrator.applySqlString(AbstractSchemaMigrator.java:576)
	at org.hibernate.tool.schema.internal.AbstractSchemaMigrator.applySqlStrings(AbstractSchemaMigrator.java:516)
	at org.hibernate.tool.schema.internal.AbstractSchemaMigrator.createTable(AbstractSchemaMigrator.java:316)
	at org.hibernate.tool.schema.internal.GroupedSchemaMigratorImpl.performTablesMigration(GroupedSchemaMigratorImpl.java:80)
	at org.hibernate.tool.schema.internal.AbstractSchemaMigrator.performMigration(AbstractSchemaMigrator.java:233)
	at org.hibernate.tool.schema.internal.AbstractSchemaMigrator.doMigration(AbstractSchemaMigrator.java:112)
	at org.hibernate.tool.schema.spi.SchemaManagementToolCoordinator.performDatabaseAction(SchemaManagementToolCoordinator.java:280)
	at org.hibernate.tool.schema.spi.SchemaManagementToolCoordinator.lambda$process$5(SchemaManagementToolCoordinator.java:144)
	at java.base/java.util.HashMap.forEach(HashMap.java:1421)
	at org.hibernate.tool.schema.spi.SchemaManagementToolCoordinator.process(SchemaManagementToolCoordinator.java:141)
	at org.hibernate.boot.internal.SessionFactoryObserverForSchemaExport.sessionFactoryCreated(SessionFactoryObserverForSchemaExport.java:37)
	at org.hibernate.internal.SessionFactoryObserverChain.sessionFactoryCreated(SessionFactoryObserverChain.java:35)
	at org.hibernate.internal.SessionFactoryImpl.<init>(SessionFactoryImpl.java:324)
	at org.hibernate.boot.internal.SessionFactoryBuilderImpl.build(SessionFactoryBuilderImpl.java:463)
	at org.hibernate.jpa.boot.internal.EntityManagerFactoryBuilderImpl.build(EntityManagerFactoryBuilderImpl.java:1517)
	at org.springframework.orm.jpa.vendor.SpringHibernateJpaPersistenceProvider.createContainerEntityManagerFactory(SpringHibernateJpaPersistenceProvider.java:66)
	at org.springframework.orm.jpa.LocalContainerEntityManagerFactoryBean.createNativeEntityManagerFactory(LocalContainerEntityManagerFactoryBean.java:390)
	at org.springframework.orm.jpa.AbstractEntityManagerFactoryBean.buildNativeEntityManagerFactory(AbstractEntityManagerFactoryBean.java:419)
	at org.springframework.orm.jpa.AbstractEntityManagerFactoryBean.afterPropertiesSet(AbstractEntityManagerFactoryBean.java:400)
	at org.springframework.orm.jpa.LocalContainerEntityManagerFactoryBean.afterPropertiesSet(LocalContainerEntityManagerFactoryBean.java:366)
	at org.springframework.beans.factory.support.AbstractAutowireCapableBeanFactory.invokeInitMethods(AbstractAutowireCapableBeanFactory.java:1859)
	at org.springframework.beans.factory.support.AbstractAutowireCapableBeanFactory.initializeBean(AbstractAutowireCapableBeanFactory.java:1808)
	at org.springframework.beans.factory.support.AbstractAutowireCapableBeanFactory.doCreateBean(AbstractAutowireCapableBeanFactory.java:601)
	at org.springframework.beans.factory.support.AbstractAutowireCapableBeanFactory.createBean(AbstractAutowireCapableBeanFactory.java:523)
	at org.springframework.beans.factory.support.AbstractBeanFactory.lambda$doGetBean$0(AbstractBeanFactory.java:339)
	at org.springframework.beans.factory.support.DefaultSingletonBeanRegistry.getSingleton(DefaultSingletonBeanRegistry.java:346)
	at org.springframework.beans.factory.support.AbstractBeanFactory.doGetBean(AbstractBeanFactory.java:337)
	at org.springframework.beans.factory.support.AbstractBeanFactory.getBean(AbstractBeanFactory.java:207)
	at org.springframework.context.support.AbstractApplicationContext.finishBeanFactoryInitialization(AbstractApplicationContext.java:970)
	at org.springframework.context.support.AbstractApplicationContext.refresh(AbstractApplicationContext.java:627)
	at org.springframework.boot.web.servlet.context.ServletWebServerApplicationContext.refresh(ServletWebServerApplicationContext.java:146)
	at org.springframework.boot.SpringApplication.refresh(SpringApplication.java:752)
	at org.springframework.boot.SpringApplication.refreshContext(SpringApplication.java:439)
	at org.springframework.boot.SpringApplication.run(SpringApplication.java:318)
	at org.springframework.boot.SpringApplication.run(SpringApplication.java:1361)
	at org.springframework.boot.SpringApplication.run(SpringApplication.java:1350)
	at backend.HotelBookingApplication.main(HotelBookingApplication.java:15)
Caused by: org.postgresql.util.PSQLException: ERROR: identity column type must be smallint, integer, or bigint
	at org.postgresql.core.v3.QueryExecutorImpl.receiveErrorResponse(QueryExecutorImpl.java:2733)
	at org.postgresql.core.v3.QueryExecutorImpl.processResults(QueryExecutorImpl.java:2420)
	at org.postgresql.core.v3.QueryExecutorImpl.execute(QueryExecutorImpl.java:372)
	at org.postgresql.jdbc.PgStatement.executeInternal(PgStatement.java:517)
	at org.postgresql.jdbc.PgStatement.execute(PgStatement.java:434)
	at org.postgresql.jdbc.PgStatement.executeWithFlags(PgStatement.java:356)
	at org.postgresql.jdbc.PgStatement.executeCachedSql(PgStatement.java:341)
	at org.postgresql.jdbc.PgStatement.executeWithFlags(PgStatement.java:317)
	at org.postgresql.jdbc.PgStatement.execute(PgStatement.java:312)
	at com.zaxxer.hikari.pool.ProxyStatement.execute(ProxyStatement.java:94)
	at com.zaxxer.hikari.pool.HikariProxyStatement.execute(HikariProxyStatement.java)
	at org.hibernate.tool.schema.internal.exec.GenerationTargetToDatabase.accept(GenerationTargetToDatabase.java:80)
	... 37 common frames omitted
2025-04-12 22:02:33 [main] WARN  o.h.t.s.i.ExceptionHandlerLoggedImpl - GenerationTarget encountered exception accepting command : Error executing DDL "alter table if exists staff_room_map add constraint FKyd20ehofj2axxe92vl67pqvx foreign key (staff_id) references staff" via JDBC [ERROR: relation "staff" does not exist]
org.hibernate.tool.schema.spi.CommandAcceptanceException: Error executing DDL "alter table if exists staff_room_map add constraint FKyd20ehofj2axxe92vl67pqvx foreign key (staff_id) references staff" via JDBC [ERROR: relation "staff" does not exist]
	at org.hibernate.tool.schema.internal.exec.GenerationTargetToDatabase.accept(GenerationTargetToDatabase.java:94)
	at org.hibernate.tool.schema.internal.AbstractSchemaMigrator.applySqlString(AbstractSchemaMigrator.java:576)
	at org.hibernate.tool.schema.internal.AbstractSchemaMigrator.applySqlStrings(AbstractSchemaMigrator.java:516)
	at org.hibernate.tool.schema.internal.AbstractSchemaMigrator.applyForeignKeys(AbstractSchemaMigrator.java:448)
	at org.hibernate.tool.schema.internal.AbstractSchemaMigrator.performMigration(AbstractSchemaMigrator.java:269)
	at org.hibernate.tool.schema.internal.AbstractSchemaMigrator.doMigration(AbstractSchemaMigrator.java:112)
	at org.hibernate.tool.schema.spi.SchemaManagementToolCoordinator.performDatabaseAction(SchemaManagementToolCoordinator.java:280)
	at org.hibernate.tool.schema.spi.SchemaManagementToolCoordinator.lambda$process$5(SchemaManagementToolCoordinator.java:144)
	at java.base/java.util.HashMap.forEach(HashMap.java:1421)
	at org.hibernate.tool.schema.spi.SchemaManagementToolCoordinator.process(SchemaManagementToolCoordinator.java:141)
	at org.hibernate.boot.internal.SessionFactoryObserverForSchemaExport.sessionFactoryCreated(SessionFactoryObserverForSchemaExport.java:37)
	at org.hibernate.internal.SessionFactoryObserverChain.sessionFactoryCreated(SessionFactoryObserverChain.java:35)
	at org.hibernate.internal.SessionFactoryImpl.<init>(SessionFactoryImpl.java:324)
	at org.hibernate.boot.internal.SessionFactoryBuilderImpl.build(SessionFactoryBuilderImpl.java:463)
	at org.hibernate.jpa.boot.internal.EntityManagerFactoryBuilderImpl.build(EntityManagerFactoryBuilderImpl.java:1517)
	at org.springframework.orm.jpa.vendor.SpringHibernateJpaPersistenceProvider.createContainerEntityManagerFactory(SpringHibernateJpaPersistenceProvider.java:66)
	at org.springframework.orm.jpa.LocalContainerEntityManagerFactoryBean.createNativeEntityManagerFactory(LocalContainerEntityManagerFactoryBean.java:390)
	at org.springframework.orm.jpa.AbstractEntityManagerFactoryBean.buildNativeEntityManagerFactory(AbstractEntityManagerFactoryBean.java:419)
	at org.springframework.orm.jpa.AbstractEntityManagerFactoryBean.afterPropertiesSet(AbstractEntityManagerFactoryBean.java:400)
	at org.springframework.orm.jpa.LocalContainerEntityManagerFactoryBean.afterPropertiesSet(LocalContainerEntityManagerFactoryBean.java:366)
	at org.springframework.beans.factory.support.AbstractAutowireCapableBeanFactory.invokeInitMethods(AbstractAutowireCapableBeanFactory.java:1859)
	at org.springframework.beans.factory.support.AbstractAutowireCapableBeanFactory.initializeBean(AbstractAutowireCapableBeanFactory.java:1808)
	at org.springframework.beans.factory.support.AbstractAutowireCapableBeanFactory.doCreateBean(AbstractAutowireCapableBeanFactory.java:601)
	at org.springframework.beans.factory.support.AbstractAutowireCapableBeanFactory.createBean(AbstractAutowireCapableBeanFactory.java:523)
	at org.springframework.beans.factory.support.AbstractBeanFactory.lambda$doGetBean$0(AbstractBeanFactory.java:339)
	at org.springframework.beans.factory.support.DefaultSingletonBeanRegistry.getSingleton(DefaultSingletonBeanRegistry.java:346)
	at org.springframework.beans.factory.support.AbstractBeanFactory.doGetBean(AbstractBeanFactory.java:337)
	at org.springframework.beans.factory.support.AbstractBeanFactory.getBean(AbstractBeanFactory.java:207)
	at org.springframework.context.support.AbstractApplicationContext.finishBeanFactoryInitialization(AbstractApplicationContext.java:970)
	at org.springframework.context.support.AbstractApplicationContext.refresh(AbstractApplicationContext.java:627)
	at org.springframework.boot.web.servlet.context.ServletWebServerApplicationContext.refresh(ServletWebServerApplicationContext.java:146)
	at org.springframework.boot.SpringApplication.refresh(SpringApplication.java:752)
	at org.springframework.boot.SpringApplication.refreshContext(SpringApplication.java:439)
	at org.springframework.boot.SpringApplication.run(SpringApplication.java:318)
	at org.springframework.boot.SpringApplication.run(SpringApplication.java:1361)
	at org.springframework.boot.SpringApplication.run(SpringApplication.java:1350)
	at backend.HotelBookingApplication.main(HotelBookingApplication.java:15)
Caused by: org.postgresql.util.PSQLException: ERROR: relation "staff" does not exist
	at org.postgresql.core.v3.QueryExecutorImpl.receiveErrorResponse(QueryExecutorImpl.java:2733)
	at org.postgresql.core.v3.QueryExecutorImpl.processResults(QueryExecutorImpl.java:2420)
	at org.postgresql.core.v3.QueryExecutorImpl.execute(QueryExecutorImpl.java:372)
	at org.postgresql.jdbc.PgStatement.executeInternal(PgStatement.java:517)
	at org.postgresql.jdbc.PgStatement.execute(PgStatement.java:434)
	at org.postgresql.jdbc.PgStatement.executeWithFlags(PgStatement.java:356)
	at org.postgresql.jdbc.PgStatement.executeCachedSql(PgStatement.java:341)
	at org.postgresql.jdbc.PgStatement.executeWithFlags(PgStatement.java:317)
	at org.postgresql.jdbc.PgStatement.execute(PgStatement.java:312)
	at com.zaxxer.hikari.pool.ProxyStatement.execute(ProxyStatement.java:94)
	at com.zaxxer.hikari.pool.HikariProxyStatement.execute(HikariProxyStatement.java)
	at org.hibernate.tool.schema.internal.exec.GenerationTargetToDatabase.accept(GenerationTargetToDatabase.java:80)
	... 36 common frames omitted
2025-04-12 22:02:33 [main] INFO  o.s.o.j.LocalContainerEntityManagerFactoryBean - Initialized JPA EntityManagerFactory for persistence unit 'default'
2025-04-12 22:02:33 [main] INFO  backend.config.CorsConfig - CORS Configuration Loaded!
2025-04-12 22:02:34 [main] INFO  o.s.d.j.r.query.QueryEnhancerFactory - Hibernate is in classpath; If applicable, HQL parser will be used.
2025-04-12 22:02:34 [main] DEBUG o.s.c.e.PropertySourcesPropertyResolver - Found key 'graphql.endpoint' in PropertySource 'environmentProperties' with value of type String
2025-04-12 22:02:34 [main] DEBUG o.s.c.e.PropertySourcesPropertyResolver - Found key 'graphql.api-key' in PropertySource 'environmentProperties' with value of type String
2025-04-12 22:02:34 [main] DEBUG o.s.c.e.PropertySourcesPropertyResolver - Found key 'graphql.api.key' in PropertySource 'environmentProperties' with value of type String
2025-04-12 22:02:34 [main] DEBUG o.s.c.e.PropertySourcesPropertyResolver - Found key 'graphql.url' in PropertySource 'environmentProperties' with value of type String
2025-04-12 22:02:34 [main] DEBUG o.s.c.e.PropertySourcesPropertyResolver - Found key 'spring.mail.username' in PropertySource 'environmentProperties' with value of type String
2025-04-12 22:02:34 [main] DEBUG o.s.c.e.PropertySourcesPropertyResolver - Found key 'otp.expiry.minutes' in PropertySource 'environmentProperties' with value of type String
2025-04-12 22:02:34 [main] DEBUG o.s.c.e.PropertySourcesPropertyResolver - Found key 'otp.max.attempts' in PropertySource 'environmentProperties' with value of type String
2025-04-12 22:02:34 [main] DEBUG o.s.c.e.PropertySourcesPropertyResolver - Found key 'graphql.endpoint' in PropertySource 'environmentProperties' with value of type String
2025-04-12 22:02:34 [main] DEBUG o.s.c.e.PropertySourcesPropertyResolver - Found key 'graphql.api-key' in PropertySource 'environmentProperties' with value of type String
2025-04-12 22:02:34 [main] DEBUG o.s.c.e.PropertySourcesPropertyResolver - Found key 'graphql.api.key' in PropertySource 'environmentProperties' with value of type String
2025-04-12 22:02:34 [main] DEBUG o.s.c.e.PropertySourcesPropertyResolver - Found key 'graphql.url' in PropertySource 'environmentProperties' with value of type String
2025-04-12 22:02:34 [main] DEBUG o.s.c.e.PropertySourcesPropertyResolver - Found key 'graphql.endpoint' in PropertySource 'environmentProperties' with value of type String
2025-04-12 22:02:34 [main] DEBUG o.s.c.e.PropertySourcesPropertyResolver - Found key 'graphql.api-key' in PropertySource 'environmentProperties' with value of type String
2025-04-12 22:02:34 [main] DEBUG o.s.c.e.PropertySourcesPropertyResolver - Found key 'graphql.endpoint' in PropertySource 'environmentProperties' with value of type String
2025-04-12 22:02:34 [main] DEBUG o.s.c.e.PropertySourcesPropertyResolver - Found key 'graphql.apiKey' in PropertySource 'environmentProperties' with value of type String
2025-04-12 22:02:34 [main] DEBUG o.s.c.e.PropertySourcesPropertyResolver - Found key 'graphql.endpoint' in PropertySource 'environmentProperties' with value of type String
2025-04-12 22:02:34 [main] DEBUG o.s.c.e.PropertySourcesPropertyResolver - Found key 'graphql.apiKey' in PropertySource 'environmentProperties' with value of type String
2025-04-12 22:02:35 [main] DEBUG o.s.c.e.PropertySourcesPropertyResolver - Found key 'api.base.url' in PropertySource 'environmentProperties' with value of type String
2025-04-12 22:02:35 [main] WARN  o.s.b.a.o.j.JpaBaseConfiguration$JpaWebConfiguration - spring.jpa.open-in-view is enabled by default. Therefore, database queries may be performed during view rendering. Explicitly configure spring.jpa.open-in-view to disable this warning
2025-04-12 22:02:35 [main] INFO  backend.config.CorsConfig - Applying CORS settings...
2025-04-12 22:02:35 [main] DEBUG o.s.s.c.a.a.c.AuthenticationConfiguration$DefaultPasswordEncoderAuthenticationManagerBuilder - No authenticationProviders and no parentAuthenticationManager defined. Returning null.
2025-04-12 22:02:35 [main] INFO  o.s.b.a.e.web.EndpointLinksResolver - Exposing 2 endpoints beneath base path '/actuator'
2025-04-12 22:02:35 [main] DEBUG o.s.s.web.DefaultSecurityFilterChain - Will secure any request with filters: DisableEncodeUrlFilter, WebAsyncManagerIntegrationFilter, SecurityContextHolderFilter, HeaderWriterFilter, LogoutFilter, JwtAuthenticationFilter, RequestCacheAwareFilter, SecurityContextHolderAwareRequestFilter, AnonymousAuthenticationFilter, SessionManagementFilter, ExceptionTranslationFilter, AuthorizationFilter
2025-04-12 22:02:36 [main] INFO  o.a.coyote.http11.Http11NioProtocol - Starting ProtocolHandler ["http-nio-8081"]
2025-04-12 22:02:36 [main] INFO  o.s.b.w.e.tomcat.TomcatWebServer - Tomcat started on port 8081 (http) with context path '/'
2025-04-12 22:02:36 [main] INFO  backend.HotelBookingApplication - Started HotelBookingApplication in 14.532 seconds (process running for 15.075)
2025-04-12 22:02:58 [http-nio-8081-exec-1] INFO  o.a.c.c.C.[Tomcat].[localhost].[/] - Initializing Spring DispatcherServlet 'dispatcherServlet'
2025-04-12 22:02:58 [http-nio-8081-exec-1] INFO  o.s.web.servlet.DispatcherServlet - Initializing Servlet 'dispatcherServlet'
2025-04-12 22:02:58 [http-nio-8081-exec-1] INFO  o.s.web.servlet.DispatcherServlet - Completed initialization in 4 ms
2025-04-12 22:02:58 [http-nio-8081-exec-1] DEBUG o.s.security.web.FilterChainProxy - Securing GET /swagger-ui/index.html
2025-04-12 22:02:58 [http-nio-8081-exec-1] DEBUG o.s.s.w.a.AnonymousAuthenticationFilter - Set SecurityContextHolder to anonymous SecurityContext
2025-04-12 22:02:58 [http-nio-8081-exec-1] DEBUG o.s.security.web.FilterChainProxy - Secured GET /swagger-ui/index.html
2025-04-12 22:02:59 [http-nio-8081-exec-3] DEBUG o.s.security.web.FilterChainProxy - Securing GET /swagger-ui/swagger-ui-standalone-preset.js
2025-04-12 22:02:59 [http-nio-8081-exec-3] DEBUG o.s.s.w.a.AnonymousAuthenticationFilter - Set SecurityContextHolder to anonymous SecurityContext
2025-04-12 22:02:59 [http-nio-8081-exec-2] DEBUG o.s.security.web.FilterChainProxy - Securing GET /swagger-ui/swagger-ui.css
2025-04-12 22:02:59 [http-nio-8081-exec-3] DEBUG o.s.security.web.FilterChainProxy - Secured GET /swagger-ui/swagger-ui-standalone-preset.js
2025-04-12 22:02:59 [http-nio-8081-exec-5] DEBUG o.s.security.web.FilterChainProxy - Securing GET /swagger-ui/swagger-ui-bundle.js
2025-04-12 22:02:59 [http-nio-8081-exec-5] DEBUG o.s.s.w.a.AnonymousAuthenticationFilter - Set SecurityContextHolder to anonymous SecurityContext
2025-04-12 22:02:59 [http-nio-8081-exec-2] DEBUG o.s.s.w.a.AnonymousAuthenticationFilter - Set SecurityContextHolder to anonymous SecurityContext
2025-04-12 22:02:59 [http-nio-8081-exec-5] DEBUG o.s.security.web.FilterChainProxy - Secured GET /swagger-ui/swagger-ui-bundle.js
2025-04-12 22:02:59 [http-nio-8081-exec-2] DEBUG o.s.security.web.FilterChainProxy - Secured GET /swagger-ui/swagger-ui.css
2025-04-12 22:02:59 [http-nio-8081-exec-4] DEBUG o.s.security.web.FilterChainProxy - Securing GET /swagger-ui/index.css
2025-04-12 22:02:59 [http-nio-8081-exec-7] DEBUG o.s.security.web.FilterChainProxy - Securing GET /swagger-ui/swagger-initializer.js
2025-04-12 22:02:59 [http-nio-8081-exec-4] DEBUG o.s.s.w.a.AnonymousAuthenticationFilter - Set SecurityContextHolder to anonymous SecurityContext
2025-04-12 22:02:59 [http-nio-8081-exec-7] DEBUG o.s.s.w.a.AnonymousAuthenticationFilter - Set SecurityContextHolder to anonymous SecurityContext
2025-04-12 22:02:59 [http-nio-8081-exec-4] DEBUG o.s.security.web.FilterChainProxy - Secured GET /swagger-ui/index.css
2025-04-12 22:02:59 [http-nio-8081-exec-7] DEBUG o.s.security.web.FilterChainProxy - Secured GET /swagger-ui/swagger-initializer.js
2025-04-12 22:02:59 [http-nio-8081-exec-8] DEBUG o.s.security.web.FilterChainProxy - Securing GET /swagger-ui/favicon-32x32.png
2025-04-12 22:02:59 [http-nio-8081-exec-6] DEBUG o.s.security.web.FilterChainProxy - Securing GET /v3/api-docs/swagger-config
2025-04-12 22:02:59 [http-nio-8081-exec-8] DEBUG o.s.s.w.a.AnonymousAuthenticationFilter - Set SecurityContextHolder to anonymous SecurityContext
2025-04-12 22:02:59 [http-nio-8081-exec-6] DEBUG o.s.s.w.a.AnonymousAuthenticationFilter - Set SecurityContextHolder to anonymous SecurityContext
2025-04-12 22:02:59 [http-nio-8081-exec-6] DEBUG o.s.security.web.FilterChainProxy - Secured GET /v3/api-docs/swagger-config
2025-04-12 22:02:59 [http-nio-8081-exec-8] DEBUG o.s.security.web.FilterChainProxy - Secured GET /swagger-ui/favicon-32x32.png
2025-04-12 22:02:59 [http-nio-8081-exec-9] DEBUG o.s.security.web.FilterChainProxy - Securing GET /v3/api-docs
2025-04-12 22:02:59 [http-nio-8081-exec-9] DEBUG o.s.s.w.a.AnonymousAuthenticationFilter - Set SecurityContextHolder to anonymous SecurityContext
2025-04-12 22:02:59 [http-nio-8081-exec-9] DEBUG o.s.security.web.FilterChainProxy - Secured GET /v3/api-docs
2025-04-12 22:03:00 [http-nio-8081-exec-9] INFO  o.s.api.AbstractOpenApiResource - Init duration for springdoc-openapi is: 506 ms
2025-04-12 22:03:19 [http-nio-8081-exec-5] DEBUG o.s.security.web.FilterChainProxy - Securing POST /api/house-cleaning/generate?date=2025-05-01
2025-04-12 22:03:19 [http-nio-8081-exec-5] DEBUG o.s.s.w.a.AnonymousAuthenticationFilter - Set SecurityContextHolder to anonymous SecurityContext
2025-04-12 22:03:19 [http-nio-8081-exec-5] DEBUG o.s.security.web.FilterChainProxy - Secured POST /api/house-cleaning/generate?date=2025-05-01
2025-04-12 22:03:19 [http-nio-8081-exec-5] INFO  b.s.impl.HouseCleaningServiceImpl - Generating cleaning schedules for date: 2025-05-01
2025-04-12 22:05:56 [http-nio-8081-exec-8] DEBUG o.s.security.web.FilterChainProxy - Securing GET /api/house-cleaning/schedules?date=2025-05-01
2025-04-12 22:05:56 [http-nio-8081-exec-8] DEBUG o.s.s.w.a.AnonymousAuthenticationFilter - Set SecurityContextHolder to anonymous SecurityContext
2025-04-12 22:05:56 [http-nio-8081-exec-8] DEBUG o.s.security.web.FilterChainProxy - Secured GET /api/house-cleaning/schedules?date=2025-05-01
2025-04-12 22:08:22 [SpringApplicationShutdownHook] INFO  o.s.b.w.e.tomcat.GracefulShutdown - Commencing graceful shutdown. Waiting for active requests to complete
2025-04-12 22:08:22 [tomcat-shutdown] INFO  o.s.b.w.e.tomcat.GracefulShutdown - Graceful shutdown complete
2025-04-12 22:08:22 [SpringApplicationShutdownHook] INFO  o.s.o.j.LocalContainerEntityManagerFactoryBean - Closing JPA EntityManagerFactory for persistence unit 'default'
2025-04-12 22:08:22 [SpringApplicationShutdownHook] INFO  com.zaxxer.hikari.HikariDataSource - HikariPool-1 - Shutdown initiated...
2025-04-12 22:08:22 [SpringApplicationShutdownHook] INFO  com.zaxxer.hikari.HikariDataSource - HikariPool-1 - Shutdown completed.
2025-04-12 22:08:25 [main] INFO  backend.HotelBookingApplication - Starting HotelBookingApplication using Java 17.0.13 with PID 83888 (/Users/sukuna/Documents/coding/IBE/IBE-BE/KDU/target/classes started by sukuna in /Users/sukuna/Documents/coding/IBE/IBE-BE/KDU)
2025-04-12 22:08:25 [main] INFO  backend.HotelBookingApplication - The following 1 profile is active: "dev"
2025-04-12 22:08:26 [main] INFO  o.s.d.r.c.RepositoryConfigurationDelegate - Bootstrapping Spring Data JPA repositories in DEFAULT mode.
2025-04-12 22:08:26 [main] INFO  o.s.d.r.c.RepositoryConfigurationDelegate - Finished Spring Data repository scanning in 60 ms. Found 15 JPA repository interfaces.
2025-04-12 22:08:27 [main] INFO  o.s.b.w.e.tomcat.TomcatWebServer - Tomcat initialized with port 8081 (http)
2025-04-12 22:08:27 [main] INFO  o.a.coyote.http11.Http11NioProtocol - Initializing ProtocolHandler ["http-nio-8081"]
2025-04-12 22:08:27 [main] INFO  o.a.catalina.core.StandardService - Starting service [Tomcat]
2025-04-12 22:08:27 [main] INFO  o.a.catalina.core.StandardEngine - Starting Servlet engine: [Apache Tomcat/10.1.36]
2025-04-12 22:08:27 [main] INFO  o.a.c.c.C.[Tomcat].[localhost].[/] - Initializing Spring embedded WebApplicationContext
2025-04-12 22:08:27 [main] INFO  o.s.b.w.s.c.ServletWebServerApplicationContext - Root WebApplicationContext: initialization completed in 1480 ms
2025-04-12 22:08:27 [main] INFO  com.zaxxer.hikari.HikariDataSource - HikariPool-1 - Starting...
2025-04-12 22:08:27 [main] INFO  com.zaxxer.hikari.pool.HikariPool - HikariPool-1 - Added connection org.postgresql.jdbc.PgConnection@670c171c
2025-04-12 22:08:27 [main] INFO  com.zaxxer.hikari.HikariDataSource - HikariPool-1 - Start completed.
2025-04-12 22:08:28 [main] INFO  o.s.o.j.p.SpringPersistenceUnitInfo - No LoadTimeWeaver setup: ignoring JPA class transformer
2025-04-12 22:08:28 [main] WARN  org.hibernate.orm.deprecation - HHH90000025: PostgreSQLDialect does not need to be specified explicitly using 'hibernate.dialect' (remove the property setting and it will be selected by default)
2025-04-12 22:08:29 [main] WARN  o.h.t.s.i.ExceptionHandlerLoggedImpl - GenerationTarget encountered exception accepting command : Error executing DDL "create table staff (staff_id varchar(255) generated by default as identity, is_active boolean, shift_id varchar(255), primary key (staff_id))" via JDBC [ERROR: identity column type must be smallint, integer, or bigint]
org.hibernate.tool.schema.spi.CommandAcceptanceException: Error executing DDL "create table staff (staff_id varchar(255) generated by default as identity, is_active boolean, shift_id varchar(255), primary key (staff_id))" via JDBC [ERROR: identity column type must be smallint, integer, or bigint]
	at org.hibernate.tool.schema.internal.exec.GenerationTargetToDatabase.accept(GenerationTargetToDatabase.java:94)
	at org.hibernate.tool.schema.internal.AbstractSchemaMigrator.applySqlString(AbstractSchemaMigrator.java:576)
	at org.hibernate.tool.schema.internal.AbstractSchemaMigrator.applySqlStrings(AbstractSchemaMigrator.java:516)
	at org.hibernate.tool.schema.internal.AbstractSchemaMigrator.createTable(AbstractSchemaMigrator.java:316)
	at org.hibernate.tool.schema.internal.GroupedSchemaMigratorImpl.performTablesMigration(GroupedSchemaMigratorImpl.java:80)
	at org.hibernate.tool.schema.internal.AbstractSchemaMigrator.performMigration(AbstractSchemaMigrator.java:233)
	at org.hibernate.tool.schema.internal.AbstractSchemaMigrator.doMigration(AbstractSchemaMigrator.java:112)
	at org.hibernate.tool.schema.spi.SchemaManagementToolCoordinator.performDatabaseAction(SchemaManagementToolCoordinator.java:280)
	at org.hibernate.tool.schema.spi.SchemaManagementToolCoordinator.lambda$process$5(SchemaManagementToolCoordinator.java:144)
	at java.base/java.util.HashMap.forEach(HashMap.java:1421)
	at org.hibernate.tool.schema.spi.SchemaManagementToolCoordinator.process(SchemaManagementToolCoordinator.java:141)
	at org.hibernate.boot.internal.SessionFactoryObserverForSchemaExport.sessionFactoryCreated(SessionFactoryObserverForSchemaExport.java:37)
	at org.hibernate.internal.SessionFactoryObserverChain.sessionFactoryCreated(SessionFactoryObserverChain.java:35)
	at org.hibernate.internal.SessionFactoryImpl.<init>(SessionFactoryImpl.java:324)
	at org.hibernate.boot.internal.SessionFactoryBuilderImpl.build(SessionFactoryBuilderImpl.java:463)
	at org.hibernate.jpa.boot.internal.EntityManagerFactoryBuilderImpl.build(EntityManagerFactoryBuilderImpl.java:1517)
	at org.springframework.orm.jpa.vendor.SpringHibernateJpaPersistenceProvider.createContainerEntityManagerFactory(SpringHibernateJpaPersistenceProvider.java:66)
	at org.springframework.orm.jpa.LocalContainerEntityManagerFactoryBean.createNativeEntityManagerFactory(LocalContainerEntityManagerFactoryBean.java:390)
	at org.springframework.orm.jpa.AbstractEntityManagerFactoryBean.buildNativeEntityManagerFactory(AbstractEntityManagerFactoryBean.java:419)
	at org.springframework.orm.jpa.AbstractEntityManagerFactoryBean.afterPropertiesSet(AbstractEntityManagerFactoryBean.java:400)
	at org.springframework.orm.jpa.LocalContainerEntityManagerFactoryBean.afterPropertiesSet(LocalContainerEntityManagerFactoryBean.java:366)
	at org.springframework.beans.factory.support.AbstractAutowireCapableBeanFactory.invokeInitMethods(AbstractAutowireCapableBeanFactory.java:1859)
	at org.springframework.beans.factory.support.AbstractAutowireCapableBeanFactory.initializeBean(AbstractAutowireCapableBeanFactory.java:1808)
	at org.springframework.beans.factory.support.AbstractAutowireCapableBeanFactory.doCreateBean(AbstractAutowireCapableBeanFactory.java:601)
	at org.springframework.beans.factory.support.AbstractAutowireCapableBeanFactory.createBean(AbstractAutowireCapableBeanFactory.java:523)
	at org.springframework.beans.factory.support.AbstractBeanFactory.lambda$doGetBean$0(AbstractBeanFactory.java:339)
	at org.springframework.beans.factory.support.DefaultSingletonBeanRegistry.getSingleton(DefaultSingletonBeanRegistry.java:346)
	at org.springframework.beans.factory.support.AbstractBeanFactory.doGetBean(AbstractBeanFactory.java:337)
	at org.springframework.beans.factory.support.AbstractBeanFactory.getBean(AbstractBeanFactory.java:207)
	at org.springframework.context.support.AbstractApplicationContext.finishBeanFactoryInitialization(AbstractApplicationContext.java:970)
	at org.springframework.context.support.AbstractApplicationContext.refresh(AbstractApplicationContext.java:627)
	at org.springframework.boot.web.servlet.context.ServletWebServerApplicationContext.refresh(ServletWebServerApplicationContext.java:146)
	at org.springframework.boot.SpringApplication.refresh(SpringApplication.java:752)
	at org.springframework.boot.SpringApplication.refreshContext(SpringApplication.java:439)
	at org.springframework.boot.SpringApplication.run(SpringApplication.java:318)
	at org.springframework.boot.SpringApplication.run(SpringApplication.java:1361)
	at org.springframework.boot.SpringApplication.run(SpringApplication.java:1350)
	at backend.HotelBookingApplication.main(HotelBookingApplication.java:15)
Caused by: org.postgresql.util.PSQLException: ERROR: identity column type must be smallint, integer, or bigint
	at org.postgresql.core.v3.QueryExecutorImpl.receiveErrorResponse(QueryExecutorImpl.java:2733)
	at org.postgresql.core.v3.QueryExecutorImpl.processResults(QueryExecutorImpl.java:2420)
	at org.postgresql.core.v3.QueryExecutorImpl.execute(QueryExecutorImpl.java:372)
	at org.postgresql.jdbc.PgStatement.executeInternal(PgStatement.java:517)
	at org.postgresql.jdbc.PgStatement.execute(PgStatement.java:434)
	at org.postgresql.jdbc.PgStatement.executeWithFlags(PgStatement.java:356)
	at org.postgresql.jdbc.PgStatement.executeCachedSql(PgStatement.java:341)
	at org.postgresql.jdbc.PgStatement.executeWithFlags(PgStatement.java:317)
	at org.postgresql.jdbc.PgStatement.execute(PgStatement.java:312)
	at com.zaxxer.hikari.pool.ProxyStatement.execute(ProxyStatement.java:94)
	at com.zaxxer.hikari.pool.HikariProxyStatement.execute(HikariProxyStatement.java)
	at org.hibernate.tool.schema.internal.exec.GenerationTargetToDatabase.accept(GenerationTargetToDatabase.java:80)
	... 37 common frames omitted
2025-04-12 22:08:30 [main] WARN  o.h.t.s.i.ExceptionHandlerLoggedImpl - GenerationTarget encountered exception accepting command : Error executing DDL "alter table if exists staff_room_map add constraint FKyd20ehofj2axxe92vl67pqvx foreign key (staff_id) references staff" via JDBC [ERROR: relation "staff" does not exist]
org.hibernate.tool.schema.spi.CommandAcceptanceException: Error executing DDL "alter table if exists staff_room_map add constraint FKyd20ehofj2axxe92vl67pqvx foreign key (staff_id) references staff" via JDBC [ERROR: relation "staff" does not exist]
	at org.hibernate.tool.schema.internal.exec.GenerationTargetToDatabase.accept(GenerationTargetToDatabase.java:94)
	at org.hibernate.tool.schema.internal.AbstractSchemaMigrator.applySqlString(AbstractSchemaMigrator.java:576)
	at org.hibernate.tool.schema.internal.AbstractSchemaMigrator.applySqlStrings(AbstractSchemaMigrator.java:516)
	at org.hibernate.tool.schema.internal.AbstractSchemaMigrator.applyForeignKeys(AbstractSchemaMigrator.java:448)
	at org.hibernate.tool.schema.internal.AbstractSchemaMigrator.performMigration(AbstractSchemaMigrator.java:269)
	at org.hibernate.tool.schema.internal.AbstractSchemaMigrator.doMigration(AbstractSchemaMigrator.java:112)
	at org.hibernate.tool.schema.spi.SchemaManagementToolCoordinator.performDatabaseAction(SchemaManagementToolCoordinator.java:280)
	at org.hibernate.tool.schema.spi.SchemaManagementToolCoordinator.lambda$process$5(SchemaManagementToolCoordinator.java:144)
	at java.base/java.util.HashMap.forEach(HashMap.java:1421)
	at org.hibernate.tool.schema.spi.SchemaManagementToolCoordinator.process(SchemaManagementToolCoordinator.java:141)
	at org.hibernate.boot.internal.SessionFactoryObserverForSchemaExport.sessionFactoryCreated(SessionFactoryObserverForSchemaExport.java:37)
	at org.hibernate.internal.SessionFactoryObserverChain.sessionFactoryCreated(SessionFactoryObserverChain.java:35)
	at org.hibernate.internal.SessionFactoryImpl.<init>(SessionFactoryImpl.java:324)
	at org.hibernate.boot.internal.SessionFactoryBuilderImpl.build(SessionFactoryBuilderImpl.java:463)
	at org.hibernate.jpa.boot.internal.EntityManagerFactoryBuilderImpl.build(EntityManagerFactoryBuilderImpl.java:1517)
	at org.springframework.orm.jpa.vendor.SpringHibernateJpaPersistenceProvider.createContainerEntityManagerFactory(SpringHibernateJpaPersistenceProvider.java:66)
	at org.springframework.orm.jpa.LocalContainerEntityManagerFactoryBean.createNativeEntityManagerFactory(LocalContainerEntityManagerFactoryBean.java:390)
	at org.springframework.orm.jpa.AbstractEntityManagerFactoryBean.buildNativeEntityManagerFactory(AbstractEntityManagerFactoryBean.java:419)
	at org.springframework.orm.jpa.AbstractEntityManagerFactoryBean.afterPropertiesSet(AbstractEntityManagerFactoryBean.java:400)
	at org.springframework.orm.jpa.LocalContainerEntityManagerFactoryBean.afterPropertiesSet(LocalContainerEntityManagerFactoryBean.java:366)
	at org.springframework.beans.factory.support.AbstractAutowireCapableBeanFactory.invokeInitMethods(AbstractAutowireCapableBeanFactory.java:1859)
	at org.springframework.beans.factory.support.AbstractAutowireCapableBeanFactory.initializeBean(AbstractAutowireCapableBeanFactory.java:1808)
	at org.springframework.beans.factory.support.AbstractAutowireCapableBeanFactory.doCreateBean(AbstractAutowireCapableBeanFactory.java:601)
	at org.springframework.beans.factory.support.AbstractAutowireCapableBeanFactory.createBean(AbstractAutowireCapableBeanFactory.java:523)
	at org.springframework.beans.factory.support.AbstractBeanFactory.lambda$doGetBean$0(AbstractBeanFactory.java:339)
	at org.springframework.beans.factory.support.DefaultSingletonBeanRegistry.getSingleton(DefaultSingletonBeanRegistry.java:346)
	at org.springframework.beans.factory.support.AbstractBeanFactory.doGetBean(AbstractBeanFactory.java:337)
	at org.springframework.beans.factory.support.AbstractBeanFactory.getBean(AbstractBeanFactory.java:207)
	at org.springframework.context.support.AbstractApplicationContext.finishBeanFactoryInitialization(AbstractApplicationContext.java:970)
	at org.springframework.context.support.AbstractApplicationContext.refresh(AbstractApplicationContext.java:627)
	at org.springframework.boot.web.servlet.context.ServletWebServerApplicationContext.refresh(ServletWebServerApplicationContext.java:146)
	at org.springframework.boot.SpringApplication.refresh(SpringApplication.java:752)
	at org.springframework.boot.SpringApplication.refreshContext(SpringApplication.java:439)
	at org.springframework.boot.SpringApplication.run(SpringApplication.java:318)
	at org.springframework.boot.SpringApplication.run(SpringApplication.java:1361)
	at org.springframework.boot.SpringApplication.run(SpringApplication.java:1350)
	at backend.HotelBookingApplication.main(HotelBookingApplication.java:15)
Caused by: org.postgresql.util.PSQLException: ERROR: relation "staff" does not exist
	at org.postgresql.core.v3.QueryExecutorImpl.receiveErrorResponse(QueryExecutorImpl.java:2733)
	at org.postgresql.core.v3.QueryExecutorImpl.processResults(QueryExecutorImpl.java:2420)
	at org.postgresql.core.v3.QueryExecutorImpl.execute(QueryExecutorImpl.java:372)
	at org.postgresql.jdbc.PgStatement.executeInternal(PgStatement.java:517)
	at org.postgresql.jdbc.PgStatement.execute(PgStatement.java:434)
	at org.postgresql.jdbc.PgStatement.executeWithFlags(PgStatement.java:356)
	at org.postgresql.jdbc.PgStatement.executeCachedSql(PgStatement.java:341)
	at org.postgresql.jdbc.PgStatement.executeWithFlags(PgStatement.java:317)
	at org.postgresql.jdbc.PgStatement.execute(PgStatement.java:312)
	at com.zaxxer.hikari.pool.ProxyStatement.execute(ProxyStatement.java:94)
	at com.zaxxer.hikari.pool.HikariProxyStatement.execute(HikariProxyStatement.java)
	at org.hibernate.tool.schema.internal.exec.GenerationTargetToDatabase.accept(GenerationTargetToDatabase.java:80)
	... 36 common frames omitted
2025-04-12 22:08:30 [main] INFO  o.s.o.j.LocalContainerEntityManagerFactoryBean - Initialized JPA EntityManagerFactory for persistence unit 'default'
2025-04-12 22:08:30 [main] INFO  backend.config.CorsConfig - CORS Configuration Loaded!
2025-04-12 22:08:30 [main] INFO  o.s.d.j.r.query.QueryEnhancerFactory - Hibernate is in classpath; If applicable, HQL parser will be used.
2025-04-12 22:08:30 [main] DEBUG o.s.c.e.PropertySourcesPropertyResolver - Found key 'graphql.endpoint' in PropertySource 'environmentProperties' with value of type String
2025-04-12 22:08:30 [main] DEBUG o.s.c.e.PropertySourcesPropertyResolver - Found key 'graphql.api-key' in PropertySource 'environmentProperties' with value of type String
2025-04-12 22:08:30 [main] DEBUG o.s.c.e.PropertySourcesPropertyResolver - Found key 'graphql.api.key' in PropertySource 'environmentProperties' with value of type String
2025-04-12 22:08:30 [main] DEBUG o.s.c.e.PropertySourcesPropertyResolver - Found key 'graphql.url' in PropertySource 'environmentProperties' with value of type String
2025-04-12 22:08:31 [main] DEBUG o.s.c.e.PropertySourcesPropertyResolver - Found key 'spring.mail.username' in PropertySource 'environmentProperties' with value of type String
2025-04-12 22:08:31 [main] DEBUG o.s.c.e.PropertySourcesPropertyResolver - Found key 'otp.expiry.minutes' in PropertySource 'environmentProperties' with value of type String
2025-04-12 22:08:31 [main] DEBUG o.s.c.e.PropertySourcesPropertyResolver - Found key 'otp.max.attempts' in PropertySource 'environmentProperties' with value of type String
2025-04-12 22:08:31 [main] DEBUG o.s.c.e.PropertySourcesPropertyResolver - Found key 'graphql.endpoint' in PropertySource 'environmentProperties' with value of type String
2025-04-12 22:08:31 [main] DEBUG o.s.c.e.PropertySourcesPropertyResolver - Found key 'graphql.api-key' in PropertySource 'environmentProperties' with value of type String
2025-04-12 22:08:31 [main] DEBUG o.s.c.e.PropertySourcesPropertyResolver - Found key 'graphql.api.key' in PropertySource 'environmentProperties' with value of type String
2025-04-12 22:08:31 [main] DEBUG o.s.c.e.PropertySourcesPropertyResolver - Found key 'graphql.url' in PropertySource 'environmentProperties' with value of type String
2025-04-12 22:08:31 [main] DEBUG o.s.c.e.PropertySourcesPropertyResolver - Found key 'graphql.endpoint' in PropertySource 'environmentProperties' with value of type String
2025-04-12 22:08:31 [main] DEBUG o.s.c.e.PropertySourcesPropertyResolver - Found key 'graphql.api-key' in PropertySource 'environmentProperties' with value of type String
2025-04-12 22:08:31 [main] DEBUG o.s.c.e.PropertySourcesPropertyResolver - Found key 'graphql.endpoint' in PropertySource 'environmentProperties' with value of type String
2025-04-12 22:08:31 [main] DEBUG o.s.c.e.PropertySourcesPropertyResolver - Found key 'graphql.apiKey' in PropertySource 'environmentProperties' with value of type String
2025-04-12 22:08:31 [main] DEBUG o.s.c.e.PropertySourcesPropertyResolver - Found key 'graphql.endpoint' in PropertySource 'environmentProperties' with value of type String
2025-04-12 22:08:31 [main] DEBUG o.s.c.e.PropertySourcesPropertyResolver - Found key 'graphql.apiKey' in PropertySource 'environmentProperties' with value of type String
2025-04-12 22:08:31 [main] DEBUG o.s.c.e.PropertySourcesPropertyResolver - Found key 'api.base.url' in PropertySource 'environmentProperties' with value of type String
2025-04-12 22:08:31 [main] WARN  o.s.b.a.o.j.JpaBaseConfiguration$JpaWebConfiguration - spring.jpa.open-in-view is enabled by default. Therefore, database queries may be performed during view rendering. Explicitly configure spring.jpa.open-in-view to disable this warning
2025-04-12 22:08:31 [main] INFO  backend.config.CorsConfig - Applying CORS settings...
2025-04-12 22:08:31 [main] DEBUG o.s.s.c.a.a.c.AuthenticationConfiguration$DefaultPasswordEncoderAuthenticationManagerBuilder - No authenticationProviders and no parentAuthenticationManager defined. Returning null.
2025-04-12 22:08:31 [main] INFO  o.s.b.a.e.web.EndpointLinksResolver - Exposing 2 endpoints beneath base path '/actuator'
2025-04-12 22:08:31 [main] DEBUG o.s.s.web.DefaultSecurityFilterChain - Will secure any request with filters: DisableEncodeUrlFilter, WebAsyncManagerIntegrationFilter, SecurityContextHolderFilter, HeaderWriterFilter, LogoutFilter, JwtAuthenticationFilter, RequestCacheAwareFilter, SecurityContextHolderAwareRequestFilter, AnonymousAuthenticationFilter, SessionManagementFilter, ExceptionTranslationFilter, AuthorizationFilter
2025-04-12 22:08:32 [main] INFO  o.a.coyote.http11.Http11NioProtocol - Starting ProtocolHandler ["http-nio-8081"]
2025-04-12 22:08:32 [main] INFO  o.s.b.w.e.tomcat.TomcatWebServer - Tomcat started on port 8081 (http) with context path '/'
2025-04-12 22:08:32 [main] INFO  backend.HotelBookingApplication - Started HotelBookingApplication in 7.249 seconds (process running for 7.71)
2025-04-12 22:08:36 [http-nio-8081-exec-1] INFO  o.a.c.c.C.[Tomcat].[localhost].[/] - Initializing Spring DispatcherServlet 'dispatcherServlet'
2025-04-12 22:08:36 [http-nio-8081-exec-1] INFO  o.s.web.servlet.DispatcherServlet - Initializing Servlet 'dispatcherServlet'
2025-04-12 22:08:36 [http-nio-8081-exec-1] INFO  o.s.web.servlet.DispatcherServlet - Completed initialization in 4 ms
2025-04-12 22:08:36 [http-nio-8081-exec-1] DEBUG o.s.security.web.FilterChainProxy - Securing GET /swagger-ui/index.html
2025-04-12 22:08:36 [http-nio-8081-exec-1] DEBUG o.s.s.w.a.AnonymousAuthenticationFilter - Set SecurityContextHolder to anonymous SecurityContext
2025-04-12 22:08:36 [http-nio-8081-exec-1] DEBUG o.s.security.web.FilterChainProxy - Secured GET /swagger-ui/index.html
2025-04-12 22:08:36 [http-nio-8081-exec-2] DEBUG o.s.security.web.FilterChainProxy - Securing GET /swagger-ui/swagger-ui.css
2025-04-12 22:08:36 [http-nio-8081-exec-6] DEBUG o.s.security.web.FilterChainProxy - Securing GET /swagger-ui/swagger-initializer.js
2025-04-12 22:08:36 [http-nio-8081-exec-2] DEBUG o.s.s.w.a.AnonymousAuthenticationFilter - Set SecurityContextHolder to anonymous SecurityContext
2025-04-12 22:08:36 [http-nio-8081-exec-4] DEBUG o.s.security.web.FilterChainProxy - Securing GET /swagger-ui/swagger-ui-bundle.js
2025-04-12 22:08:36 [http-nio-8081-exec-2] DEBUG o.s.security.web.FilterChainProxy - Secured GET /swagger-ui/swagger-ui.css
2025-04-12 22:08:36 [http-nio-8081-exec-3] DEBUG o.s.security.web.FilterChainProxy - Securing GET /swagger-ui/index.css
2025-04-12 22:08:36 [http-nio-8081-exec-5] DEBUG o.s.security.web.FilterChainProxy - Securing GET /swagger-ui/swagger-ui-standalone-preset.js
2025-04-12 22:08:36 [http-nio-8081-exec-4] DEBUG o.s.s.w.a.AnonymousAuthenticationFilter - Set SecurityContextHolder to anonymous SecurityContext
2025-04-12 22:08:36 [http-nio-8081-exec-6] DEBUG o.s.s.w.a.AnonymousAuthenticationFilter - Set SecurityContextHolder to anonymous SecurityContext
2025-04-12 22:08:36 [http-nio-8081-exec-4] DEBUG o.s.security.web.FilterChainProxy - Secured GET /swagger-ui/swagger-ui-bundle.js
2025-04-12 22:08:36 [http-nio-8081-exec-5] DEBUG o.s.s.w.a.AnonymousAuthenticationFilter - Set SecurityContextHolder to anonymous SecurityContext
2025-04-12 22:08:36 [http-nio-8081-exec-3] DEBUG o.s.s.w.a.AnonymousAuthenticationFilter - Set SecurityContextHolder to anonymous SecurityContext
2025-04-12 22:08:36 [http-nio-8081-exec-5] DEBUG o.s.security.web.FilterChainProxy - Secured GET /swagger-ui/swagger-ui-standalone-preset.js
2025-04-12 22:08:36 [http-nio-8081-exec-3] DEBUG o.s.security.web.FilterChainProxy - Secured GET /swagger-ui/index.css
2025-04-12 22:08:36 [http-nio-8081-exec-6] DEBUG o.s.security.web.FilterChainProxy - Secured GET /swagger-ui/swagger-initializer.js
2025-04-12 22:08:36 [http-nio-8081-exec-8] DEBUG o.s.security.web.FilterChainProxy - Securing GET /swagger-ui/favicon-32x32.png
2025-04-12 22:08:36 [http-nio-8081-exec-8] DEBUG o.s.s.w.a.AnonymousAuthenticationFilter - Set SecurityContextHolder to anonymous SecurityContext
2025-04-12 22:08:36 [http-nio-8081-exec-8] DEBUG o.s.security.web.FilterChainProxy - Secured GET /swagger-ui/favicon-32x32.png
2025-04-12 22:08:36 [http-nio-8081-exec-7] DEBUG o.s.security.web.FilterChainProxy - Securing GET /v3/api-docs/swagger-config
2025-04-12 22:08:36 [http-nio-8081-exec-7] DEBUG o.s.s.w.a.AnonymousAuthenticationFilter - Set SecurityContextHolder to anonymous SecurityContext
2025-04-12 22:08:36 [http-nio-8081-exec-7] DEBUG o.s.security.web.FilterChainProxy - Secured GET /v3/api-docs/swagger-config
2025-04-12 22:08:36 [http-nio-8081-exec-9] DEBUG o.s.security.web.FilterChainProxy - Securing GET /v3/api-docs
2025-04-12 22:08:36 [http-nio-8081-exec-9] DEBUG o.s.s.w.a.AnonymousAuthenticationFilter - Set SecurityContextHolder to anonymous SecurityContext
2025-04-12 22:08:36 [http-nio-8081-exec-9] DEBUG o.s.security.web.FilterChainProxy - Secured GET /v3/api-docs
2025-04-12 22:08:37 [http-nio-8081-exec-9] INFO  o.s.api.AbstractOpenApiResource - Init duration for springdoc-openapi is: 606 ms
2025-04-12 22:09:02 [http-nio-8081-exec-4] DEBUG o.s.security.web.FilterChainProxy - Securing GET /api/house-cleaning/schedules?date=2025-05-01
2025-04-12 22:09:02 [http-nio-8081-exec-4] DEBUG o.s.s.w.a.AnonymousAuthenticationFilter - Set SecurityContextHolder to anonymous SecurityContext
2025-04-12 22:09:02 [http-nio-8081-exec-4] DEBUG o.s.security.web.FilterChainProxy - Secured GET /api/house-cleaning/schedules?date=2025-05-01
2025-04-12 22:20:07 [http-nio-8081-exec-8] DEBUG o.s.security.web.FilterChainProxy - Securing GET /api/house-cleaning/schedules?date=2025-05-01
2025-04-12 22:20:07 [http-nio-8081-exec-8] DEBUG o.s.s.w.a.AnonymousAuthenticationFilter - Set SecurityContextHolder to anonymous SecurityContext
2025-04-12 22:20:07 [http-nio-8081-exec-8] DEBUG o.s.security.web.FilterChainProxy - Secured GET /api/house-cleaning/schedules?date=2025-05-01
2025-04-12 22:20:21 [http-nio-8081-exec-9] DEBUG o.s.security.web.FilterChainProxy - Securing GET /api/house-cleaning/schedules?date=2025-04-12
2025-04-12 22:20:21 [http-nio-8081-exec-9] DEBUG o.s.s.w.a.AnonymousAuthenticationFilter - Set SecurityContextHolder to anonymous SecurityContext
2025-04-12 22:20:21 [http-nio-8081-exec-9] DEBUG o.s.security.web.FilterChainProxy - Secured GET /api/house-cleaning/schedules?date=2025-04-12
2025-04-12 22:21:29 [http-nio-8081-exec-5] DEBUG o.s.security.web.FilterChainProxy - Securing POST /api/house-cleaning/generate?date=2025-04-12
2025-04-12 22:21:29 [http-nio-8081-exec-5] DEBUG o.s.s.w.a.AnonymousAuthenticationFilter - Set SecurityContextHolder to anonymous SecurityContext
2025-04-12 22:21:29 [http-nio-8081-exec-5] DEBUG o.s.security.web.FilterChainProxy - Secured POST /api/house-cleaning/generate?date=2025-04-12
2025-04-12 22:21:29 [http-nio-8081-exec-5] INFO  b.s.impl.HouseCleaningServiceImpl - Generating cleaning schedules for date: 2025-04-12
2025-04-12 22:21:41 [http-nio-8081-exec-3] DEBUG o.s.security.web.FilterChainProxy - Securing POST /api/house-cleaning/generate?date=2025-05-01
2025-04-12 22:21:41 [http-nio-8081-exec-3] DEBUG o.s.s.w.a.AnonymousAuthenticationFilter - Set SecurityContextHolder to anonymous SecurityContext
2025-04-12 22:21:41 [http-nio-8081-exec-3] DEBUG o.s.security.web.FilterChainProxy - Secured POST /api/house-cleaning/generate?date=2025-05-01
2025-04-12 22:21:41 [http-nio-8081-exec-3] INFO  b.s.impl.HouseCleaningServiceImpl - Generating cleaning schedules for date: 2025-05-01
2025-04-12 22:24:08 [SpringApplicationShutdownHook] INFO  o.s.b.w.e.tomcat.GracefulShutdown - Commencing graceful shutdown. Waiting for active requests to complete
2025-04-12 22:24:08 [tomcat-shutdown] INFO  o.s.b.w.e.tomcat.GracefulShutdown - Graceful shutdown complete
2025-04-12 22:24:08 [SpringApplicationShutdownHook] INFO  o.s.o.j.LocalContainerEntityManagerFactoryBean - Closing JPA EntityManagerFactory for persistence unit 'default'
2025-04-12 22:24:08 [SpringApplicationShutdownHook] INFO  com.zaxxer.hikari.HikariDataSource - HikariPool-1 - Shutdown initiated...
2025-04-12 22:24:08 [SpringApplicationShutdownHook] INFO  com.zaxxer.hikari.HikariDataSource - HikariPool-1 - Shutdown completed.
2025-04-12 22:24:15 [main] INFO  backend.HotelBookingApplication - Starting HotelBookingApplication using Java 17.0.13 with PID 84693 (/Users/sukuna/Documents/coding/IBE/IBE-BE/KDU/target/classes started by sukuna in /Users/sukuna/Documents/coding/IBE/IBE-BE/KDU)
2025-04-12 22:24:15 [main] INFO  backend.HotelBookingApplication - The following 1 profile is active: "dev"
2025-04-12 22:24:16 [main] INFO  o.s.d.r.c.RepositoryConfigurationDelegate - Bootstrapping Spring Data JPA repositories in DEFAULT mode.
2025-04-12 22:24:16 [main] INFO  o.s.d.r.c.RepositoryConfigurationDelegate - Finished Spring Data repository scanning in 63 ms. Found 15 JPA repository interfaces.
2025-04-12 22:24:17 [main] INFO  o.s.b.w.e.tomcat.TomcatWebServer - Tomcat initialized with port 8081 (http)
2025-04-12 22:24:17 [main] INFO  o.a.coyote.http11.Http11NioProtocol - Initializing ProtocolHandler ["http-nio-8081"]
2025-04-12 22:24:17 [main] INFO  o.a.catalina.core.StandardService - Starting service [Tomcat]
2025-04-12 22:24:17 [main] INFO  o.a.catalina.core.StandardEngine - Starting Servlet engine: [Apache Tomcat/10.1.36]
2025-04-12 22:24:18 [main] INFO  o.a.c.c.C.[Tomcat].[localhost].[/] - Initializing Spring embedded WebApplicationContext
2025-04-12 22:24:18 [main] INFO  o.s.b.w.s.c.ServletWebServerApplicationContext - Root WebApplicationContext: initialization completed in 2030 ms
2025-04-12 22:24:18 [main] INFO  com.zaxxer.hikari.HikariDataSource - HikariPool-1 - Starting...
2025-04-12 22:24:18 [main] INFO  com.zaxxer.hikari.pool.HikariPool - HikariPool-1 - Added connection org.postgresql.jdbc.PgConnection@5e7e7a7e
2025-04-12 22:24:18 [main] INFO  com.zaxxer.hikari.HikariDataSource - HikariPool-1 - Start completed.
2025-04-12 22:24:19 [main] INFO  o.s.o.j.p.SpringPersistenceUnitInfo - No LoadTimeWeaver setup: ignoring JPA class transformer
2025-04-12 22:24:19 [main] WARN  org.hibernate.orm.deprecation - HHH90000025: PostgreSQLDialect does not need to be specified explicitly using 'hibernate.dialect' (remove the property setting and it will be selected by default)
2025-04-12 22:24:20 [main] WARN  o.h.t.s.i.ExceptionHandlerLoggedImpl - GenerationTarget encountered exception accepting command : Error executing DDL "create table staff (staff_id varchar(255) generated by default as identity, is_active boolean, shift_id varchar(255), primary key (staff_id))" via JDBC [ERROR: identity column type must be smallint, integer, or bigint]
org.hibernate.tool.schema.spi.CommandAcceptanceException: Error executing DDL "create table staff (staff_id varchar(255) generated by default as identity, is_active boolean, shift_id varchar(255), primary key (staff_id))" via JDBC [ERROR: identity column type must be smallint, integer, or bigint]
	at org.hibernate.tool.schema.internal.exec.GenerationTargetToDatabase.accept(GenerationTargetToDatabase.java:94)
	at org.hibernate.tool.schema.internal.AbstractSchemaMigrator.applySqlString(AbstractSchemaMigrator.java:576)
	at org.hibernate.tool.schema.internal.AbstractSchemaMigrator.applySqlStrings(AbstractSchemaMigrator.java:516)
	at org.hibernate.tool.schema.internal.AbstractSchemaMigrator.createTable(AbstractSchemaMigrator.java:316)
	at org.hibernate.tool.schema.internal.GroupedSchemaMigratorImpl.performTablesMigration(GroupedSchemaMigratorImpl.java:80)
	at org.hibernate.tool.schema.internal.AbstractSchemaMigrator.performMigration(AbstractSchemaMigrator.java:233)
	at org.hibernate.tool.schema.internal.AbstractSchemaMigrator.doMigration(AbstractSchemaMigrator.java:112)
	at org.hibernate.tool.schema.spi.SchemaManagementToolCoordinator.performDatabaseAction(SchemaManagementToolCoordinator.java:280)
	at org.hibernate.tool.schema.spi.SchemaManagementToolCoordinator.lambda$process$5(SchemaManagementToolCoordinator.java:144)
	at java.base/java.util.HashMap.forEach(HashMap.java:1421)
	at org.hibernate.tool.schema.spi.SchemaManagementToolCoordinator.process(SchemaManagementToolCoordinator.java:141)
	at org.hibernate.boot.internal.SessionFactoryObserverForSchemaExport.sessionFactoryCreated(SessionFactoryObserverForSchemaExport.java:37)
	at org.hibernate.internal.SessionFactoryObserverChain.sessionFactoryCreated(SessionFactoryObserverChain.java:35)
	at org.hibernate.internal.SessionFactoryImpl.<init>(SessionFactoryImpl.java:324)
	at org.hibernate.boot.internal.SessionFactoryBuilderImpl.build(SessionFactoryBuilderImpl.java:463)
	at org.hibernate.jpa.boot.internal.EntityManagerFactoryBuilderImpl.build(EntityManagerFactoryBuilderImpl.java:1517)
	at org.springframework.orm.jpa.vendor.SpringHibernateJpaPersistenceProvider.createContainerEntityManagerFactory(SpringHibernateJpaPersistenceProvider.java:66)
	at org.springframework.orm.jpa.LocalContainerEntityManagerFactoryBean.createNativeEntityManagerFactory(LocalContainerEntityManagerFactoryBean.java:390)
	at org.springframework.orm.jpa.AbstractEntityManagerFactoryBean.buildNativeEntityManagerFactory(AbstractEntityManagerFactoryBean.java:419)
	at org.springframework.orm.jpa.AbstractEntityManagerFactoryBean.afterPropertiesSet(AbstractEntityManagerFactoryBean.java:400)
	at org.springframework.orm.jpa.LocalContainerEntityManagerFactoryBean.afterPropertiesSet(LocalContainerEntityManagerFactoryBean.java:366)
	at org.springframework.beans.factory.support.AbstractAutowireCapableBeanFactory.invokeInitMethods(AbstractAutowireCapableBeanFactory.java:1859)
	at org.springframework.beans.factory.support.AbstractAutowireCapableBeanFactory.initializeBean(AbstractAutowireCapableBeanFactory.java:1808)
	at org.springframework.beans.factory.support.AbstractAutowireCapableBeanFactory.doCreateBean(AbstractAutowireCapableBeanFactory.java:601)
	at org.springframework.beans.factory.support.AbstractAutowireCapableBeanFactory.createBean(AbstractAutowireCapableBeanFactory.java:523)
	at org.springframework.beans.factory.support.AbstractBeanFactory.lambda$doGetBean$0(AbstractBeanFactory.java:339)
	at org.springframework.beans.factory.support.DefaultSingletonBeanRegistry.getSingleton(DefaultSingletonBeanRegistry.java:346)
	at org.springframework.beans.factory.support.AbstractBeanFactory.doGetBean(AbstractBeanFactory.java:337)
	at org.springframework.beans.factory.support.AbstractBeanFactory.getBean(AbstractBeanFactory.java:207)
	at org.springframework.context.support.AbstractApplicationContext.finishBeanFactoryInitialization(AbstractApplicationContext.java:970)
	at org.springframework.context.support.AbstractApplicationContext.refresh(AbstractApplicationContext.java:627)
	at org.springframework.boot.web.servlet.context.ServletWebServerApplicationContext.refresh(ServletWebServerApplicationContext.java:146)
	at org.springframework.boot.SpringApplication.refresh(SpringApplication.java:752)
	at org.springframework.boot.SpringApplication.refreshContext(SpringApplication.java:439)
	at org.springframework.boot.SpringApplication.run(SpringApplication.java:318)
	at org.springframework.boot.SpringApplication.run(SpringApplication.java:1361)
	at org.springframework.boot.SpringApplication.run(SpringApplication.java:1350)
	at backend.HotelBookingApplication.main(HotelBookingApplication.java:15)
Caused by: org.postgresql.util.PSQLException: ERROR: identity column type must be smallint, integer, or bigint
	at org.postgresql.core.v3.QueryExecutorImpl.receiveErrorResponse(QueryExecutorImpl.java:2733)
	at org.postgresql.core.v3.QueryExecutorImpl.processResults(QueryExecutorImpl.java:2420)
	at org.postgresql.core.v3.QueryExecutorImpl.execute(QueryExecutorImpl.java:372)
	at org.postgresql.jdbc.PgStatement.executeInternal(PgStatement.java:517)
	at org.postgresql.jdbc.PgStatement.execute(PgStatement.java:434)
	at org.postgresql.jdbc.PgStatement.executeWithFlags(PgStatement.java:356)
	at org.postgresql.jdbc.PgStatement.executeCachedSql(PgStatement.java:341)
	at org.postgresql.jdbc.PgStatement.executeWithFlags(PgStatement.java:317)
	at org.postgresql.jdbc.PgStatement.execute(PgStatement.java:312)
	at com.zaxxer.hikari.pool.ProxyStatement.execute(ProxyStatement.java:94)
	at com.zaxxer.hikari.pool.HikariProxyStatement.execute(HikariProxyStatement.java)
	at org.hibernate.tool.schema.internal.exec.GenerationTargetToDatabase.accept(GenerationTargetToDatabase.java:80)
	... 37 common frames omitted
2025-04-12 22:24:21 [main] WARN  o.h.t.s.i.ExceptionHandlerLoggedImpl - GenerationTarget encountered exception accepting command : Error executing DDL "alter table if exists staff_room_map add constraint FKyd20ehofj2axxe92vl67pqvx foreign key (staff_id) references staff" via JDBC [ERROR: relation "staff" does not exist]
org.hibernate.tool.schema.spi.CommandAcceptanceException: Error executing DDL "alter table if exists staff_room_map add constraint FKyd20ehofj2axxe92vl67pqvx foreign key (staff_id) references staff" via JDBC [ERROR: relation "staff" does not exist]
	at org.hibernate.tool.schema.internal.exec.GenerationTargetToDatabase.accept(GenerationTargetToDatabase.java:94)
	at org.hibernate.tool.schema.internal.AbstractSchemaMigrator.applySqlString(AbstractSchemaMigrator.java:576)
	at org.hibernate.tool.schema.internal.AbstractSchemaMigrator.applySqlStrings(AbstractSchemaMigrator.java:516)
	at org.hibernate.tool.schema.internal.AbstractSchemaMigrator.applyForeignKeys(AbstractSchemaMigrator.java:448)
	at org.hibernate.tool.schema.internal.AbstractSchemaMigrator.performMigration(AbstractSchemaMigrator.java:269)
	at org.hibernate.tool.schema.internal.AbstractSchemaMigrator.doMigration(AbstractSchemaMigrator.java:112)
	at org.hibernate.tool.schema.spi.SchemaManagementToolCoordinator.performDatabaseAction(SchemaManagementToolCoordinator.java:280)
	at org.hibernate.tool.schema.spi.SchemaManagementToolCoordinator.lambda$process$5(SchemaManagementToolCoordinator.java:144)
	at java.base/java.util.HashMap.forEach(HashMap.java:1421)
	at org.hibernate.tool.schema.spi.SchemaManagementToolCoordinator.process(SchemaManagementToolCoordinator.java:141)
	at org.hibernate.boot.internal.SessionFactoryObserverForSchemaExport.sessionFactoryCreated(SessionFactoryObserverForSchemaExport.java:37)
	at org.hibernate.internal.SessionFactoryObserverChain.sessionFactoryCreated(SessionFactoryObserverChain.java:35)
	at org.hibernate.internal.SessionFactoryImpl.<init>(SessionFactoryImpl.java:324)
	at org.hibernate.boot.internal.SessionFactoryBuilderImpl.build(SessionFactoryBuilderImpl.java:463)
	at org.hibernate.jpa.boot.internal.EntityManagerFactoryBuilderImpl.build(EntityManagerFactoryBuilderImpl.java:1517)
	at org.springframework.orm.jpa.vendor.SpringHibernateJpaPersistenceProvider.createContainerEntityManagerFactory(SpringHibernateJpaPersistenceProvider.java:66)
	at org.springframework.orm.jpa.LocalContainerEntityManagerFactoryBean.createNativeEntityManagerFactory(LocalContainerEntityManagerFactoryBean.java:390)
	at org.springframework.orm.jpa.AbstractEntityManagerFactoryBean.buildNativeEntityManagerFactory(AbstractEntityManagerFactoryBean.java:419)
	at org.springframework.orm.jpa.AbstractEntityManagerFactoryBean.afterPropertiesSet(AbstractEntityManagerFactoryBean.java:400)
	at org.springframework.orm.jpa.LocalContainerEntityManagerFactoryBean.afterPropertiesSet(LocalContainerEntityManagerFactoryBean.java:366)
	at org.springframework.beans.factory.support.AbstractAutowireCapableBeanFactory.invokeInitMethods(AbstractAutowireCapableBeanFactory.java:1859)
	at org.springframework.beans.factory.support.AbstractAutowireCapableBeanFactory.initializeBean(AbstractAutowireCapableBeanFactory.java:1808)
	at org.springframework.beans.factory.support.AbstractAutowireCapableBeanFactory.doCreateBean(AbstractAutowireCapableBeanFactory.java:601)
	at org.springframework.beans.factory.support.AbstractAutowireCapableBeanFactory.createBean(AbstractAutowireCapableBeanFactory.java:523)
	at org.springframework.beans.factory.support.AbstractBeanFactory.lambda$doGetBean$0(AbstractBeanFactory.java:339)
	at org.springframework.beans.factory.support.DefaultSingletonBeanRegistry.getSingleton(DefaultSingletonBeanRegistry.java:346)
	at org.springframework.beans.factory.support.AbstractBeanFactory.doGetBean(AbstractBeanFactory.java:337)
	at org.springframework.beans.factory.support.AbstractBeanFactory.getBean(AbstractBeanFactory.java:207)
	at org.springframework.context.support.AbstractApplicationContext.finishBeanFactoryInitialization(AbstractApplicationContext.java:970)
	at org.springframework.context.support.AbstractApplicationContext.refresh(AbstractApplicationContext.java:627)
	at org.springframework.boot.web.servlet.context.ServletWebServerApplicationContext.refresh(ServletWebServerApplicationContext.java:146)
	at org.springframework.boot.SpringApplication.refresh(SpringApplication.java:752)
	at org.springframework.boot.SpringApplication.refreshContext(SpringApplication.java:439)
	at org.springframework.boot.SpringApplication.run(SpringApplication.java:318)
	at org.springframework.boot.SpringApplication.run(SpringApplication.java:1361)
	at org.springframework.boot.SpringApplication.run(SpringApplication.java:1350)
	at backend.HotelBookingApplication.main(HotelBookingApplication.java:15)
Caused by: org.postgresql.util.PSQLException: ERROR: relation "staff" does not exist
	at org.postgresql.core.v3.QueryExecutorImpl.receiveErrorResponse(QueryExecutorImpl.java:2733)
	at org.postgresql.core.v3.QueryExecutorImpl.processResults(QueryExecutorImpl.java:2420)
	at org.postgresql.core.v3.QueryExecutorImpl.execute(QueryExecutorImpl.java:372)
	at org.postgresql.jdbc.PgStatement.executeInternal(PgStatement.java:517)
	at org.postgresql.jdbc.PgStatement.execute(PgStatement.java:434)
	at org.postgresql.jdbc.PgStatement.executeWithFlags(PgStatement.java:356)
	at org.postgresql.jdbc.PgStatement.executeCachedSql(PgStatement.java:341)
	at org.postgresql.jdbc.PgStatement.executeWithFlags(PgStatement.java:317)
	at org.postgresql.jdbc.PgStatement.execute(PgStatement.java:312)
	at com.zaxxer.hikari.pool.ProxyStatement.execute(ProxyStatement.java:94)
	at com.zaxxer.hikari.pool.HikariProxyStatement.execute(HikariProxyStatement.java)
	at org.hibernate.tool.schema.internal.exec.GenerationTargetToDatabase.accept(GenerationTargetToDatabase.java:80)
	... 36 common frames omitted
2025-04-12 22:24:21 [main] INFO  o.s.o.j.LocalContainerEntityManagerFactoryBean - Initialized JPA EntityManagerFactory for persistence unit 'default'
2025-04-12 22:24:21 [main] INFO  backend.config.CorsConfig - CORS Configuration Loaded!
2025-04-12 22:24:21 [main] DEBUG o.s.c.e.PropertySourcesPropertyResolver - Found key 'spring.security.oauth2.resourceserver.jwt.issuer-uri' in PropertySource 'environmentProperties' with value of type String
2025-04-12 22:24:21 [main] INFO  o.s.d.j.r.query.QueryEnhancerFactory - Hibernate is in classpath; If applicable, HQL parser will be used.
2025-04-12 22:24:21 [main] DEBUG o.s.c.e.PropertySourcesPropertyResolver - Found key 'graphql.endpoint' in PropertySource 'environmentProperties' with value of type String
2025-04-12 22:24:21 [main] DEBUG o.s.c.e.PropertySourcesPropertyResolver - Found key 'graphql.api-key' in PropertySource 'environmentProperties' with value of type String
2025-04-12 22:24:21 [main] DEBUG o.s.c.e.PropertySourcesPropertyResolver - Found key 'graphql.api.key' in PropertySource 'environmentProperties' with value of type String
2025-04-12 22:24:21 [main] DEBUG o.s.c.e.PropertySourcesPropertyResolver - Found key 'graphql.url' in PropertySource 'environmentProperties' with value of type String
2025-04-12 22:24:21 [main] DEBUG o.s.c.e.PropertySourcesPropertyResolver - Found key 'spring.mail.username' in PropertySource 'environmentProperties' with value of type String
2025-04-12 22:24:21 [main] DEBUG o.s.c.e.PropertySourcesPropertyResolver - Found key 'otp.expiry.minutes' in PropertySource 'environmentProperties' with value of type String
2025-04-12 22:24:21 [main] DEBUG o.s.c.e.PropertySourcesPropertyResolver - Found key 'otp.max.attempts' in PropertySource 'environmentProperties' with value of type String
2025-04-12 22:24:21 [main] DEBUG o.s.c.e.PropertySourcesPropertyResolver - Found key 'graphql.endpoint' in PropertySource 'environmentProperties' with value of type String
2025-04-12 22:24:21 [main] DEBUG o.s.c.e.PropertySourcesPropertyResolver - Found key 'graphql.api-key' in PropertySource 'environmentProperties' with value of type String
2025-04-12 22:24:22 [main] DEBUG o.s.c.e.PropertySourcesPropertyResolver - Found key 'graphql.api.key' in PropertySource 'environmentProperties' with value of type String
2025-04-12 22:24:22 [main] DEBUG o.s.c.e.PropertySourcesPropertyResolver - Found key 'graphql.url' in PropertySource 'environmentProperties' with value of type String
2025-04-12 22:24:22 [main] DEBUG o.s.c.e.PropertySourcesPropertyResolver - Found key 'graphql.endpoint' in PropertySource 'environmentProperties' with value of type String
2025-04-12 22:24:22 [main] DEBUG o.s.c.e.PropertySourcesPropertyResolver - Found key 'graphql.api-key' in PropertySource 'environmentProperties' with value of type String
2025-04-12 22:24:22 [main] DEBUG o.s.c.e.PropertySourcesPropertyResolver - Found key 'graphql.endpoint' in PropertySource 'environmentProperties' with value of type String
2025-04-12 22:24:22 [main] DEBUG o.s.c.e.PropertySourcesPropertyResolver - Found key 'graphql.apiKey' in PropertySource 'environmentProperties' with value of type String
2025-04-12 22:24:22 [main] DEBUG o.s.c.e.PropertySourcesPropertyResolver - Found key 'graphql.endpoint' in PropertySource 'environmentProperties' with value of type String
2025-04-12 22:24:22 [main] DEBUG o.s.c.e.PropertySourcesPropertyResolver - Found key 'graphql.apiKey' in PropertySource 'environmentProperties' with value of type String
2025-04-12 22:24:22 [main] DEBUG o.s.c.e.PropertySourcesPropertyResolver - Found key 'api.base.url' in PropertySource 'environmentProperties' with value of type String
2025-04-12 22:24:22 [main] WARN  o.s.b.a.o.j.JpaBaseConfiguration$JpaWebConfiguration - spring.jpa.open-in-view is enabled by default. Therefore, database queries may be performed during view rendering. Explicitly configure spring.jpa.open-in-view to disable this warning
2025-04-12 22:24:22 [main] INFO  backend.config.CorsConfig - Applying CORS settings...
2025-04-12 22:24:22 [main] DEBUG o.s.s.c.a.a.c.AuthenticationConfiguration$DefaultPasswordEncoderAuthenticationManagerBuilder - No authenticationProviders and no parentAuthenticationManager defined. Returning null.
2025-04-12 22:24:22 [main] INFO  o.s.b.a.e.web.EndpointLinksResolver - Exposing 2 endpoints beneath base path '/actuator'
2025-04-12 22:24:22 [main] INFO  backend.config.SecurityConfig - Configuring security filter chain...
2025-04-12 22:24:22 [main] INFO  backend.config.SecurityConfig - Using issuer URI: https://cognito-idp.ap-south-1.amazonaws.com/ap-south-1_IGHZ9OObg
2025-04-12 22:24:22 [main] INFO  backend.config.SecurityConfig - Configuring authorization rules...
2025-04-12 22:24:22 [main] INFO  backend.config.SecurityConfig - Configuring OAuth2 resource server...
2025-04-12 22:24:22 [main] INFO  backend.config.SecurityConfig - Configuring JWT...
2025-04-12 22:24:22 [main] INFO  backend.config.SecurityConfig - Creating JWT decoder with issuer URI: https://cognito-idp.ap-south-1.amazonaws.com/ap-south-1_IGHZ9OObg
2025-04-12 22:24:23 [main] INFO  backend.config.SecurityConfig - Configuring session management...
2025-04-12 22:24:23 [main] DEBUG o.s.s.web.DefaultSecurityFilterChain - Will secure any request with filters: DisableEncodeUrlFilter, WebAsyncManagerIntegrationFilter, SecurityContextHolderFilter, HeaderWriterFilter, LogoutFilter, BearerTokenAuthenticationFilter, RequestCacheAwareFilter, SecurityContextHolderAwareRequestFilter, AnonymousAuthenticationFilter, SessionManagementFilter, ExceptionTranslationFilter, AuthorizationFilter
2025-04-12 22:24:23 [main] INFO  o.a.coyote.http11.Http11NioProtocol - Starting ProtocolHandler ["http-nio-8081"]
2025-04-12 22:24:23 [main] INFO  o.s.b.w.e.tomcat.TomcatWebServer - Tomcat started on port 8081 (http) with context path '/'
2025-04-12 22:24:23 [main] INFO  backend.HotelBookingApplication - Started HotelBookingApplication in 8.273 seconds (process running for 8.818)
2025-04-12 22:24:25 [http-nio-8081-exec-1] INFO  o.a.c.c.C.[Tomcat].[localhost].[/] - Initializing Spring DispatcherServlet 'dispatcherServlet'
2025-04-12 22:24:25 [http-nio-8081-exec-1] INFO  o.s.web.servlet.DispatcherServlet - Initializing Servlet 'dispatcherServlet'
2025-04-12 22:24:25 [http-nio-8081-exec-1] INFO  o.s.web.servlet.DispatcherServlet - Completed initialization in 2 ms
2025-04-12 22:24:25 [http-nio-8081-exec-1] DEBUG o.s.security.web.FilterChainProxy - Securing POST /api/house-cleaning/generate?date=2025-05-01
2025-04-12 22:24:25 [http-nio-8081-exec-1] DEBUG o.s.s.w.a.AnonymousAuthenticationFilter - Set SecurityContextHolder to anonymous SecurityContext
2025-04-12 22:24:25 [http-nio-8081-exec-1] DEBUG o.s.security.web.FilterChainProxy - Secured POST /api/house-cleaning/generate?date=2025-05-01
2025-04-12 22:24:25 [http-nio-8081-exec-1] INFO  b.s.impl.HouseCleaningServiceImpl - Generating cleaning schedules for date: 2025-05-01
2025-04-12 22:25:37 [SpringApplicationShutdownHook] INFO  o.s.b.w.e.tomcat.GracefulShutdown - Commencing graceful shutdown. Waiting for active requests to complete
2025-04-12 22:25:37 [tomcat-shutdown] INFO  o.s.b.w.e.tomcat.GracefulShutdown - Graceful shutdown complete
2025-04-12 22:25:37 [SpringApplicationShutdownHook] INFO  o.s.o.j.LocalContainerEntityManagerFactoryBean - Closing JPA EntityManagerFactory for persistence unit 'default'
2025-04-12 22:25:37 [SpringApplicationShutdownHook] INFO  com.zaxxer.hikari.HikariDataSource - HikariPool-1 - Shutdown initiated...
2025-04-12 22:25:37 [SpringApplicationShutdownHook] INFO  com.zaxxer.hikari.HikariDataSource - HikariPool-1 - Shutdown completed.
2025-04-12 22:25:42 [main] INFO  backend.HotelBookingApplication - Starting HotelBookingApplication using Java 17.0.13 with PID 84920 (/Users/sukuna/Documents/coding/IBE/IBE-BE/KDU/target/classes started by sukuna in /Users/sukuna/Documents/coding/IBE/IBE-BE/KDU)
2025-04-12 22:25:42 [main] INFO  backend.HotelBookingApplication - The following 1 profile is active: "dev"
2025-04-12 22:25:43 [main] INFO  o.s.d.r.c.RepositoryConfigurationDelegate - Bootstrapping Spring Data JPA repositories in DEFAULT mode.
2025-04-12 22:25:43 [main] INFO  o.s.d.r.c.RepositoryConfigurationDelegate - Finished Spring Data repository scanning in 57 ms. Found 15 JPA repository interfaces.
2025-04-12 22:25:43 [main] INFO  o.s.b.w.e.tomcat.TomcatWebServer - Tomcat initialized with port 8081 (http)
2025-04-12 22:25:43 [main] INFO  o.a.coyote.http11.Http11NioProtocol - Initializing ProtocolHandler ["http-nio-8081"]
2025-04-12 22:25:43 [main] INFO  o.a.catalina.core.StandardService - Starting service [Tomcat]
2025-04-12 22:25:43 [main] INFO  o.a.catalina.core.StandardEngine - Starting Servlet engine: [Apache Tomcat/10.1.36]
2025-04-12 22:25:43 [main] INFO  o.a.c.c.C.[Tomcat].[localhost].[/] - Initializing Spring embedded WebApplicationContext
2025-04-12 22:25:43 [main] INFO  o.s.b.w.s.c.ServletWebServerApplicationContext - Root WebApplicationContext: initialization completed in 1533 ms
2025-04-12 22:25:43 [main] INFO  com.zaxxer.hikari.HikariDataSource - HikariPool-1 - Starting...
2025-04-12 22:25:44 [main] INFO  com.zaxxer.hikari.pool.HikariPool - HikariPool-1 - Added connection org.postgresql.jdbc.PgConnection@2095c331
2025-04-12 22:25:44 [main] INFO  com.zaxxer.hikari.HikariDataSource - HikariPool-1 - Start completed.
2025-04-12 22:25:44 [main] INFO  o.s.o.j.p.SpringPersistenceUnitInfo - No LoadTimeWeaver setup: ignoring JPA class transformer
2025-04-12 22:25:44 [main] WARN  org.hibernate.orm.deprecation - HHH90000025: PostgreSQLDialect does not need to be specified explicitly using 'hibernate.dialect' (remove the property setting and it will be selected by default)
2025-04-12 22:25:45 [main] WARN  o.h.t.s.i.ExceptionHandlerLoggedImpl - GenerationTarget encountered exception accepting command : Error executing DDL "create table staff (staff_id varchar(255) generated by default as identity, is_active boolean, shift_id varchar(255), primary key (staff_id))" via JDBC [ERROR: identity column type must be smallint, integer, or bigint]
org.hibernate.tool.schema.spi.CommandAcceptanceException: Error executing DDL "create table staff (staff_id varchar(255) generated by default as identity, is_active boolean, shift_id varchar(255), primary key (staff_id))" via JDBC [ERROR: identity column type must be smallint, integer, or bigint]
	at org.hibernate.tool.schema.internal.exec.GenerationTargetToDatabase.accept(GenerationTargetToDatabase.java:94)
	at org.hibernate.tool.schema.internal.AbstractSchemaMigrator.applySqlString(AbstractSchemaMigrator.java:576)
	at org.hibernate.tool.schema.internal.AbstractSchemaMigrator.applySqlStrings(AbstractSchemaMigrator.java:516)
	at org.hibernate.tool.schema.internal.AbstractSchemaMigrator.createTable(AbstractSchemaMigrator.java:316)
	at org.hibernate.tool.schema.internal.GroupedSchemaMigratorImpl.performTablesMigration(GroupedSchemaMigratorImpl.java:80)
	at org.hibernate.tool.schema.internal.AbstractSchemaMigrator.performMigration(AbstractSchemaMigrator.java:233)
	at org.hibernate.tool.schema.internal.AbstractSchemaMigrator.doMigration(AbstractSchemaMigrator.java:112)
	at org.hibernate.tool.schema.spi.SchemaManagementToolCoordinator.performDatabaseAction(SchemaManagementToolCoordinator.java:280)
	at org.hibernate.tool.schema.spi.SchemaManagementToolCoordinator.lambda$process$5(SchemaManagementToolCoordinator.java:144)
	at java.base/java.util.HashMap.forEach(HashMap.java:1421)
	at org.hibernate.tool.schema.spi.SchemaManagementToolCoordinator.process(SchemaManagementToolCoordinator.java:141)
	at org.hibernate.boot.internal.SessionFactoryObserverForSchemaExport.sessionFactoryCreated(SessionFactoryObserverForSchemaExport.java:37)
	at org.hibernate.internal.SessionFactoryObserverChain.sessionFactoryCreated(SessionFactoryObserverChain.java:35)
	at org.hibernate.internal.SessionFactoryImpl.<init>(SessionFactoryImpl.java:324)
	at org.hibernate.boot.internal.SessionFactoryBuilderImpl.build(SessionFactoryBuilderImpl.java:463)
	at org.hibernate.jpa.boot.internal.EntityManagerFactoryBuilderImpl.build(EntityManagerFactoryBuilderImpl.java:1517)
	at org.springframework.orm.jpa.vendor.SpringHibernateJpaPersistenceProvider.createContainerEntityManagerFactory(SpringHibernateJpaPersistenceProvider.java:66)
	at org.springframework.orm.jpa.LocalContainerEntityManagerFactoryBean.createNativeEntityManagerFactory(LocalContainerEntityManagerFactoryBean.java:390)
	at org.springframework.orm.jpa.AbstractEntityManagerFactoryBean.buildNativeEntityManagerFactory(AbstractEntityManagerFactoryBean.java:419)
	at org.springframework.orm.jpa.AbstractEntityManagerFactoryBean.afterPropertiesSet(AbstractEntityManagerFactoryBean.java:400)
	at org.springframework.orm.jpa.LocalContainerEntityManagerFactoryBean.afterPropertiesSet(LocalContainerEntityManagerFactoryBean.java:366)
	at org.springframework.beans.factory.support.AbstractAutowireCapableBeanFactory.invokeInitMethods(AbstractAutowireCapableBeanFactory.java:1859)
	at org.springframework.beans.factory.support.AbstractAutowireCapableBeanFactory.initializeBean(AbstractAutowireCapableBeanFactory.java:1808)
	at org.springframework.beans.factory.support.AbstractAutowireCapableBeanFactory.doCreateBean(AbstractAutowireCapableBeanFactory.java:601)
	at org.springframework.beans.factory.support.AbstractAutowireCapableBeanFactory.createBean(AbstractAutowireCapableBeanFactory.java:523)
	at org.springframework.beans.factory.support.AbstractBeanFactory.lambda$doGetBean$0(AbstractBeanFactory.java:339)
	at org.springframework.beans.factory.support.DefaultSingletonBeanRegistry.getSingleton(DefaultSingletonBeanRegistry.java:346)
	at org.springframework.beans.factory.support.AbstractBeanFactory.doGetBean(AbstractBeanFactory.java:337)
	at org.springframework.beans.factory.support.AbstractBeanFactory.getBean(AbstractBeanFactory.java:207)
	at org.springframework.context.support.AbstractApplicationContext.finishBeanFactoryInitialization(AbstractApplicationContext.java:970)
	at org.springframework.context.support.AbstractApplicationContext.refresh(AbstractApplicationContext.java:627)
	at org.springframework.boot.web.servlet.context.ServletWebServerApplicationContext.refresh(ServletWebServerApplicationContext.java:146)
	at org.springframework.boot.SpringApplication.refresh(SpringApplication.java:752)
	at org.springframework.boot.SpringApplication.refreshContext(SpringApplication.java:439)
	at org.springframework.boot.SpringApplication.run(SpringApplication.java:318)
	at org.springframework.boot.SpringApplication.run(SpringApplication.java:1361)
	at org.springframework.boot.SpringApplication.run(SpringApplication.java:1350)
	at backend.HotelBookingApplication.main(HotelBookingApplication.java:15)
Caused by: org.postgresql.util.PSQLException: ERROR: identity column type must be smallint, integer, or bigint
	at org.postgresql.core.v3.QueryExecutorImpl.receiveErrorResponse(QueryExecutorImpl.java:2733)
	at org.postgresql.core.v3.QueryExecutorImpl.processResults(QueryExecutorImpl.java:2420)
	at org.postgresql.core.v3.QueryExecutorImpl.execute(QueryExecutorImpl.java:372)
	at org.postgresql.jdbc.PgStatement.executeInternal(PgStatement.java:517)
	at org.postgresql.jdbc.PgStatement.execute(PgStatement.java:434)
	at org.postgresql.jdbc.PgStatement.executeWithFlags(PgStatement.java:356)
	at org.postgresql.jdbc.PgStatement.executeCachedSql(PgStatement.java:341)
	at org.postgresql.jdbc.PgStatement.executeWithFlags(PgStatement.java:317)
	at org.postgresql.jdbc.PgStatement.execute(PgStatement.java:312)
	at com.zaxxer.hikari.pool.ProxyStatement.execute(ProxyStatement.java:94)
	at com.zaxxer.hikari.pool.HikariProxyStatement.execute(HikariProxyStatement.java)
	at org.hibernate.tool.schema.internal.exec.GenerationTargetToDatabase.accept(GenerationTargetToDatabase.java:80)
	... 37 common frames omitted
2025-04-12 22:25:46 [main] WARN  o.h.t.s.i.ExceptionHandlerLoggedImpl - GenerationTarget encountered exception accepting command : Error executing DDL "alter table if exists staff_room_map add constraint FKyd20ehofj2axxe92vl67pqvx foreign key (staff_id) references staff" via JDBC [ERROR: relation "staff" does not exist]
org.hibernate.tool.schema.spi.CommandAcceptanceException: Error executing DDL "alter table if exists staff_room_map add constraint FKyd20ehofj2axxe92vl67pqvx foreign key (staff_id) references staff" via JDBC [ERROR: relation "staff" does not exist]
	at org.hibernate.tool.schema.internal.exec.GenerationTargetToDatabase.accept(GenerationTargetToDatabase.java:94)
	at org.hibernate.tool.schema.internal.AbstractSchemaMigrator.applySqlString(AbstractSchemaMigrator.java:576)
	at org.hibernate.tool.schema.internal.AbstractSchemaMigrator.applySqlStrings(AbstractSchemaMigrator.java:516)
	at org.hibernate.tool.schema.internal.AbstractSchemaMigrator.applyForeignKeys(AbstractSchemaMigrator.java:448)
	at org.hibernate.tool.schema.internal.AbstractSchemaMigrator.performMigration(AbstractSchemaMigrator.java:269)
	at org.hibernate.tool.schema.internal.AbstractSchemaMigrator.doMigration(AbstractSchemaMigrator.java:112)
	at org.hibernate.tool.schema.spi.SchemaManagementToolCoordinator.performDatabaseAction(SchemaManagementToolCoordinator.java:280)
	at org.hibernate.tool.schema.spi.SchemaManagementToolCoordinator.lambda$process$5(SchemaManagementToolCoordinator.java:144)
	at java.base/java.util.HashMap.forEach(HashMap.java:1421)
	at org.hibernate.tool.schema.spi.SchemaManagementToolCoordinator.process(SchemaManagementToolCoordinator.java:141)
	at org.hibernate.boot.internal.SessionFactoryObserverForSchemaExport.sessionFactoryCreated(SessionFactoryObserverForSchemaExport.java:37)
	at org.hibernate.internal.SessionFactoryObserverChain.sessionFactoryCreated(SessionFactoryObserverChain.java:35)
	at org.hibernate.internal.SessionFactoryImpl.<init>(SessionFactoryImpl.java:324)
	at org.hibernate.boot.internal.SessionFactoryBuilderImpl.build(SessionFactoryBuilderImpl.java:463)
	at org.hibernate.jpa.boot.internal.EntityManagerFactoryBuilderImpl.build(EntityManagerFactoryBuilderImpl.java:1517)
	at org.springframework.orm.jpa.vendor.SpringHibernateJpaPersistenceProvider.createContainerEntityManagerFactory(SpringHibernateJpaPersistenceProvider.java:66)
	at org.springframework.orm.jpa.LocalContainerEntityManagerFactoryBean.createNativeEntityManagerFactory(LocalContainerEntityManagerFactoryBean.java:390)
	at org.springframework.orm.jpa.AbstractEntityManagerFactoryBean.buildNativeEntityManagerFactory(AbstractEntityManagerFactoryBean.java:419)
	at org.springframework.orm.jpa.AbstractEntityManagerFactoryBean.afterPropertiesSet(AbstractEntityManagerFactoryBean.java:400)
	at org.springframework.orm.jpa.LocalContainerEntityManagerFactoryBean.afterPropertiesSet(LocalContainerEntityManagerFactoryBean.java:366)
	at org.springframework.beans.factory.support.AbstractAutowireCapableBeanFactory.invokeInitMethods(AbstractAutowireCapableBeanFactory.java:1859)
	at org.springframework.beans.factory.support.AbstractAutowireCapableBeanFactory.initializeBean(AbstractAutowireCapableBeanFactory.java:1808)
	at org.springframework.beans.factory.support.AbstractAutowireCapableBeanFactory.doCreateBean(AbstractAutowireCapableBeanFactory.java:601)
	at org.springframework.beans.factory.support.AbstractAutowireCapableBeanFactory.createBean(AbstractAutowireCapableBeanFactory.java:523)
	at org.springframework.beans.factory.support.AbstractBeanFactory.lambda$doGetBean$0(AbstractBeanFactory.java:339)
	at org.springframework.beans.factory.support.DefaultSingletonBeanRegistry.getSingleton(DefaultSingletonBeanRegistry.java:346)
	at org.springframework.beans.factory.support.AbstractBeanFactory.doGetBean(AbstractBeanFactory.java:337)
	at org.springframework.beans.factory.support.AbstractBeanFactory.getBean(AbstractBeanFactory.java:207)
	at org.springframework.context.support.AbstractApplicationContext.finishBeanFactoryInitialization(AbstractApplicationContext.java:970)
	at org.springframework.context.support.AbstractApplicationContext.refresh(AbstractApplicationContext.java:627)
	at org.springframework.boot.web.servlet.context.ServletWebServerApplicationContext.refresh(ServletWebServerApplicationContext.java:146)
	at org.springframework.boot.SpringApplication.refresh(SpringApplication.java:752)
	at org.springframework.boot.SpringApplication.refreshContext(SpringApplication.java:439)
	at org.springframework.boot.SpringApplication.run(SpringApplication.java:318)
	at org.springframework.boot.SpringApplication.run(SpringApplication.java:1361)
	at org.springframework.boot.SpringApplication.run(SpringApplication.java:1350)
	at backend.HotelBookingApplication.main(HotelBookingApplication.java:15)
Caused by: org.postgresql.util.PSQLException: ERROR: relation "staff" does not exist
	at org.postgresql.core.v3.QueryExecutorImpl.receiveErrorResponse(QueryExecutorImpl.java:2733)
	at org.postgresql.core.v3.QueryExecutorImpl.processResults(QueryExecutorImpl.java:2420)
	at org.postgresql.core.v3.QueryExecutorImpl.execute(QueryExecutorImpl.java:372)
	at org.postgresql.jdbc.PgStatement.executeInternal(PgStatement.java:517)
	at org.postgresql.jdbc.PgStatement.execute(PgStatement.java:434)
	at org.postgresql.jdbc.PgStatement.executeWithFlags(PgStatement.java:356)
	at org.postgresql.jdbc.PgStatement.executeCachedSql(PgStatement.java:341)
	at org.postgresql.jdbc.PgStatement.executeWithFlags(PgStatement.java:317)
	at org.postgresql.jdbc.PgStatement.execute(PgStatement.java:312)
	at com.zaxxer.hikari.pool.ProxyStatement.execute(ProxyStatement.java:94)
	at com.zaxxer.hikari.pool.HikariProxyStatement.execute(HikariProxyStatement.java)
	at org.hibernate.tool.schema.internal.exec.GenerationTargetToDatabase.accept(GenerationTargetToDatabase.java:80)
	... 36 common frames omitted
2025-04-12 22:25:46 [main] INFO  o.s.o.j.LocalContainerEntityManagerFactoryBean - Initialized JPA EntityManagerFactory for persistence unit 'default'
2025-04-12 22:25:46 [main] INFO  backend.config.CorsConfig - CORS Configuration Loaded!
2025-04-12 22:25:46 [main] DEBUG o.s.c.e.PropertySourcesPropertyResolver - Found key 'spring.security.oauth2.resourceserver.jwt.issuer-uri' in PropertySource 'environmentProperties' with value of type String
2025-04-12 22:25:46 [main] INFO  o.s.d.j.r.query.QueryEnhancerFactory - Hibernate is in classpath; If applicable, HQL parser will be used.
2025-04-12 22:25:46 [main] DEBUG o.s.c.e.PropertySourcesPropertyResolver - Found key 'graphql.endpoint' in PropertySource 'environmentProperties' with value of type String
2025-04-12 22:25:46 [main] DEBUG o.s.c.e.PropertySourcesPropertyResolver - Found key 'graphql.api-key' in PropertySource 'environmentProperties' with value of type String
2025-04-12 22:25:47 [main] DEBUG o.s.c.e.PropertySourcesPropertyResolver - Found key 'graphql.api.key' in PropertySource 'environmentProperties' with value of type String
2025-04-12 22:25:47 [main] DEBUG o.s.c.e.PropertySourcesPropertyResolver - Found key 'graphql.url' in PropertySource 'environmentProperties' with value of type String
2025-04-12 22:25:47 [main] DEBUG o.s.c.e.PropertySourcesPropertyResolver - Found key 'spring.mail.username' in PropertySource 'environmentProperties' with value of type String
2025-04-12 22:25:47 [main] DEBUG o.s.c.e.PropertySourcesPropertyResolver - Found key 'otp.expiry.minutes' in PropertySource 'environmentProperties' with value of type String
2025-04-12 22:25:47 [main] DEBUG o.s.c.e.PropertySourcesPropertyResolver - Found key 'otp.max.attempts' in PropertySource 'environmentProperties' with value of type String
2025-04-12 22:25:47 [main] DEBUG o.s.c.e.PropertySourcesPropertyResolver - Found key 'graphql.endpoint' in PropertySource 'environmentProperties' with value of type String
2025-04-12 22:25:47 [main] DEBUG o.s.c.e.PropertySourcesPropertyResolver - Found key 'graphql.api-key' in PropertySource 'environmentProperties' with value of type String
2025-04-12 22:25:47 [main] DEBUG o.s.c.e.PropertySourcesPropertyResolver - Found key 'graphql.api.key' in PropertySource 'environmentProperties' with value of type String
2025-04-12 22:25:47 [main] DEBUG o.s.c.e.PropertySourcesPropertyResolver - Found key 'graphql.url' in PropertySource 'environmentProperties' with value of type String
2025-04-12 22:25:47 [main] DEBUG o.s.c.e.PropertySourcesPropertyResolver - Found key 'graphql.endpoint' in PropertySource 'environmentProperties' with value of type String
2025-04-12 22:25:47 [main] DEBUG o.s.c.e.PropertySourcesPropertyResolver - Found key 'graphql.api-key' in PropertySource 'environmentProperties' with value of type String
2025-04-12 22:25:47 [main] DEBUG o.s.c.e.PropertySourcesPropertyResolver - Found key 'graphql.endpoint' in PropertySource 'environmentProperties' with value of type String
2025-04-12 22:25:47 [main] DEBUG o.s.c.e.PropertySourcesPropertyResolver - Found key 'graphql.apiKey' in PropertySource 'environmentProperties' with value of type String
2025-04-12 22:25:47 [main] DEBUG o.s.c.e.PropertySourcesPropertyResolver - Found key 'graphql.endpoint' in PropertySource 'environmentProperties' with value of type String
2025-04-12 22:25:47 [main] DEBUG o.s.c.e.PropertySourcesPropertyResolver - Found key 'graphql.apiKey' in PropertySource 'environmentProperties' with value of type String
2025-04-12 22:25:47 [main] DEBUG o.s.c.e.PropertySourcesPropertyResolver - Found key 'api.base.url' in PropertySource 'environmentProperties' with value of type String
2025-04-12 22:25:47 [main] WARN  o.s.b.a.o.j.JpaBaseConfiguration$JpaWebConfiguration - spring.jpa.open-in-view is enabled by default. Therefore, database queries may be performed during view rendering. Explicitly configure spring.jpa.open-in-view to disable this warning
2025-04-12 22:25:47 [main] INFO  backend.config.CorsConfig - Applying CORS settings...
2025-04-12 22:25:47 [main] DEBUG o.s.s.c.a.a.c.AuthenticationConfiguration$DefaultPasswordEncoderAuthenticationManagerBuilder - No authenticationProviders and no parentAuthenticationManager defined. Returning null.
2025-04-12 22:25:47 [main] INFO  o.s.b.a.e.web.EndpointLinksResolver - Exposing 2 endpoints beneath base path '/actuator'
2025-04-12 22:25:47 [main] INFO  backend.config.SecurityConfig - Configuring security filter chain...
2025-04-12 22:25:47 [main] INFO  backend.config.SecurityConfig - Using issuer URI: https://cognito-idp.ap-south-1.amazonaws.com/ap-south-1_IGHZ9OObg
2025-04-12 22:25:48 [main] INFO  backend.config.SecurityConfig - Configuring authorization rules...
2025-04-12 22:25:48 [main] INFO  backend.config.SecurityConfig - Configuring OAuth2 resource server...
2025-04-12 22:25:48 [main] INFO  backend.config.SecurityConfig - Configuring JWT...
2025-04-12 22:25:48 [main] INFO  backend.config.SecurityConfig - Creating JWT decoder with issuer URI: https://cognito-idp.ap-south-1.amazonaws.com/ap-south-1_IGHZ9OObg
2025-04-12 22:25:48 [main] INFO  backend.config.SecurityConfig - Configuring session management...
2025-04-12 22:25:48 [main] DEBUG o.s.s.web.DefaultSecurityFilterChain - Will secure any request with filters: DisableEncodeUrlFilter, WebAsyncManagerIntegrationFilter, SecurityContextHolderFilter, HeaderWriterFilter, LogoutFilter, BearerTokenAuthenticationFilter, RequestCacheAwareFilter, SecurityContextHolderAwareRequestFilter, AnonymousAuthenticationFilter, SessionManagementFilter, ExceptionTranslationFilter, AuthorizationFilter
2025-04-12 22:25:48 [main] INFO  o.a.coyote.http11.Http11NioProtocol - Starting ProtocolHandler ["http-nio-8081"]
2025-04-12 22:25:48 [main] INFO  o.s.b.w.e.tomcat.TomcatWebServer - Tomcat started on port 8081 (http) with context path '/'
2025-04-12 22:25:48 [main] INFO  backend.HotelBookingApplication - Started HotelBookingApplication in 7.281 seconds (process running for 7.767)
2025-04-12 22:25:50 [http-nio-8081-exec-1] INFO  o.a.c.c.C.[Tomcat].[localhost].[/] - Initializing Spring DispatcherServlet 'dispatcherServlet'
2025-04-12 22:25:50 [http-nio-8081-exec-1] INFO  o.s.web.servlet.DispatcherServlet - Initializing Servlet 'dispatcherServlet'
2025-04-12 22:25:50 [http-nio-8081-exec-1] INFO  o.s.web.servlet.DispatcherServlet - Completed initialization in 4 ms
2025-04-12 22:25:50 [http-nio-8081-exec-1] DEBUG o.s.security.web.FilterChainProxy - Securing POST /api/house-cleaning/generate?date=2025-05-01
2025-04-12 22:25:50 [http-nio-8081-exec-1] DEBUG o.s.s.w.a.AnonymousAuthenticationFilter - Set SecurityContextHolder to anonymous SecurityContext
2025-04-12 22:25:50 [http-nio-8081-exec-1] DEBUG o.s.security.web.FilterChainProxy - Secured POST /api/house-cleaning/generate?date=2025-05-01
2025-04-12 22:25:50 [http-nio-8081-exec-1] INFO  b.s.impl.HouseCleaningServiceImpl - Generating cleaning schedules for date: 2025-05-01
2025-04-12 22:25:50 [http-nio-8081-exec-1] INFO  b.s.impl.HouseCleaningServiceImpl - Check-in bookings: [backend.model.BookingTransaction@7c6bb89c, backend.model.BookingTransaction@1c6692c4, backend.model.BookingTransaction@3e8f9059, backend.model.BookingTransaction@339152e7, backend.model.BookingTransaction@c4b4242, backend.model.BookingTransaction@66712194, backend.model.BookingTransaction@5ee0d1d2, backend.model.BookingTransaction@1c2697db, backend.model.BookingTransaction@32d7246c, backend.model.BookingTransaction@4a2e557c]
2025-04-12 22:25:50 [http-nio-8081-exec-1] INFO  b.s.impl.HouseCleaningServiceImpl - Check-out bookings: []
2025-04-12 22:25:50 [http-nio-8081-exec-1] INFO  b.s.impl.HouseCleaningServiceImpl - Current bookings: [backend.model.BookingTransaction@7c6bb89c, backend.model.BookingTransaction@1c6692c4, backend.model.BookingTransaction@3e8f9059, backend.model.BookingTransaction@339152e7, backend.model.BookingTransaction@c4b4242, backend.model.BookingTransaction@66712194, backend.model.BookingTransaction@5ee0d1d2, backend.model.BookingTransaction@1c2697db, backend.model.BookingTransaction@32d7246c, backend.model.BookingTransaction@4a2e557c]
2025-04-12 22:28:35 [SpringApplicationShutdownHook] INFO  o.s.b.w.e.tomcat.GracefulShutdown - Commencing graceful shutdown. Waiting for active requests to complete
2025-04-12 22:28:35 [tomcat-shutdown] INFO  o.s.b.w.e.tomcat.GracefulShutdown - Graceful shutdown complete
2025-04-12 22:28:35 [SpringApplicationShutdownHook] INFO  o.s.o.j.LocalContainerEntityManagerFactoryBean - Closing JPA EntityManagerFactory for persistence unit 'default'
2025-04-12 22:28:35 [SpringApplicationShutdownHook] INFO  com.zaxxer.hikari.HikariDataSource - HikariPool-1 - Shutdown initiated...
2025-04-12 22:28:35 [SpringApplicationShutdownHook] INFO  com.zaxxer.hikari.HikariDataSource - HikariPool-1 - Shutdown completed.
2025-04-12 22:28:40 [main] INFO  backend.HotelBookingApplication - Starting HotelBookingApplication using Java 17.0.13 with PID 85443 (/Users/sukuna/Documents/coding/IBE/IBE-BE/KDU/target/classes started by sukuna in /Users/sukuna/Documents/coding/IBE/IBE-BE/KDU)
2025-04-12 22:28:40 [main] INFO  backend.HotelBookingApplication - The following 1 profile is active: "dev"
2025-04-12 22:28:41 [main] INFO  o.s.d.r.c.RepositoryConfigurationDelegate - Bootstrapping Spring Data JPA repositories in DEFAULT mode.
2025-04-12 22:28:41 [main] INFO  o.s.d.r.c.RepositoryConfigurationDelegate - Finished Spring Data repository scanning in 58 ms. Found 15 JPA repository interfaces.
2025-04-12 22:28:41 [main] INFO  o.s.b.w.e.tomcat.TomcatWebServer - Tomcat initialized with port 8081 (http)
2025-04-12 22:28:41 [main] INFO  o.a.coyote.http11.Http11NioProtocol - Initializing ProtocolHandler ["http-nio-8081"]
2025-04-12 22:28:41 [main] INFO  o.a.catalina.core.StandardService - Starting service [Tomcat]
2025-04-12 22:28:41 [main] INFO  o.a.catalina.core.StandardEngine - Starting Servlet engine: [Apache Tomcat/10.1.36]
2025-04-12 22:28:41 [main] INFO  o.a.c.c.C.[Tomcat].[localhost].[/] - Initializing Spring embedded WebApplicationContext
2025-04-12 22:28:41 [main] INFO  o.s.b.w.s.c.ServletWebServerApplicationContext - Root WebApplicationContext: initialization completed in 1516 ms
2025-04-12 22:28:42 [main] INFO  com.zaxxer.hikari.HikariDataSource - HikariPool-1 - Starting...
2025-04-12 22:28:42 [main] INFO  com.zaxxer.hikari.pool.HikariPool - HikariPool-1 - Added connection org.postgresql.jdbc.PgConnection@5abc5854
2025-04-12 22:28:42 [main] INFO  com.zaxxer.hikari.HikariDataSource - HikariPool-1 - Start completed.
2025-04-12 22:28:42 [main] INFO  o.s.o.j.p.SpringPersistenceUnitInfo - No LoadTimeWeaver setup: ignoring JPA class transformer
2025-04-12 22:28:42 [main] WARN  org.hibernate.orm.deprecation - HHH90000025: PostgreSQLDialect does not need to be specified explicitly using 'hibernate.dialect' (remove the property setting and it will be selected by default)
2025-04-12 22:28:44 [main] WARN  o.h.t.s.i.ExceptionHandlerLoggedImpl - GenerationTarget encountered exception accepting command : Error executing DDL "create table staff (staff_id varchar(255) generated by default as identity, is_active boolean, shift_id varchar(255), primary key (staff_id))" via JDBC [ERROR: identity column type must be smallint, integer, or bigint]
org.hibernate.tool.schema.spi.CommandAcceptanceException: Error executing DDL "create table staff (staff_id varchar(255) generated by default as identity, is_active boolean, shift_id varchar(255), primary key (staff_id))" via JDBC [ERROR: identity column type must be smallint, integer, or bigint]
	at org.hibernate.tool.schema.internal.exec.GenerationTargetToDatabase.accept(GenerationTargetToDatabase.java:94)
	at org.hibernate.tool.schema.internal.AbstractSchemaMigrator.applySqlString(AbstractSchemaMigrator.java:576)
	at org.hibernate.tool.schema.internal.AbstractSchemaMigrator.applySqlStrings(AbstractSchemaMigrator.java:516)
	at org.hibernate.tool.schema.internal.AbstractSchemaMigrator.createTable(AbstractSchemaMigrator.java:316)
	at org.hibernate.tool.schema.internal.GroupedSchemaMigratorImpl.performTablesMigration(GroupedSchemaMigratorImpl.java:80)
	at org.hibernate.tool.schema.internal.AbstractSchemaMigrator.performMigration(AbstractSchemaMigrator.java:233)
	at org.hibernate.tool.schema.internal.AbstractSchemaMigrator.doMigration(AbstractSchemaMigrator.java:112)
	at org.hibernate.tool.schema.spi.SchemaManagementToolCoordinator.performDatabaseAction(SchemaManagementToolCoordinator.java:280)
	at org.hibernate.tool.schema.spi.SchemaManagementToolCoordinator.lambda$process$5(SchemaManagementToolCoordinator.java:144)
	at java.base/java.util.HashMap.forEach(HashMap.java:1421)
	at org.hibernate.tool.schema.spi.SchemaManagementToolCoordinator.process(SchemaManagementToolCoordinator.java:141)
	at org.hibernate.boot.internal.SessionFactoryObserverForSchemaExport.sessionFactoryCreated(SessionFactoryObserverForSchemaExport.java:37)
	at org.hibernate.internal.SessionFactoryObserverChain.sessionFactoryCreated(SessionFactoryObserverChain.java:35)
	at org.hibernate.internal.SessionFactoryImpl.<init>(SessionFactoryImpl.java:324)
	at org.hibernate.boot.internal.SessionFactoryBuilderImpl.build(SessionFactoryBuilderImpl.java:463)
	at org.hibernate.jpa.boot.internal.EntityManagerFactoryBuilderImpl.build(EntityManagerFactoryBuilderImpl.java:1517)
	at org.springframework.orm.jpa.vendor.SpringHibernateJpaPersistenceProvider.createContainerEntityManagerFactory(SpringHibernateJpaPersistenceProvider.java:66)
	at org.springframework.orm.jpa.LocalContainerEntityManagerFactoryBean.createNativeEntityManagerFactory(LocalContainerEntityManagerFactoryBean.java:390)
	at org.springframework.orm.jpa.AbstractEntityManagerFactoryBean.buildNativeEntityManagerFactory(AbstractEntityManagerFactoryBean.java:419)
	at org.springframework.orm.jpa.AbstractEntityManagerFactoryBean.afterPropertiesSet(AbstractEntityManagerFactoryBean.java:400)
	at org.springframework.orm.jpa.LocalContainerEntityManagerFactoryBean.afterPropertiesSet(LocalContainerEntityManagerFactoryBean.java:366)
	at org.springframework.beans.factory.support.AbstractAutowireCapableBeanFactory.invokeInitMethods(AbstractAutowireCapableBeanFactory.java:1859)
	at org.springframework.beans.factory.support.AbstractAutowireCapableBeanFactory.initializeBean(AbstractAutowireCapableBeanFactory.java:1808)
	at org.springframework.beans.factory.support.AbstractAutowireCapableBeanFactory.doCreateBean(AbstractAutowireCapableBeanFactory.java:601)
	at org.springframework.beans.factory.support.AbstractAutowireCapableBeanFactory.createBean(AbstractAutowireCapableBeanFactory.java:523)
	at org.springframework.beans.factory.support.AbstractBeanFactory.lambda$doGetBean$0(AbstractBeanFactory.java:339)
	at org.springframework.beans.factory.support.DefaultSingletonBeanRegistry.getSingleton(DefaultSingletonBeanRegistry.java:346)
	at org.springframework.beans.factory.support.AbstractBeanFactory.doGetBean(AbstractBeanFactory.java:337)
	at org.springframework.beans.factory.support.AbstractBeanFactory.getBean(AbstractBeanFactory.java:207)
	at org.springframework.context.support.AbstractApplicationContext.finishBeanFactoryInitialization(AbstractApplicationContext.java:970)
	at org.springframework.context.support.AbstractApplicationContext.refresh(AbstractApplicationContext.java:627)
	at org.springframework.boot.web.servlet.context.ServletWebServerApplicationContext.refresh(ServletWebServerApplicationContext.java:146)
	at org.springframework.boot.SpringApplication.refresh(SpringApplication.java:752)
	at org.springframework.boot.SpringApplication.refreshContext(SpringApplication.java:439)
	at org.springframework.boot.SpringApplication.run(SpringApplication.java:318)
	at org.springframework.boot.SpringApplication.run(SpringApplication.java:1361)
	at org.springframework.boot.SpringApplication.run(SpringApplication.java:1350)
	at backend.HotelBookingApplication.main(HotelBookingApplication.java:15)
Caused by: org.postgresql.util.PSQLException: ERROR: identity column type must be smallint, integer, or bigint
	at org.postgresql.core.v3.QueryExecutorImpl.receiveErrorResponse(QueryExecutorImpl.java:2733)
	at org.postgresql.core.v3.QueryExecutorImpl.processResults(QueryExecutorImpl.java:2420)
	at org.postgresql.core.v3.QueryExecutorImpl.execute(QueryExecutorImpl.java:372)
	at org.postgresql.jdbc.PgStatement.executeInternal(PgStatement.java:517)
	at org.postgresql.jdbc.PgStatement.execute(PgStatement.java:434)
	at org.postgresql.jdbc.PgStatement.executeWithFlags(PgStatement.java:356)
	at org.postgresql.jdbc.PgStatement.executeCachedSql(PgStatement.java:341)
	at org.postgresql.jdbc.PgStatement.executeWithFlags(PgStatement.java:317)
	at org.postgresql.jdbc.PgStatement.execute(PgStatement.java:312)
	at com.zaxxer.hikari.pool.ProxyStatement.execute(ProxyStatement.java:94)
	at com.zaxxer.hikari.pool.HikariProxyStatement.execute(HikariProxyStatement.java)
	at org.hibernate.tool.schema.internal.exec.GenerationTargetToDatabase.accept(GenerationTargetToDatabase.java:80)
	... 37 common frames omitted
2025-04-12 22:28:44 [main] WARN  o.h.t.s.i.ExceptionHandlerLoggedImpl - GenerationTarget encountered exception accepting command : Error executing DDL "alter table if exists staff_room_map add constraint FKyd20ehofj2axxe92vl67pqvx foreign key (staff_id) references staff" via JDBC [ERROR: relation "staff" does not exist]
org.hibernate.tool.schema.spi.CommandAcceptanceException: Error executing DDL "alter table if exists staff_room_map add constraint FKyd20ehofj2axxe92vl67pqvx foreign key (staff_id) references staff" via JDBC [ERROR: relation "staff" does not exist]
	at org.hibernate.tool.schema.internal.exec.GenerationTargetToDatabase.accept(GenerationTargetToDatabase.java:94)
	at org.hibernate.tool.schema.internal.AbstractSchemaMigrator.applySqlString(AbstractSchemaMigrator.java:576)
	at org.hibernate.tool.schema.internal.AbstractSchemaMigrator.applySqlStrings(AbstractSchemaMigrator.java:516)
	at org.hibernate.tool.schema.internal.AbstractSchemaMigrator.applyForeignKeys(AbstractSchemaMigrator.java:448)
	at org.hibernate.tool.schema.internal.AbstractSchemaMigrator.performMigration(AbstractSchemaMigrator.java:269)
	at org.hibernate.tool.schema.internal.AbstractSchemaMigrator.doMigration(AbstractSchemaMigrator.java:112)
	at org.hibernate.tool.schema.spi.SchemaManagementToolCoordinator.performDatabaseAction(SchemaManagementToolCoordinator.java:280)
	at org.hibernate.tool.schema.spi.SchemaManagementToolCoordinator.lambda$process$5(SchemaManagementToolCoordinator.java:144)
	at java.base/java.util.HashMap.forEach(HashMap.java:1421)
	at org.hibernate.tool.schema.spi.SchemaManagementToolCoordinator.process(SchemaManagementToolCoordinator.java:141)
	at org.hibernate.boot.internal.SessionFactoryObserverForSchemaExport.sessionFactoryCreated(SessionFactoryObserverForSchemaExport.java:37)
	at org.hibernate.internal.SessionFactoryObserverChain.sessionFactoryCreated(SessionFactoryObserverChain.java:35)
	at org.hibernate.internal.SessionFactoryImpl.<init>(SessionFactoryImpl.java:324)
	at org.hibernate.boot.internal.SessionFactoryBuilderImpl.build(SessionFactoryBuilderImpl.java:463)
	at org.hibernate.jpa.boot.internal.EntityManagerFactoryBuilderImpl.build(EntityManagerFactoryBuilderImpl.java:1517)
	at org.springframework.orm.jpa.vendor.SpringHibernateJpaPersistenceProvider.createContainerEntityManagerFactory(SpringHibernateJpaPersistenceProvider.java:66)
	at org.springframework.orm.jpa.LocalContainerEntityManagerFactoryBean.createNativeEntityManagerFactory(LocalContainerEntityManagerFactoryBean.java:390)
	at org.springframework.orm.jpa.AbstractEntityManagerFactoryBean.buildNativeEntityManagerFactory(AbstractEntityManagerFactoryBean.java:419)
	at org.springframework.orm.jpa.AbstractEntityManagerFactoryBean.afterPropertiesSet(AbstractEntityManagerFactoryBean.java:400)
	at org.springframework.orm.jpa.LocalContainerEntityManagerFactoryBean.afterPropertiesSet(LocalContainerEntityManagerFactoryBean.java:366)
	at org.springframework.beans.factory.support.AbstractAutowireCapableBeanFactory.invokeInitMethods(AbstractAutowireCapableBeanFactory.java:1859)
	at org.springframework.beans.factory.support.AbstractAutowireCapableBeanFactory.initializeBean(AbstractAutowireCapableBeanFactory.java:1808)
	at org.springframework.beans.factory.support.AbstractAutowireCapableBeanFactory.doCreateBean(AbstractAutowireCapableBeanFactory.java:601)
	at org.springframework.beans.factory.support.AbstractAutowireCapableBeanFactory.createBean(AbstractAutowireCapableBeanFactory.java:523)
	at org.springframework.beans.factory.support.AbstractBeanFactory.lambda$doGetBean$0(AbstractBeanFactory.java:339)
	at org.springframework.beans.factory.support.DefaultSingletonBeanRegistry.getSingleton(DefaultSingletonBeanRegistry.java:346)
	at org.springframework.beans.factory.support.AbstractBeanFactory.doGetBean(AbstractBeanFactory.java:337)
	at org.springframework.beans.factory.support.AbstractBeanFactory.getBean(AbstractBeanFactory.java:207)
	at org.springframework.context.support.AbstractApplicationContext.finishBeanFactoryInitialization(AbstractApplicationContext.java:970)
	at org.springframework.context.support.AbstractApplicationContext.refresh(AbstractApplicationContext.java:627)
	at org.springframework.boot.web.servlet.context.ServletWebServerApplicationContext.refresh(ServletWebServerApplicationContext.java:146)
	at org.springframework.boot.SpringApplication.refresh(SpringApplication.java:752)
	at org.springframework.boot.SpringApplication.refreshContext(SpringApplication.java:439)
	at org.springframework.boot.SpringApplication.run(SpringApplication.java:318)
	at org.springframework.boot.SpringApplication.run(SpringApplication.java:1361)
	at org.springframework.boot.SpringApplication.run(SpringApplication.java:1350)
	at backend.HotelBookingApplication.main(HotelBookingApplication.java:15)
Caused by: org.postgresql.util.PSQLException: ERROR: relation "staff" does not exist
	at org.postgresql.core.v3.QueryExecutorImpl.receiveErrorResponse(QueryExecutorImpl.java:2733)
	at org.postgresql.core.v3.QueryExecutorImpl.processResults(QueryExecutorImpl.java:2420)
	at org.postgresql.core.v3.QueryExecutorImpl.execute(QueryExecutorImpl.java:372)
	at org.postgresql.jdbc.PgStatement.executeInternal(PgStatement.java:517)
	at org.postgresql.jdbc.PgStatement.execute(PgStatement.java:434)
	at org.postgresql.jdbc.PgStatement.executeWithFlags(PgStatement.java:356)
	at org.postgresql.jdbc.PgStatement.executeCachedSql(PgStatement.java:341)
	at org.postgresql.jdbc.PgStatement.executeWithFlags(PgStatement.java:317)
	at org.postgresql.jdbc.PgStatement.execute(PgStatement.java:312)
	at com.zaxxer.hikari.pool.ProxyStatement.execute(ProxyStatement.java:94)
	at com.zaxxer.hikari.pool.HikariProxyStatement.execute(HikariProxyStatement.java)
	at org.hibernate.tool.schema.internal.exec.GenerationTargetToDatabase.accept(GenerationTargetToDatabase.java:80)
	... 36 common frames omitted
2025-04-12 22:28:44 [main] INFO  o.s.o.j.LocalContainerEntityManagerFactoryBean - Initialized JPA EntityManagerFactory for persistence unit 'default'
2025-04-12 22:28:44 [main] INFO  backend.config.CorsConfig - CORS Configuration Loaded!
2025-04-12 22:28:44 [main] DEBUG o.s.c.e.PropertySourcesPropertyResolver - Found key 'spring.security.oauth2.resourceserver.jwt.issuer-uri' in PropertySource 'environmentProperties' with value of type String
2025-04-12 22:28:44 [main] INFO  o.s.d.j.r.query.QueryEnhancerFactory - Hibernate is in classpath; If applicable, HQL parser will be used.
2025-04-12 22:28:44 [main] DEBUG o.s.c.e.PropertySourcesPropertyResolver - Found key 'graphql.endpoint' in PropertySource 'environmentProperties' with value of type String
2025-04-12 22:28:44 [main] DEBUG o.s.c.e.PropertySourcesPropertyResolver - Found key 'graphql.api-key' in PropertySource 'environmentProperties' with value of type String
2025-04-12 22:28:45 [main] DEBUG o.s.c.e.PropertySourcesPropertyResolver - Found key 'graphql.api.key' in PropertySource 'environmentProperties' with value of type String
2025-04-12 22:28:45 [main] DEBUG o.s.c.e.PropertySourcesPropertyResolver - Found key 'graphql.url' in PropertySource 'environmentProperties' with value of type String
2025-04-12 22:28:45 [main] DEBUG o.s.c.e.PropertySourcesPropertyResolver - Found key 'spring.mail.username' in PropertySource 'environmentProperties' with value of type String
2025-04-12 22:28:45 [main] DEBUG o.s.c.e.PropertySourcesPropertyResolver - Found key 'otp.expiry.minutes' in PropertySource 'environmentProperties' with value of type String
2025-04-12 22:28:45 [main] DEBUG o.s.c.e.PropertySourcesPropertyResolver - Found key 'otp.max.attempts' in PropertySource 'environmentProperties' with value of type String
2025-04-12 22:28:45 [main] DEBUG o.s.c.e.PropertySourcesPropertyResolver - Found key 'graphql.endpoint' in PropertySource 'environmentProperties' with value of type String
2025-04-12 22:28:45 [main] DEBUG o.s.c.e.PropertySourcesPropertyResolver - Found key 'graphql.api-key' in PropertySource 'environmentProperties' with value of type String
2025-04-12 22:28:45 [main] DEBUG o.s.c.e.PropertySourcesPropertyResolver - Found key 'graphql.api.key' in PropertySource 'environmentProperties' with value of type String
2025-04-12 22:28:45 [main] DEBUG o.s.c.e.PropertySourcesPropertyResolver - Found key 'graphql.url' in PropertySource 'environmentProperties' with value of type String
2025-04-12 22:28:45 [main] DEBUG o.s.c.e.PropertySourcesPropertyResolver - Found key 'graphql.endpoint' in PropertySource 'environmentProperties' with value of type String
2025-04-12 22:28:45 [main] DEBUG o.s.c.e.PropertySourcesPropertyResolver - Found key 'graphql.api-key' in PropertySource 'environmentProperties' with value of type String
2025-04-12 22:28:45 [main] DEBUG o.s.c.e.PropertySourcesPropertyResolver - Found key 'graphql.endpoint' in PropertySource 'environmentProperties' with value of type String
2025-04-12 22:28:45 [main] DEBUG o.s.c.e.PropertySourcesPropertyResolver - Found key 'graphql.apiKey' in PropertySource 'environmentProperties' with value of type String
2025-04-12 22:28:45 [main] DEBUG o.s.c.e.PropertySourcesPropertyResolver - Found key 'graphql.endpoint' in PropertySource 'environmentProperties' with value of type String
2025-04-12 22:28:45 [main] DEBUG o.s.c.e.PropertySourcesPropertyResolver - Found key 'graphql.apiKey' in PropertySource 'environmentProperties' with value of type String
2025-04-12 22:28:45 [main] DEBUG o.s.c.e.PropertySourcesPropertyResolver - Found key 'api.base.url' in PropertySource 'environmentProperties' with value of type String
2025-04-12 22:28:45 [main] WARN  o.s.b.a.o.j.JpaBaseConfiguration$JpaWebConfiguration - spring.jpa.open-in-view is enabled by default. Therefore, database queries may be performed during view rendering. Explicitly configure spring.jpa.open-in-view to disable this warning
2025-04-12 22:28:45 [main] INFO  backend.config.CorsConfig - Applying CORS settings...
2025-04-12 22:28:45 [main] DEBUG o.s.s.c.a.a.c.AuthenticationConfiguration$DefaultPasswordEncoderAuthenticationManagerBuilder - No authenticationProviders and no parentAuthenticationManager defined. Returning null.
2025-04-12 22:28:46 [main] INFO  o.s.b.a.e.web.EndpointLinksResolver - Exposing 2 endpoints beneath base path '/actuator'
2025-04-12 22:28:46 [main] INFO  backend.config.SecurityConfig - Configuring security filter chain...
2025-04-12 22:28:46 [main] INFO  backend.config.SecurityConfig - Using issuer URI: https://cognito-idp.ap-south-1.amazonaws.com/ap-south-1_IGHZ9OObg
2025-04-12 22:28:46 [main] INFO  backend.config.SecurityConfig - Configuring authorization rules...
2025-04-12 22:28:46 [main] INFO  backend.config.SecurityConfig - Configuring OAuth2 resource server...
2025-04-12 22:28:46 [main] INFO  backend.config.SecurityConfig - Configuring JWT...
2025-04-12 22:28:46 [main] INFO  backend.config.SecurityConfig - Creating JWT decoder with issuer URI: https://cognito-idp.ap-south-1.amazonaws.com/ap-south-1_IGHZ9OObg
2025-04-12 22:28:46 [main] INFO  backend.config.SecurityConfig - Configuring session management...
2025-04-12 22:28:46 [main] DEBUG o.s.s.web.DefaultSecurityFilterChain - Will secure any request with filters: DisableEncodeUrlFilter, WebAsyncManagerIntegrationFilter, SecurityContextHolderFilter, HeaderWriterFilter, LogoutFilter, BearerTokenAuthenticationFilter, RequestCacheAwareFilter, SecurityContextHolderAwareRequestFilter, AnonymousAuthenticationFilter, SessionManagementFilter, ExceptionTranslationFilter, AuthorizationFilter
2025-04-12 22:28:46 [main] INFO  o.a.coyote.http11.Http11NioProtocol - Starting ProtocolHandler ["http-nio-8081"]
2025-04-12 22:28:46 [main] INFO  o.s.b.w.e.tomcat.TomcatWebServer - Tomcat started on port 8081 (http) with context path '/'
2025-04-12 22:28:46 [main] INFO  backend.HotelBookingApplication - Started HotelBookingApplication in 8.195 seconds (process running for 8.689)
2025-04-12 22:28:48 [http-nio-8081-exec-1] INFO  o.a.c.c.C.[Tomcat].[localhost].[/] - Initializing Spring DispatcherServlet 'dispatcherServlet'
2025-04-12 22:28:48 [http-nio-8081-exec-1] INFO  o.s.web.servlet.DispatcherServlet - Initializing Servlet 'dispatcherServlet'
2025-04-12 22:28:48 [http-nio-8081-exec-1] INFO  o.s.web.servlet.DispatcherServlet - Completed initialization in 1 ms
2025-04-12 22:28:48 [http-nio-8081-exec-1] DEBUG o.s.security.web.FilterChainProxy - Securing POST /api/house-cleaning/generate?date=2025-05-01
2025-04-12 22:28:48 [http-nio-8081-exec-1] DEBUG o.s.s.w.a.AnonymousAuthenticationFilter - Set SecurityContextHolder to anonymous SecurityContext
2025-04-12 22:28:48 [http-nio-8081-exec-1] DEBUG o.s.security.web.FilterChainProxy - Secured POST /api/house-cleaning/generate?date=2025-05-01
2025-04-12 22:28:48 [http-nio-8081-exec-1] INFO  b.s.impl.HouseCleaningServiceImpl - Starting to generate cleaning schedules for date: 2025-05-01
2025-04-12 22:28:48 [http-nio-8081-exec-1] INFO  b.s.impl.HouseCleaningServiceImpl - Processing check-in and check-out bookings
2025-04-12 22:28:48 [http-nio-8081-exec-1] WARN  b.s.impl.HouseCleaningServiceImpl - No room ID found in booking: 13
2025-04-12 22:28:48 [http-nio-8081-exec-1] WARN  b.s.impl.HouseCleaningServiceImpl - Booking ID 13 has no room ID
2025-04-12 22:28:48 [http-nio-8081-exec-1] WARN  b.s.impl.HouseCleaningServiceImpl - No room ID found in booking: 12
2025-04-12 22:28:48 [http-nio-8081-exec-1] WARN  b.s.impl.HouseCleaningServiceImpl - Booking ID 12 has no room ID
2025-04-12 22:28:48 [http-nio-8081-exec-1] WARN  b.s.impl.HouseCleaningServiceImpl - No room ID found in booking: 15
2025-04-12 22:28:48 [http-nio-8081-exec-1] WARN  b.s.impl.HouseCleaningServiceImpl - Booking ID 15 has no room ID
2025-04-12 22:28:48 [http-nio-8081-exec-1] WARN  b.s.impl.HouseCleaningServiceImpl - No room ID found in booking: 14
2025-04-12 22:28:48 [http-nio-8081-exec-1] WARN  b.s.impl.HouseCleaningServiceImpl - Booking ID 14 has no room ID
2025-04-12 22:28:48 [http-nio-8081-exec-1] WARN  b.s.impl.HouseCleaningServiceImpl - No room ID found in booking: 53
2025-04-12 22:28:48 [http-nio-8081-exec-1] WARN  b.s.impl.HouseCleaningServiceImpl - Booking ID 53 has no room ID
2025-04-12 22:28:48 [http-nio-8081-exec-1] WARN  b.s.impl.HouseCleaningServiceImpl - No room ID found in booking: 55
2025-04-12 22:28:48 [http-nio-8081-exec-1] WARN  b.s.impl.HouseCleaningServiceImpl - Booking ID 55 has no room ID
2025-04-12 22:28:48 [http-nio-8081-exec-1] WARN  b.s.impl.HouseCleaningServiceImpl - No room ID found in booking: 59
2025-04-12 22:28:48 [http-nio-8081-exec-1] WARN  b.s.impl.HouseCleaningServiceImpl - Booking ID 59 has no room ID
2025-04-12 22:28:48 [http-nio-8081-exec-1] WARN  b.s.impl.HouseCleaningServiceImpl - No room ID found in booking: 60
2025-04-12 22:28:48 [http-nio-8081-exec-1] WARN  b.s.impl.HouseCleaningServiceImpl - Booking ID 60 has no room ID
2025-04-12 22:28:48 [http-nio-8081-exec-1] WARN  b.s.impl.HouseCleaningServiceImpl - No room ID found in booking: 155
2025-04-12 22:28:48 [http-nio-8081-exec-1] WARN  b.s.impl.HouseCleaningServiceImpl - Booking ID 155 has no room ID
2025-04-12 22:28:48 [http-nio-8081-exec-1] WARN  b.s.impl.HouseCleaningServiceImpl - No room ID found in booking: 318
2025-04-12 22:28:48 [http-nio-8081-exec-1] WARN  b.s.impl.HouseCleaningServiceImpl - Booking ID 318 has no room ID
2025-04-12 22:28:48 [http-nio-8081-exec-1] INFO  b.s.impl.HouseCleaningServiceImpl - Processing check-out only bookings
2025-04-12 22:28:48 [http-nio-8081-exec-1] INFO  b.s.impl.HouseCleaningServiceImpl - Processing booked rooms without check-in or check-out
2025-04-12 22:28:48 [http-nio-8081-exec-1] WARN  b.s.impl.HouseCleaningServiceImpl - No room ID found in booking: 13
2025-04-12 22:28:48 [http-nio-8081-exec-1] WARN  b.s.impl.HouseCleaningServiceImpl - Current booking ID 13 has no room ID
2025-04-12 22:28:48 [http-nio-8081-exec-1] WARN  b.s.impl.HouseCleaningServiceImpl - No room ID found in booking: 12
2025-04-12 22:28:48 [http-nio-8081-exec-1] WARN  b.s.impl.HouseCleaningServiceImpl - Current booking ID 12 has no room ID
2025-04-12 22:28:48 [http-nio-8081-exec-1] WARN  b.s.impl.HouseCleaningServiceImpl - No room ID found in booking: 15
2025-04-12 22:28:48 [http-nio-8081-exec-1] WARN  b.s.impl.HouseCleaningServiceImpl - Current booking ID 15 has no room ID
2025-04-12 22:28:48 [http-nio-8081-exec-1] WARN  b.s.impl.HouseCleaningServiceImpl - No room ID found in booking: 14
2025-04-12 22:28:48 [http-nio-8081-exec-1] WARN  b.s.impl.HouseCleaningServiceImpl - Current booking ID 14 has no room ID
2025-04-12 22:28:48 [http-nio-8081-exec-1] WARN  b.s.impl.HouseCleaningServiceImpl - No room ID found in booking: 53
2025-04-12 22:28:48 [http-nio-8081-exec-1] WARN  b.s.impl.HouseCleaningServiceImpl - Current booking ID 53 has no room ID
2025-04-12 22:28:48 [http-nio-8081-exec-1] WARN  b.s.impl.HouseCleaningServiceImpl - No room ID found in booking: 55
2025-04-12 22:28:48 [http-nio-8081-exec-1] WARN  b.s.impl.HouseCleaningServiceImpl - Current booking ID 55 has no room ID
2025-04-12 22:28:48 [http-nio-8081-exec-1] WARN  b.s.impl.HouseCleaningServiceImpl - No room ID found in booking: 59
2025-04-12 22:28:48 [http-nio-8081-exec-1] WARN  b.s.impl.HouseCleaningServiceImpl - Current booking ID 59 has no room ID
2025-04-12 22:28:48 [http-nio-8081-exec-1] WARN  b.s.impl.HouseCleaningServiceImpl - No room ID found in booking: 60
2025-04-12 22:28:48 [http-nio-8081-exec-1] WARN  b.s.impl.HouseCleaningServiceImpl - Current booking ID 60 has no room ID
2025-04-12 22:28:48 [http-nio-8081-exec-1] WARN  b.s.impl.HouseCleaningServiceImpl - No room ID found in booking: 155
2025-04-12 22:28:48 [http-nio-8081-exec-1] WARN  b.s.impl.HouseCleaningServiceImpl - Current booking ID 155 has no room ID
2025-04-12 22:28:48 [http-nio-8081-exec-1] WARN  b.s.impl.HouseCleaningServiceImpl - No room ID found in booking: 318
2025-04-12 22:28:48 [http-nio-8081-exec-1] WARN  b.s.impl.HouseCleaningServiceImpl - Current booking ID 318 has no room ID
2025-04-12 22:28:48 [http-nio-8081-exec-1] INFO  b.s.impl.HouseCleaningServiceImpl - Saving 0 cleaning schedules
2025-04-12 22:28:48 [http-nio-8081-exec-1] INFO  b.s.impl.HouseCleaningServiceImpl - Successfully saved 0 cleaning schedules
2025-04-12 22:30:03 [http-nio-8081-exec-3] DEBUG o.s.security.web.FilterChainProxy - Securing GET /api/house-cleaning/schedules?date=2025-05-01
2025-04-12 22:30:03 [http-nio-8081-exec-3] DEBUG o.s.s.w.a.AnonymousAuthenticationFilter - Set SecurityContextHolder to anonymous SecurityContext
2025-04-12 22:30:03 [http-nio-8081-exec-3] DEBUG o.s.security.web.FilterChainProxy - Secured GET /api/house-cleaning/schedules?date=2025-05-01
2025-04-12 22:34:10 [SpringApplicationShutdownHook] INFO  o.s.b.w.e.tomcat.GracefulShutdown - Commencing graceful shutdown. Waiting for active requests to complete
2025-04-12 22:34:10 [tomcat-shutdown] INFO  o.s.b.w.e.tomcat.GracefulShutdown - Graceful shutdown complete
2025-04-12 22:34:10 [SpringApplicationShutdownHook] INFO  o.s.o.j.LocalContainerEntityManagerFactoryBean - Closing JPA EntityManagerFactory for persistence unit 'default'
2025-04-12 22:34:10 [SpringApplicationShutdownHook] INFO  com.zaxxer.hikari.HikariDataSource - HikariPool-1 - Shutdown initiated...
2025-04-12 22:34:10 [SpringApplicationShutdownHook] INFO  com.zaxxer.hikari.HikariDataSource - HikariPool-1 - Shutdown completed.
2025-04-12 22:34:13 [main] INFO  backend.HotelBookingApplication - Starting HotelBookingApplication using Java 17.0.13 with PID 85757 (/Users/sukuna/Documents/coding/IBE/IBE-BE/KDU/target/classes started by sukuna in /Users/sukuna/Documents/coding/IBE/IBE-BE/KDU)
2025-04-12 22:34:13 [main] INFO  backend.HotelBookingApplication - The following 1 profile is active: "dev"
2025-04-12 22:34:14 [main] INFO  o.s.d.r.c.RepositoryConfigurationDelegate - Bootstrapping Spring Data JPA repositories in DEFAULT mode.
2025-04-12 22:34:14 [main] INFO  o.s.d.r.c.RepositoryConfigurationDelegate - Finished Spring Data repository scanning in 62 ms. Found 15 JPA repository interfaces.
2025-04-12 22:34:15 [main] INFO  o.s.b.w.e.tomcat.TomcatWebServer - Tomcat initialized with port 8081 (http)
2025-04-12 22:34:15 [main] INFO  o.a.coyote.http11.Http11NioProtocol - Initializing ProtocolHandler ["http-nio-8081"]
2025-04-12 22:34:15 [main] INFO  o.a.catalina.core.StandardService - Starting service [Tomcat]
2025-04-12 22:34:15 [main] INFO  o.a.catalina.core.StandardEngine - Starting Servlet engine: [Apache Tomcat/10.1.36]
2025-04-12 22:34:15 [main] INFO  o.a.c.c.C.[Tomcat].[localhost].[/] - Initializing Spring embedded WebApplicationContext
2025-04-12 22:34:15 [main] INFO  o.s.b.w.s.c.ServletWebServerApplicationContext - Root WebApplicationContext: initialization completed in 1657 ms
2025-04-12 22:34:15 [main] INFO  com.zaxxer.hikari.HikariDataSource - HikariPool-1 - Starting...
2025-04-12 22:34:16 [main] INFO  com.zaxxer.hikari.pool.HikariPool - HikariPool-1 - Added connection org.postgresql.jdbc.PgConnection@5e7e7a7e
2025-04-12 22:34:16 [main] INFO  com.zaxxer.hikari.HikariDataSource - HikariPool-1 - Start completed.
2025-04-12 22:34:16 [main] INFO  o.s.o.j.p.SpringPersistenceUnitInfo - No LoadTimeWeaver setup: ignoring JPA class transformer
2025-04-12 22:34:16 [main] WARN  org.hibernate.orm.deprecation - HHH90000025: PostgreSQLDialect does not need to be specified explicitly using 'hibernate.dialect' (remove the property setting and it will be selected by default)
2025-04-12 22:34:17 [main] WARN  o.h.t.s.i.ExceptionHandlerLoggedImpl - GenerationTarget encountered exception accepting command : Error executing DDL "create table staff (staff_id varchar(255) generated by default as identity, is_active boolean, shift_id varchar(255), primary key (staff_id))" via JDBC [ERROR: identity column type must be smallint, integer, or bigint]
org.hibernate.tool.schema.spi.CommandAcceptanceException: Error executing DDL "create table staff (staff_id varchar(255) generated by default as identity, is_active boolean, shift_id varchar(255), primary key (staff_id))" via JDBC [ERROR: identity column type must be smallint, integer, or bigint]
	at org.hibernate.tool.schema.internal.exec.GenerationTargetToDatabase.accept(GenerationTargetToDatabase.java:94)
	at org.hibernate.tool.schema.internal.AbstractSchemaMigrator.applySqlString(AbstractSchemaMigrator.java:576)
	at org.hibernate.tool.schema.internal.AbstractSchemaMigrator.applySqlStrings(AbstractSchemaMigrator.java:516)
	at org.hibernate.tool.schema.internal.AbstractSchemaMigrator.createTable(AbstractSchemaMigrator.java:316)
	at org.hibernate.tool.schema.internal.GroupedSchemaMigratorImpl.performTablesMigration(GroupedSchemaMigratorImpl.java:80)
	at org.hibernate.tool.schema.internal.AbstractSchemaMigrator.performMigration(AbstractSchemaMigrator.java:233)
	at org.hibernate.tool.schema.internal.AbstractSchemaMigrator.doMigration(AbstractSchemaMigrator.java:112)
	at org.hibernate.tool.schema.spi.SchemaManagementToolCoordinator.performDatabaseAction(SchemaManagementToolCoordinator.java:280)
	at org.hibernate.tool.schema.spi.SchemaManagementToolCoordinator.lambda$process$5(SchemaManagementToolCoordinator.java:144)
	at java.base/java.util.HashMap.forEach(HashMap.java:1421)
	at org.hibernate.tool.schema.spi.SchemaManagementToolCoordinator.process(SchemaManagementToolCoordinator.java:141)
	at org.hibernate.boot.internal.SessionFactoryObserverForSchemaExport.sessionFactoryCreated(SessionFactoryObserverForSchemaExport.java:37)
	at org.hibernate.internal.SessionFactoryObserverChain.sessionFactoryCreated(SessionFactoryObserverChain.java:35)
	at org.hibernate.internal.SessionFactoryImpl.<init>(SessionFactoryImpl.java:324)
	at org.hibernate.boot.internal.SessionFactoryBuilderImpl.build(SessionFactoryBuilderImpl.java:463)
	at org.hibernate.jpa.boot.internal.EntityManagerFactoryBuilderImpl.build(EntityManagerFactoryBuilderImpl.java:1517)
	at org.springframework.orm.jpa.vendor.SpringHibernateJpaPersistenceProvider.createContainerEntityManagerFactory(SpringHibernateJpaPersistenceProvider.java:66)
	at org.springframework.orm.jpa.LocalContainerEntityManagerFactoryBean.createNativeEntityManagerFactory(LocalContainerEntityManagerFactoryBean.java:390)
	at org.springframework.orm.jpa.AbstractEntityManagerFactoryBean.buildNativeEntityManagerFactory(AbstractEntityManagerFactoryBean.java:419)
	at org.springframework.orm.jpa.AbstractEntityManagerFactoryBean.afterPropertiesSet(AbstractEntityManagerFactoryBean.java:400)
	at org.springframework.orm.jpa.LocalContainerEntityManagerFactoryBean.afterPropertiesSet(LocalContainerEntityManagerFactoryBean.java:366)
	at org.springframework.beans.factory.support.AbstractAutowireCapableBeanFactory.invokeInitMethods(AbstractAutowireCapableBeanFactory.java:1859)
	at org.springframework.beans.factory.support.AbstractAutowireCapableBeanFactory.initializeBean(AbstractAutowireCapableBeanFactory.java:1808)
	at org.springframework.beans.factory.support.AbstractAutowireCapableBeanFactory.doCreateBean(AbstractAutowireCapableBeanFactory.java:601)
	at org.springframework.beans.factory.support.AbstractAutowireCapableBeanFactory.createBean(AbstractAutowireCapableBeanFactory.java:523)
	at org.springframework.beans.factory.support.AbstractBeanFactory.lambda$doGetBean$0(AbstractBeanFactory.java:339)
	at org.springframework.beans.factory.support.DefaultSingletonBeanRegistry.getSingleton(DefaultSingletonBeanRegistry.java:346)
	at org.springframework.beans.factory.support.AbstractBeanFactory.doGetBean(AbstractBeanFactory.java:337)
	at org.springframework.beans.factory.support.AbstractBeanFactory.getBean(AbstractBeanFactory.java:207)
	at org.springframework.context.support.AbstractApplicationContext.finishBeanFactoryInitialization(AbstractApplicationContext.java:970)
	at org.springframework.context.support.AbstractApplicationContext.refresh(AbstractApplicationContext.java:627)
	at org.springframework.boot.web.servlet.context.ServletWebServerApplicationContext.refresh(ServletWebServerApplicationContext.java:146)
	at org.springframework.boot.SpringApplication.refresh(SpringApplication.java:752)
	at org.springframework.boot.SpringApplication.refreshContext(SpringApplication.java:439)
	at org.springframework.boot.SpringApplication.run(SpringApplication.java:318)
	at org.springframework.boot.SpringApplication.run(SpringApplication.java:1361)
	at org.springframework.boot.SpringApplication.run(SpringApplication.java:1350)
	at backend.HotelBookingApplication.main(HotelBookingApplication.java:15)
Caused by: org.postgresql.util.PSQLException: ERROR: identity column type must be smallint, integer, or bigint
	at org.postgresql.core.v3.QueryExecutorImpl.receiveErrorResponse(QueryExecutorImpl.java:2733)
	at org.postgresql.core.v3.QueryExecutorImpl.processResults(QueryExecutorImpl.java:2420)
	at org.postgresql.core.v3.QueryExecutorImpl.execute(QueryExecutorImpl.java:372)
	at org.postgresql.jdbc.PgStatement.executeInternal(PgStatement.java:517)
	at org.postgresql.jdbc.PgStatement.execute(PgStatement.java:434)
	at org.postgresql.jdbc.PgStatement.executeWithFlags(PgStatement.java:356)
	at org.postgresql.jdbc.PgStatement.executeCachedSql(PgStatement.java:341)
	at org.postgresql.jdbc.PgStatement.executeWithFlags(PgStatement.java:317)
	at org.postgresql.jdbc.PgStatement.execute(PgStatement.java:312)
	at com.zaxxer.hikari.pool.ProxyStatement.execute(ProxyStatement.java:94)
	at com.zaxxer.hikari.pool.HikariProxyStatement.execute(HikariProxyStatement.java)
	at org.hibernate.tool.schema.internal.exec.GenerationTargetToDatabase.accept(GenerationTargetToDatabase.java:80)
	... 37 common frames omitted
2025-04-12 22:34:18 [main] WARN  o.h.t.s.i.ExceptionHandlerLoggedImpl - GenerationTarget encountered exception accepting command : Error executing DDL "alter table if exists staff_room_map add constraint FKyd20ehofj2axxe92vl67pqvx foreign key (staff_id) references staff" via JDBC [ERROR: relation "staff" does not exist]
org.hibernate.tool.schema.spi.CommandAcceptanceException: Error executing DDL "alter table if exists staff_room_map add constraint FKyd20ehofj2axxe92vl67pqvx foreign key (staff_id) references staff" via JDBC [ERROR: relation "staff" does not exist]
	at org.hibernate.tool.schema.internal.exec.GenerationTargetToDatabase.accept(GenerationTargetToDatabase.java:94)
	at org.hibernate.tool.schema.internal.AbstractSchemaMigrator.applySqlString(AbstractSchemaMigrator.java:576)
	at org.hibernate.tool.schema.internal.AbstractSchemaMigrator.applySqlStrings(AbstractSchemaMigrator.java:516)
	at org.hibernate.tool.schema.internal.AbstractSchemaMigrator.applyForeignKeys(AbstractSchemaMigrator.java:448)
	at org.hibernate.tool.schema.internal.AbstractSchemaMigrator.performMigration(AbstractSchemaMigrator.java:269)
	at org.hibernate.tool.schema.internal.AbstractSchemaMigrator.doMigration(AbstractSchemaMigrator.java:112)
	at org.hibernate.tool.schema.spi.SchemaManagementToolCoordinator.performDatabaseAction(SchemaManagementToolCoordinator.java:280)
	at org.hibernate.tool.schema.spi.SchemaManagementToolCoordinator.lambda$process$5(SchemaManagementToolCoordinator.java:144)
	at java.base/java.util.HashMap.forEach(HashMap.java:1421)
	at org.hibernate.tool.schema.spi.SchemaManagementToolCoordinator.process(SchemaManagementToolCoordinator.java:141)
	at org.hibernate.boot.internal.SessionFactoryObserverForSchemaExport.sessionFactoryCreated(SessionFactoryObserverForSchemaExport.java:37)
	at org.hibernate.internal.SessionFactoryObserverChain.sessionFactoryCreated(SessionFactoryObserverChain.java:35)
	at org.hibernate.internal.SessionFactoryImpl.<init>(SessionFactoryImpl.java:324)
	at org.hibernate.boot.internal.SessionFactoryBuilderImpl.build(SessionFactoryBuilderImpl.java:463)
	at org.hibernate.jpa.boot.internal.EntityManagerFactoryBuilderImpl.build(EntityManagerFactoryBuilderImpl.java:1517)
	at org.springframework.orm.jpa.vendor.SpringHibernateJpaPersistenceProvider.createContainerEntityManagerFactory(SpringHibernateJpaPersistenceProvider.java:66)
	at org.springframework.orm.jpa.LocalContainerEntityManagerFactoryBean.createNativeEntityManagerFactory(LocalContainerEntityManagerFactoryBean.java:390)
	at org.springframework.orm.jpa.AbstractEntityManagerFactoryBean.buildNativeEntityManagerFactory(AbstractEntityManagerFactoryBean.java:419)
	at org.springframework.orm.jpa.AbstractEntityManagerFactoryBean.afterPropertiesSet(AbstractEntityManagerFactoryBean.java:400)
	at org.springframework.orm.jpa.LocalContainerEntityManagerFactoryBean.afterPropertiesSet(LocalContainerEntityManagerFactoryBean.java:366)
	at org.springframework.beans.factory.support.AbstractAutowireCapableBeanFactory.invokeInitMethods(AbstractAutowireCapableBeanFactory.java:1859)
	at org.springframework.beans.factory.support.AbstractAutowireCapableBeanFactory.initializeBean(AbstractAutowireCapableBeanFactory.java:1808)
	at org.springframework.beans.factory.support.AbstractAutowireCapableBeanFactory.doCreateBean(AbstractAutowireCapableBeanFactory.java:601)
	at org.springframework.beans.factory.support.AbstractAutowireCapableBeanFactory.createBean(AbstractAutowireCapableBeanFactory.java:523)
	at org.springframework.beans.factory.support.AbstractBeanFactory.lambda$doGetBean$0(AbstractBeanFactory.java:339)
	at org.springframework.beans.factory.support.DefaultSingletonBeanRegistry.getSingleton(DefaultSingletonBeanRegistry.java:346)
	at org.springframework.beans.factory.support.AbstractBeanFactory.doGetBean(AbstractBeanFactory.java:337)
	at org.springframework.beans.factory.support.AbstractBeanFactory.getBean(AbstractBeanFactory.java:207)
	at org.springframework.context.support.AbstractApplicationContext.finishBeanFactoryInitialization(AbstractApplicationContext.java:970)
	at org.springframework.context.support.AbstractApplicationContext.refresh(AbstractApplicationContext.java:627)
	at org.springframework.boot.web.servlet.context.ServletWebServerApplicationContext.refresh(ServletWebServerApplicationContext.java:146)
	at org.springframework.boot.SpringApplication.refresh(SpringApplication.java:752)
	at org.springframework.boot.SpringApplication.refreshContext(SpringApplication.java:439)
	at org.springframework.boot.SpringApplication.run(SpringApplication.java:318)
	at org.springframework.boot.SpringApplication.run(SpringApplication.java:1361)
	at org.springframework.boot.SpringApplication.run(SpringApplication.java:1350)
	at backend.HotelBookingApplication.main(HotelBookingApplication.java:15)
Caused by: org.postgresql.util.PSQLException: ERROR: relation "staff" does not exist
	at org.postgresql.core.v3.QueryExecutorImpl.receiveErrorResponse(QueryExecutorImpl.java:2733)
	at org.postgresql.core.v3.QueryExecutorImpl.processResults(QueryExecutorImpl.java:2420)
	at org.postgresql.core.v3.QueryExecutorImpl.execute(QueryExecutorImpl.java:372)
	at org.postgresql.jdbc.PgStatement.executeInternal(PgStatement.java:517)
	at org.postgresql.jdbc.PgStatement.execute(PgStatement.java:434)
	at org.postgresql.jdbc.PgStatement.executeWithFlags(PgStatement.java:356)
	at org.postgresql.jdbc.PgStatement.executeCachedSql(PgStatement.java:341)
	at org.postgresql.jdbc.PgStatement.executeWithFlags(PgStatement.java:317)
	at org.postgresql.jdbc.PgStatement.execute(PgStatement.java:312)
	at com.zaxxer.hikari.pool.ProxyStatement.execute(ProxyStatement.java:94)
	at com.zaxxer.hikari.pool.HikariProxyStatement.execute(HikariProxyStatement.java)
	at org.hibernate.tool.schema.internal.exec.GenerationTargetToDatabase.accept(GenerationTargetToDatabase.java:80)
	... 36 common frames omitted
2025-04-12 22:34:18 [main] INFO  o.s.o.j.LocalContainerEntityManagerFactoryBean - Initialized JPA EntityManagerFactory for persistence unit 'default'
2025-04-12 22:34:18 [main] INFO  backend.config.CorsConfig - CORS Configuration Loaded!
2025-04-12 22:34:18 [main] DEBUG o.s.c.e.PropertySourcesPropertyResolver - Found key 'spring.security.oauth2.resourceserver.jwt.issuer-uri' in PropertySource 'environmentProperties' with value of type String
2025-04-12 22:34:18 [main] INFO  o.s.d.j.r.query.QueryEnhancerFactory - Hibernate is in classpath; If applicable, HQL parser will be used.
2025-04-12 22:34:18 [main] DEBUG o.s.c.e.PropertySourcesPropertyResolver - Found key 'graphql.endpoint' in PropertySource 'environmentProperties' with value of type String
2025-04-12 22:34:18 [main] DEBUG o.s.c.e.PropertySourcesPropertyResolver - Found key 'graphql.api-key' in PropertySource 'environmentProperties' with value of type String
2025-04-12 22:34:19 [main] DEBUG o.s.c.e.PropertySourcesPropertyResolver - Found key 'graphql.api.key' in PropertySource 'environmentProperties' with value of type String
2025-04-12 22:34:19 [main] DEBUG o.s.c.e.PropertySourcesPropertyResolver - Found key 'graphql.url' in PropertySource 'environmentProperties' with value of type String
2025-04-12 22:34:19 [main] DEBUG o.s.c.e.PropertySourcesPropertyResolver - Found key 'spring.mail.username' in PropertySource 'environmentProperties' with value of type String
2025-04-12 22:34:19 [main] DEBUG o.s.c.e.PropertySourcesPropertyResolver - Found key 'otp.expiry.minutes' in PropertySource 'environmentProperties' with value of type String
2025-04-12 22:34:19 [main] DEBUG o.s.c.e.PropertySourcesPropertyResolver - Found key 'otp.max.attempts' in PropertySource 'environmentProperties' with value of type String
2025-04-12 22:34:19 [main] DEBUG o.s.c.e.PropertySourcesPropertyResolver - Found key 'graphql.endpoint' in PropertySource 'environmentProperties' with value of type String
2025-04-12 22:34:19 [main] DEBUG o.s.c.e.PropertySourcesPropertyResolver - Found key 'graphql.api-key' in PropertySource 'environmentProperties' with value of type String
2025-04-12 22:34:19 [main] DEBUG o.s.c.e.PropertySourcesPropertyResolver - Found key 'graphql.api.key' in PropertySource 'environmentProperties' with value of type String
2025-04-12 22:34:19 [main] DEBUG o.s.c.e.PropertySourcesPropertyResolver - Found key 'graphql.url' in PropertySource 'environmentProperties' with value of type String
2025-04-12 22:34:19 [main] DEBUG o.s.c.e.PropertySourcesPropertyResolver - Found key 'graphql.endpoint' in PropertySource 'environmentProperties' with value of type String
2025-04-12 22:34:19 [main] DEBUG o.s.c.e.PropertySourcesPropertyResolver - Found key 'graphql.api-key' in PropertySource 'environmentProperties' with value of type String
2025-04-12 22:34:19 [main] DEBUG o.s.c.e.PropertySourcesPropertyResolver - Found key 'graphql.endpoint' in PropertySource 'environmentProperties' with value of type String
2025-04-12 22:34:19 [main] DEBUG o.s.c.e.PropertySourcesPropertyResolver - Found key 'graphql.apiKey' in PropertySource 'environmentProperties' with value of type String
2025-04-12 22:34:19 [main] DEBUG o.s.c.e.PropertySourcesPropertyResolver - Found key 'graphql.endpoint' in PropertySource 'environmentProperties' with value of type String
2025-04-12 22:34:19 [main] DEBUG o.s.c.e.PropertySourcesPropertyResolver - Found key 'graphql.apiKey' in PropertySource 'environmentProperties' with value of type String
2025-04-12 22:34:19 [main] DEBUG o.s.c.e.PropertySourcesPropertyResolver - Found key 'api.base.url' in PropertySource 'environmentProperties' with value of type String
2025-04-12 22:34:19 [main] WARN  o.s.b.a.o.j.JpaBaseConfiguration$JpaWebConfiguration - spring.jpa.open-in-view is enabled by default. Therefore, database queries may be performed during view rendering. Explicitly configure spring.jpa.open-in-view to disable this warning
2025-04-12 22:34:19 [main] INFO  backend.config.CorsConfig - Applying CORS settings...
2025-04-12 22:34:19 [main] DEBUG o.s.s.c.a.a.c.AuthenticationConfiguration$DefaultPasswordEncoderAuthenticationManagerBuilder - No authenticationProviders and no parentAuthenticationManager defined. Returning null.
2025-04-12 22:34:19 [main] INFO  o.s.b.a.e.web.EndpointLinksResolver - Exposing 2 endpoints beneath base path '/actuator'
2025-04-12 22:34:19 [main] INFO  backend.config.SecurityConfig - Configuring security filter chain...
2025-04-12 22:34:19 [main] INFO  backend.config.SecurityConfig - Using issuer URI: https://cognito-idp.ap-south-1.amazonaws.com/ap-south-1_IGHZ9OObg
2025-04-12 22:34:19 [main] INFO  backend.config.SecurityConfig - Configuring authorization rules...
2025-04-12 22:34:19 [main] INFO  backend.config.SecurityConfig - Configuring OAuth2 resource server...
2025-04-12 22:34:19 [main] INFO  backend.config.SecurityConfig - Configuring JWT...
2025-04-12 22:34:19 [main] INFO  backend.config.SecurityConfig - Creating JWT decoder with issuer URI: https://cognito-idp.ap-south-1.amazonaws.com/ap-south-1_IGHZ9OObg
2025-04-12 22:34:20 [main] INFO  backend.config.SecurityConfig - Configuring session management...
2025-04-12 22:34:20 [main] DEBUG o.s.s.web.DefaultSecurityFilterChain - Will secure any request with filters: DisableEncodeUrlFilter, WebAsyncManagerIntegrationFilter, SecurityContextHolderFilter, HeaderWriterFilter, LogoutFilter, BearerTokenAuthenticationFilter, RequestCacheAwareFilter, SecurityContextHolderAwareRequestFilter, AnonymousAuthenticationFilter, SessionManagementFilter, ExceptionTranslationFilter, AuthorizationFilter
2025-04-12 22:34:20 [main] INFO  o.a.coyote.http11.Http11NioProtocol - Starting ProtocolHandler ["http-nio-8081"]
2025-04-12 22:34:20 [main] INFO  o.s.b.w.e.tomcat.TomcatWebServer - Tomcat started on port 8081 (http) with context path '/'
2025-04-12 22:34:20 [main] INFO  backend.HotelBookingApplication - Started HotelBookingApplication in 8.066 seconds (process running for 8.522)
2025-04-12 22:34:30 [http-nio-8081-exec-1] INFO  o.a.c.c.C.[Tomcat].[localhost].[/] - Initializing Spring DispatcherServlet 'dispatcherServlet'
2025-04-12 22:34:30 [http-nio-8081-exec-1] INFO  o.s.web.servlet.DispatcherServlet - Initializing Servlet 'dispatcherServlet'
2025-04-12 22:34:30 [http-nio-8081-exec-1] INFO  o.s.web.servlet.DispatcherServlet - Completed initialization in 5 ms
2025-04-12 22:34:30 [http-nio-8081-exec-1] DEBUG o.s.security.web.FilterChainProxy - Securing GET /api/house-cleaning/schedules?date=2025-05-01
2025-04-12 22:34:30 [http-nio-8081-exec-1] DEBUG o.s.s.w.a.AnonymousAuthenticationFilter - Set SecurityContextHolder to anonymous SecurityContext
2025-04-12 22:34:30 [http-nio-8081-exec-1] DEBUG o.s.security.web.FilterChainProxy - Secured GET /api/house-cleaning/schedules?date=2025-05-01
2025-04-12 22:34:38 [http-nio-8081-exec-3] DEBUG o.s.security.web.FilterChainProxy - Securing POST /api/house-cleaning/generate?date=2025-05-01
2025-04-12 22:34:38 [http-nio-8081-exec-3] DEBUG o.s.s.w.a.AnonymousAuthenticationFilter - Set SecurityContextHolder to anonymous SecurityContext
2025-04-12 22:34:38 [http-nio-8081-exec-3] DEBUG o.s.security.web.FilterChainProxy - Secured POST /api/house-cleaning/generate?date=2025-05-01
2025-04-12 22:34:38 [http-nio-8081-exec-3] INFO  b.s.impl.HouseCleaningServiceImpl - Starting to generate cleaning schedules for date: 2025-05-01
2025-04-12 22:34:39 [http-nio-8081-exec-3] INFO  b.s.impl.HouseCleaningServiceImpl - Processing check-in and check-out bookings
2025-04-12 22:34:39 [http-nio-8081-exec-3] WARN  b.s.impl.HouseCleaningServiceImpl - No room ID found in booking: 13
2025-04-12 22:34:39 [http-nio-8081-exec-3] WARN  b.s.impl.HouseCleaningServiceImpl - Booking ID 13 has no room ID
2025-04-12 22:34:39 [http-nio-8081-exec-3] WARN  b.s.impl.HouseCleaningServiceImpl - No room ID found in booking: 12
2025-04-12 22:34:39 [http-nio-8081-exec-3] WARN  b.s.impl.HouseCleaningServiceImpl - Booking ID 12 has no room ID
2025-04-12 22:34:39 [http-nio-8081-exec-3] WARN  b.s.impl.HouseCleaningServiceImpl - No room ID found in booking: 15
2025-04-12 22:34:39 [http-nio-8081-exec-3] WARN  b.s.impl.HouseCleaningServiceImpl - Booking ID 15 has no room ID
2025-04-12 22:34:39 [http-nio-8081-exec-3] WARN  b.s.impl.HouseCleaningServiceImpl - No room ID found in booking: 14
2025-04-12 22:34:39 [http-nio-8081-exec-3] WARN  b.s.impl.HouseCleaningServiceImpl - Booking ID 14 has no room ID
2025-04-12 22:34:39 [http-nio-8081-exec-3] WARN  b.s.impl.HouseCleaningServiceImpl - No room ID found in booking: 53
2025-04-12 22:34:39 [http-nio-8081-exec-3] WARN  b.s.impl.HouseCleaningServiceImpl - Booking ID 53 has no room ID
2025-04-12 22:34:39 [http-nio-8081-exec-3] WARN  b.s.impl.HouseCleaningServiceImpl - No room ID found in booking: 55
2025-04-12 22:34:39 [http-nio-8081-exec-3] WARN  b.s.impl.HouseCleaningServiceImpl - Booking ID 55 has no room ID
2025-04-12 22:34:39 [http-nio-8081-exec-3] WARN  b.s.impl.HouseCleaningServiceImpl - No room ID found in booking: 59
2025-04-12 22:34:39 [http-nio-8081-exec-3] WARN  b.s.impl.HouseCleaningServiceImpl - Booking ID 59 has no room ID
2025-04-12 22:34:39 [http-nio-8081-exec-3] WARN  b.s.impl.HouseCleaningServiceImpl - No room ID found in booking: 60
2025-04-12 22:34:39 [http-nio-8081-exec-3] WARN  b.s.impl.HouseCleaningServiceImpl - Booking ID 60 has no room ID
2025-04-12 22:34:39 [http-nio-8081-exec-3] WARN  b.s.impl.HouseCleaningServiceImpl - No room ID found in booking: 155
2025-04-12 22:34:39 [http-nio-8081-exec-3] WARN  b.s.impl.HouseCleaningServiceImpl - Booking ID 155 has no room ID
2025-04-12 22:34:39 [http-nio-8081-exec-3] WARN  b.s.impl.HouseCleaningServiceImpl - No room ID found in booking: 318
2025-04-12 22:34:39 [http-nio-8081-exec-3] WARN  b.s.impl.HouseCleaningServiceImpl - Booking ID 318 has no room ID
2025-04-12 22:34:39 [http-nio-8081-exec-3] INFO  b.s.impl.HouseCleaningServiceImpl - Processing check-out only bookings
2025-04-12 22:34:39 [http-nio-8081-exec-3] INFO  b.s.impl.HouseCleaningServiceImpl - Processing booked rooms without check-in or check-out
2025-04-12 22:34:39 [http-nio-8081-exec-3] WARN  b.s.impl.HouseCleaningServiceImpl - No room ID found in booking: 13
2025-04-12 22:34:39 [http-nio-8081-exec-3] WARN  b.s.impl.HouseCleaningServiceImpl - Current booking ID 13 has no room ID
2025-04-12 22:34:39 [http-nio-8081-exec-3] WARN  b.s.impl.HouseCleaningServiceImpl - No room ID found in booking: 12
2025-04-12 22:34:39 [http-nio-8081-exec-3] WARN  b.s.impl.HouseCleaningServiceImpl - Current booking ID 12 has no room ID
2025-04-12 22:34:39 [http-nio-8081-exec-3] WARN  b.s.impl.HouseCleaningServiceImpl - No room ID found in booking: 15
2025-04-12 22:34:39 [http-nio-8081-exec-3] WARN  b.s.impl.HouseCleaningServiceImpl - Current booking ID 15 has no room ID
2025-04-12 22:34:39 [http-nio-8081-exec-3] WARN  b.s.impl.HouseCleaningServiceImpl - No room ID found in booking: 14
2025-04-12 22:34:39 [http-nio-8081-exec-3] WARN  b.s.impl.HouseCleaningServiceImpl - Current booking ID 14 has no room ID
2025-04-12 22:34:39 [http-nio-8081-exec-3] WARN  b.s.impl.HouseCleaningServiceImpl - No room ID found in booking: 53
2025-04-12 22:34:39 [http-nio-8081-exec-3] WARN  b.s.impl.HouseCleaningServiceImpl - Current booking ID 53 has no room ID
2025-04-12 22:34:39 [http-nio-8081-exec-3] WARN  b.s.impl.HouseCleaningServiceImpl - No room ID found in booking: 55
2025-04-12 22:34:39 [http-nio-8081-exec-3] WARN  b.s.impl.HouseCleaningServiceImpl - Current booking ID 55 has no room ID
2025-04-12 22:34:39 [http-nio-8081-exec-3] WARN  b.s.impl.HouseCleaningServiceImpl - No room ID found in booking: 59
2025-04-12 22:34:39 [http-nio-8081-exec-3] WARN  b.s.impl.HouseCleaningServiceImpl - Current booking ID 59 has no room ID
2025-04-12 22:34:39 [http-nio-8081-exec-3] WARN  b.s.impl.HouseCleaningServiceImpl - No room ID found in booking: 60
2025-04-12 22:34:39 [http-nio-8081-exec-3] WARN  b.s.impl.HouseCleaningServiceImpl - Current booking ID 60 has no room ID
2025-04-12 22:34:39 [http-nio-8081-exec-3] WARN  b.s.impl.HouseCleaningServiceImpl - No room ID found in booking: 155
2025-04-12 22:34:39 [http-nio-8081-exec-3] WARN  b.s.impl.HouseCleaningServiceImpl - Current booking ID 155 has no room ID
2025-04-12 22:34:39 [http-nio-8081-exec-3] WARN  b.s.impl.HouseCleaningServiceImpl - No room ID found in booking: 318
2025-04-12 22:34:39 [http-nio-8081-exec-3] WARN  b.s.impl.HouseCleaningServiceImpl - Current booking ID 318 has no room ID
2025-04-12 22:34:39 [http-nio-8081-exec-3] INFO  b.s.impl.HouseCleaningServiceImpl - Saving 0 cleaning schedules
2025-04-12 22:34:39 [http-nio-8081-exec-3] INFO  b.s.impl.HouseCleaningServiceImpl - Successfully saved 0 cleaning schedules
2025-04-12 22:35:48 [SpringApplicationShutdownHook] INFO  o.s.b.w.e.tomcat.GracefulShutdown - Commencing graceful shutdown. Waiting for active requests to complete
2025-04-12 22:35:48 [tomcat-shutdown] INFO  o.s.b.w.e.tomcat.GracefulShutdown - Graceful shutdown complete
2025-04-12 22:35:48 [SpringApplicationShutdownHook] INFO  o.s.o.j.LocalContainerEntityManagerFactoryBean - Closing JPA EntityManagerFactory for persistence unit 'default'
2025-04-12 22:35:48 [SpringApplicationShutdownHook] INFO  com.zaxxer.hikari.HikariDataSource - HikariPool-1 - Shutdown initiated...
2025-04-12 22:35:48 [SpringApplicationShutdownHook] INFO  com.zaxxer.hikari.HikariDataSource - HikariPool-1 - Shutdown completed.
2025-04-12 22:35:52 [main] INFO  backend.HotelBookingApplication - Starting HotelBookingApplication using Java 17.0.13 with PID 85976 (/Users/sukuna/Documents/coding/IBE/IBE-BE/KDU/target/classes started by sukuna in /Users/sukuna/Documents/coding/IBE/IBE-BE/KDU)
2025-04-12 22:35:52 [main] INFO  backend.HotelBookingApplication - The following 1 profile is active: "dev"
2025-04-12 22:35:53 [main] INFO  o.s.d.r.c.RepositoryConfigurationDelegate - Bootstrapping Spring Data JPA repositories in DEFAULT mode.
2025-04-12 22:35:53 [main] INFO  o.s.d.r.c.RepositoryConfigurationDelegate - Finished Spring Data repository scanning in 62 ms. Found 15 JPA repository interfaces.
2025-04-12 22:35:54 [main] INFO  o.s.b.w.e.tomcat.TomcatWebServer - Tomcat initialized with port 8081 (http)
2025-04-12 22:35:54 [main] INFO  o.a.coyote.http11.Http11NioProtocol - Initializing ProtocolHandler ["http-nio-8081"]
2025-04-12 22:35:54 [main] INFO  o.a.catalina.core.StandardService - Starting service [Tomcat]
2025-04-12 22:35:54 [main] INFO  o.a.catalina.core.StandardEngine - Starting Servlet engine: [Apache Tomcat/10.1.36]
2025-04-12 22:35:54 [main] INFO  o.a.c.c.C.[Tomcat].[localhost].[/] - Initializing Spring embedded WebApplicationContext
2025-04-12 22:35:54 [main] INFO  o.s.b.w.s.c.ServletWebServerApplicationContext - Root WebApplicationContext: initialization completed in 2127 ms
2025-04-12 22:35:55 [main] INFO  com.zaxxer.hikari.HikariDataSource - HikariPool-1 - Starting...
2025-04-12 22:35:55 [main] INFO  com.zaxxer.hikari.pool.HikariPool - HikariPool-1 - Added connection org.postgresql.jdbc.PgConnection@1191029d
2025-04-12 22:35:55 [main] INFO  com.zaxxer.hikari.HikariDataSource - HikariPool-1 - Start completed.
2025-04-12 22:35:55 [main] INFO  o.s.o.j.p.SpringPersistenceUnitInfo - No LoadTimeWeaver setup: ignoring JPA class transformer
2025-04-12 22:35:56 [main] WARN  org.hibernate.orm.deprecation - HHH90000025: PostgreSQLDialect does not need to be specified explicitly using 'hibernate.dialect' (remove the property setting and it will be selected by default)
2025-04-12 22:35:57 [main] WARN  o.h.t.s.i.ExceptionHandlerLoggedImpl - GenerationTarget encountered exception accepting command : Error executing DDL "create table staff (staff_id varchar(255) generated by default as identity, is_active boolean, shift_id varchar(255), primary key (staff_id))" via JDBC [ERROR: identity column type must be smallint, integer, or bigint]
org.hibernate.tool.schema.spi.CommandAcceptanceException: Error executing DDL "create table staff (staff_id varchar(255) generated by default as identity, is_active boolean, shift_id varchar(255), primary key (staff_id))" via JDBC [ERROR: identity column type must be smallint, integer, or bigint]
	at org.hibernate.tool.schema.internal.exec.GenerationTargetToDatabase.accept(GenerationTargetToDatabase.java:94)
	at org.hibernate.tool.schema.internal.AbstractSchemaMigrator.applySqlString(AbstractSchemaMigrator.java:576)
	at org.hibernate.tool.schema.internal.AbstractSchemaMigrator.applySqlStrings(AbstractSchemaMigrator.java:516)
	at org.hibernate.tool.schema.internal.AbstractSchemaMigrator.createTable(AbstractSchemaMigrator.java:316)
	at org.hibernate.tool.schema.internal.GroupedSchemaMigratorImpl.performTablesMigration(GroupedSchemaMigratorImpl.java:80)
	at org.hibernate.tool.schema.internal.AbstractSchemaMigrator.performMigration(AbstractSchemaMigrator.java:233)
	at org.hibernate.tool.schema.internal.AbstractSchemaMigrator.doMigration(AbstractSchemaMigrator.java:112)
	at org.hibernate.tool.schema.spi.SchemaManagementToolCoordinator.performDatabaseAction(SchemaManagementToolCoordinator.java:280)
	at org.hibernate.tool.schema.spi.SchemaManagementToolCoordinator.lambda$process$5(SchemaManagementToolCoordinator.java:144)
	at java.base/java.util.HashMap.forEach(HashMap.java:1421)
	at org.hibernate.tool.schema.spi.SchemaManagementToolCoordinator.process(SchemaManagementToolCoordinator.java:141)
	at org.hibernate.boot.internal.SessionFactoryObserverForSchemaExport.sessionFactoryCreated(SessionFactoryObserverForSchemaExport.java:37)
	at org.hibernate.internal.SessionFactoryObserverChain.sessionFactoryCreated(SessionFactoryObserverChain.java:35)
	at org.hibernate.internal.SessionFactoryImpl.<init>(SessionFactoryImpl.java:324)
	at org.hibernate.boot.internal.SessionFactoryBuilderImpl.build(SessionFactoryBuilderImpl.java:463)
	at org.hibernate.jpa.boot.internal.EntityManagerFactoryBuilderImpl.build(EntityManagerFactoryBuilderImpl.java:1517)
	at org.springframework.orm.jpa.vendor.SpringHibernateJpaPersistenceProvider.createContainerEntityManagerFactory(SpringHibernateJpaPersistenceProvider.java:66)
	at org.springframework.orm.jpa.LocalContainerEntityManagerFactoryBean.createNativeEntityManagerFactory(LocalContainerEntityManagerFactoryBean.java:390)
	at org.springframework.orm.jpa.AbstractEntityManagerFactoryBean.buildNativeEntityManagerFactory(AbstractEntityManagerFactoryBean.java:419)
	at org.springframework.orm.jpa.AbstractEntityManagerFactoryBean.afterPropertiesSet(AbstractEntityManagerFactoryBean.java:400)
	at org.springframework.orm.jpa.LocalContainerEntityManagerFactoryBean.afterPropertiesSet(LocalContainerEntityManagerFactoryBean.java:366)
	at org.springframework.beans.factory.support.AbstractAutowireCapableBeanFactory.invokeInitMethods(AbstractAutowireCapableBeanFactory.java:1859)
	at org.springframework.beans.factory.support.AbstractAutowireCapableBeanFactory.initializeBean(AbstractAutowireCapableBeanFactory.java:1808)
	at org.springframework.beans.factory.support.AbstractAutowireCapableBeanFactory.doCreateBean(AbstractAutowireCapableBeanFactory.java:601)
	at org.springframework.beans.factory.support.AbstractAutowireCapableBeanFactory.createBean(AbstractAutowireCapableBeanFactory.java:523)
	at org.springframework.beans.factory.support.AbstractBeanFactory.lambda$doGetBean$0(AbstractBeanFactory.java:339)
	at org.springframework.beans.factory.support.DefaultSingletonBeanRegistry.getSingleton(DefaultSingletonBeanRegistry.java:346)
	at org.springframework.beans.factory.support.AbstractBeanFactory.doGetBean(AbstractBeanFactory.java:337)
	at org.springframework.beans.factory.support.AbstractBeanFactory.getBean(AbstractBeanFactory.java:207)
	at org.springframework.context.support.AbstractApplicationContext.finishBeanFactoryInitialization(AbstractApplicationContext.java:970)
	at org.springframework.context.support.AbstractApplicationContext.refresh(AbstractApplicationContext.java:627)
	at org.springframework.boot.web.servlet.context.ServletWebServerApplicationContext.refresh(ServletWebServerApplicationContext.java:146)
	at org.springframework.boot.SpringApplication.refresh(SpringApplication.java:752)
	at org.springframework.boot.SpringApplication.refreshContext(SpringApplication.java:439)
	at org.springframework.boot.SpringApplication.run(SpringApplication.java:318)
	at org.springframework.boot.SpringApplication.run(SpringApplication.java:1361)
	at org.springframework.boot.SpringApplication.run(SpringApplication.java:1350)
	at backend.HotelBookingApplication.main(HotelBookingApplication.java:15)
Caused by: org.postgresql.util.PSQLException: ERROR: identity column type must be smallint, integer, or bigint
	at org.postgresql.core.v3.QueryExecutorImpl.receiveErrorResponse(QueryExecutorImpl.java:2733)
	at org.postgresql.core.v3.QueryExecutorImpl.processResults(QueryExecutorImpl.java:2420)
	at org.postgresql.core.v3.QueryExecutorImpl.execute(QueryExecutorImpl.java:372)
	at org.postgresql.jdbc.PgStatement.executeInternal(PgStatement.java:517)
	at org.postgresql.jdbc.PgStatement.execute(PgStatement.java:434)
	at org.postgresql.jdbc.PgStatement.executeWithFlags(PgStatement.java:356)
	at org.postgresql.jdbc.PgStatement.executeCachedSql(PgStatement.java:341)
	at org.postgresql.jdbc.PgStatement.executeWithFlags(PgStatement.java:317)
	at org.postgresql.jdbc.PgStatement.execute(PgStatement.java:312)
	at com.zaxxer.hikari.pool.ProxyStatement.execute(ProxyStatement.java:94)
	at com.zaxxer.hikari.pool.HikariProxyStatement.execute(HikariProxyStatement.java)
	at org.hibernate.tool.schema.internal.exec.GenerationTargetToDatabase.accept(GenerationTargetToDatabase.java:80)
	... 37 common frames omitted
2025-04-12 22:35:57 [main] WARN  o.h.t.s.i.ExceptionHandlerLoggedImpl - GenerationTarget encountered exception accepting command : Error executing DDL "alter table if exists staff_room_map add constraint FKyd20ehofj2axxe92vl67pqvx foreign key (staff_id) references staff" via JDBC [ERROR: relation "staff" does not exist]
org.hibernate.tool.schema.spi.CommandAcceptanceException: Error executing DDL "alter table if exists staff_room_map add constraint FKyd20ehofj2axxe92vl67pqvx foreign key (staff_id) references staff" via JDBC [ERROR: relation "staff" does not exist]
	at org.hibernate.tool.schema.internal.exec.GenerationTargetToDatabase.accept(GenerationTargetToDatabase.java:94)
	at org.hibernate.tool.schema.internal.AbstractSchemaMigrator.applySqlString(AbstractSchemaMigrator.java:576)
	at org.hibernate.tool.schema.internal.AbstractSchemaMigrator.applySqlStrings(AbstractSchemaMigrator.java:516)
	at org.hibernate.tool.schema.internal.AbstractSchemaMigrator.applyForeignKeys(AbstractSchemaMigrator.java:448)
	at org.hibernate.tool.schema.internal.AbstractSchemaMigrator.performMigration(AbstractSchemaMigrator.java:269)
	at org.hibernate.tool.schema.internal.AbstractSchemaMigrator.doMigration(AbstractSchemaMigrator.java:112)
	at org.hibernate.tool.schema.spi.SchemaManagementToolCoordinator.performDatabaseAction(SchemaManagementToolCoordinator.java:280)
	at org.hibernate.tool.schema.spi.SchemaManagementToolCoordinator.lambda$process$5(SchemaManagementToolCoordinator.java:144)
	at java.base/java.util.HashMap.forEach(HashMap.java:1421)
	at org.hibernate.tool.schema.spi.SchemaManagementToolCoordinator.process(SchemaManagementToolCoordinator.java:141)
	at org.hibernate.boot.internal.SessionFactoryObserverForSchemaExport.sessionFactoryCreated(SessionFactoryObserverForSchemaExport.java:37)
	at org.hibernate.internal.SessionFactoryObserverChain.sessionFactoryCreated(SessionFactoryObserverChain.java:35)
	at org.hibernate.internal.SessionFactoryImpl.<init>(SessionFactoryImpl.java:324)
	at org.hibernate.boot.internal.SessionFactoryBuilderImpl.build(SessionFactoryBuilderImpl.java:463)
	at org.hibernate.jpa.boot.internal.EntityManagerFactoryBuilderImpl.build(EntityManagerFactoryBuilderImpl.java:1517)
	at org.springframework.orm.jpa.vendor.SpringHibernateJpaPersistenceProvider.createContainerEntityManagerFactory(SpringHibernateJpaPersistenceProvider.java:66)
	at org.springframework.orm.jpa.LocalContainerEntityManagerFactoryBean.createNativeEntityManagerFactory(LocalContainerEntityManagerFactoryBean.java:390)
	at org.springframework.orm.jpa.AbstractEntityManagerFactoryBean.buildNativeEntityManagerFactory(AbstractEntityManagerFactoryBean.java:419)
	at org.springframework.orm.jpa.AbstractEntityManagerFactoryBean.afterPropertiesSet(AbstractEntityManagerFactoryBean.java:400)
	at org.springframework.orm.jpa.LocalContainerEntityManagerFactoryBean.afterPropertiesSet(LocalContainerEntityManagerFactoryBean.java:366)
	at org.springframework.beans.factory.support.AbstractAutowireCapableBeanFactory.invokeInitMethods(AbstractAutowireCapableBeanFactory.java:1859)
	at org.springframework.beans.factory.support.AbstractAutowireCapableBeanFactory.initializeBean(AbstractAutowireCapableBeanFactory.java:1808)
	at org.springframework.beans.factory.support.AbstractAutowireCapableBeanFactory.doCreateBean(AbstractAutowireCapableBeanFactory.java:601)
	at org.springframework.beans.factory.support.AbstractAutowireCapableBeanFactory.createBean(AbstractAutowireCapableBeanFactory.java:523)
	at org.springframework.beans.factory.support.AbstractBeanFactory.lambda$doGetBean$0(AbstractBeanFactory.java:339)
	at org.springframework.beans.factory.support.DefaultSingletonBeanRegistry.getSingleton(DefaultSingletonBeanRegistry.java:346)
	at org.springframework.beans.factory.support.AbstractBeanFactory.doGetBean(AbstractBeanFactory.java:337)
	at org.springframework.beans.factory.support.AbstractBeanFactory.getBean(AbstractBeanFactory.java:207)
	at org.springframework.context.support.AbstractApplicationContext.finishBeanFactoryInitialization(AbstractApplicationContext.java:970)
	at org.springframework.context.support.AbstractApplicationContext.refresh(AbstractApplicationContext.java:627)
	at org.springframework.boot.web.servlet.context.ServletWebServerApplicationContext.refresh(ServletWebServerApplicationContext.java:146)
	at org.springframework.boot.SpringApplication.refresh(SpringApplication.java:752)
	at org.springframework.boot.SpringApplication.refreshContext(SpringApplication.java:439)
	at org.springframework.boot.SpringApplication.run(SpringApplication.java:318)
	at org.springframework.boot.SpringApplication.run(SpringApplication.java:1361)
	at org.springframework.boot.SpringApplication.run(SpringApplication.java:1350)
	at backend.HotelBookingApplication.main(HotelBookingApplication.java:15)
Caused by: org.postgresql.util.PSQLException: ERROR: relation "staff" does not exist
	at org.postgresql.core.v3.QueryExecutorImpl.receiveErrorResponse(QueryExecutorImpl.java:2733)
	at org.postgresql.core.v3.QueryExecutorImpl.processResults(QueryExecutorImpl.java:2420)
	at org.postgresql.core.v3.QueryExecutorImpl.execute(QueryExecutorImpl.java:372)
	at org.postgresql.jdbc.PgStatement.executeInternal(PgStatement.java:517)
	at org.postgresql.jdbc.PgStatement.execute(PgStatement.java:434)
	at org.postgresql.jdbc.PgStatement.executeWithFlags(PgStatement.java:356)
	at org.postgresql.jdbc.PgStatement.executeCachedSql(PgStatement.java:341)
	at org.postgresql.jdbc.PgStatement.executeWithFlags(PgStatement.java:317)
	at org.postgresql.jdbc.PgStatement.execute(PgStatement.java:312)
	at com.zaxxer.hikari.pool.ProxyStatement.execute(ProxyStatement.java:94)
	at com.zaxxer.hikari.pool.HikariProxyStatement.execute(HikariProxyStatement.java)
	at org.hibernate.tool.schema.internal.exec.GenerationTargetToDatabase.accept(GenerationTargetToDatabase.java:80)
	... 36 common frames omitted
2025-04-12 22:35:57 [main] INFO  o.s.o.j.LocalContainerEntityManagerFactoryBean - Initialized JPA EntityManagerFactory for persistence unit 'default'
2025-04-12 22:35:57 [main] INFO  backend.config.CorsConfig - CORS Configuration Loaded!
2025-04-12 22:35:57 [main] DEBUG o.s.c.e.PropertySourcesPropertyResolver - Found key 'spring.security.oauth2.resourceserver.jwt.issuer-uri' in PropertySource 'environmentProperties' with value of type String
2025-04-12 22:35:57 [main] INFO  o.s.d.j.r.query.QueryEnhancerFactory - Hibernate is in classpath; If applicable, HQL parser will be used.
2025-04-12 22:35:57 [main] DEBUG o.s.c.e.PropertySourcesPropertyResolver - Found key 'graphql.endpoint' in PropertySource 'environmentProperties' with value of type String
2025-04-12 22:35:57 [main] DEBUG o.s.c.e.PropertySourcesPropertyResolver - Found key 'graphql.api-key' in PropertySource 'environmentProperties' with value of type String
2025-04-12 22:35:58 [main] DEBUG o.s.c.e.PropertySourcesPropertyResolver - Found key 'graphql.api.key' in PropertySource 'environmentProperties' with value of type String
2025-04-12 22:35:58 [main] DEBUG o.s.c.e.PropertySourcesPropertyResolver - Found key 'graphql.url' in PropertySource 'environmentProperties' with value of type String
2025-04-12 22:35:58 [main] DEBUG o.s.c.e.PropertySourcesPropertyResolver - Found key 'spring.mail.username' in PropertySource 'environmentProperties' with value of type String
2025-04-12 22:35:58 [main] DEBUG o.s.c.e.PropertySourcesPropertyResolver - Found key 'otp.expiry.minutes' in PropertySource 'environmentProperties' with value of type String
2025-04-12 22:35:58 [main] DEBUG o.s.c.e.PropertySourcesPropertyResolver - Found key 'otp.max.attempts' in PropertySource 'environmentProperties' with value of type String
2025-04-12 22:35:58 [main] DEBUG o.s.c.e.PropertySourcesPropertyResolver - Found key 'graphql.endpoint' in PropertySource 'environmentProperties' with value of type String
2025-04-12 22:35:58 [main] DEBUG o.s.c.e.PropertySourcesPropertyResolver - Found key 'graphql.api-key' in PropertySource 'environmentProperties' with value of type String
2025-04-12 22:35:58 [main] DEBUG o.s.c.e.PropertySourcesPropertyResolver - Found key 'graphql.api.key' in PropertySource 'environmentProperties' with value of type String
2025-04-12 22:35:58 [main] DEBUG o.s.c.e.PropertySourcesPropertyResolver - Found key 'graphql.url' in PropertySource 'environmentProperties' with value of type String
2025-04-12 22:35:58 [main] DEBUG o.s.c.e.PropertySourcesPropertyResolver - Found key 'graphql.endpoint' in PropertySource 'environmentProperties' with value of type String
2025-04-12 22:35:58 [main] DEBUG o.s.c.e.PropertySourcesPropertyResolver - Found key 'graphql.api-key' in PropertySource 'environmentProperties' with value of type String
2025-04-12 22:35:58 [main] DEBUG o.s.c.e.PropertySourcesPropertyResolver - Found key 'graphql.endpoint' in PropertySource 'environmentProperties' with value of type String
2025-04-12 22:35:58 [main] DEBUG o.s.c.e.PropertySourcesPropertyResolver - Found key 'graphql.apiKey' in PropertySource 'environmentProperties' with value of type String
2025-04-12 22:35:58 [main] DEBUG o.s.c.e.PropertySourcesPropertyResolver - Found key 'graphql.endpoint' in PropertySource 'environmentProperties' with value of type String
2025-04-12 22:35:58 [main] DEBUG o.s.c.e.PropertySourcesPropertyResolver - Found key 'graphql.apiKey' in PropertySource 'environmentProperties' with value of type String
2025-04-12 22:35:59 [main] DEBUG o.s.c.e.PropertySourcesPropertyResolver - Found key 'api.base.url' in PropertySource 'environmentProperties' with value of type String
2025-04-12 22:35:59 [main] WARN  o.s.b.a.o.j.JpaBaseConfiguration$JpaWebConfiguration - spring.jpa.open-in-view is enabled by default. Therefore, database queries may be performed during view rendering. Explicitly configure spring.jpa.open-in-view to disable this warning
2025-04-12 22:35:59 [main] INFO  backend.config.CorsConfig - Applying CORS settings...
2025-04-12 22:35:59 [main] DEBUG o.s.s.c.a.a.c.AuthenticationConfiguration$DefaultPasswordEncoderAuthenticationManagerBuilder - No authenticationProviders and no parentAuthenticationManager defined. Returning null.
2025-04-12 22:35:59 [main] INFO  o.s.b.a.e.web.EndpointLinksResolver - Exposing 2 endpoints beneath base path '/actuator'
2025-04-12 22:35:59 [main] INFO  backend.config.SecurityConfig - Configuring security filter chain...
2025-04-12 22:35:59 [main] INFO  backend.config.SecurityConfig - Using issuer URI: https://cognito-idp.ap-south-1.amazonaws.com/ap-south-1_IGHZ9OObg
2025-04-12 22:35:59 [main] INFO  backend.config.SecurityConfig - Configuring authorization rules...
2025-04-12 22:35:59 [main] INFO  backend.config.SecurityConfig - Configuring OAuth2 resource server...
2025-04-12 22:35:59 [main] INFO  backend.config.SecurityConfig - Configuring JWT...
2025-04-12 22:35:59 [main] INFO  backend.config.SecurityConfig - Creating JWT decoder with issuer URI: https://cognito-idp.ap-south-1.amazonaws.com/ap-south-1_IGHZ9OObg
2025-04-12 22:36:00 [main] INFO  backend.config.SecurityConfig - Configuring session management...
2025-04-12 22:36:00 [main] DEBUG o.s.s.web.DefaultSecurityFilterChain - Will secure any request with filters: DisableEncodeUrlFilter, WebAsyncManagerIntegrationFilter, SecurityContextHolderFilter, HeaderWriterFilter, LogoutFilter, BearerTokenAuthenticationFilter, RequestCacheAwareFilter, SecurityContextHolderAwareRequestFilter, AnonymousAuthenticationFilter, SessionManagementFilter, ExceptionTranslationFilter, AuthorizationFilter
2025-04-12 22:36:00 [main] INFO  o.a.coyote.http11.Http11NioProtocol - Starting ProtocolHandler ["http-nio-8081"]
2025-04-12 22:36:00 [main] INFO  o.s.b.w.e.tomcat.TomcatWebServer - Tomcat started on port 8081 (http) with context path '/'
2025-04-12 22:36:00 [main] INFO  backend.HotelBookingApplication - Started HotelBookingApplication in 8.683 seconds (process running for 9.163)
2025-04-12 22:36:02 [http-nio-8081-exec-1] INFO  o.a.c.c.C.[Tomcat].[localhost].[/] - Initializing Spring DispatcherServlet 'dispatcherServlet'
2025-04-12 22:36:02 [http-nio-8081-exec-1] INFO  o.s.web.servlet.DispatcherServlet - Initializing Servlet 'dispatcherServlet'
2025-04-12 22:36:02 [http-nio-8081-exec-1] INFO  o.s.web.servlet.DispatcherServlet - Completed initialization in 1 ms
2025-04-12 22:36:02 [http-nio-8081-exec-1] DEBUG o.s.security.web.FilterChainProxy - Securing POST /api/house-cleaning/generate?date=2025-05-01
2025-04-12 22:36:02 [http-nio-8081-exec-1] DEBUG o.s.s.w.a.AnonymousAuthenticationFilter - Set SecurityContextHolder to anonymous SecurityContext
2025-04-12 22:36:02 [http-nio-8081-exec-1] DEBUG o.s.security.web.FilterChainProxy - Secured POST /api/house-cleaning/generate?date=2025-05-01
2025-04-12 22:36:02 [http-nio-8081-exec-1] INFO  b.s.impl.HouseCleaningServiceImpl - Check-in bookings: [backend.model.BookingTransaction@56781483, backend.model.BookingTransaction@50c2d4bf, backend.model.BookingTransaction@5db24d94, backend.model.BookingTransaction@27da6e94, backend.model.BookingTransaction@7b77b5a2, backend.model.BookingTransaction@37a719b8, backend.model.BookingTransaction@715f3adc, backend.model.BookingTransaction@56e3f4b2, backend.model.BookingTransaction@73152372, backend.model.BookingTransaction@5190b962]
2025-04-12 22:36:02 [http-nio-8081-exec-1] INFO  b.s.impl.HouseCleaningServiceImpl - Check-out bookings: []
2025-04-12 22:36:02 [http-nio-8081-exec-1] INFO  b.s.impl.HouseCleaningServiceImpl - Current bookings: [backend.model.BookingTransaction@56781483, backend.model.BookingTransaction@50c2d4bf, backend.model.BookingTransaction@5db24d94, backend.model.BookingTransaction@27da6e94, backend.model.BookingTransaction@7b77b5a2, backend.model.BookingTransaction@37a719b8, backend.model.BookingTransaction@715f3adc, backend.model.BookingTransaction@56e3f4b2, backend.model.BookingTransaction@73152372, backend.model.BookingTransaction@5190b962]
2025-04-12 22:36:02 [http-nio-8081-exec-1] INFO  b.s.impl.HouseCleaningServiceImpl - Processing check-in and check-out bookings
2025-04-12 22:36:02 [http-nio-8081-exec-1] WARN  b.s.impl.HouseCleaningServiceImpl - No room ID found in booking: 13
2025-04-12 22:36:02 [http-nio-8081-exec-1] WARN  b.s.impl.HouseCleaningServiceImpl - Booking ID 13 has no room ID
2025-04-12 22:36:02 [http-nio-8081-exec-1] WARN  b.s.impl.HouseCleaningServiceImpl - No room ID found in booking: 12
2025-04-12 22:36:02 [http-nio-8081-exec-1] WARN  b.s.impl.HouseCleaningServiceImpl - Booking ID 12 has no room ID
2025-04-12 22:36:02 [http-nio-8081-exec-1] WARN  b.s.impl.HouseCleaningServiceImpl - No room ID found in booking: 15
2025-04-12 22:36:02 [http-nio-8081-exec-1] WARN  b.s.impl.HouseCleaningServiceImpl - Booking ID 15 has no room ID
2025-04-12 22:36:02 [http-nio-8081-exec-1] WARN  b.s.impl.HouseCleaningServiceImpl - No room ID found in booking: 14
2025-04-12 22:36:02 [http-nio-8081-exec-1] WARN  b.s.impl.HouseCleaningServiceImpl - Booking ID 14 has no room ID
2025-04-12 22:36:02 [http-nio-8081-exec-1] WARN  b.s.impl.HouseCleaningServiceImpl - No room ID found in booking: 53
2025-04-12 22:36:02 [http-nio-8081-exec-1] WARN  b.s.impl.HouseCleaningServiceImpl - Booking ID 53 has no room ID
2025-04-12 22:36:02 [http-nio-8081-exec-1] WARN  b.s.impl.HouseCleaningServiceImpl - No room ID found in booking: 55
2025-04-12 22:36:02 [http-nio-8081-exec-1] WARN  b.s.impl.HouseCleaningServiceImpl - Booking ID 55 has no room ID
2025-04-12 22:36:02 [http-nio-8081-exec-1] WARN  b.s.impl.HouseCleaningServiceImpl - No room ID found in booking: 59
2025-04-12 22:36:02 [http-nio-8081-exec-1] WARN  b.s.impl.HouseCleaningServiceImpl - Booking ID 59 has no room ID
2025-04-12 22:36:02 [http-nio-8081-exec-1] WARN  b.s.impl.HouseCleaningServiceImpl - No room ID found in booking: 60
2025-04-12 22:36:02 [http-nio-8081-exec-1] WARN  b.s.impl.HouseCleaningServiceImpl - Booking ID 60 has no room ID
2025-04-12 22:36:02 [http-nio-8081-exec-1] WARN  b.s.impl.HouseCleaningServiceImpl - No room ID found in booking: 155
2025-04-12 22:36:02 [http-nio-8081-exec-1] WARN  b.s.impl.HouseCleaningServiceImpl - Booking ID 155 has no room ID
2025-04-12 22:36:02 [http-nio-8081-exec-1] WARN  b.s.impl.HouseCleaningServiceImpl - No room ID found in booking: 318
2025-04-12 22:36:02 [http-nio-8081-exec-1] WARN  b.s.impl.HouseCleaningServiceImpl - Booking ID 318 has no room ID
2025-04-12 22:36:02 [http-nio-8081-exec-1] INFO  b.s.impl.HouseCleaningServiceImpl - Processing check-out only bookings
2025-04-12 22:36:02 [http-nio-8081-exec-1] INFO  b.s.impl.HouseCleaningServiceImpl - Processing booked rooms without check-in or check-out
2025-04-12 22:36:02 [http-nio-8081-exec-1] WARN  b.s.impl.HouseCleaningServiceImpl - No room ID found in booking: 13
2025-04-12 22:36:02 [http-nio-8081-exec-1] WARN  b.s.impl.HouseCleaningServiceImpl - Current booking ID 13 has no room ID
2025-04-12 22:36:02 [http-nio-8081-exec-1] WARN  b.s.impl.HouseCleaningServiceImpl - No room ID found in booking: 12
2025-04-12 22:36:02 [http-nio-8081-exec-1] WARN  b.s.impl.HouseCleaningServiceImpl - Current booking ID 12 has no room ID
2025-04-12 22:36:02 [http-nio-8081-exec-1] WARN  b.s.impl.HouseCleaningServiceImpl - No room ID found in booking: 15
2025-04-12 22:36:02 [http-nio-8081-exec-1] WARN  b.s.impl.HouseCleaningServiceImpl - Current booking ID 15 has no room ID
2025-04-12 22:36:02 [http-nio-8081-exec-1] WARN  b.s.impl.HouseCleaningServiceImpl - No room ID found in booking: 14
2025-04-12 22:36:02 [http-nio-8081-exec-1] WARN  b.s.impl.HouseCleaningServiceImpl - Current booking ID 14 has no room ID
2025-04-12 22:36:02 [http-nio-8081-exec-1] WARN  b.s.impl.HouseCleaningServiceImpl - No room ID found in booking: 53
2025-04-12 22:36:02 [http-nio-8081-exec-1] WARN  b.s.impl.HouseCleaningServiceImpl - Current booking ID 53 has no room ID
2025-04-12 22:36:02 [http-nio-8081-exec-1] WARN  b.s.impl.HouseCleaningServiceImpl - No room ID found in booking: 55
2025-04-12 22:36:02 [http-nio-8081-exec-1] WARN  b.s.impl.HouseCleaningServiceImpl - Current booking ID 55 has no room ID
2025-04-12 22:36:02 [http-nio-8081-exec-1] WARN  b.s.impl.HouseCleaningServiceImpl - No room ID found in booking: 59
2025-04-12 22:36:02 [http-nio-8081-exec-1] WARN  b.s.impl.HouseCleaningServiceImpl - Current booking ID 59 has no room ID
2025-04-12 22:36:02 [http-nio-8081-exec-1] WARN  b.s.impl.HouseCleaningServiceImpl - No room ID found in booking: 60
2025-04-12 22:36:02 [http-nio-8081-exec-1] WARN  b.s.impl.HouseCleaningServiceImpl - Current booking ID 60 has no room ID
2025-04-12 22:36:02 [http-nio-8081-exec-1] WARN  b.s.impl.HouseCleaningServiceImpl - No room ID found in booking: 155
2025-04-12 22:36:02 [http-nio-8081-exec-1] WARN  b.s.impl.HouseCleaningServiceImpl - Current booking ID 155 has no room ID
2025-04-12 22:36:02 [http-nio-8081-exec-1] WARN  b.s.impl.HouseCleaningServiceImpl - No room ID found in booking: 318
2025-04-12 22:36:02 [http-nio-8081-exec-1] WARN  b.s.impl.HouseCleaningServiceImpl - Current booking ID 318 has no room ID
2025-04-12 22:36:02 [http-nio-8081-exec-1] INFO  b.s.impl.HouseCleaningServiceImpl - Saving 0 cleaning schedules
2025-04-12 22:36:02 [http-nio-8081-exec-1] INFO  b.s.impl.HouseCleaningServiceImpl - Successfully saved 0 cleaning schedules
2025-04-12 22:36:50 [SpringApplicationShutdownHook] INFO  o.s.b.w.e.tomcat.GracefulShutdown - Commencing graceful shutdown. Waiting for active requests to complete
2025-04-12 22:36:50 [tomcat-shutdown] INFO  o.s.b.w.e.tomcat.GracefulShutdown - Graceful shutdown complete
2025-04-12 22:36:50 [SpringApplicationShutdownHook] INFO  o.s.o.j.LocalContainerEntityManagerFactoryBean - Closing JPA EntityManagerFactory for persistence unit 'default'
2025-04-12 22:36:50 [SpringApplicationShutdownHook] INFO  com.zaxxer.hikari.HikariDataSource - HikariPool-1 - Shutdown initiated...
2025-04-12 22:36:50 [SpringApplicationShutdownHook] INFO  com.zaxxer.hikari.HikariDataSource - HikariPool-1 - Shutdown completed.
2025-04-12 22:36:56 [main] INFO  backend.HotelBookingApplication - Starting HotelBookingApplication using Java 17.0.13 with PID 86114 (/Users/sukuna/Documents/coding/IBE/IBE-BE/KDU/target/classes started by sukuna in /Users/sukuna/Documents/coding/IBE/IBE-BE/KDU)
2025-04-12 22:36:56 [main] INFO  backend.HotelBookingApplication - The following 1 profile is active: "dev"
2025-04-12 22:36:57 [main] INFO  o.s.d.r.c.RepositoryConfigurationDelegate - Bootstrapping Spring Data JPA repositories in DEFAULT mode.
2025-04-12 22:36:57 [main] INFO  o.s.d.r.c.RepositoryConfigurationDelegate - Finished Spring Data repository scanning in 57 ms. Found 15 JPA repository interfaces.
2025-04-12 22:36:58 [main] INFO  o.s.b.w.e.tomcat.TomcatWebServer - Tomcat initialized with port 8081 (http)
2025-04-12 22:36:58 [main] INFO  o.a.coyote.http11.Http11NioProtocol - Initializing ProtocolHandler ["http-nio-8081"]
2025-04-12 22:36:58 [main] INFO  o.a.catalina.core.StandardService - Starting service [Tomcat]
2025-04-12 22:36:58 [main] INFO  o.a.catalina.core.StandardEngine - Starting Servlet engine: [Apache Tomcat/10.1.36]
2025-04-12 22:36:58 [main] INFO  o.a.c.c.C.[Tomcat].[localhost].[/] - Initializing Spring embedded WebApplicationContext
2025-04-12 22:36:58 [main] INFO  o.s.b.w.s.c.ServletWebServerApplicationContext - Root WebApplicationContext: initialization completed in 1935 ms
2025-04-12 22:36:58 [main] INFO  com.zaxxer.hikari.HikariDataSource - HikariPool-1 - Starting...
2025-04-12 22:36:59 [main] INFO  com.zaxxer.hikari.pool.HikariPool - HikariPool-1 - Added connection org.postgresql.jdbc.PgConnection@5e7e7a7e
2025-04-12 22:36:59 [main] INFO  com.zaxxer.hikari.HikariDataSource - HikariPool-1 - Start completed.
2025-04-12 22:36:59 [main] INFO  o.s.o.j.p.SpringPersistenceUnitInfo - No LoadTimeWeaver setup: ignoring JPA class transformer
2025-04-12 22:36:59 [main] WARN  org.hibernate.orm.deprecation - HHH90000025: PostgreSQLDialect does not need to be specified explicitly using 'hibernate.dialect' (remove the property setting and it will be selected by default)
2025-04-12 22:37:00 [main] WARN  o.h.t.s.i.ExceptionHandlerLoggedImpl - GenerationTarget encountered exception accepting command : Error executing DDL "create table staff (staff_id varchar(255) generated by default as identity, is_active boolean, shift_id varchar(255), primary key (staff_id))" via JDBC [ERROR: identity column type must be smallint, integer, or bigint]
org.hibernate.tool.schema.spi.CommandAcceptanceException: Error executing DDL "create table staff (staff_id varchar(255) generated by default as identity, is_active boolean, shift_id varchar(255), primary key (staff_id))" via JDBC [ERROR: identity column type must be smallint, integer, or bigint]
	at org.hibernate.tool.schema.internal.exec.GenerationTargetToDatabase.accept(GenerationTargetToDatabase.java:94)
	at org.hibernate.tool.schema.internal.AbstractSchemaMigrator.applySqlString(AbstractSchemaMigrator.java:576)
	at org.hibernate.tool.schema.internal.AbstractSchemaMigrator.applySqlStrings(AbstractSchemaMigrator.java:516)
	at org.hibernate.tool.schema.internal.AbstractSchemaMigrator.createTable(AbstractSchemaMigrator.java:316)
	at org.hibernate.tool.schema.internal.GroupedSchemaMigratorImpl.performTablesMigration(GroupedSchemaMigratorImpl.java:80)
	at org.hibernate.tool.schema.internal.AbstractSchemaMigrator.performMigration(AbstractSchemaMigrator.java:233)
	at org.hibernate.tool.schema.internal.AbstractSchemaMigrator.doMigration(AbstractSchemaMigrator.java:112)
	at org.hibernate.tool.schema.spi.SchemaManagementToolCoordinator.performDatabaseAction(SchemaManagementToolCoordinator.java:280)
	at org.hibernate.tool.schema.spi.SchemaManagementToolCoordinator.lambda$process$5(SchemaManagementToolCoordinator.java:144)
	at java.base/java.util.HashMap.forEach(HashMap.java:1421)
	at org.hibernate.tool.schema.spi.SchemaManagementToolCoordinator.process(SchemaManagementToolCoordinator.java:141)
	at org.hibernate.boot.internal.SessionFactoryObserverForSchemaExport.sessionFactoryCreated(SessionFactoryObserverForSchemaExport.java:37)
	at org.hibernate.internal.SessionFactoryObserverChain.sessionFactoryCreated(SessionFactoryObserverChain.java:35)
	at org.hibernate.internal.SessionFactoryImpl.<init>(SessionFactoryImpl.java:324)
	at org.hibernate.boot.internal.SessionFactoryBuilderImpl.build(SessionFactoryBuilderImpl.java:463)
	at org.hibernate.jpa.boot.internal.EntityManagerFactoryBuilderImpl.build(EntityManagerFactoryBuilderImpl.java:1517)
	at org.springframework.orm.jpa.vendor.SpringHibernateJpaPersistenceProvider.createContainerEntityManagerFactory(SpringHibernateJpaPersistenceProvider.java:66)
	at org.springframework.orm.jpa.LocalContainerEntityManagerFactoryBean.createNativeEntityManagerFactory(LocalContainerEntityManagerFactoryBean.java:390)
	at org.springframework.orm.jpa.AbstractEntityManagerFactoryBean.buildNativeEntityManagerFactory(AbstractEntityManagerFactoryBean.java:419)
	at org.springframework.orm.jpa.AbstractEntityManagerFactoryBean.afterPropertiesSet(AbstractEntityManagerFactoryBean.java:400)
	at org.springframework.orm.jpa.LocalContainerEntityManagerFactoryBean.afterPropertiesSet(LocalContainerEntityManagerFactoryBean.java:366)
	at org.springframework.beans.factory.support.AbstractAutowireCapableBeanFactory.invokeInitMethods(AbstractAutowireCapableBeanFactory.java:1859)
	at org.springframework.beans.factory.support.AbstractAutowireCapableBeanFactory.initializeBean(AbstractAutowireCapableBeanFactory.java:1808)
	at org.springframework.beans.factory.support.AbstractAutowireCapableBeanFactory.doCreateBean(AbstractAutowireCapableBeanFactory.java:601)
	at org.springframework.beans.factory.support.AbstractAutowireCapableBeanFactory.createBean(AbstractAutowireCapableBeanFactory.java:523)
	at org.springframework.beans.factory.support.AbstractBeanFactory.lambda$doGetBean$0(AbstractBeanFactory.java:339)
	at org.springframework.beans.factory.support.DefaultSingletonBeanRegistry.getSingleton(DefaultSingletonBeanRegistry.java:346)
	at org.springframework.beans.factory.support.AbstractBeanFactory.doGetBean(AbstractBeanFactory.java:337)
	at org.springframework.beans.factory.support.AbstractBeanFactory.getBean(AbstractBeanFactory.java:207)
	at org.springframework.context.support.AbstractApplicationContext.finishBeanFactoryInitialization(AbstractApplicationContext.java:970)
	at org.springframework.context.support.AbstractApplicationContext.refresh(AbstractApplicationContext.java:627)
	at org.springframework.boot.web.servlet.context.ServletWebServerApplicationContext.refresh(ServletWebServerApplicationContext.java:146)
	at org.springframework.boot.SpringApplication.refresh(SpringApplication.java:752)
	at org.springframework.boot.SpringApplication.refreshContext(SpringApplication.java:439)
	at org.springframework.boot.SpringApplication.run(SpringApplication.java:318)
	at org.springframework.boot.SpringApplication.run(SpringApplication.java:1361)
	at org.springframework.boot.SpringApplication.run(SpringApplication.java:1350)
	at backend.HotelBookingApplication.main(HotelBookingApplication.java:15)
Caused by: org.postgresql.util.PSQLException: ERROR: identity column type must be smallint, integer, or bigint
	at org.postgresql.core.v3.QueryExecutorImpl.receiveErrorResponse(QueryExecutorImpl.java:2733)
	at org.postgresql.core.v3.QueryExecutorImpl.processResults(QueryExecutorImpl.java:2420)
	at org.postgresql.core.v3.QueryExecutorImpl.execute(QueryExecutorImpl.java:372)
	at org.postgresql.jdbc.PgStatement.executeInternal(PgStatement.java:517)
	at org.postgresql.jdbc.PgStatement.execute(PgStatement.java:434)
	at org.postgresql.jdbc.PgStatement.executeWithFlags(PgStatement.java:356)
	at org.postgresql.jdbc.PgStatement.executeCachedSql(PgStatement.java:341)
	at org.postgresql.jdbc.PgStatement.executeWithFlags(PgStatement.java:317)
	at org.postgresql.jdbc.PgStatement.execute(PgStatement.java:312)
	at com.zaxxer.hikari.pool.ProxyStatement.execute(ProxyStatement.java:94)
	at com.zaxxer.hikari.pool.HikariProxyStatement.execute(HikariProxyStatement.java)
	at org.hibernate.tool.schema.internal.exec.GenerationTargetToDatabase.accept(GenerationTargetToDatabase.java:80)
	... 37 common frames omitted
2025-04-12 22:37:01 [main] WARN  o.h.t.s.i.ExceptionHandlerLoggedImpl - GenerationTarget encountered exception accepting command : Error executing DDL "alter table if exists staff_room_map add constraint FKyd20ehofj2axxe92vl67pqvx foreign key (staff_id) references staff" via JDBC [ERROR: relation "staff" does not exist]
org.hibernate.tool.schema.spi.CommandAcceptanceException: Error executing DDL "alter table if exists staff_room_map add constraint FKyd20ehofj2axxe92vl67pqvx foreign key (staff_id) references staff" via JDBC [ERROR: relation "staff" does not exist]
	at org.hibernate.tool.schema.internal.exec.GenerationTargetToDatabase.accept(GenerationTargetToDatabase.java:94)
	at org.hibernate.tool.schema.internal.AbstractSchemaMigrator.applySqlString(AbstractSchemaMigrator.java:576)
	at org.hibernate.tool.schema.internal.AbstractSchemaMigrator.applySqlStrings(AbstractSchemaMigrator.java:516)
	at org.hibernate.tool.schema.internal.AbstractSchemaMigrator.applyForeignKeys(AbstractSchemaMigrator.java:448)
	at org.hibernate.tool.schema.internal.AbstractSchemaMigrator.performMigration(AbstractSchemaMigrator.java:269)
	at org.hibernate.tool.schema.internal.AbstractSchemaMigrator.doMigration(AbstractSchemaMigrator.java:112)
	at org.hibernate.tool.schema.spi.SchemaManagementToolCoordinator.performDatabaseAction(SchemaManagementToolCoordinator.java:280)
	at org.hibernate.tool.schema.spi.SchemaManagementToolCoordinator.lambda$process$5(SchemaManagementToolCoordinator.java:144)
	at java.base/java.util.HashMap.forEach(HashMap.java:1421)
	at org.hibernate.tool.schema.spi.SchemaManagementToolCoordinator.process(SchemaManagementToolCoordinator.java:141)
	at org.hibernate.boot.internal.SessionFactoryObserverForSchemaExport.sessionFactoryCreated(SessionFactoryObserverForSchemaExport.java:37)
	at org.hibernate.internal.SessionFactoryObserverChain.sessionFactoryCreated(SessionFactoryObserverChain.java:35)
	at org.hibernate.internal.SessionFactoryImpl.<init>(SessionFactoryImpl.java:324)
	at org.hibernate.boot.internal.SessionFactoryBuilderImpl.build(SessionFactoryBuilderImpl.java:463)
	at org.hibernate.jpa.boot.internal.EntityManagerFactoryBuilderImpl.build(EntityManagerFactoryBuilderImpl.java:1517)
	at org.springframework.orm.jpa.vendor.SpringHibernateJpaPersistenceProvider.createContainerEntityManagerFactory(SpringHibernateJpaPersistenceProvider.java:66)
	at org.springframework.orm.jpa.LocalContainerEntityManagerFactoryBean.createNativeEntityManagerFactory(LocalContainerEntityManagerFactoryBean.java:390)
	at org.springframework.orm.jpa.AbstractEntityManagerFactoryBean.buildNativeEntityManagerFactory(AbstractEntityManagerFactoryBean.java:419)
	at org.springframework.orm.jpa.AbstractEntityManagerFactoryBean.afterPropertiesSet(AbstractEntityManagerFactoryBean.java:400)
	at org.springframework.orm.jpa.LocalContainerEntityManagerFactoryBean.afterPropertiesSet(LocalContainerEntityManagerFactoryBean.java:366)
	at org.springframework.beans.factory.support.AbstractAutowireCapableBeanFactory.invokeInitMethods(AbstractAutowireCapableBeanFactory.java:1859)
	at org.springframework.beans.factory.support.AbstractAutowireCapableBeanFactory.initializeBean(AbstractAutowireCapableBeanFactory.java:1808)
	at org.springframework.beans.factory.support.AbstractAutowireCapableBeanFactory.doCreateBean(AbstractAutowireCapableBeanFactory.java:601)
	at org.springframework.beans.factory.support.AbstractAutowireCapableBeanFactory.createBean(AbstractAutowireCapableBeanFactory.java:523)
	at org.springframework.beans.factory.support.AbstractBeanFactory.lambda$doGetBean$0(AbstractBeanFactory.java:339)
	at org.springframework.beans.factory.support.DefaultSingletonBeanRegistry.getSingleton(DefaultSingletonBeanRegistry.java:346)
	at org.springframework.beans.factory.support.AbstractBeanFactory.doGetBean(AbstractBeanFactory.java:337)
	at org.springframework.beans.factory.support.AbstractBeanFactory.getBean(AbstractBeanFactory.java:207)
	at org.springframework.context.support.AbstractApplicationContext.finishBeanFactoryInitialization(AbstractApplicationContext.java:970)
	at org.springframework.context.support.AbstractApplicationContext.refresh(AbstractApplicationContext.java:627)
	at org.springframework.boot.web.servlet.context.ServletWebServerApplicationContext.refresh(ServletWebServerApplicationContext.java:146)
	at org.springframework.boot.SpringApplication.refresh(SpringApplication.java:752)
	at org.springframework.boot.SpringApplication.refreshContext(SpringApplication.java:439)
	at org.springframework.boot.SpringApplication.run(SpringApplication.java:318)
	at org.springframework.boot.SpringApplication.run(SpringApplication.java:1361)
	at org.springframework.boot.SpringApplication.run(SpringApplication.java:1350)
	at backend.HotelBookingApplication.main(HotelBookingApplication.java:15)
Caused by: org.postgresql.util.PSQLException: ERROR: relation "staff" does not exist
	at org.postgresql.core.v3.QueryExecutorImpl.receiveErrorResponse(QueryExecutorImpl.java:2733)
	at org.postgresql.core.v3.QueryExecutorImpl.processResults(QueryExecutorImpl.java:2420)
	at org.postgresql.core.v3.QueryExecutorImpl.execute(QueryExecutorImpl.java:372)
	at org.postgresql.jdbc.PgStatement.executeInternal(PgStatement.java:517)
	at org.postgresql.jdbc.PgStatement.execute(PgStatement.java:434)
	at org.postgresql.jdbc.PgStatement.executeWithFlags(PgStatement.java:356)
	at org.postgresql.jdbc.PgStatement.executeCachedSql(PgStatement.java:341)
	at org.postgresql.jdbc.PgStatement.executeWithFlags(PgStatement.java:317)
	at org.postgresql.jdbc.PgStatement.execute(PgStatement.java:312)
	at com.zaxxer.hikari.pool.ProxyStatement.execute(ProxyStatement.java:94)
	at com.zaxxer.hikari.pool.HikariProxyStatement.execute(HikariProxyStatement.java)
	at org.hibernate.tool.schema.internal.exec.GenerationTargetToDatabase.accept(GenerationTargetToDatabase.java:80)
	... 36 common frames omitted
2025-04-12 22:37:01 [main] INFO  o.s.o.j.LocalContainerEntityManagerFactoryBean - Initialized JPA EntityManagerFactory for persistence unit 'default'
2025-04-12 22:37:01 [main] INFO  backend.config.CorsConfig - CORS Configuration Loaded!
2025-04-12 22:37:01 [main] DEBUG o.s.c.e.PropertySourcesPropertyResolver - Found key 'spring.security.oauth2.resourceserver.jwt.issuer-uri' in PropertySource 'environmentProperties' with value of type String
2025-04-12 22:37:01 [main] INFO  o.s.d.j.r.query.QueryEnhancerFactory - Hibernate is in classpath; If applicable, HQL parser will be used.
2025-04-12 22:37:01 [main] DEBUG o.s.c.e.PropertySourcesPropertyResolver - Found key 'graphql.endpoint' in PropertySource 'environmentProperties' with value of type String
2025-04-12 22:37:01 [main] DEBUG o.s.c.e.PropertySourcesPropertyResolver - Found key 'graphql.api-key' in PropertySource 'environmentProperties' with value of type String
2025-04-12 22:37:02 [main] DEBUG o.s.c.e.PropertySourcesPropertyResolver - Found key 'graphql.api.key' in PropertySource 'environmentProperties' with value of type String
2025-04-12 22:37:02 [main] DEBUG o.s.c.e.PropertySourcesPropertyResolver - Found key 'graphql.url' in PropertySource 'environmentProperties' with value of type String
2025-04-12 22:37:02 [main] DEBUG o.s.c.e.PropertySourcesPropertyResolver - Found key 'spring.mail.username' in PropertySource 'environmentProperties' with value of type String
2025-04-12 22:37:02 [main] DEBUG o.s.c.e.PropertySourcesPropertyResolver - Found key 'otp.expiry.minutes' in PropertySource 'environmentProperties' with value of type String
2025-04-12 22:37:02 [main] DEBUG o.s.c.e.PropertySourcesPropertyResolver - Found key 'otp.max.attempts' in PropertySource 'environmentProperties' with value of type String
2025-04-12 22:37:02 [main] DEBUG o.s.c.e.PropertySourcesPropertyResolver - Found key 'graphql.endpoint' in PropertySource 'environmentProperties' with value of type String
2025-04-12 22:37:02 [main] DEBUG o.s.c.e.PropertySourcesPropertyResolver - Found key 'graphql.api-key' in PropertySource 'environmentProperties' with value of type String
2025-04-12 22:37:02 [main] DEBUG o.s.c.e.PropertySourcesPropertyResolver - Found key 'graphql.api.key' in PropertySource 'environmentProperties' with value of type String
2025-04-12 22:37:02 [main] DEBUG o.s.c.e.PropertySourcesPropertyResolver - Found key 'graphql.url' in PropertySource 'environmentProperties' with value of type String
2025-04-12 22:37:02 [main] DEBUG o.s.c.e.PropertySourcesPropertyResolver - Found key 'graphql.endpoint' in PropertySource 'environmentProperties' with value of type String
2025-04-12 22:37:02 [main] DEBUG o.s.c.e.PropertySourcesPropertyResolver - Found key 'graphql.api-key' in PropertySource 'environmentProperties' with value of type String
2025-04-12 22:37:02 [main] DEBUG o.s.c.e.PropertySourcesPropertyResolver - Found key 'graphql.endpoint' in PropertySource 'environmentProperties' with value of type String
2025-04-12 22:37:02 [main] DEBUG o.s.c.e.PropertySourcesPropertyResolver - Found key 'graphql.apiKey' in PropertySource 'environmentProperties' with value of type String
2025-04-12 22:37:02 [main] DEBUG o.s.c.e.PropertySourcesPropertyResolver - Found key 'graphql.endpoint' in PropertySource 'environmentProperties' with value of type String
2025-04-12 22:37:02 [main] DEBUG o.s.c.e.PropertySourcesPropertyResolver - Found key 'graphql.apiKey' in PropertySource 'environmentProperties' with value of type String
2025-04-12 22:37:02 [main] DEBUG o.s.c.e.PropertySourcesPropertyResolver - Found key 'api.base.url' in PropertySource 'environmentProperties' with value of type String
2025-04-12 22:37:02 [main] WARN  o.s.b.a.o.j.JpaBaseConfiguration$JpaWebConfiguration - spring.jpa.open-in-view is enabled by default. Therefore, database queries may be performed during view rendering. Explicitly configure spring.jpa.open-in-view to disable this warning
2025-04-12 22:37:02 [main] INFO  backend.config.CorsConfig - Applying CORS settings...
2025-04-12 22:37:02 [main] DEBUG o.s.s.c.a.a.c.AuthenticationConfiguration$DefaultPasswordEncoderAuthenticationManagerBuilder - No authenticationProviders and no parentAuthenticationManager defined. Returning null.
2025-04-12 22:37:02 [main] INFO  o.s.b.a.e.web.EndpointLinksResolver - Exposing 2 endpoints beneath base path '/actuator'
2025-04-12 22:37:02 [main] INFO  backend.config.SecurityConfig - Configuring security filter chain...
2025-04-12 22:37:02 [main] INFO  backend.config.SecurityConfig - Using issuer URI: https://cognito-idp.ap-south-1.amazonaws.com/ap-south-1_IGHZ9OObg
2025-04-12 22:37:02 [main] INFO  backend.config.SecurityConfig - Configuring authorization rules...
2025-04-12 22:37:03 [main] INFO  backend.config.SecurityConfig - Configuring OAuth2 resource server...
2025-04-12 22:37:03 [main] INFO  backend.config.SecurityConfig - Configuring JWT...
2025-04-12 22:37:03 [main] INFO  backend.config.SecurityConfig - Creating JWT decoder with issuer URI: https://cognito-idp.ap-south-1.amazonaws.com/ap-south-1_IGHZ9OObg
2025-04-12 22:37:03 [main] INFO  backend.config.SecurityConfig - Configuring session management...
2025-04-12 22:37:03 [main] DEBUG o.s.s.web.DefaultSecurityFilterChain - Will secure any request with filters: DisableEncodeUrlFilter, WebAsyncManagerIntegrationFilter, SecurityContextHolderFilter, HeaderWriterFilter, LogoutFilter, BearerTokenAuthenticationFilter, RequestCacheAwareFilter, SecurityContextHolderAwareRequestFilter, AnonymousAuthenticationFilter, SessionManagementFilter, ExceptionTranslationFilter, AuthorizationFilter
2025-04-12 22:37:03 [main] INFO  o.a.coyote.http11.Http11NioProtocol - Starting ProtocolHandler ["http-nio-8081"]
2025-04-12 22:37:03 [main] INFO  o.s.b.w.e.tomcat.TomcatWebServer - Tomcat started on port 8081 (http) with context path '/'
2025-04-12 22:37:03 [main] INFO  backend.HotelBookingApplication - Started HotelBookingApplication in 8.145 seconds (process running for 8.629)
2025-04-12 22:37:05 [http-nio-8081-exec-1] INFO  o.a.c.c.C.[Tomcat].[localhost].[/] - Initializing Spring DispatcherServlet 'dispatcherServlet'
2025-04-12 22:37:05 [http-nio-8081-exec-1] INFO  o.s.web.servlet.DispatcherServlet - Initializing Servlet 'dispatcherServlet'
2025-04-12 22:37:05 [http-nio-8081-exec-1] INFO  o.s.web.servlet.DispatcherServlet - Completed initialization in 1 ms
2025-04-12 22:37:05 [http-nio-8081-exec-1] DEBUG o.s.security.web.FilterChainProxy - Securing POST /api/house-cleaning/generate?date=2025-05-01
2025-04-12 22:37:05 [http-nio-8081-exec-1] DEBUG o.s.s.w.a.AnonymousAuthenticationFilter - Set SecurityContextHolder to anonymous SecurityContext
2025-04-12 22:37:05 [http-nio-8081-exec-1] DEBUG o.s.security.web.FilterChainProxy - Secured POST /api/house-cleaning/generate?date=2025-05-01
2025-04-12 22:37:05 [http-nio-8081-exec-1] INFO  b.s.impl.HouseCleaningServiceImpl - Check-in booking: backend.model.BookingTransaction@edf2539
2025-04-12 22:37:05 [http-nio-8081-exec-1] INFO  b.s.impl.HouseCleaningServiceImpl - Check-in booking: backend.model.BookingTransaction@fb4f196
2025-04-12 22:37:05 [http-nio-8081-exec-1] INFO  b.s.impl.HouseCleaningServiceImpl - Check-in booking: backend.model.BookingTransaction@5d7650ab
2025-04-12 22:37:05 [http-nio-8081-exec-1] INFO  b.s.impl.HouseCleaningServiceImpl - Check-in booking: backend.model.BookingTransaction@579c4bac
2025-04-12 22:37:05 [http-nio-8081-exec-1] INFO  b.s.impl.HouseCleaningServiceImpl - Check-in booking: backend.model.BookingTransaction@72159540
2025-04-12 22:37:05 [http-nio-8081-exec-1] INFO  b.s.impl.HouseCleaningServiceImpl - Check-in booking: backend.model.BookingTransaction@599ff1ff
2025-04-12 22:37:05 [http-nio-8081-exec-1] INFO  b.s.impl.HouseCleaningServiceImpl - Check-in booking: backend.model.BookingTransaction@514bcfd3
2025-04-12 22:37:05 [http-nio-8081-exec-1] INFO  b.s.impl.HouseCleaningServiceImpl - Check-in booking: backend.model.BookingTransaction@4315b2f3
2025-04-12 22:37:05 [http-nio-8081-exec-1] INFO  b.s.impl.HouseCleaningServiceImpl - Check-in booking: backend.model.BookingTransaction@14fa2ae2
2025-04-12 22:37:05 [http-nio-8081-exec-1] INFO  b.s.impl.HouseCleaningServiceImpl - Check-in booking: backend.model.BookingTransaction@2f03cb9
2025-04-12 22:37:05 [http-nio-8081-exec-1] INFO  b.s.impl.HouseCleaningServiceImpl - Current booking: backend.model.BookingTransaction@edf2539
2025-04-12 22:37:05 [http-nio-8081-exec-1] INFO  b.s.impl.HouseCleaningServiceImpl - Current booking: backend.model.BookingTransaction@fb4f196
2025-04-12 22:37:05 [http-nio-8081-exec-1] INFO  b.s.impl.HouseCleaningServiceImpl - Current booking: backend.model.BookingTransaction@5d7650ab
2025-04-12 22:37:05 [http-nio-8081-exec-1] INFO  b.s.impl.HouseCleaningServiceImpl - Current booking: backend.model.BookingTransaction@579c4bac
2025-04-12 22:37:05 [http-nio-8081-exec-1] INFO  b.s.impl.HouseCleaningServiceImpl - Current booking: backend.model.BookingTransaction@72159540
2025-04-12 22:37:05 [http-nio-8081-exec-1] INFO  b.s.impl.HouseCleaningServiceImpl - Current booking: backend.model.BookingTransaction@599ff1ff
2025-04-12 22:37:05 [http-nio-8081-exec-1] INFO  b.s.impl.HouseCleaningServiceImpl - Current booking: backend.model.BookingTransaction@514bcfd3
2025-04-12 22:37:05 [http-nio-8081-exec-1] INFO  b.s.impl.HouseCleaningServiceImpl - Current booking: backend.model.BookingTransaction@4315b2f3
2025-04-12 22:37:05 [http-nio-8081-exec-1] INFO  b.s.impl.HouseCleaningServiceImpl - Current booking: backend.model.BookingTransaction@14fa2ae2
2025-04-12 22:37:05 [http-nio-8081-exec-1] INFO  b.s.impl.HouseCleaningServiceImpl - Current booking: backend.model.BookingTransaction@2f03cb9
2025-04-12 22:37:05 [http-nio-8081-exec-1] INFO  b.s.impl.HouseCleaningServiceImpl - Processing check-in and check-out bookings
2025-04-12 22:37:05 [http-nio-8081-exec-1] WARN  b.s.impl.HouseCleaningServiceImpl - No room ID found in booking: 13
2025-04-12 22:37:05 [http-nio-8081-exec-1] WARN  b.s.impl.HouseCleaningServiceImpl - Booking ID 13 has no room ID
2025-04-12 22:37:05 [http-nio-8081-exec-1] WARN  b.s.impl.HouseCleaningServiceImpl - No room ID found in booking: 12
2025-04-12 22:37:05 [http-nio-8081-exec-1] WARN  b.s.impl.HouseCleaningServiceImpl - Booking ID 12 has no room ID
2025-04-12 22:37:05 [http-nio-8081-exec-1] WARN  b.s.impl.HouseCleaningServiceImpl - No room ID found in booking: 15
2025-04-12 22:37:05 [http-nio-8081-exec-1] WARN  b.s.impl.HouseCleaningServiceImpl - Booking ID 15 has no room ID
2025-04-12 22:37:05 [http-nio-8081-exec-1] WARN  b.s.impl.HouseCleaningServiceImpl - No room ID found in booking: 14
2025-04-12 22:37:05 [http-nio-8081-exec-1] WARN  b.s.impl.HouseCleaningServiceImpl - Booking ID 14 has no room ID
2025-04-12 22:37:05 [http-nio-8081-exec-1] WARN  b.s.impl.HouseCleaningServiceImpl - No room ID found in booking: 53
2025-04-12 22:37:05 [http-nio-8081-exec-1] WARN  b.s.impl.HouseCleaningServiceImpl - Booking ID 53 has no room ID
2025-04-12 22:37:05 [http-nio-8081-exec-1] WARN  b.s.impl.HouseCleaningServiceImpl - No room ID found in booking: 55
2025-04-12 22:37:05 [http-nio-8081-exec-1] WARN  b.s.impl.HouseCleaningServiceImpl - Booking ID 55 has no room ID
2025-04-12 22:37:05 [http-nio-8081-exec-1] WARN  b.s.impl.HouseCleaningServiceImpl - No room ID found in booking: 59
2025-04-12 22:37:05 [http-nio-8081-exec-1] WARN  b.s.impl.HouseCleaningServiceImpl - Booking ID 59 has no room ID
2025-04-12 22:37:05 [http-nio-8081-exec-1] WARN  b.s.impl.HouseCleaningServiceImpl - No room ID found in booking: 60
2025-04-12 22:37:05 [http-nio-8081-exec-1] WARN  b.s.impl.HouseCleaningServiceImpl - Booking ID 60 has no room ID
2025-04-12 22:37:05 [http-nio-8081-exec-1] WARN  b.s.impl.HouseCleaningServiceImpl - No room ID found in booking: 155
2025-04-12 22:37:05 [http-nio-8081-exec-1] WARN  b.s.impl.HouseCleaningServiceImpl - Booking ID 155 has no room ID
2025-04-12 22:37:05 [http-nio-8081-exec-1] WARN  b.s.impl.HouseCleaningServiceImpl - No room ID found in booking: 318
2025-04-12 22:37:05 [http-nio-8081-exec-1] WARN  b.s.impl.HouseCleaningServiceImpl - Booking ID 318 has no room ID
2025-04-12 22:37:05 [http-nio-8081-exec-1] INFO  b.s.impl.HouseCleaningServiceImpl - Processing check-out only bookings
2025-04-12 22:37:05 [http-nio-8081-exec-1] INFO  b.s.impl.HouseCleaningServiceImpl - Processing booked rooms without check-in or check-out
2025-04-12 22:37:05 [http-nio-8081-exec-1] WARN  b.s.impl.HouseCleaningServiceImpl - No room ID found in booking: 13
2025-04-12 22:37:05 [http-nio-8081-exec-1] WARN  b.s.impl.HouseCleaningServiceImpl - Current booking ID 13 has no room ID
2025-04-12 22:37:05 [http-nio-8081-exec-1] WARN  b.s.impl.HouseCleaningServiceImpl - No room ID found in booking: 12
2025-04-12 22:37:05 [http-nio-8081-exec-1] WARN  b.s.impl.HouseCleaningServiceImpl - Current booking ID 12 has no room ID
2025-04-12 22:37:05 [http-nio-8081-exec-1] WARN  b.s.impl.HouseCleaningServiceImpl - No room ID found in booking: 15
2025-04-12 22:37:05 [http-nio-8081-exec-1] WARN  b.s.impl.HouseCleaningServiceImpl - Current booking ID 15 has no room ID
2025-04-12 22:37:05 [http-nio-8081-exec-1] WARN  b.s.impl.HouseCleaningServiceImpl - No room ID found in booking: 14
2025-04-12 22:37:05 [http-nio-8081-exec-1] WARN  b.s.impl.HouseCleaningServiceImpl - Current booking ID 14 has no room ID
2025-04-12 22:37:05 [http-nio-8081-exec-1] WARN  b.s.impl.HouseCleaningServiceImpl - No room ID found in booking: 53
2025-04-12 22:37:05 [http-nio-8081-exec-1] WARN  b.s.impl.HouseCleaningServiceImpl - Current booking ID 53 has no room ID
2025-04-12 22:37:05 [http-nio-8081-exec-1] WARN  b.s.impl.HouseCleaningServiceImpl - No room ID found in booking: 55
2025-04-12 22:37:05 [http-nio-8081-exec-1] WARN  b.s.impl.HouseCleaningServiceImpl - Current booking ID 55 has no room ID
2025-04-12 22:37:05 [http-nio-8081-exec-1] WARN  b.s.impl.HouseCleaningServiceImpl - No room ID found in booking: 59
2025-04-12 22:37:05 [http-nio-8081-exec-1] WARN  b.s.impl.HouseCleaningServiceImpl - Current booking ID 59 has no room ID
2025-04-12 22:37:05 [http-nio-8081-exec-1] WARN  b.s.impl.HouseCleaningServiceImpl - No room ID found in booking: 60
2025-04-12 22:37:05 [http-nio-8081-exec-1] WARN  b.s.impl.HouseCleaningServiceImpl - Current booking ID 60 has no room ID
2025-04-12 22:37:05 [http-nio-8081-exec-1] WARN  b.s.impl.HouseCleaningServiceImpl - No room ID found in booking: 155
2025-04-12 22:37:05 [http-nio-8081-exec-1] WARN  b.s.impl.HouseCleaningServiceImpl - Current booking ID 155 has no room ID
2025-04-12 22:37:05 [http-nio-8081-exec-1] WARN  b.s.impl.HouseCleaningServiceImpl - No room ID found in booking: 318
2025-04-12 22:37:05 [http-nio-8081-exec-1] WARN  b.s.impl.HouseCleaningServiceImpl - Current booking ID 318 has no room ID
2025-04-12 22:37:05 [http-nio-8081-exec-1] INFO  b.s.impl.HouseCleaningServiceImpl - Saving 0 cleaning schedules
2025-04-12 22:37:05 [http-nio-8081-exec-1] INFO  b.s.impl.HouseCleaningServiceImpl - Successfully saved 0 cleaning schedules
2025-04-12 22:37:49 [SpringApplicationShutdownHook] INFO  o.s.b.w.e.tomcat.GracefulShutdown - Commencing graceful shutdown. Waiting for active requests to complete
2025-04-12 22:37:49 [tomcat-shutdown] INFO  o.s.b.w.e.tomcat.GracefulShutdown - Graceful shutdown complete
2025-04-12 22:37:49 [SpringApplicationShutdownHook] INFO  o.s.o.j.LocalContainerEntityManagerFactoryBean - Closing JPA EntityManagerFactory for persistence unit 'default'
2025-04-12 22:37:49 [SpringApplicationShutdownHook] INFO  com.zaxxer.hikari.HikariDataSource - HikariPool-1 - Shutdown initiated...
2025-04-12 22:37:49 [SpringApplicationShutdownHook] INFO  com.zaxxer.hikari.HikariDataSource - HikariPool-1 - Shutdown completed.
2025-04-12 22:37:57 [main] INFO  backend.HotelBookingApplication - Starting HotelBookingApplication using Java 17.0.13 with PID 86176 (/Users/sukuna/Documents/coding/IBE/IBE-BE/KDU/target/classes started by sukuna in /Users/sukuna/Documents/coding/IBE/IBE-BE/KDU)
2025-04-12 22:37:57 [main] INFO  backend.HotelBookingApplication - The following 1 profile is active: "dev"
2025-04-12 22:37:58 [main] INFO  o.s.d.r.c.RepositoryConfigurationDelegate - Bootstrapping Spring Data JPA repositories in DEFAULT mode.
2025-04-12 22:37:58 [main] INFO  o.s.d.r.c.RepositoryConfigurationDelegate - Finished Spring Data repository scanning in 68 ms. Found 15 JPA repository interfaces.
2025-04-12 22:37:58 [main] INFO  o.s.b.w.e.tomcat.TomcatWebServer - Tomcat initialized with port 8081 (http)
2025-04-12 22:37:58 [main] INFO  o.a.coyote.http11.Http11NioProtocol - Initializing ProtocolHandler ["http-nio-8081"]
2025-04-12 22:37:58 [main] INFO  o.a.catalina.core.StandardService - Starting service [Tomcat]
2025-04-12 22:37:58 [main] INFO  o.a.catalina.core.StandardEngine - Starting Servlet engine: [Apache Tomcat/10.1.36]
2025-04-12 22:37:58 [main] INFO  o.a.c.c.C.[Tomcat].[localhost].[/] - Initializing Spring embedded WebApplicationContext
2025-04-12 22:37:58 [main] INFO  o.s.b.w.s.c.ServletWebServerApplicationContext - Root WebApplicationContext: initialization completed in 1580 ms
2025-04-12 22:37:58 [main] INFO  com.zaxxer.hikari.HikariDataSource - HikariPool-1 - Starting...
2025-04-12 22:37:59 [main] INFO  com.zaxxer.hikari.pool.HikariPool - HikariPool-1 - Added connection org.postgresql.jdbc.PgConnection@5e7e7a7e
2025-04-12 22:37:59 [main] INFO  com.zaxxer.hikari.HikariDataSource - HikariPool-1 - Start completed.
2025-04-12 22:37:59 [main] INFO  o.s.o.j.p.SpringPersistenceUnitInfo - No LoadTimeWeaver setup: ignoring JPA class transformer
2025-04-12 22:37:59 [main] WARN  org.hibernate.orm.deprecation - HHH90000025: PostgreSQLDialect does not need to be specified explicitly using 'hibernate.dialect' (remove the property setting and it will be selected by default)
2025-04-12 22:38:00 [main] WARN  o.h.t.s.i.ExceptionHandlerLoggedImpl - GenerationTarget encountered exception accepting command : Error executing DDL "create table staff (staff_id varchar(255) generated by default as identity, is_active boolean, shift_id varchar(255), primary key (staff_id))" via JDBC [ERROR: identity column type must be smallint, integer, or bigint]
org.hibernate.tool.schema.spi.CommandAcceptanceException: Error executing DDL "create table staff (staff_id varchar(255) generated by default as identity, is_active boolean, shift_id varchar(255), primary key (staff_id))" via JDBC [ERROR: identity column type must be smallint, integer, or bigint]
	at org.hibernate.tool.schema.internal.exec.GenerationTargetToDatabase.accept(GenerationTargetToDatabase.java:94)
	at org.hibernate.tool.schema.internal.AbstractSchemaMigrator.applySqlString(AbstractSchemaMigrator.java:576)
	at org.hibernate.tool.schema.internal.AbstractSchemaMigrator.applySqlStrings(AbstractSchemaMigrator.java:516)
	at org.hibernate.tool.schema.internal.AbstractSchemaMigrator.createTable(AbstractSchemaMigrator.java:316)
	at org.hibernate.tool.schema.internal.GroupedSchemaMigratorImpl.performTablesMigration(GroupedSchemaMigratorImpl.java:80)
	at org.hibernate.tool.schema.internal.AbstractSchemaMigrator.performMigration(AbstractSchemaMigrator.java:233)
	at org.hibernate.tool.schema.internal.AbstractSchemaMigrator.doMigration(AbstractSchemaMigrator.java:112)
	at org.hibernate.tool.schema.spi.SchemaManagementToolCoordinator.performDatabaseAction(SchemaManagementToolCoordinator.java:280)
	at org.hibernate.tool.schema.spi.SchemaManagementToolCoordinator.lambda$process$5(SchemaManagementToolCoordinator.java:144)
	at java.base/java.util.HashMap.forEach(HashMap.java:1421)
	at org.hibernate.tool.schema.spi.SchemaManagementToolCoordinator.process(SchemaManagementToolCoordinator.java:141)
	at org.hibernate.boot.internal.SessionFactoryObserverForSchemaExport.sessionFactoryCreated(SessionFactoryObserverForSchemaExport.java:37)
	at org.hibernate.internal.SessionFactoryObserverChain.sessionFactoryCreated(SessionFactoryObserverChain.java:35)
	at org.hibernate.internal.SessionFactoryImpl.<init>(SessionFactoryImpl.java:324)
	at org.hibernate.boot.internal.SessionFactoryBuilderImpl.build(SessionFactoryBuilderImpl.java:463)
	at org.hibernate.jpa.boot.internal.EntityManagerFactoryBuilderImpl.build(EntityManagerFactoryBuilderImpl.java:1517)
	at org.springframework.orm.jpa.vendor.SpringHibernateJpaPersistenceProvider.createContainerEntityManagerFactory(SpringHibernateJpaPersistenceProvider.java:66)
	at org.springframework.orm.jpa.LocalContainerEntityManagerFactoryBean.createNativeEntityManagerFactory(LocalContainerEntityManagerFactoryBean.java:390)
	at org.springframework.orm.jpa.AbstractEntityManagerFactoryBean.buildNativeEntityManagerFactory(AbstractEntityManagerFactoryBean.java:419)
	at org.springframework.orm.jpa.AbstractEntityManagerFactoryBean.afterPropertiesSet(AbstractEntityManagerFactoryBean.java:400)
	at org.springframework.orm.jpa.LocalContainerEntityManagerFactoryBean.afterPropertiesSet(LocalContainerEntityManagerFactoryBean.java:366)
	at org.springframework.beans.factory.support.AbstractAutowireCapableBeanFactory.invokeInitMethods(AbstractAutowireCapableBeanFactory.java:1859)
	at org.springframework.beans.factory.support.AbstractAutowireCapableBeanFactory.initializeBean(AbstractAutowireCapableBeanFactory.java:1808)
	at org.springframework.beans.factory.support.AbstractAutowireCapableBeanFactory.doCreateBean(AbstractAutowireCapableBeanFactory.java:601)
	at org.springframework.beans.factory.support.AbstractAutowireCapableBeanFactory.createBean(AbstractAutowireCapableBeanFactory.java:523)
	at org.springframework.beans.factory.support.AbstractBeanFactory.lambda$doGetBean$0(AbstractBeanFactory.java:339)
	at org.springframework.beans.factory.support.DefaultSingletonBeanRegistry.getSingleton(DefaultSingletonBeanRegistry.java:346)
	at org.springframework.beans.factory.support.AbstractBeanFactory.doGetBean(AbstractBeanFactory.java:337)
	at org.springframework.beans.factory.support.AbstractBeanFactory.getBean(AbstractBeanFactory.java:207)
	at org.springframework.context.support.AbstractApplicationContext.finishBeanFactoryInitialization(AbstractApplicationContext.java:970)
	at org.springframework.context.support.AbstractApplicationContext.refresh(AbstractApplicationContext.java:627)
	at org.springframework.boot.web.servlet.context.ServletWebServerApplicationContext.refresh(ServletWebServerApplicationContext.java:146)
	at org.springframework.boot.SpringApplication.refresh(SpringApplication.java:752)
	at org.springframework.boot.SpringApplication.refreshContext(SpringApplication.java:439)
	at org.springframework.boot.SpringApplication.run(SpringApplication.java:318)
	at org.springframework.boot.SpringApplication.run(SpringApplication.java:1361)
	at org.springframework.boot.SpringApplication.run(SpringApplication.java:1350)
	at backend.HotelBookingApplication.main(HotelBookingApplication.java:15)
Caused by: org.postgresql.util.PSQLException: ERROR: identity column type must be smallint, integer, or bigint
	at org.postgresql.core.v3.QueryExecutorImpl.receiveErrorResponse(QueryExecutorImpl.java:2733)
	at org.postgresql.core.v3.QueryExecutorImpl.processResults(QueryExecutorImpl.java:2420)
	at org.postgresql.core.v3.QueryExecutorImpl.execute(QueryExecutorImpl.java:372)
	at org.postgresql.jdbc.PgStatement.executeInternal(PgStatement.java:517)
	at org.postgresql.jdbc.PgStatement.execute(PgStatement.java:434)
	at org.postgresql.jdbc.PgStatement.executeWithFlags(PgStatement.java:356)
	at org.postgresql.jdbc.PgStatement.executeCachedSql(PgStatement.java:341)
	at org.postgresql.jdbc.PgStatement.executeWithFlags(PgStatement.java:317)
	at org.postgresql.jdbc.PgStatement.execute(PgStatement.java:312)
	at com.zaxxer.hikari.pool.ProxyStatement.execute(ProxyStatement.java:94)
	at com.zaxxer.hikari.pool.HikariProxyStatement.execute(HikariProxyStatement.java)
	at org.hibernate.tool.schema.internal.exec.GenerationTargetToDatabase.accept(GenerationTargetToDatabase.java:80)
	... 37 common frames omitted
2025-04-12 22:38:01 [main] WARN  o.h.t.s.i.ExceptionHandlerLoggedImpl - GenerationTarget encountered exception accepting command : Error executing DDL "alter table if exists staff_room_map add constraint FKyd20ehofj2axxe92vl67pqvx foreign key (staff_id) references staff" via JDBC [ERROR: relation "staff" does not exist]
org.hibernate.tool.schema.spi.CommandAcceptanceException: Error executing DDL "alter table if exists staff_room_map add constraint FKyd20ehofj2axxe92vl67pqvx foreign key (staff_id) references staff" via JDBC [ERROR: relation "staff" does not exist]
	at org.hibernate.tool.schema.internal.exec.GenerationTargetToDatabase.accept(GenerationTargetToDatabase.java:94)
	at org.hibernate.tool.schema.internal.AbstractSchemaMigrator.applySqlString(AbstractSchemaMigrator.java:576)
	at org.hibernate.tool.schema.internal.AbstractSchemaMigrator.applySqlStrings(AbstractSchemaMigrator.java:516)
	at org.hibernate.tool.schema.internal.AbstractSchemaMigrator.applyForeignKeys(AbstractSchemaMigrator.java:448)
	at org.hibernate.tool.schema.internal.AbstractSchemaMigrator.performMigration(AbstractSchemaMigrator.java:269)
	at org.hibernate.tool.schema.internal.AbstractSchemaMigrator.doMigration(AbstractSchemaMigrator.java:112)
	at org.hibernate.tool.schema.spi.SchemaManagementToolCoordinator.performDatabaseAction(SchemaManagementToolCoordinator.java:280)
	at org.hibernate.tool.schema.spi.SchemaManagementToolCoordinator.lambda$process$5(SchemaManagementToolCoordinator.java:144)
	at java.base/java.util.HashMap.forEach(HashMap.java:1421)
	at org.hibernate.tool.schema.spi.SchemaManagementToolCoordinator.process(SchemaManagementToolCoordinator.java:141)
	at org.hibernate.boot.internal.SessionFactoryObserverForSchemaExport.sessionFactoryCreated(SessionFactoryObserverForSchemaExport.java:37)
	at org.hibernate.internal.SessionFactoryObserverChain.sessionFactoryCreated(SessionFactoryObserverChain.java:35)
	at org.hibernate.internal.SessionFactoryImpl.<init>(SessionFactoryImpl.java:324)
	at org.hibernate.boot.internal.SessionFactoryBuilderImpl.build(SessionFactoryBuilderImpl.java:463)
	at org.hibernate.jpa.boot.internal.EntityManagerFactoryBuilderImpl.build(EntityManagerFactoryBuilderImpl.java:1517)
	at org.springframework.orm.jpa.vendor.SpringHibernateJpaPersistenceProvider.createContainerEntityManagerFactory(SpringHibernateJpaPersistenceProvider.java:66)
	at org.springframework.orm.jpa.LocalContainerEntityManagerFactoryBean.createNativeEntityManagerFactory(LocalContainerEntityManagerFactoryBean.java:390)
	at org.springframework.orm.jpa.AbstractEntityManagerFactoryBean.buildNativeEntityManagerFactory(AbstractEntityManagerFactoryBean.java:419)
	at org.springframework.orm.jpa.AbstractEntityManagerFactoryBean.afterPropertiesSet(AbstractEntityManagerFactoryBean.java:400)
	at org.springframework.orm.jpa.LocalContainerEntityManagerFactoryBean.afterPropertiesSet(LocalContainerEntityManagerFactoryBean.java:366)
	at org.springframework.beans.factory.support.AbstractAutowireCapableBeanFactory.invokeInitMethods(AbstractAutowireCapableBeanFactory.java:1859)
	at org.springframework.beans.factory.support.AbstractAutowireCapableBeanFactory.initializeBean(AbstractAutowireCapableBeanFactory.java:1808)
	at org.springframework.beans.factory.support.AbstractAutowireCapableBeanFactory.doCreateBean(AbstractAutowireCapableBeanFactory.java:601)
	at org.springframework.beans.factory.support.AbstractAutowireCapableBeanFactory.createBean(AbstractAutowireCapableBeanFactory.java:523)
	at org.springframework.beans.factory.support.AbstractBeanFactory.lambda$doGetBean$0(AbstractBeanFactory.java:339)
	at org.springframework.beans.factory.support.DefaultSingletonBeanRegistry.getSingleton(DefaultSingletonBeanRegistry.java:346)
	at org.springframework.beans.factory.support.AbstractBeanFactory.doGetBean(AbstractBeanFactory.java:337)
	at org.springframework.beans.factory.support.AbstractBeanFactory.getBean(AbstractBeanFactory.java:207)
	at org.springframework.context.support.AbstractApplicationContext.finishBeanFactoryInitialization(AbstractApplicationContext.java:970)
	at org.springframework.context.support.AbstractApplicationContext.refresh(AbstractApplicationContext.java:627)
	at org.springframework.boot.web.servlet.context.ServletWebServerApplicationContext.refresh(ServletWebServerApplicationContext.java:146)
	at org.springframework.boot.SpringApplication.refresh(SpringApplication.java:752)
	at org.springframework.boot.SpringApplication.refreshContext(SpringApplication.java:439)
	at org.springframework.boot.SpringApplication.run(SpringApplication.java:318)
	at org.springframework.boot.SpringApplication.run(SpringApplication.java:1361)
	at org.springframework.boot.SpringApplication.run(SpringApplication.java:1350)
	at backend.HotelBookingApplication.main(HotelBookingApplication.java:15)
Caused by: org.postgresql.util.PSQLException: ERROR: relation "staff" does not exist
	at org.postgresql.core.v3.QueryExecutorImpl.receiveErrorResponse(QueryExecutorImpl.java:2733)
	at org.postgresql.core.v3.QueryExecutorImpl.processResults(QueryExecutorImpl.java:2420)
	at org.postgresql.core.v3.QueryExecutorImpl.execute(QueryExecutorImpl.java:372)
	at org.postgresql.jdbc.PgStatement.executeInternal(PgStatement.java:517)
	at org.postgresql.jdbc.PgStatement.execute(PgStatement.java:434)
	at org.postgresql.jdbc.PgStatement.executeWithFlags(PgStatement.java:356)
	at org.postgresql.jdbc.PgStatement.executeCachedSql(PgStatement.java:341)
	at org.postgresql.jdbc.PgStatement.executeWithFlags(PgStatement.java:317)
	at org.postgresql.jdbc.PgStatement.execute(PgStatement.java:312)
	at com.zaxxer.hikari.pool.ProxyStatement.execute(ProxyStatement.java:94)
	at com.zaxxer.hikari.pool.HikariProxyStatement.execute(HikariProxyStatement.java)
	at org.hibernate.tool.schema.internal.exec.GenerationTargetToDatabase.accept(GenerationTargetToDatabase.java:80)
	... 36 common frames omitted
2025-04-12 22:38:01 [main] INFO  o.s.o.j.LocalContainerEntityManagerFactoryBean - Initialized JPA EntityManagerFactory for persistence unit 'default'
2025-04-12 22:38:01 [main] INFO  backend.config.CorsConfig - CORS Configuration Loaded!
2025-04-12 22:38:01 [main] DEBUG o.s.c.e.PropertySourcesPropertyResolver - Found key 'spring.security.oauth2.resourceserver.jwt.issuer-uri' in PropertySource 'environmentProperties' with value of type String
2025-04-12 22:38:02 [main] INFO  o.s.d.j.r.query.QueryEnhancerFactory - Hibernate is in classpath; If applicable, HQL parser will be used.
2025-04-12 22:38:02 [main] DEBUG o.s.c.e.PropertySourcesPropertyResolver - Found key 'graphql.endpoint' in PropertySource 'environmentProperties' with value of type String
2025-04-12 22:38:02 [main] DEBUG o.s.c.e.PropertySourcesPropertyResolver - Found key 'graphql.api-key' in PropertySource 'environmentProperties' with value of type String
2025-04-12 22:38:02 [main] DEBUG o.s.c.e.PropertySourcesPropertyResolver - Found key 'graphql.api.key' in PropertySource 'environmentProperties' with value of type String
2025-04-12 22:38:02 [main] DEBUG o.s.c.e.PropertySourcesPropertyResolver - Found key 'graphql.url' in PropertySource 'environmentProperties' with value of type String
2025-04-12 22:38:02 [main] DEBUG o.s.c.e.PropertySourcesPropertyResolver - Found key 'spring.mail.username' in PropertySource 'environmentProperties' with value of type String
2025-04-12 22:38:02 [main] DEBUG o.s.c.e.PropertySourcesPropertyResolver - Found key 'otp.expiry.minutes' in PropertySource 'environmentProperties' with value of type String
2025-04-12 22:38:02 [main] DEBUG o.s.c.e.PropertySourcesPropertyResolver - Found key 'otp.max.attempts' in PropertySource 'environmentProperties' with value of type String
2025-04-12 22:38:02 [main] DEBUG o.s.c.e.PropertySourcesPropertyResolver - Found key 'graphql.endpoint' in PropertySource 'environmentProperties' with value of type String
2025-04-12 22:38:02 [main] DEBUG o.s.c.e.PropertySourcesPropertyResolver - Found key 'graphql.api-key' in PropertySource 'environmentProperties' with value of type String
2025-04-12 22:38:02 [main] DEBUG o.s.c.e.PropertySourcesPropertyResolver - Found key 'graphql.api.key' in PropertySource 'environmentProperties' with value of type String
2025-04-12 22:38:02 [main] DEBUG o.s.c.e.PropertySourcesPropertyResolver - Found key 'graphql.url' in PropertySource 'environmentProperties' with value of type String
2025-04-12 22:38:02 [main] DEBUG o.s.c.e.PropertySourcesPropertyResolver - Found key 'graphql.endpoint' in PropertySource 'environmentProperties' with value of type String
2025-04-12 22:38:02 [main] DEBUG o.s.c.e.PropertySourcesPropertyResolver - Found key 'graphql.api-key' in PropertySource 'environmentProperties' with value of type String
2025-04-12 22:38:02 [main] DEBUG o.s.c.e.PropertySourcesPropertyResolver - Found key 'graphql.endpoint' in PropertySource 'environmentProperties' with value of type String
2025-04-12 22:38:02 [main] DEBUG o.s.c.e.PropertySourcesPropertyResolver - Found key 'graphql.apiKey' in PropertySource 'environmentProperties' with value of type String
2025-04-12 22:38:02 [main] DEBUG o.s.c.e.PropertySourcesPropertyResolver - Found key 'graphql.endpoint' in PropertySource 'environmentProperties' with value of type String
2025-04-12 22:38:02 [main] DEBUG o.s.c.e.PropertySourcesPropertyResolver - Found key 'graphql.apiKey' in PropertySource 'environmentProperties' with value of type String
2025-04-12 22:38:02 [main] DEBUG o.s.c.e.PropertySourcesPropertyResolver - Found key 'api.base.url' in PropertySource 'environmentProperties' with value of type String
2025-04-12 22:38:03 [main] WARN  o.s.b.a.o.j.JpaBaseConfiguration$JpaWebConfiguration - spring.jpa.open-in-view is enabled by default. Therefore, database queries may be performed during view rendering. Explicitly configure spring.jpa.open-in-view to disable this warning
2025-04-12 22:38:03 [main] INFO  backend.config.CorsConfig - Applying CORS settings...
2025-04-12 22:38:03 [main] DEBUG o.s.s.c.a.a.c.AuthenticationConfiguration$DefaultPasswordEncoderAuthenticationManagerBuilder - No authenticationProviders and no parentAuthenticationManager defined. Returning null.
2025-04-12 22:38:03 [main] INFO  o.s.b.a.e.web.EndpointLinksResolver - Exposing 2 endpoints beneath base path '/actuator'
2025-04-12 22:38:03 [main] INFO  backend.config.SecurityConfig - Configuring security filter chain...
2025-04-12 22:38:03 [main] INFO  backend.config.SecurityConfig - Using issuer URI: https://cognito-idp.ap-south-1.amazonaws.com/ap-south-1_IGHZ9OObg
2025-04-12 22:38:03 [main] INFO  backend.config.SecurityConfig - Configuring authorization rules...
2025-04-12 22:38:03 [main] INFO  backend.config.SecurityConfig - Configuring OAuth2 resource server...
2025-04-12 22:38:03 [main] INFO  backend.config.SecurityConfig - Configuring JWT...
2025-04-12 22:38:03 [main] INFO  backend.config.SecurityConfig - Creating JWT decoder with issuer URI: https://cognito-idp.ap-south-1.amazonaws.com/ap-south-1_IGHZ9OObg
2025-04-12 22:38:03 [main] INFO  backend.config.SecurityConfig - Configuring session management...
2025-04-12 22:38:03 [main] DEBUG o.s.s.web.DefaultSecurityFilterChain - Will secure any request with filters: DisableEncodeUrlFilter, WebAsyncManagerIntegrationFilter, SecurityContextHolderFilter, HeaderWriterFilter, LogoutFilter, BearerTokenAuthenticationFilter, RequestCacheAwareFilter, SecurityContextHolderAwareRequestFilter, AnonymousAuthenticationFilter, SessionManagementFilter, ExceptionTranslationFilter, AuthorizationFilter
2025-04-12 22:38:04 [main] INFO  o.a.coyote.http11.Http11NioProtocol - Starting ProtocolHandler ["http-nio-8081"]
2025-04-12 22:38:04 [main] INFO  o.s.b.w.e.tomcat.TomcatWebServer - Tomcat started on port 8081 (http) with context path '/'
2025-04-12 22:38:04 [main] INFO  backend.HotelBookingApplication - Started HotelBookingApplication in 7.733 seconds (process running for 8.191)
2025-04-12 22:38:06 [http-nio-8081-exec-1] INFO  o.a.c.c.C.[Tomcat].[localhost].[/] - Initializing Spring DispatcherServlet 'dispatcherServlet'
2025-04-12 22:38:06 [http-nio-8081-exec-1] INFO  o.s.web.servlet.DispatcherServlet - Initializing Servlet 'dispatcherServlet'
2025-04-12 22:38:06 [http-nio-8081-exec-1] INFO  o.s.web.servlet.DispatcherServlet - Completed initialization in 3 ms
2025-04-12 22:38:06 [http-nio-8081-exec-1] DEBUG o.s.security.web.FilterChainProxy - Securing POST /api/house-cleaning/generate?date=2025-05-01
2025-04-12 22:38:06 [http-nio-8081-exec-1] DEBUG o.s.s.w.a.AnonymousAuthenticationFilter - Set SecurityContextHolder to anonymous SecurityContext
2025-04-12 22:38:06 [http-nio-8081-exec-1] DEBUG o.s.security.web.FilterChainProxy - Secured POST /api/house-cleaning/generate?date=2025-05-01
2025-04-12 22:38:06 [http-nio-8081-exec-1] WARN  b.s.impl.HouseCleaningServiceImpl - No room ID found in booking: 13
2025-04-12 22:38:06 [http-nio-8081-exec-1] INFO  b.s.impl.HouseCleaningServiceImpl - Check-in booking: null
2025-04-12 22:38:06 [http-nio-8081-exec-1] WARN  b.s.impl.HouseCleaningServiceImpl - No room ID found in booking: 12
2025-04-12 22:38:06 [http-nio-8081-exec-1] INFO  b.s.impl.HouseCleaningServiceImpl - Check-in booking: null
2025-04-12 22:38:06 [http-nio-8081-exec-1] WARN  b.s.impl.HouseCleaningServiceImpl - No room ID found in booking: 15
2025-04-12 22:38:06 [http-nio-8081-exec-1] INFO  b.s.impl.HouseCleaningServiceImpl - Check-in booking: null
2025-04-12 22:38:06 [http-nio-8081-exec-1] WARN  b.s.impl.HouseCleaningServiceImpl - No room ID found in booking: 14
2025-04-12 22:38:06 [http-nio-8081-exec-1] INFO  b.s.impl.HouseCleaningServiceImpl - Check-in booking: null
2025-04-12 22:38:06 [http-nio-8081-exec-1] WARN  b.s.impl.HouseCleaningServiceImpl - No room ID found in booking: 53
2025-04-12 22:38:06 [http-nio-8081-exec-1] INFO  b.s.impl.HouseCleaningServiceImpl - Check-in booking: null
2025-04-12 22:38:06 [http-nio-8081-exec-1] WARN  b.s.impl.HouseCleaningServiceImpl - No room ID found in booking: 55
2025-04-12 22:38:06 [http-nio-8081-exec-1] INFO  b.s.impl.HouseCleaningServiceImpl - Check-in booking: null
2025-04-12 22:38:06 [http-nio-8081-exec-1] WARN  b.s.impl.HouseCleaningServiceImpl - No room ID found in booking: 59
2025-04-12 22:38:06 [http-nio-8081-exec-1] INFO  b.s.impl.HouseCleaningServiceImpl - Check-in booking: null
2025-04-12 22:38:06 [http-nio-8081-exec-1] WARN  b.s.impl.HouseCleaningServiceImpl - No room ID found in booking: 60
2025-04-12 22:38:06 [http-nio-8081-exec-1] INFO  b.s.impl.HouseCleaningServiceImpl - Check-in booking: null
2025-04-12 22:38:06 [http-nio-8081-exec-1] WARN  b.s.impl.HouseCleaningServiceImpl - No room ID found in booking: 155
2025-04-12 22:38:06 [http-nio-8081-exec-1] INFO  b.s.impl.HouseCleaningServiceImpl - Check-in booking: null
2025-04-12 22:38:06 [http-nio-8081-exec-1] WARN  b.s.impl.HouseCleaningServiceImpl - No room ID found in booking: 318
2025-04-12 22:38:06 [http-nio-8081-exec-1] INFO  b.s.impl.HouseCleaningServiceImpl - Check-in booking: null
2025-04-12 22:38:06 [http-nio-8081-exec-1] WARN  b.s.impl.HouseCleaningServiceImpl - No room ID found in booking: 13
2025-04-12 22:38:06 [http-nio-8081-exec-1] INFO  b.s.impl.HouseCleaningServiceImpl - Current booking: null
2025-04-12 22:38:06 [http-nio-8081-exec-1] WARN  b.s.impl.HouseCleaningServiceImpl - No room ID found in booking: 12
2025-04-12 22:38:06 [http-nio-8081-exec-1] INFO  b.s.impl.HouseCleaningServiceImpl - Current booking: null
2025-04-12 22:38:06 [http-nio-8081-exec-1] WARN  b.s.impl.HouseCleaningServiceImpl - No room ID found in booking: 15
2025-04-12 22:38:06 [http-nio-8081-exec-1] INFO  b.s.impl.HouseCleaningServiceImpl - Current booking: null
2025-04-12 22:38:06 [http-nio-8081-exec-1] WARN  b.s.impl.HouseCleaningServiceImpl - No room ID found in booking: 14
2025-04-12 22:38:06 [http-nio-8081-exec-1] INFO  b.s.impl.HouseCleaningServiceImpl - Current booking: null
2025-04-12 22:38:06 [http-nio-8081-exec-1] WARN  b.s.impl.HouseCleaningServiceImpl - No room ID found in booking: 53
2025-04-12 22:38:06 [http-nio-8081-exec-1] INFO  b.s.impl.HouseCleaningServiceImpl - Current booking: null
2025-04-12 22:38:06 [http-nio-8081-exec-1] WARN  b.s.impl.HouseCleaningServiceImpl - No room ID found in booking: 55
2025-04-12 22:38:06 [http-nio-8081-exec-1] INFO  b.s.impl.HouseCleaningServiceImpl - Current booking: null
2025-04-12 22:38:06 [http-nio-8081-exec-1] WARN  b.s.impl.HouseCleaningServiceImpl - No room ID found in booking: 59
2025-04-12 22:38:06 [http-nio-8081-exec-1] INFO  b.s.impl.HouseCleaningServiceImpl - Current booking: null
2025-04-12 22:38:06 [http-nio-8081-exec-1] WARN  b.s.impl.HouseCleaningServiceImpl - No room ID found in booking: 60
2025-04-12 22:38:06 [http-nio-8081-exec-1] INFO  b.s.impl.HouseCleaningServiceImpl - Current booking: null
2025-04-12 22:38:06 [http-nio-8081-exec-1] WARN  b.s.impl.HouseCleaningServiceImpl - No room ID found in booking: 155
2025-04-12 22:38:06 [http-nio-8081-exec-1] INFO  b.s.impl.HouseCleaningServiceImpl - Current booking: null
2025-04-12 22:38:06 [http-nio-8081-exec-1] WARN  b.s.impl.HouseCleaningServiceImpl - No room ID found in booking: 318
2025-04-12 22:38:06 [http-nio-8081-exec-1] INFO  b.s.impl.HouseCleaningServiceImpl - Current booking: null
2025-04-12 22:38:06 [http-nio-8081-exec-1] INFO  b.s.impl.HouseCleaningServiceImpl - Processing check-in and check-out bookings
2025-04-12 22:38:06 [http-nio-8081-exec-1] WARN  b.s.impl.HouseCleaningServiceImpl - No room ID found in booking: 13
2025-04-12 22:38:06 [http-nio-8081-exec-1] WARN  b.s.impl.HouseCleaningServiceImpl - Booking ID 13 has no room ID
2025-04-12 22:38:06 [http-nio-8081-exec-1] WARN  b.s.impl.HouseCleaningServiceImpl - No room ID found in booking: 12
2025-04-12 22:38:06 [http-nio-8081-exec-1] WARN  b.s.impl.HouseCleaningServiceImpl - Booking ID 12 has no room ID
2025-04-12 22:38:06 [http-nio-8081-exec-1] WARN  b.s.impl.HouseCleaningServiceImpl - No room ID found in booking: 15
2025-04-12 22:38:06 [http-nio-8081-exec-1] WARN  b.s.impl.HouseCleaningServiceImpl - Booking ID 15 has no room ID
2025-04-12 22:38:06 [http-nio-8081-exec-1] WARN  b.s.impl.HouseCleaningServiceImpl - No room ID found in booking: 14
2025-04-12 22:38:06 [http-nio-8081-exec-1] WARN  b.s.impl.HouseCleaningServiceImpl - Booking ID 14 has no room ID
2025-04-12 22:38:06 [http-nio-8081-exec-1] WARN  b.s.impl.HouseCleaningServiceImpl - No room ID found in booking: 53
2025-04-12 22:38:06 [http-nio-8081-exec-1] WARN  b.s.impl.HouseCleaningServiceImpl - Booking ID 53 has no room ID
2025-04-12 22:38:06 [http-nio-8081-exec-1] WARN  b.s.impl.HouseCleaningServiceImpl - No room ID found in booking: 55
2025-04-12 22:38:06 [http-nio-8081-exec-1] WARN  b.s.impl.HouseCleaningServiceImpl - Booking ID 55 has no room ID
2025-04-12 22:38:06 [http-nio-8081-exec-1] WARN  b.s.impl.HouseCleaningServiceImpl - No room ID found in booking: 59
2025-04-12 22:38:06 [http-nio-8081-exec-1] WARN  b.s.impl.HouseCleaningServiceImpl - Booking ID 59 has no room ID
2025-04-12 22:38:06 [http-nio-8081-exec-1] WARN  b.s.impl.HouseCleaningServiceImpl - No room ID found in booking: 60
2025-04-12 22:38:06 [http-nio-8081-exec-1] WARN  b.s.impl.HouseCleaningServiceImpl - Booking ID 60 has no room ID
2025-04-12 22:38:06 [http-nio-8081-exec-1] WARN  b.s.impl.HouseCleaningServiceImpl - No room ID found in booking: 155
2025-04-12 22:38:06 [http-nio-8081-exec-1] WARN  b.s.impl.HouseCleaningServiceImpl - Booking ID 155 has no room ID
2025-04-12 22:38:06 [http-nio-8081-exec-1] WARN  b.s.impl.HouseCleaningServiceImpl - No room ID found in booking: 318
2025-04-12 22:38:06 [http-nio-8081-exec-1] WARN  b.s.impl.HouseCleaningServiceImpl - Booking ID 318 has no room ID
2025-04-12 22:38:06 [http-nio-8081-exec-1] INFO  b.s.impl.HouseCleaningServiceImpl - Processing check-out only bookings
2025-04-12 22:38:06 [http-nio-8081-exec-1] INFO  b.s.impl.HouseCleaningServiceImpl - Processing booked rooms without check-in or check-out
2025-04-12 22:38:06 [http-nio-8081-exec-1] WARN  b.s.impl.HouseCleaningServiceImpl - No room ID found in booking: 13
2025-04-12 22:38:06 [http-nio-8081-exec-1] WARN  b.s.impl.HouseCleaningServiceImpl - Current booking ID 13 has no room ID
2025-04-12 22:38:06 [http-nio-8081-exec-1] WARN  b.s.impl.HouseCleaningServiceImpl - No room ID found in booking: 12
2025-04-12 22:38:06 [http-nio-8081-exec-1] WARN  b.s.impl.HouseCleaningServiceImpl - Current booking ID 12 has no room ID
2025-04-12 22:38:06 [http-nio-8081-exec-1] WARN  b.s.impl.HouseCleaningServiceImpl - No room ID found in booking: 15
2025-04-12 22:38:06 [http-nio-8081-exec-1] WARN  b.s.impl.HouseCleaningServiceImpl - Current booking ID 15 has no room ID
2025-04-12 22:38:06 [http-nio-8081-exec-1] WARN  b.s.impl.HouseCleaningServiceImpl - No room ID found in booking: 14
2025-04-12 22:38:06 [http-nio-8081-exec-1] WARN  b.s.impl.HouseCleaningServiceImpl - Current booking ID 14 has no room ID
2025-04-12 22:38:06 [http-nio-8081-exec-1] WARN  b.s.impl.HouseCleaningServiceImpl - No room ID found in booking: 53
2025-04-12 22:38:06 [http-nio-8081-exec-1] WARN  b.s.impl.HouseCleaningServiceImpl - Current booking ID 53 has no room ID
2025-04-12 22:38:06 [http-nio-8081-exec-1] WARN  b.s.impl.HouseCleaningServiceImpl - No room ID found in booking: 55
2025-04-12 22:38:06 [http-nio-8081-exec-1] WARN  b.s.impl.HouseCleaningServiceImpl - Current booking ID 55 has no room ID
2025-04-12 22:38:06 [http-nio-8081-exec-1] WARN  b.s.impl.HouseCleaningServiceImpl - No room ID found in booking: 59
2025-04-12 22:38:06 [http-nio-8081-exec-1] WARN  b.s.impl.HouseCleaningServiceImpl - Current booking ID 59 has no room ID
2025-04-12 22:38:06 [http-nio-8081-exec-1] WARN  b.s.impl.HouseCleaningServiceImpl - No room ID found in booking: 60
2025-04-12 22:38:06 [http-nio-8081-exec-1] WARN  b.s.impl.HouseCleaningServiceImpl - Current booking ID 60 has no room ID
2025-04-12 22:38:06 [http-nio-8081-exec-1] WARN  b.s.impl.HouseCleaningServiceImpl - No room ID found in booking: 155
2025-04-12 22:38:06 [http-nio-8081-exec-1] WARN  b.s.impl.HouseCleaningServiceImpl - Current booking ID 155 has no room ID
2025-04-12 22:38:06 [http-nio-8081-exec-1] WARN  b.s.impl.HouseCleaningServiceImpl - No room ID found in booking: 318
2025-04-12 22:38:06 [http-nio-8081-exec-1] WARN  b.s.impl.HouseCleaningServiceImpl - Current booking ID 318 has no room ID
2025-04-12 22:38:06 [http-nio-8081-exec-1] INFO  b.s.impl.HouseCleaningServiceImpl - Saving 0 cleaning schedules
2025-04-12 22:38:06 [http-nio-8081-exec-1] INFO  b.s.impl.HouseCleaningServiceImpl - Successfully saved 0 cleaning schedules
2025-04-12 22:49:29 [SpringApplicationShutdownHook] INFO  o.s.b.w.e.tomcat.GracefulShutdown - Commencing graceful shutdown. Waiting for active requests to complete
2025-04-12 22:49:29 [tomcat-shutdown] INFO  o.s.b.w.e.tomcat.GracefulShutdown - Graceful shutdown complete
2025-04-12 22:49:30 [SpringApplicationShutdownHook] INFO  o.s.o.j.LocalContainerEntityManagerFactoryBean - Closing JPA EntityManagerFactory for persistence unit 'default'
2025-04-12 22:49:30 [SpringApplicationShutdownHook] INFO  com.zaxxer.hikari.HikariDataSource - HikariPool-1 - Shutdown initiated...
2025-04-12 22:49:30 [SpringApplicationShutdownHook] INFO  com.zaxxer.hikari.HikariDataSource - HikariPool-1 - Shutdown completed.
2025-04-12 22:49:35 [main] INFO  backend.HotelBookingApplication - Starting HotelBookingApplication using Java 17.0.13 with PID 88227 (/Users/sukuna/Documents/coding/IBE/IBE-BE/KDU/target/classes started by sukuna in /Users/sukuna/Documents/coding/IBE/IBE-BE/KDU)
2025-04-12 22:49:35 [main] INFO  backend.HotelBookingApplication - The following 1 profile is active: "dev"
2025-04-12 22:49:35 [main] INFO  o.s.d.r.c.RepositoryConfigurationDelegate - Bootstrapping Spring Data JPA repositories in DEFAULT mode.
2025-04-12 22:49:35 [main] INFO  o.s.d.r.c.RepositoryConfigurationDelegate - Finished Spring Data repository scanning in 59 ms. Found 15 JPA repository interfaces.
2025-04-12 22:49:36 [main] INFO  o.s.b.w.e.tomcat.TomcatWebServer - Tomcat initialized with port 8081 (http)
2025-04-12 22:49:36 [main] INFO  o.a.coyote.http11.Http11NioProtocol - Initializing ProtocolHandler ["http-nio-8081"]
2025-04-12 22:49:36 [main] INFO  o.a.catalina.core.StandardService - Starting service [Tomcat]
2025-04-12 22:49:36 [main] INFO  o.a.catalina.core.StandardEngine - Starting Servlet engine: [Apache Tomcat/10.1.36]
2025-04-12 22:49:36 [main] INFO  o.a.c.c.C.[Tomcat].[localhost].[/] - Initializing Spring embedded WebApplicationContext
2025-04-12 22:49:36 [main] INFO  o.s.b.w.s.c.ServletWebServerApplicationContext - Root WebApplicationContext: initialization completed in 1461 ms
2025-04-12 22:49:36 [main] INFO  com.zaxxer.hikari.HikariDataSource - HikariPool-1 - Starting...
2025-04-12 22:49:37 [main] INFO  com.zaxxer.hikari.pool.HikariPool - HikariPool-1 - Added connection org.postgresql.jdbc.PgConnection@5abc5854
2025-04-12 22:49:37 [main] INFO  com.zaxxer.hikari.HikariDataSource - HikariPool-1 - Start completed.
2025-04-12 22:49:37 [main] INFO  o.s.o.j.p.SpringPersistenceUnitInfo - No LoadTimeWeaver setup: ignoring JPA class transformer
2025-04-12 22:49:37 [main] WARN  org.hibernate.orm.deprecation - HHH90000025: PostgreSQLDialect does not need to be specified explicitly using 'hibernate.dialect' (remove the property setting and it will be selected by default)
2025-04-12 22:49:38 [main] WARN  o.h.t.s.i.ExceptionHandlerLoggedImpl - GenerationTarget encountered exception accepting command : Error executing DDL "create table staff (staff_id varchar(255) generated by default as identity, is_active boolean, shift_id varchar(255), primary key (staff_id))" via JDBC [ERROR: identity column type must be smallint, integer, or bigint]
org.hibernate.tool.schema.spi.CommandAcceptanceException: Error executing DDL "create table staff (staff_id varchar(255) generated by default as identity, is_active boolean, shift_id varchar(255), primary key (staff_id))" via JDBC [ERROR: identity column type must be smallint, integer, or bigint]
	at org.hibernate.tool.schema.internal.exec.GenerationTargetToDatabase.accept(GenerationTargetToDatabase.java:94)
	at org.hibernate.tool.schema.internal.AbstractSchemaMigrator.applySqlString(AbstractSchemaMigrator.java:576)
	at org.hibernate.tool.schema.internal.AbstractSchemaMigrator.applySqlStrings(AbstractSchemaMigrator.java:516)
	at org.hibernate.tool.schema.internal.AbstractSchemaMigrator.createTable(AbstractSchemaMigrator.java:316)
	at org.hibernate.tool.schema.internal.GroupedSchemaMigratorImpl.performTablesMigration(GroupedSchemaMigratorImpl.java:80)
	at org.hibernate.tool.schema.internal.AbstractSchemaMigrator.performMigration(AbstractSchemaMigrator.java:233)
	at org.hibernate.tool.schema.internal.AbstractSchemaMigrator.doMigration(AbstractSchemaMigrator.java:112)
	at org.hibernate.tool.schema.spi.SchemaManagementToolCoordinator.performDatabaseAction(SchemaManagementToolCoordinator.java:280)
	at org.hibernate.tool.schema.spi.SchemaManagementToolCoordinator.lambda$process$5(SchemaManagementToolCoordinator.java:144)
	at java.base/java.util.HashMap.forEach(HashMap.java:1421)
	at org.hibernate.tool.schema.spi.SchemaManagementToolCoordinator.process(SchemaManagementToolCoordinator.java:141)
	at org.hibernate.boot.internal.SessionFactoryObserverForSchemaExport.sessionFactoryCreated(SessionFactoryObserverForSchemaExport.java:37)
	at org.hibernate.internal.SessionFactoryObserverChain.sessionFactoryCreated(SessionFactoryObserverChain.java:35)
	at org.hibernate.internal.SessionFactoryImpl.<init>(SessionFactoryImpl.java:324)
	at org.hibernate.boot.internal.SessionFactoryBuilderImpl.build(SessionFactoryBuilderImpl.java:463)
	at org.hibernate.jpa.boot.internal.EntityManagerFactoryBuilderImpl.build(EntityManagerFactoryBuilderImpl.java:1517)
	at org.springframework.orm.jpa.vendor.SpringHibernateJpaPersistenceProvider.createContainerEntityManagerFactory(SpringHibernateJpaPersistenceProvider.java:66)
	at org.springframework.orm.jpa.LocalContainerEntityManagerFactoryBean.createNativeEntityManagerFactory(LocalContainerEntityManagerFactoryBean.java:390)
	at org.springframework.orm.jpa.AbstractEntityManagerFactoryBean.buildNativeEntityManagerFactory(AbstractEntityManagerFactoryBean.java:419)
	at org.springframework.orm.jpa.AbstractEntityManagerFactoryBean.afterPropertiesSet(AbstractEntityManagerFactoryBean.java:400)
	at org.springframework.orm.jpa.LocalContainerEntityManagerFactoryBean.afterPropertiesSet(LocalContainerEntityManagerFactoryBean.java:366)
	at org.springframework.beans.factory.support.AbstractAutowireCapableBeanFactory.invokeInitMethods(AbstractAutowireCapableBeanFactory.java:1859)
	at org.springframework.beans.factory.support.AbstractAutowireCapableBeanFactory.initializeBean(AbstractAutowireCapableBeanFactory.java:1808)
	at org.springframework.beans.factory.support.AbstractAutowireCapableBeanFactory.doCreateBean(AbstractAutowireCapableBeanFactory.java:601)
	at org.springframework.beans.factory.support.AbstractAutowireCapableBeanFactory.createBean(AbstractAutowireCapableBeanFactory.java:523)
	at org.springframework.beans.factory.support.AbstractBeanFactory.lambda$doGetBean$0(AbstractBeanFactory.java:339)
	at org.springframework.beans.factory.support.DefaultSingletonBeanRegistry.getSingleton(DefaultSingletonBeanRegistry.java:346)
	at org.springframework.beans.factory.support.AbstractBeanFactory.doGetBean(AbstractBeanFactory.java:337)
	at org.springframework.beans.factory.support.AbstractBeanFactory.getBean(AbstractBeanFactory.java:207)
	at org.springframework.context.support.AbstractApplicationContext.finishBeanFactoryInitialization(AbstractApplicationContext.java:970)
	at org.springframework.context.support.AbstractApplicationContext.refresh(AbstractApplicationContext.java:627)
	at org.springframework.boot.web.servlet.context.ServletWebServerApplicationContext.refresh(ServletWebServerApplicationContext.java:146)
	at org.springframework.boot.SpringApplication.refresh(SpringApplication.java:752)
	at org.springframework.boot.SpringApplication.refreshContext(SpringApplication.java:439)
	at org.springframework.boot.SpringApplication.run(SpringApplication.java:318)
	at org.springframework.boot.SpringApplication.run(SpringApplication.java:1361)
	at org.springframework.boot.SpringApplication.run(SpringApplication.java:1350)
	at backend.HotelBookingApplication.main(HotelBookingApplication.java:15)
Caused by: org.postgresql.util.PSQLException: ERROR: identity column type must be smallint, integer, or bigint
	at org.postgresql.core.v3.QueryExecutorImpl.receiveErrorResponse(QueryExecutorImpl.java:2733)
	at org.postgresql.core.v3.QueryExecutorImpl.processResults(QueryExecutorImpl.java:2420)
	at org.postgresql.core.v3.QueryExecutorImpl.execute(QueryExecutorImpl.java:372)
	at org.postgresql.jdbc.PgStatement.executeInternal(PgStatement.java:517)
	at org.postgresql.jdbc.PgStatement.execute(PgStatement.java:434)
	at org.postgresql.jdbc.PgStatement.executeWithFlags(PgStatement.java:356)
	at org.postgresql.jdbc.PgStatement.executeCachedSql(PgStatement.java:341)
	at org.postgresql.jdbc.PgStatement.executeWithFlags(PgStatement.java:317)
	at org.postgresql.jdbc.PgStatement.execute(PgStatement.java:312)
	at com.zaxxer.hikari.pool.ProxyStatement.execute(ProxyStatement.java:94)
	at com.zaxxer.hikari.pool.HikariProxyStatement.execute(HikariProxyStatement.java)
	at org.hibernate.tool.schema.internal.exec.GenerationTargetToDatabase.accept(GenerationTargetToDatabase.java:80)
	... 37 common frames omitted
2025-04-12 22:49:39 [main] WARN  o.h.t.s.i.ExceptionHandlerLoggedImpl - GenerationTarget encountered exception accepting command : Error executing DDL "alter table if exists staff_room_map add constraint FKyd20ehofj2axxe92vl67pqvx foreign key (staff_id) references staff" via JDBC [ERROR: relation "staff" does not exist]
org.hibernate.tool.schema.spi.CommandAcceptanceException: Error executing DDL "alter table if exists staff_room_map add constraint FKyd20ehofj2axxe92vl67pqvx foreign key (staff_id) references staff" via JDBC [ERROR: relation "staff" does not exist]
	at org.hibernate.tool.schema.internal.exec.GenerationTargetToDatabase.accept(GenerationTargetToDatabase.java:94)
	at org.hibernate.tool.schema.internal.AbstractSchemaMigrator.applySqlString(AbstractSchemaMigrator.java:576)
	at org.hibernate.tool.schema.internal.AbstractSchemaMigrator.applySqlStrings(AbstractSchemaMigrator.java:516)
	at org.hibernate.tool.schema.internal.AbstractSchemaMigrator.applyForeignKeys(AbstractSchemaMigrator.java:448)
	at org.hibernate.tool.schema.internal.AbstractSchemaMigrator.performMigration(AbstractSchemaMigrator.java:269)
	at org.hibernate.tool.schema.internal.AbstractSchemaMigrator.doMigration(AbstractSchemaMigrator.java:112)
	at org.hibernate.tool.schema.spi.SchemaManagementToolCoordinator.performDatabaseAction(SchemaManagementToolCoordinator.java:280)
	at org.hibernate.tool.schema.spi.SchemaManagementToolCoordinator.lambda$process$5(SchemaManagementToolCoordinator.java:144)
	at java.base/java.util.HashMap.forEach(HashMap.java:1421)
	at org.hibernate.tool.schema.spi.SchemaManagementToolCoordinator.process(SchemaManagementToolCoordinator.java:141)
	at org.hibernate.boot.internal.SessionFactoryObserverForSchemaExport.sessionFactoryCreated(SessionFactoryObserverForSchemaExport.java:37)
	at org.hibernate.internal.SessionFactoryObserverChain.sessionFactoryCreated(SessionFactoryObserverChain.java:35)
	at org.hibernate.internal.SessionFactoryImpl.<init>(SessionFactoryImpl.java:324)
	at org.hibernate.boot.internal.SessionFactoryBuilderImpl.build(SessionFactoryBuilderImpl.java:463)
	at org.hibernate.jpa.boot.internal.EntityManagerFactoryBuilderImpl.build(EntityManagerFactoryBuilderImpl.java:1517)
	at org.springframework.orm.jpa.vendor.SpringHibernateJpaPersistenceProvider.createContainerEntityManagerFactory(SpringHibernateJpaPersistenceProvider.java:66)
	at org.springframework.orm.jpa.LocalContainerEntityManagerFactoryBean.createNativeEntityManagerFactory(LocalContainerEntityManagerFactoryBean.java:390)
	at org.springframework.orm.jpa.AbstractEntityManagerFactoryBean.buildNativeEntityManagerFactory(AbstractEntityManagerFactoryBean.java:419)
	at org.springframework.orm.jpa.AbstractEntityManagerFactoryBean.afterPropertiesSet(AbstractEntityManagerFactoryBean.java:400)
	at org.springframework.orm.jpa.LocalContainerEntityManagerFactoryBean.afterPropertiesSet(LocalContainerEntityManagerFactoryBean.java:366)
	at org.springframework.beans.factory.support.AbstractAutowireCapableBeanFactory.invokeInitMethods(AbstractAutowireCapableBeanFactory.java:1859)
	at org.springframework.beans.factory.support.AbstractAutowireCapableBeanFactory.initializeBean(AbstractAutowireCapableBeanFactory.java:1808)
	at org.springframework.beans.factory.support.AbstractAutowireCapableBeanFactory.doCreateBean(AbstractAutowireCapableBeanFactory.java:601)
	at org.springframework.beans.factory.support.AbstractAutowireCapableBeanFactory.createBean(AbstractAutowireCapableBeanFactory.java:523)
	at org.springframework.beans.factory.support.AbstractBeanFactory.lambda$doGetBean$0(AbstractBeanFactory.java:339)
	at org.springframework.beans.factory.support.DefaultSingletonBeanRegistry.getSingleton(DefaultSingletonBeanRegistry.java:346)
	at org.springframework.beans.factory.support.AbstractBeanFactory.doGetBean(AbstractBeanFactory.java:337)
	at org.springframework.beans.factory.support.AbstractBeanFactory.getBean(AbstractBeanFactory.java:207)
	at org.springframework.context.support.AbstractApplicationContext.finishBeanFactoryInitialization(AbstractApplicationContext.java:970)
	at org.springframework.context.support.AbstractApplicationContext.refresh(AbstractApplicationContext.java:627)
	at org.springframework.boot.web.servlet.context.ServletWebServerApplicationContext.refresh(ServletWebServerApplicationContext.java:146)
	at org.springframework.boot.SpringApplication.refresh(SpringApplication.java:752)
	at org.springframework.boot.SpringApplication.refreshContext(SpringApplication.java:439)
	at org.springframework.boot.SpringApplication.run(SpringApplication.java:318)
	at org.springframework.boot.SpringApplication.run(SpringApplication.java:1361)
	at org.springframework.boot.SpringApplication.run(SpringApplication.java:1350)
	at backend.HotelBookingApplication.main(HotelBookingApplication.java:15)
Caused by: org.postgresql.util.PSQLException: ERROR: relation "staff" does not exist
	at org.postgresql.core.v3.QueryExecutorImpl.receiveErrorResponse(QueryExecutorImpl.java:2733)
	at org.postgresql.core.v3.QueryExecutorImpl.processResults(QueryExecutorImpl.java:2420)
	at org.postgresql.core.v3.QueryExecutorImpl.execute(QueryExecutorImpl.java:372)
	at org.postgresql.jdbc.PgStatement.executeInternal(PgStatement.java:517)
	at org.postgresql.jdbc.PgStatement.execute(PgStatement.java:434)
	at org.postgresql.jdbc.PgStatement.executeWithFlags(PgStatement.java:356)
	at org.postgresql.jdbc.PgStatement.executeCachedSql(PgStatement.java:341)
	at org.postgresql.jdbc.PgStatement.executeWithFlags(PgStatement.java:317)
	at org.postgresql.jdbc.PgStatement.execute(PgStatement.java:312)
	at com.zaxxer.hikari.pool.ProxyStatement.execute(ProxyStatement.java:94)
	at com.zaxxer.hikari.pool.HikariProxyStatement.execute(HikariProxyStatement.java)
	at org.hibernate.tool.schema.internal.exec.GenerationTargetToDatabase.accept(GenerationTargetToDatabase.java:80)
	... 36 common frames omitted
2025-04-12 22:49:39 [main] INFO  o.s.o.j.LocalContainerEntityManagerFactoryBean - Initialized JPA EntityManagerFactory for persistence unit 'default'
2025-04-12 22:49:39 [main] INFO  backend.config.CorsConfig - CORS Configuration Loaded!
2025-04-12 22:49:39 [main] DEBUG o.s.c.e.PropertySourcesPropertyResolver - Found key 'spring.security.oauth2.resourceserver.jwt.issuer-uri' in PropertySource 'environmentProperties' with value of type String
2025-04-12 22:49:39 [main] INFO  o.s.d.j.r.query.QueryEnhancerFactory - Hibernate is in classpath; If applicable, HQL parser will be used.
2025-04-12 22:49:39 [main] DEBUG o.s.c.e.PropertySourcesPropertyResolver - Found key 'graphql.endpoint' in PropertySource 'environmentProperties' with value of type String
2025-04-12 22:49:39 [main] DEBUG o.s.c.e.PropertySourcesPropertyResolver - Found key 'graphql.api-key' in PropertySource 'environmentProperties' with value of type String
2025-04-12 22:49:39 [main] DEBUG o.s.c.e.PropertySourcesPropertyResolver - Found key 'graphql.api.key' in PropertySource 'environmentProperties' with value of type String
2025-04-12 22:49:39 [main] DEBUG o.s.c.e.PropertySourcesPropertyResolver - Found key 'graphql.url' in PropertySource 'environmentProperties' with value of type String
2025-04-12 22:49:40 [main] DEBUG o.s.c.e.PropertySourcesPropertyResolver - Found key 'spring.mail.username' in PropertySource 'environmentProperties' with value of type String
2025-04-12 22:49:40 [main] DEBUG o.s.c.e.PropertySourcesPropertyResolver - Found key 'otp.expiry.minutes' in PropertySource 'environmentProperties' with value of type String
2025-04-12 22:49:40 [main] DEBUG o.s.c.e.PropertySourcesPropertyResolver - Found key 'otp.max.attempts' in PropertySource 'environmentProperties' with value of type String
2025-04-12 22:49:40 [main] DEBUG o.s.c.e.PropertySourcesPropertyResolver - Found key 'graphql.endpoint' in PropertySource 'environmentProperties' with value of type String
2025-04-12 22:49:40 [main] DEBUG o.s.c.e.PropertySourcesPropertyResolver - Found key 'graphql.api-key' in PropertySource 'environmentProperties' with value of type String
2025-04-12 22:49:40 [main] DEBUG o.s.c.e.PropertySourcesPropertyResolver - Found key 'graphql.api.key' in PropertySource 'environmentProperties' with value of type String
2025-04-12 22:49:40 [main] DEBUG o.s.c.e.PropertySourcesPropertyResolver - Found key 'graphql.url' in PropertySource 'environmentProperties' with value of type String
2025-04-12 22:49:40 [main] DEBUG o.s.c.e.PropertySourcesPropertyResolver - Found key 'graphql.endpoint' in PropertySource 'environmentProperties' with value of type String
2025-04-12 22:49:40 [main] DEBUG o.s.c.e.PropertySourcesPropertyResolver - Found key 'graphql.api-key' in PropertySource 'environmentProperties' with value of type String
2025-04-12 22:49:40 [main] DEBUG o.s.c.e.PropertySourcesPropertyResolver - Found key 'graphql.endpoint' in PropertySource 'environmentProperties' with value of type String
2025-04-12 22:49:40 [main] DEBUG o.s.c.e.PropertySourcesPropertyResolver - Found key 'graphql.apiKey' in PropertySource 'environmentProperties' with value of type String
2025-04-12 22:49:40 [main] DEBUG o.s.c.e.PropertySourcesPropertyResolver - Found key 'graphql.endpoint' in PropertySource 'environmentProperties' with value of type String
2025-04-12 22:49:40 [main] DEBUG o.s.c.e.PropertySourcesPropertyResolver - Found key 'graphql.apiKey' in PropertySource 'environmentProperties' with value of type String
2025-04-12 22:49:40 [main] DEBUG o.s.c.e.PropertySourcesPropertyResolver - Found key 'api.base.url' in PropertySource 'environmentProperties' with value of type String
2025-04-12 22:49:40 [main] WARN  o.s.b.a.o.j.JpaBaseConfiguration$JpaWebConfiguration - spring.jpa.open-in-view is enabled by default. Therefore, database queries may be performed during view rendering. Explicitly configure spring.jpa.open-in-view to disable this warning
2025-04-12 22:49:40 [main] INFO  backend.config.CorsConfig - Applying CORS settings...
2025-04-12 22:49:40 [main] DEBUG o.s.s.c.a.a.c.AuthenticationConfiguration$DefaultPasswordEncoderAuthenticationManagerBuilder - No authenticationProviders and no parentAuthenticationManager defined. Returning null.
2025-04-12 22:49:40 [main] INFO  o.s.b.a.e.web.EndpointLinksResolver - Exposing 2 endpoints beneath base path '/actuator'
2025-04-12 22:49:40 [main] INFO  backend.config.SecurityConfig - Configuring security filter chain...
2025-04-12 22:49:40 [main] INFO  backend.config.SecurityConfig - Using issuer URI: https://cognito-idp.ap-south-1.amazonaws.com/ap-south-1_IGHZ9OObg
2025-04-12 22:49:40 [main] INFO  backend.config.SecurityConfig - Configuring authorization rules...
2025-04-12 22:49:40 [main] INFO  backend.config.SecurityConfig - Configuring OAuth2 resource server...
2025-04-12 22:49:40 [main] INFO  backend.config.SecurityConfig - Configuring JWT...
2025-04-12 22:49:40 [main] INFO  backend.config.SecurityConfig - Creating JWT decoder with issuer URI: https://cognito-idp.ap-south-1.amazonaws.com/ap-south-1_IGHZ9OObg
2025-04-12 22:49:41 [main] INFO  backend.config.SecurityConfig - Configuring session management...
2025-04-12 22:49:41 [main] DEBUG o.s.s.web.DefaultSecurityFilterChain - Will secure any request with filters: DisableEncodeUrlFilter, WebAsyncManagerIntegrationFilter, SecurityContextHolderFilter, HeaderWriterFilter, LogoutFilter, BearerTokenAuthenticationFilter, RequestCacheAwareFilter, SecurityContextHolderAwareRequestFilter, AnonymousAuthenticationFilter, SessionManagementFilter, ExceptionTranslationFilter, AuthorizationFilter
2025-04-12 22:49:41 [main] INFO  o.a.coyote.http11.Http11NioProtocol - Starting ProtocolHandler ["http-nio-8081"]
2025-04-12 22:49:41 [main] INFO  o.s.b.w.e.tomcat.TomcatWebServer - Tomcat started on port 8081 (http) with context path '/'
2025-04-12 22:49:41 [main] INFO  backend.HotelBookingApplication - Started HotelBookingApplication in 7.151 seconds (process running for 7.614)
2025-04-12 22:49:45 [http-nio-8081-exec-1] INFO  o.a.c.c.C.[Tomcat].[localhost].[/] - Initializing Spring DispatcherServlet 'dispatcherServlet'
2025-04-12 22:49:45 [http-nio-8081-exec-1] INFO  o.s.web.servlet.DispatcherServlet - Initializing Servlet 'dispatcherServlet'
2025-04-12 22:49:45 [http-nio-8081-exec-1] INFO  o.s.web.servlet.DispatcherServlet - Completed initialization in 4 ms
2025-04-12 22:49:45 [http-nio-8081-exec-1] DEBUG o.s.security.web.FilterChainProxy - Securing POST /api/house-cleaning/generate?date=2025-05-01
2025-04-12 22:49:45 [http-nio-8081-exec-1] DEBUG o.s.s.w.a.AnonymousAuthenticationFilter - Set SecurityContextHolder to anonymous SecurityContext
2025-04-12 22:49:45 [http-nio-8081-exec-1] DEBUG o.s.security.web.FilterChainProxy - Secured POST /api/house-cleaning/generate?date=2025-05-01
2025-04-12 22:49:45 [http-nio-8081-exec-1] INFO  b.s.impl.HouseCleaningServiceImpl - Generating cleaning schedules for date: 2025-05-01
2025-04-12 22:49:45 [http-nio-8081-exec-1] INFO  b.s.impl.HouseCleaningServiceImpl - Found 10 check-in bookings, 0 check-out bookings, and 10 current bookings for date 2025-05-01
2025-04-12 22:49:45 [http-nio-8081-exec-1] INFO  b.s.impl.BookedRoomsServiceImpl - Checking check-in rooms for date: 2025-05-01
2025-04-12 22:49:45 [http-nio-8081-exec-1] INFO  b.s.impl.BookedRoomsServiceImpl - Found 10 transactions with check-in date 2025-05-01
2025-04-12 22:49:45 [http-nio-8081-exec-1] INFO  b.s.impl.BookedRoomsServiceImpl - Booking IDs for check-in: [13, 12, 15, 14, 53, 55, 59, 60, 155, 318]
2025-04-12 22:49:49 [http-nio-8081-exec-1] INFO  b.s.impl.BookedRoomsServiceImpl - Room IDs for bookings [13, 12, 15, 14, 53, 55, 59, 60, 155, 318]: [421, 422, 433, 434, 439, 451, 452, 457, 464, 469, 470]
2025-04-12 22:49:49 [http-nio-8081-exec-1] INFO  b.s.impl.BookedRoomsServiceImpl - Checking check-out rooms for date: 2025-05-01
2025-04-12 22:49:49 [http-nio-8081-exec-1] INFO  b.s.impl.BookedRoomsServiceImpl - Found 0 transactions with check-out date 2025-05-01
2025-04-12 22:49:49 [http-nio-8081-exec-1] INFO  b.s.impl.BookedRoomsServiceImpl - Booking IDs for check-out: []
2025-04-12 22:49:49 [http-nio-8081-exec-1] INFO  b.s.impl.BookedRoomsServiceImpl - No booking IDs found, returning empty list
2025-04-12 22:49:49 [http-nio-8081-exec-1] INFO  b.s.impl.BookedRoomsServiceImpl - Checking currently booked rooms for date: 2025-05-01T00:00:00Z
2025-04-12 22:49:49 [http-nio-8081-exec-1] INFO  b.s.impl.BookedRoomsServiceImpl - Currently booked room IDs: [421, 422, 433, 434, 439, 451, 452, 457, 464, 469, 470]
2025-04-12 22:49:49 [http-nio-8081-exec-1] INFO  b.s.impl.HouseCleaningServiceImpl - Found 11 check-in rooms, 0 check-out rooms, and 11 current rooms for date 2025-05-01
2025-04-12 22:54:22 [http-nio-8081-exec-3] DEBUG o.s.security.web.FilterChainProxy - Securing GET /api/house-cleaning/schedules?date=2025-05-01
2025-04-12 22:54:22 [http-nio-8081-exec-3] DEBUG o.s.s.w.a.AnonymousAuthenticationFilter - Set SecurityContextHolder to anonymous SecurityContext
2025-04-12 22:54:22 [http-nio-8081-exec-3] DEBUG o.s.security.web.FilterChainProxy - Secured GET /api/house-cleaning/schedules?date=2025-05-01
2025-04-12 22:54:45 [http-nio-8081-exec-5] DEBUG o.s.security.web.FilterChainProxy - Securing GET /api/house-cleaning/schedules/shift?date=2025-05-01&shift=MORNING_SHIFT
2025-04-12 22:54:45 [http-nio-8081-exec-5] DEBUG o.s.s.w.a.AnonymousAuthenticationFilter - Set SecurityContextHolder to anonymous SecurityContext
2025-04-12 22:54:45 [http-nio-8081-exec-5] DEBUG o.s.security.web.FilterChainProxy - Secured GET /api/house-cleaning/schedules/shift?date=2025-05-01&shift=MORNING_SHIFT
2025-04-12 22:58:41 [SpringApplicationShutdownHook] INFO  o.s.b.w.e.tomcat.GracefulShutdown - Commencing graceful shutdown. Waiting for active requests to complete
2025-04-12 22:58:41 [tomcat-shutdown] INFO  o.s.b.w.e.tomcat.GracefulShutdown - Graceful shutdown complete
2025-04-12 22:58:41 [SpringApplicationShutdownHook] INFO  o.s.o.j.LocalContainerEntityManagerFactoryBean - Closing JPA EntityManagerFactory for persistence unit 'default'
2025-04-12 22:58:41 [SpringApplicationShutdownHook] INFO  com.zaxxer.hikari.HikariDataSource - HikariPool-1 - Shutdown initiated...
2025-04-12 22:58:41 [SpringApplicationShutdownHook] INFO  com.zaxxer.hikari.HikariDataSource - HikariPool-1 - Shutdown completed.
2025-04-12 22:58:54 [main] INFO  backend.HotelBookingApplication - Starting HotelBookingApplication using Java 17.0.13 with PID 89446 (/Users/sukuna/Documents/coding/IBE/IBE-BE/KDU/target/classes started by sukuna in /Users/sukuna/Documents/coding/IBE/IBE-BE/KDU)
2025-04-12 22:58:54 [main] INFO  backend.HotelBookingApplication - The following 1 profile is active: "dev"
2025-04-12 22:58:55 [main] INFO  o.s.d.r.c.RepositoryConfigurationDelegate - Bootstrapping Spring Data JPA repositories in DEFAULT mode.
2025-04-12 22:58:55 [main] INFO  o.s.d.r.c.RepositoryConfigurationDelegate - Finished Spring Data repository scanning in 70 ms. Found 15 JPA repository interfaces.
2025-04-12 22:58:56 [main] INFO  o.s.b.w.e.tomcat.TomcatWebServer - Tomcat initialized with port 8081 (http)
2025-04-12 22:58:56 [main] INFO  o.a.coyote.http11.Http11NioProtocol - Initializing ProtocolHandler ["http-nio-8081"]
2025-04-12 22:58:56 [main] INFO  o.a.catalina.core.StandardService - Starting service [Tomcat]
2025-04-12 22:58:56 [main] INFO  o.a.catalina.core.StandardEngine - Starting Servlet engine: [Apache Tomcat/10.1.36]
2025-04-12 22:58:56 [main] INFO  o.a.c.c.C.[Tomcat].[localhost].[/] - Initializing Spring embedded WebApplicationContext
2025-04-12 22:58:56 [main] INFO  o.s.b.w.s.c.ServletWebServerApplicationContext - Root WebApplicationContext: initialization completed in 2010 ms
2025-04-12 22:58:57 [main] INFO  com.zaxxer.hikari.HikariDataSource - HikariPool-1 - Starting...
2025-04-12 22:58:58 [main] INFO  com.zaxxer.hikari.pool.HikariPool - HikariPool-1 - Added connection org.postgresql.jdbc.PgConnection@1ff81b0d
2025-04-12 22:58:58 [main] INFO  com.zaxxer.hikari.HikariDataSource - HikariPool-1 - Start completed.
2025-04-12 22:58:59 [main] INFO  o.s.o.j.p.SpringPersistenceUnitInfo - No LoadTimeWeaver setup: ignoring JPA class transformer
2025-04-12 22:58:59 [main] WARN  org.hibernate.orm.deprecation - HHH90000025: PostgreSQLDialect does not need to be specified explicitly using 'hibernate.dialect' (remove the property setting and it will be selected by default)
2025-04-12 22:59:01 [main] WARN  o.h.t.s.i.ExceptionHandlerLoggedImpl - GenerationTarget encountered exception accepting command : Error executing DDL "alter table if exists room_cleaning_schedule alter column staff_id set data type bigint" via JDBC [ERROR: column "staff_id" cannot be cast automatically to type bigint
  Hint: You might need to specify "USING staff_id::bigint".]
org.hibernate.tool.schema.spi.CommandAcceptanceException: Error executing DDL "alter table if exists room_cleaning_schedule alter column staff_id set data type bigint" via JDBC [ERROR: column "staff_id" cannot be cast automatically to type bigint
  Hint: You might need to specify "USING staff_id::bigint".]
	at org.hibernate.tool.schema.internal.exec.GenerationTargetToDatabase.accept(GenerationTargetToDatabase.java:94)
	at org.hibernate.tool.schema.internal.AbstractSchemaMigrator.applySqlString(AbstractSchemaMigrator.java:576)
	at org.hibernate.tool.schema.internal.AbstractSchemaMigrator.applySqlStrings(AbstractSchemaMigrator.java:516)
	at org.hibernate.tool.schema.internal.AbstractSchemaMigrator.migrateTable(AbstractSchemaMigrator.java:334)
	at org.hibernate.tool.schema.internal.GroupedSchemaMigratorImpl.performTablesMigration(GroupedSchemaMigratorImpl.java:84)
	at org.hibernate.tool.schema.internal.AbstractSchemaMigrator.performMigration(AbstractSchemaMigrator.java:233)
	at org.hibernate.tool.schema.internal.AbstractSchemaMigrator.doMigration(AbstractSchemaMigrator.java:112)
	at org.hibernate.tool.schema.spi.SchemaManagementToolCoordinator.performDatabaseAction(SchemaManagementToolCoordinator.java:280)
	at org.hibernate.tool.schema.spi.SchemaManagementToolCoordinator.lambda$process$5(SchemaManagementToolCoordinator.java:144)
	at java.base/java.util.HashMap.forEach(HashMap.java:1421)
	at org.hibernate.tool.schema.spi.SchemaManagementToolCoordinator.process(SchemaManagementToolCoordinator.java:141)
	at org.hibernate.boot.internal.SessionFactoryObserverForSchemaExport.sessionFactoryCreated(SessionFactoryObserverForSchemaExport.java:37)
	at org.hibernate.internal.SessionFactoryObserverChain.sessionFactoryCreated(SessionFactoryObserverChain.java:35)
	at org.hibernate.internal.SessionFactoryImpl.<init>(SessionFactoryImpl.java:324)
	at org.hibernate.boot.internal.SessionFactoryBuilderImpl.build(SessionFactoryBuilderImpl.java:463)
	at org.hibernate.jpa.boot.internal.EntityManagerFactoryBuilderImpl.build(EntityManagerFactoryBuilderImpl.java:1517)
	at org.springframework.orm.jpa.vendor.SpringHibernateJpaPersistenceProvider.createContainerEntityManagerFactory(SpringHibernateJpaPersistenceProvider.java:66)
	at org.springframework.orm.jpa.LocalContainerEntityManagerFactoryBean.createNativeEntityManagerFactory(LocalContainerEntityManagerFactoryBean.java:390)
	at org.springframework.orm.jpa.AbstractEntityManagerFactoryBean.buildNativeEntityManagerFactory(AbstractEntityManagerFactoryBean.java:419)
	at org.springframework.orm.jpa.AbstractEntityManagerFactoryBean.afterPropertiesSet(AbstractEntityManagerFactoryBean.java:400)
	at org.springframework.orm.jpa.LocalContainerEntityManagerFactoryBean.afterPropertiesSet(LocalContainerEntityManagerFactoryBean.java:366)
	at org.springframework.beans.factory.support.AbstractAutowireCapableBeanFactory.invokeInitMethods(AbstractAutowireCapableBeanFactory.java:1859)
	at org.springframework.beans.factory.support.AbstractAutowireCapableBeanFactory.initializeBean(AbstractAutowireCapableBeanFactory.java:1808)
	at org.springframework.beans.factory.support.AbstractAutowireCapableBeanFactory.doCreateBean(AbstractAutowireCapableBeanFactory.java:601)
	at org.springframework.beans.factory.support.AbstractAutowireCapableBeanFactory.createBean(AbstractAutowireCapableBeanFactory.java:523)
	at org.springframework.beans.factory.support.AbstractBeanFactory.lambda$doGetBean$0(AbstractBeanFactory.java:339)
	at org.springframework.beans.factory.support.DefaultSingletonBeanRegistry.getSingleton(DefaultSingletonBeanRegistry.java:346)
	at org.springframework.beans.factory.support.AbstractBeanFactory.doGetBean(AbstractBeanFactory.java:337)
	at org.springframework.beans.factory.support.AbstractBeanFactory.getBean(AbstractBeanFactory.java:207)
	at org.springframework.context.support.AbstractApplicationContext.finishBeanFactoryInitialization(AbstractApplicationContext.java:970)
	at org.springframework.context.support.AbstractApplicationContext.refresh(AbstractApplicationContext.java:627)
	at org.springframework.boot.web.servlet.context.ServletWebServerApplicationContext.refresh(ServletWebServerApplicationContext.java:146)
	at org.springframework.boot.SpringApplication.refresh(SpringApplication.java:752)
	at org.springframework.boot.SpringApplication.refreshContext(SpringApplication.java:439)
	at org.springframework.boot.SpringApplication.run(SpringApplication.java:318)
	at org.springframework.boot.SpringApplication.run(SpringApplication.java:1361)
	at org.springframework.boot.SpringApplication.run(SpringApplication.java:1350)
	at backend.HotelBookingApplication.main(HotelBookingApplication.java:15)
Caused by: org.postgresql.util.PSQLException: ERROR: column "staff_id" cannot be cast automatically to type bigint
  Hint: You might need to specify "USING staff_id::bigint".
	at org.postgresql.core.v3.QueryExecutorImpl.receiveErrorResponse(QueryExecutorImpl.java:2733)
	at org.postgresql.core.v3.QueryExecutorImpl.processResults(QueryExecutorImpl.java:2420)
	at org.postgresql.core.v3.QueryExecutorImpl.execute(QueryExecutorImpl.java:372)
	at org.postgresql.jdbc.PgStatement.executeInternal(PgStatement.java:517)
	at org.postgresql.jdbc.PgStatement.execute(PgStatement.java:434)
	at org.postgresql.jdbc.PgStatement.executeWithFlags(PgStatement.java:356)
	at org.postgresql.jdbc.PgStatement.executeCachedSql(PgStatement.java:341)
	at org.postgresql.jdbc.PgStatement.executeWithFlags(PgStatement.java:317)
	at org.postgresql.jdbc.PgStatement.execute(PgStatement.java:312)
	at com.zaxxer.hikari.pool.ProxyStatement.execute(ProxyStatement.java:94)
	at com.zaxxer.hikari.pool.HikariProxyStatement.execute(HikariProxyStatement.java)
	at org.hibernate.tool.schema.internal.exec.GenerationTargetToDatabase.accept(GenerationTargetToDatabase.java:80)
	... 37 common frames omitted
2025-04-12 22:59:01 [main] WARN  o.h.t.s.i.ExceptionHandlerLoggedImpl - GenerationTarget encountered exception accepting command : Error executing DDL "alter table if exists staff_room_map alter column staff_id set data type bigint" via JDBC [ERROR: column "staff_id" cannot be cast automatically to type bigint
  Hint: You might need to specify "USING staff_id::bigint".]
org.hibernate.tool.schema.spi.CommandAcceptanceException: Error executing DDL "alter table if exists staff_room_map alter column staff_id set data type bigint" via JDBC [ERROR: column "staff_id" cannot be cast automatically to type bigint
  Hint: You might need to specify "USING staff_id::bigint".]
	at org.hibernate.tool.schema.internal.exec.GenerationTargetToDatabase.accept(GenerationTargetToDatabase.java:94)
	at org.hibernate.tool.schema.internal.AbstractSchemaMigrator.applySqlString(AbstractSchemaMigrator.java:576)
	at org.hibernate.tool.schema.internal.AbstractSchemaMigrator.applySqlStrings(AbstractSchemaMigrator.java:516)
	at org.hibernate.tool.schema.internal.AbstractSchemaMigrator.migrateTable(AbstractSchemaMigrator.java:334)
	at org.hibernate.tool.schema.internal.GroupedSchemaMigratorImpl.performTablesMigration(GroupedSchemaMigratorImpl.java:84)
	at org.hibernate.tool.schema.internal.AbstractSchemaMigrator.performMigration(AbstractSchemaMigrator.java:233)
	at org.hibernate.tool.schema.internal.AbstractSchemaMigrator.doMigration(AbstractSchemaMigrator.java:112)
	at org.hibernate.tool.schema.spi.SchemaManagementToolCoordinator.performDatabaseAction(SchemaManagementToolCoordinator.java:280)
	at org.hibernate.tool.schema.spi.SchemaManagementToolCoordinator.lambda$process$5(SchemaManagementToolCoordinator.java:144)
	at java.base/java.util.HashMap.forEach(HashMap.java:1421)
	at org.hibernate.tool.schema.spi.SchemaManagementToolCoordinator.process(SchemaManagementToolCoordinator.java:141)
	at org.hibernate.boot.internal.SessionFactoryObserverForSchemaExport.sessionFactoryCreated(SessionFactoryObserverForSchemaExport.java:37)
	at org.hibernate.internal.SessionFactoryObserverChain.sessionFactoryCreated(SessionFactoryObserverChain.java:35)
	at org.hibernate.internal.SessionFactoryImpl.<init>(SessionFactoryImpl.java:324)
	at org.hibernate.boot.internal.SessionFactoryBuilderImpl.build(SessionFactoryBuilderImpl.java:463)
	at org.hibernate.jpa.boot.internal.EntityManagerFactoryBuilderImpl.build(EntityManagerFactoryBuilderImpl.java:1517)
	at org.springframework.orm.jpa.vendor.SpringHibernateJpaPersistenceProvider.createContainerEntityManagerFactory(SpringHibernateJpaPersistenceProvider.java:66)
	at org.springframework.orm.jpa.LocalContainerEntityManagerFactoryBean.createNativeEntityManagerFactory(LocalContainerEntityManagerFactoryBean.java:390)
	at org.springframework.orm.jpa.AbstractEntityManagerFactoryBean.buildNativeEntityManagerFactory(AbstractEntityManagerFactoryBean.java:419)
	at org.springframework.orm.jpa.AbstractEntityManagerFactoryBean.afterPropertiesSet(AbstractEntityManagerFactoryBean.java:400)
	at org.springframework.orm.jpa.LocalContainerEntityManagerFactoryBean.afterPropertiesSet(LocalContainerEntityManagerFactoryBean.java:366)
	at org.springframework.beans.factory.support.AbstractAutowireCapableBeanFactory.invokeInitMethods(AbstractAutowireCapableBeanFactory.java:1859)
	at org.springframework.beans.factory.support.AbstractAutowireCapableBeanFactory.initializeBean(AbstractAutowireCapableBeanFactory.java:1808)
	at org.springframework.beans.factory.support.AbstractAutowireCapableBeanFactory.doCreateBean(AbstractAutowireCapableBeanFactory.java:601)
	at org.springframework.beans.factory.support.AbstractAutowireCapableBeanFactory.createBean(AbstractAutowireCapableBeanFactory.java:523)
	at org.springframework.beans.factory.support.AbstractBeanFactory.lambda$doGetBean$0(AbstractBeanFactory.java:339)
	at org.springframework.beans.factory.support.DefaultSingletonBeanRegistry.getSingleton(DefaultSingletonBeanRegistry.java:346)
	at org.springframework.beans.factory.support.AbstractBeanFactory.doGetBean(AbstractBeanFactory.java:337)
	at org.springframework.beans.factory.support.AbstractBeanFactory.getBean(AbstractBeanFactory.java:207)
	at org.springframework.context.support.AbstractApplicationContext.finishBeanFactoryInitialization(AbstractApplicationContext.java:970)
	at org.springframework.context.support.AbstractApplicationContext.refresh(AbstractApplicationContext.java:627)
	at org.springframework.boot.web.servlet.context.ServletWebServerApplicationContext.refresh(ServletWebServerApplicationContext.java:146)
	at org.springframework.boot.SpringApplication.refresh(SpringApplication.java:752)
	at org.springframework.boot.SpringApplication.refreshContext(SpringApplication.java:439)
	at org.springframework.boot.SpringApplication.run(SpringApplication.java:318)
	at org.springframework.boot.SpringApplication.run(SpringApplication.java:1361)
	at org.springframework.boot.SpringApplication.run(SpringApplication.java:1350)
	at backend.HotelBookingApplication.main(HotelBookingApplication.java:15)
Caused by: org.postgresql.util.PSQLException: ERROR: column "staff_id" cannot be cast automatically to type bigint
  Hint: You might need to specify "USING staff_id::bigint".
	at org.postgresql.core.v3.QueryExecutorImpl.receiveErrorResponse(QueryExecutorImpl.java:2733)
	at org.postgresql.core.v3.QueryExecutorImpl.processResults(QueryExecutorImpl.java:2420)
	at org.postgresql.core.v3.QueryExecutorImpl.execute(QueryExecutorImpl.java:372)
	at org.postgresql.jdbc.PgStatement.executeInternal(PgStatement.java:517)
	at org.postgresql.jdbc.PgStatement.execute(PgStatement.java:434)
	at org.postgresql.jdbc.PgStatement.executeWithFlags(PgStatement.java:356)
	at org.postgresql.jdbc.PgStatement.executeCachedSql(PgStatement.java:341)
	at org.postgresql.jdbc.PgStatement.executeWithFlags(PgStatement.java:317)
	at org.postgresql.jdbc.PgStatement.execute(PgStatement.java:312)
	at com.zaxxer.hikari.pool.ProxyStatement.execute(ProxyStatement.java:94)
	at com.zaxxer.hikari.pool.HikariProxyStatement.execute(HikariProxyStatement.java)
	at org.hibernate.tool.schema.internal.exec.GenerationTargetToDatabase.accept(GenerationTargetToDatabase.java:80)
	... 37 common frames omitted
2025-04-12 22:59:01 [main] WARN  o.h.t.s.i.ExceptionHandlerLoggedImpl - GenerationTarget encountered exception accepting command : Error executing DDL "alter table if exists staff_room_map add constraint FKyd20ehofj2axxe92vl67pqvx foreign key (staff_id) references staff" via JDBC [ERROR: foreign key constraint "fkyd20ehofj2axxe92vl67pqvx" cannot be implemented
  Detail: Key columns "staff_id" and "staff_id" are of incompatible types: character varying and bigint.]
org.hibernate.tool.schema.spi.CommandAcceptanceException: Error executing DDL "alter table if exists staff_room_map add constraint FKyd20ehofj2axxe92vl67pqvx foreign key (staff_id) references staff" via JDBC [ERROR: foreign key constraint "fkyd20ehofj2axxe92vl67pqvx" cannot be implemented
  Detail: Key columns "staff_id" and "staff_id" are of incompatible types: character varying and bigint.]
	at org.hibernate.tool.schema.internal.exec.GenerationTargetToDatabase.accept(GenerationTargetToDatabase.java:94)
	at org.hibernate.tool.schema.internal.AbstractSchemaMigrator.applySqlString(AbstractSchemaMigrator.java:576)
	at org.hibernate.tool.schema.internal.AbstractSchemaMigrator.applySqlStrings(AbstractSchemaMigrator.java:516)
	at org.hibernate.tool.schema.internal.AbstractSchemaMigrator.applyForeignKeys(AbstractSchemaMigrator.java:448)
	at org.hibernate.tool.schema.internal.AbstractSchemaMigrator.performMigration(AbstractSchemaMigrator.java:269)
	at org.hibernate.tool.schema.internal.AbstractSchemaMigrator.doMigration(AbstractSchemaMigrator.java:112)
	at org.hibernate.tool.schema.spi.SchemaManagementToolCoordinator.performDatabaseAction(SchemaManagementToolCoordinator.java:280)
	at org.hibernate.tool.schema.spi.SchemaManagementToolCoordinator.lambda$process$5(SchemaManagementToolCoordinator.java:144)
	at java.base/java.util.HashMap.forEach(HashMap.java:1421)
	at org.hibernate.tool.schema.spi.SchemaManagementToolCoordinator.process(SchemaManagementToolCoordinator.java:141)
	at org.hibernate.boot.internal.SessionFactoryObserverForSchemaExport.sessionFactoryCreated(SessionFactoryObserverForSchemaExport.java:37)
	at org.hibernate.internal.SessionFactoryObserverChain.sessionFactoryCreated(SessionFactoryObserverChain.java:35)
	at org.hibernate.internal.SessionFactoryImpl.<init>(SessionFactoryImpl.java:324)
	at org.hibernate.boot.internal.SessionFactoryBuilderImpl.build(SessionFactoryBuilderImpl.java:463)
	at org.hibernate.jpa.boot.internal.EntityManagerFactoryBuilderImpl.build(EntityManagerFactoryBuilderImpl.java:1517)
	at org.springframework.orm.jpa.vendor.SpringHibernateJpaPersistenceProvider.createContainerEntityManagerFactory(SpringHibernateJpaPersistenceProvider.java:66)
	at org.springframework.orm.jpa.LocalContainerEntityManagerFactoryBean.createNativeEntityManagerFactory(LocalContainerEntityManagerFactoryBean.java:390)
	at org.springframework.orm.jpa.AbstractEntityManagerFactoryBean.buildNativeEntityManagerFactory(AbstractEntityManagerFactoryBean.java:419)
	at org.springframework.orm.jpa.AbstractEntityManagerFactoryBean.afterPropertiesSet(AbstractEntityManagerFactoryBean.java:400)
	at org.springframework.orm.jpa.LocalContainerEntityManagerFactoryBean.afterPropertiesSet(LocalContainerEntityManagerFactoryBean.java:366)
	at org.springframework.beans.factory.support.AbstractAutowireCapableBeanFactory.invokeInitMethods(AbstractAutowireCapableBeanFactory.java:1859)
	at org.springframework.beans.factory.support.AbstractAutowireCapableBeanFactory.initializeBean(AbstractAutowireCapableBeanFactory.java:1808)
	at org.springframework.beans.factory.support.AbstractAutowireCapableBeanFactory.doCreateBean(AbstractAutowireCapableBeanFactory.java:601)
	at org.springframework.beans.factory.support.AbstractAutowireCapableBeanFactory.createBean(AbstractAutowireCapableBeanFactory.java:523)
	at org.springframework.beans.factory.support.AbstractBeanFactory.lambda$doGetBean$0(AbstractBeanFactory.java:339)
	at org.springframework.beans.factory.support.DefaultSingletonBeanRegistry.getSingleton(DefaultSingletonBeanRegistry.java:346)
	at org.springframework.beans.factory.support.AbstractBeanFactory.doGetBean(AbstractBeanFactory.java:337)
	at org.springframework.beans.factory.support.AbstractBeanFactory.getBean(AbstractBeanFactory.java:207)
	at org.springframework.context.support.AbstractApplicationContext.finishBeanFactoryInitialization(AbstractApplicationContext.java:970)
	at org.springframework.context.support.AbstractApplicationContext.refresh(AbstractApplicationContext.java:627)
	at org.springframework.boot.web.servlet.context.ServletWebServerApplicationContext.refresh(ServletWebServerApplicationContext.java:146)
	at org.springframework.boot.SpringApplication.refresh(SpringApplication.java:752)
	at org.springframework.boot.SpringApplication.refreshContext(SpringApplication.java:439)
	at org.springframework.boot.SpringApplication.run(SpringApplication.java:318)
	at org.springframework.boot.SpringApplication.run(SpringApplication.java:1361)
	at org.springframework.boot.SpringApplication.run(SpringApplication.java:1350)
	at backend.HotelBookingApplication.main(HotelBookingApplication.java:15)
Caused by: org.postgresql.util.PSQLException: ERROR: foreign key constraint "fkyd20ehofj2axxe92vl67pqvx" cannot be implemented
  Detail: Key columns "staff_id" and "staff_id" are of incompatible types: character varying and bigint.
	at org.postgresql.core.v3.QueryExecutorImpl.receiveErrorResponse(QueryExecutorImpl.java:2733)
	at org.postgresql.core.v3.QueryExecutorImpl.processResults(QueryExecutorImpl.java:2420)
	at org.postgresql.core.v3.QueryExecutorImpl.execute(QueryExecutorImpl.java:372)
	at org.postgresql.jdbc.PgStatement.executeInternal(PgStatement.java:517)
	at org.postgresql.jdbc.PgStatement.execute(PgStatement.java:434)
	at org.postgresql.jdbc.PgStatement.executeWithFlags(PgStatement.java:356)
	at org.postgresql.jdbc.PgStatement.executeCachedSql(PgStatement.java:341)
	at org.postgresql.jdbc.PgStatement.executeWithFlags(PgStatement.java:317)
	at org.postgresql.jdbc.PgStatement.execute(PgStatement.java:312)
	at com.zaxxer.hikari.pool.ProxyStatement.execute(ProxyStatement.java:94)
	at com.zaxxer.hikari.pool.HikariProxyStatement.execute(HikariProxyStatement.java)
	at org.hibernate.tool.schema.internal.exec.GenerationTargetToDatabase.accept(GenerationTargetToDatabase.java:80)
	... 36 common frames omitted
2025-04-12 22:59:01 [main] INFO  o.s.o.j.LocalContainerEntityManagerFactoryBean - Initialized JPA EntityManagerFactory for persistence unit 'default'
2025-04-12 22:59:01 [main] INFO  backend.config.CorsConfig - CORS Configuration Loaded!
2025-04-12 22:59:01 [main] DEBUG o.s.c.e.PropertySourcesPropertyResolver - Found key 'spring.security.oauth2.resourceserver.jwt.issuer-uri' in PropertySource 'environmentProperties' with value of type String
2025-04-12 22:59:02 [main] INFO  o.s.d.j.r.query.QueryEnhancerFactory - Hibernate is in classpath; If applicable, HQL parser will be used.
2025-04-12 22:59:02 [main] DEBUG o.s.c.e.PropertySourcesPropertyResolver - Found key 'graphql.endpoint' in PropertySource 'environmentProperties' with value of type String
2025-04-12 22:59:02 [main] DEBUG o.s.c.e.PropertySourcesPropertyResolver - Found key 'graphql.api-key' in PropertySource 'environmentProperties' with value of type String
2025-04-12 22:59:02 [main] DEBUG o.s.c.e.PropertySourcesPropertyResolver - Found key 'graphql.api.key' in PropertySource 'environmentProperties' with value of type String
2025-04-12 22:59:02 [main] DEBUG o.s.c.e.PropertySourcesPropertyResolver - Found key 'graphql.url' in PropertySource 'environmentProperties' with value of type String
2025-04-12 22:59:02 [main] DEBUG o.s.c.e.PropertySourcesPropertyResolver - Found key 'spring.mail.username' in PropertySource 'environmentProperties' with value of type String
2025-04-12 22:59:02 [main] DEBUG o.s.c.e.PropertySourcesPropertyResolver - Found key 'otp.expiry.minutes' in PropertySource 'environmentProperties' with value of type String
2025-04-12 22:59:02 [main] DEBUG o.s.c.e.PropertySourcesPropertyResolver - Found key 'otp.max.attempts' in PropertySource 'environmentProperties' with value of type String
2025-04-12 22:59:02 [main] DEBUG o.s.c.e.PropertySourcesPropertyResolver - Found key 'graphql.endpoint' in PropertySource 'environmentProperties' with value of type String
2025-04-12 22:59:02 [main] DEBUG o.s.c.e.PropertySourcesPropertyResolver - Found key 'graphql.api-key' in PropertySource 'environmentProperties' with value of type String
2025-04-12 22:59:02 [main] DEBUG o.s.c.e.PropertySourcesPropertyResolver - Found key 'graphql.api.key' in PropertySource 'environmentProperties' with value of type String
2025-04-12 22:59:02 [main] DEBUG o.s.c.e.PropertySourcesPropertyResolver - Found key 'graphql.url' in PropertySource 'environmentProperties' with value of type String
2025-04-12 22:59:02 [main] DEBUG o.s.c.e.PropertySourcesPropertyResolver - Found key 'graphql.endpoint' in PropertySource 'environmentProperties' with value of type String
2025-04-12 22:59:02 [main] DEBUG o.s.c.e.PropertySourcesPropertyResolver - Found key 'graphql.api-key' in PropertySource 'environmentProperties' with value of type String
2025-04-12 22:59:02 [main] DEBUG o.s.c.e.PropertySourcesPropertyResolver - Found key 'graphql.endpoint' in PropertySource 'environmentProperties' with value of type String
2025-04-12 22:59:02 [main] DEBUG o.s.c.e.PropertySourcesPropertyResolver - Found key 'graphql.apiKey' in PropertySource 'environmentProperties' with value of type String
2025-04-12 22:59:02 [main] DEBUG o.s.c.e.PropertySourcesPropertyResolver - Found key 'graphql.endpoint' in PropertySource 'environmentProperties' with value of type String
2025-04-12 22:59:02 [main] DEBUG o.s.c.e.PropertySourcesPropertyResolver - Found key 'graphql.apiKey' in PropertySource 'environmentProperties' with value of type String
2025-04-12 22:59:02 [main] DEBUG o.s.c.e.PropertySourcesPropertyResolver - Found key 'api.base.url' in PropertySource 'environmentProperties' with value of type String
2025-04-12 22:59:02 [main] WARN  o.s.b.a.o.j.JpaBaseConfiguration$JpaWebConfiguration - spring.jpa.open-in-view is enabled by default. Therefore, database queries may be performed during view rendering. Explicitly configure spring.jpa.open-in-view to disable this warning
2025-04-12 22:59:02 [main] INFO  backend.config.CorsConfig - Applying CORS settings...
2025-04-12 22:59:03 [main] DEBUG o.s.s.c.a.a.c.AuthenticationConfiguration$DefaultPasswordEncoderAuthenticationManagerBuilder - No authenticationProviders and no parentAuthenticationManager defined. Returning null.
2025-04-12 22:59:03 [main] INFO  o.s.b.a.e.web.EndpointLinksResolver - Exposing 2 endpoints beneath base path '/actuator'
2025-04-12 22:59:03 [main] INFO  backend.config.SecurityConfig - Configuring security filter chain...
2025-04-12 22:59:03 [main] INFO  backend.config.SecurityConfig - Using issuer URI: https://cognito-idp.ap-south-1.amazonaws.com/ap-south-1_IGHZ9OObg
2025-04-12 22:59:03 [main] INFO  backend.config.SecurityConfig - Configuring authorization rules...
2025-04-12 22:59:03 [main] INFO  backend.config.SecurityConfig - Configuring OAuth2 resource server...
2025-04-12 22:59:03 [main] INFO  backend.config.SecurityConfig - Configuring JWT...
2025-04-12 22:59:03 [main] INFO  backend.config.SecurityConfig - Creating JWT decoder with issuer URI: https://cognito-idp.ap-south-1.amazonaws.com/ap-south-1_IGHZ9OObg
2025-04-12 22:59:03 [main] INFO  backend.config.SecurityConfig - Configuring session management...
2025-04-12 22:59:03 [main] DEBUG o.s.s.web.DefaultSecurityFilterChain - Will secure any request with filters: DisableEncodeUrlFilter, WebAsyncManagerIntegrationFilter, SecurityContextHolderFilter, HeaderWriterFilter, LogoutFilter, BearerTokenAuthenticationFilter, RequestCacheAwareFilter, SecurityContextHolderAwareRequestFilter, AnonymousAuthenticationFilter, SessionManagementFilter, ExceptionTranslationFilter, AuthorizationFilter
2025-04-12 22:59:04 [main] INFO  o.a.coyote.http11.Http11NioProtocol - Starting ProtocolHandler ["http-nio-8081"]
2025-04-12 22:59:04 [main] INFO  o.s.b.w.e.tomcat.TomcatWebServer - Tomcat started on port 8081 (http) with context path '/'
2025-04-12 22:59:04 [main] INFO  backend.HotelBookingApplication - Started HotelBookingApplication in 10.654 seconds (process running for 11.255)
2025-04-12 23:00:04 [SpringApplicationShutdownHook] INFO  o.s.b.w.e.tomcat.GracefulShutdown - Commencing graceful shutdown. Waiting for active requests to complete
2025-04-12 23:00:04 [tomcat-shutdown] INFO  o.s.b.w.e.tomcat.GracefulShutdown - Graceful shutdown complete
2025-04-12 23:00:04 [SpringApplicationShutdownHook] INFO  o.s.o.j.LocalContainerEntityManagerFactoryBean - Closing JPA EntityManagerFactory for persistence unit 'default'
2025-04-12 23:00:04 [SpringApplicationShutdownHook] INFO  com.zaxxer.hikari.HikariDataSource - HikariPool-1 - Shutdown initiated...
2025-04-12 23:00:04 [SpringApplicationShutdownHook] INFO  com.zaxxer.hikari.HikariDataSource - HikariPool-1 - Shutdown completed.
2025-04-12 23:00:09 [main] INFO  backend.HotelBookingApplication - Starting HotelBookingApplication using Java 17.0.13 with PID 89533 (/Users/sukuna/Documents/coding/IBE/IBE-BE/KDU/target/classes started by sukuna in /Users/sukuna/Documents/coding/IBE/IBE-BE/KDU)
2025-04-12 23:00:09 [main] INFO  backend.HotelBookingApplication - The following 1 profile is active: "dev"
2025-04-12 23:00:10 [main] INFO  o.s.d.r.c.RepositoryConfigurationDelegate - Bootstrapping Spring Data JPA repositories in DEFAULT mode.
2025-04-12 23:00:10 [main] INFO  o.s.d.r.c.RepositoryConfigurationDelegate - Finished Spring Data repository scanning in 64 ms. Found 15 JPA repository interfaces.
2025-04-12 23:00:10 [main] INFO  o.s.b.w.e.tomcat.TomcatWebServer - Tomcat initialized with port 8081 (http)
2025-04-12 23:00:10 [main] INFO  o.a.coyote.http11.Http11NioProtocol - Initializing ProtocolHandler ["http-nio-8081"]
2025-04-12 23:00:10 [main] INFO  o.a.catalina.core.StandardService - Starting service [Tomcat]
2025-04-12 23:00:10 [main] INFO  o.a.catalina.core.StandardEngine - Starting Servlet engine: [Apache Tomcat/10.1.36]
2025-04-12 23:00:10 [main] INFO  o.a.c.c.C.[Tomcat].[localhost].[/] - Initializing Spring embedded WebApplicationContext
2025-04-12 23:00:10 [main] INFO  o.s.b.w.s.c.ServletWebServerApplicationContext - Root WebApplicationContext: initialization completed in 1520 ms
2025-04-12 23:00:11 [main] INFO  com.zaxxer.hikari.HikariDataSource - HikariPool-1 - Starting...
2025-04-12 23:00:11 [main] INFO  com.zaxxer.hikari.pool.HikariPool - HikariPool-1 - Added connection org.postgresql.jdbc.PgConnection@5e7e7a7e
2025-04-12 23:00:11 [main] INFO  com.zaxxer.hikari.HikariDataSource - HikariPool-1 - Start completed.
2025-04-12 23:00:11 [main] INFO  o.s.o.j.p.SpringPersistenceUnitInfo - No LoadTimeWeaver setup: ignoring JPA class transformer
2025-04-12 23:00:12 [main] WARN  org.hibernate.orm.deprecation - HHH90000025: PostgreSQLDialect does not need to be specified explicitly using 'hibernate.dialect' (remove the property setting and it will be selected by default)
2025-04-12 23:00:13 [main] WARN  o.h.t.s.i.ExceptionHandlerLoggedImpl - GenerationTarget encountered exception accepting command : Error executing DDL "alter table if exists room_cleaning_schedule alter column staff_id set data type bigint" via JDBC [ERROR: column "staff_id" cannot be cast automatically to type bigint
  Hint: You might need to specify "USING staff_id::bigint".]
org.hibernate.tool.schema.spi.CommandAcceptanceException: Error executing DDL "alter table if exists room_cleaning_schedule alter column staff_id set data type bigint" via JDBC [ERROR: column "staff_id" cannot be cast automatically to type bigint
  Hint: You might need to specify "USING staff_id::bigint".]
	at org.hibernate.tool.schema.internal.exec.GenerationTargetToDatabase.accept(GenerationTargetToDatabase.java:94)
	at org.hibernate.tool.schema.internal.AbstractSchemaMigrator.applySqlString(AbstractSchemaMigrator.java:576)
	at org.hibernate.tool.schema.internal.AbstractSchemaMigrator.applySqlStrings(AbstractSchemaMigrator.java:516)
	at org.hibernate.tool.schema.internal.AbstractSchemaMigrator.migrateTable(AbstractSchemaMigrator.java:334)
	at org.hibernate.tool.schema.internal.GroupedSchemaMigratorImpl.performTablesMigration(GroupedSchemaMigratorImpl.java:84)
	at org.hibernate.tool.schema.internal.AbstractSchemaMigrator.performMigration(AbstractSchemaMigrator.java:233)
	at org.hibernate.tool.schema.internal.AbstractSchemaMigrator.doMigration(AbstractSchemaMigrator.java:112)
	at org.hibernate.tool.schema.spi.SchemaManagementToolCoordinator.performDatabaseAction(SchemaManagementToolCoordinator.java:280)
	at org.hibernate.tool.schema.spi.SchemaManagementToolCoordinator.lambda$process$5(SchemaManagementToolCoordinator.java:144)
	at java.base/java.util.HashMap.forEach(HashMap.java:1421)
	at org.hibernate.tool.schema.spi.SchemaManagementToolCoordinator.process(SchemaManagementToolCoordinator.java:141)
	at org.hibernate.boot.internal.SessionFactoryObserverForSchemaExport.sessionFactoryCreated(SessionFactoryObserverForSchemaExport.java:37)
	at org.hibernate.internal.SessionFactoryObserverChain.sessionFactoryCreated(SessionFactoryObserverChain.java:35)
	at org.hibernate.internal.SessionFactoryImpl.<init>(SessionFactoryImpl.java:324)
	at org.hibernate.boot.internal.SessionFactoryBuilderImpl.build(SessionFactoryBuilderImpl.java:463)
	at org.hibernate.jpa.boot.internal.EntityManagerFactoryBuilderImpl.build(EntityManagerFactoryBuilderImpl.java:1517)
	at org.springframework.orm.jpa.vendor.SpringHibernateJpaPersistenceProvider.createContainerEntityManagerFactory(SpringHibernateJpaPersistenceProvider.java:66)
	at org.springframework.orm.jpa.LocalContainerEntityManagerFactoryBean.createNativeEntityManagerFactory(LocalContainerEntityManagerFactoryBean.java:390)
	at org.springframework.orm.jpa.AbstractEntityManagerFactoryBean.buildNativeEntityManagerFactory(AbstractEntityManagerFactoryBean.java:419)
	at org.springframework.orm.jpa.AbstractEntityManagerFactoryBean.afterPropertiesSet(AbstractEntityManagerFactoryBean.java:400)
	at org.springframework.orm.jpa.LocalContainerEntityManagerFactoryBean.afterPropertiesSet(LocalContainerEntityManagerFactoryBean.java:366)
	at org.springframework.beans.factory.support.AbstractAutowireCapableBeanFactory.invokeInitMethods(AbstractAutowireCapableBeanFactory.java:1859)
	at org.springframework.beans.factory.support.AbstractAutowireCapableBeanFactory.initializeBean(AbstractAutowireCapableBeanFactory.java:1808)
	at org.springframework.beans.factory.support.AbstractAutowireCapableBeanFactory.doCreateBean(AbstractAutowireCapableBeanFactory.java:601)
	at org.springframework.beans.factory.support.AbstractAutowireCapableBeanFactory.createBean(AbstractAutowireCapableBeanFactory.java:523)
	at org.springframework.beans.factory.support.AbstractBeanFactory.lambda$doGetBean$0(AbstractBeanFactory.java:339)
	at org.springframework.beans.factory.support.DefaultSingletonBeanRegistry.getSingleton(DefaultSingletonBeanRegistry.java:346)
	at org.springframework.beans.factory.support.AbstractBeanFactory.doGetBean(AbstractBeanFactory.java:337)
	at org.springframework.beans.factory.support.AbstractBeanFactory.getBean(AbstractBeanFactory.java:207)
	at org.springframework.context.support.AbstractApplicationContext.finishBeanFactoryInitialization(AbstractApplicationContext.java:970)
	at org.springframework.context.support.AbstractApplicationContext.refresh(AbstractApplicationContext.java:627)
	at org.springframework.boot.web.servlet.context.ServletWebServerApplicationContext.refresh(ServletWebServerApplicationContext.java:146)
	at org.springframework.boot.SpringApplication.refresh(SpringApplication.java:752)
	at org.springframework.boot.SpringApplication.refreshContext(SpringApplication.java:439)
	at org.springframework.boot.SpringApplication.run(SpringApplication.java:318)
	at org.springframework.boot.SpringApplication.run(SpringApplication.java:1361)
	at org.springframework.boot.SpringApplication.run(SpringApplication.java:1350)
	at backend.HotelBookingApplication.main(HotelBookingApplication.java:15)
Caused by: org.postgresql.util.PSQLException: ERROR: column "staff_id" cannot be cast automatically to type bigint
  Hint: You might need to specify "USING staff_id::bigint".
	at org.postgresql.core.v3.QueryExecutorImpl.receiveErrorResponse(QueryExecutorImpl.java:2733)
	at org.postgresql.core.v3.QueryExecutorImpl.processResults(QueryExecutorImpl.java:2420)
	at org.postgresql.core.v3.QueryExecutorImpl.execute(QueryExecutorImpl.java:372)
	at org.postgresql.jdbc.PgStatement.executeInternal(PgStatement.java:517)
	at org.postgresql.jdbc.PgStatement.execute(PgStatement.java:434)
	at org.postgresql.jdbc.PgStatement.executeWithFlags(PgStatement.java:356)
	at org.postgresql.jdbc.PgStatement.executeCachedSql(PgStatement.java:341)
	at org.postgresql.jdbc.PgStatement.executeWithFlags(PgStatement.java:317)
	at org.postgresql.jdbc.PgStatement.execute(PgStatement.java:312)
	at com.zaxxer.hikari.pool.ProxyStatement.execute(ProxyStatement.java:94)
	at com.zaxxer.hikari.pool.HikariProxyStatement.execute(HikariProxyStatement.java)
	at org.hibernate.tool.schema.internal.exec.GenerationTargetToDatabase.accept(GenerationTargetToDatabase.java:80)
	... 37 common frames omitted
2025-04-12 23:00:13 [main] WARN  o.h.t.s.i.ExceptionHandlerLoggedImpl - GenerationTarget encountered exception accepting command : Error executing DDL "alter table if exists staff_room_map alter column staff_id set data type bigint" via JDBC [ERROR: column "staff_id" cannot be cast automatically to type bigint
  Hint: You might need to specify "USING staff_id::bigint".]
org.hibernate.tool.schema.spi.CommandAcceptanceException: Error executing DDL "alter table if exists staff_room_map alter column staff_id set data type bigint" via JDBC [ERROR: column "staff_id" cannot be cast automatically to type bigint
  Hint: You might need to specify "USING staff_id::bigint".]
	at org.hibernate.tool.schema.internal.exec.GenerationTargetToDatabase.accept(GenerationTargetToDatabase.java:94)
	at org.hibernate.tool.schema.internal.AbstractSchemaMigrator.applySqlString(AbstractSchemaMigrator.java:576)
	at org.hibernate.tool.schema.internal.AbstractSchemaMigrator.applySqlStrings(AbstractSchemaMigrator.java:516)
	at org.hibernate.tool.schema.internal.AbstractSchemaMigrator.migrateTable(AbstractSchemaMigrator.java:334)
	at org.hibernate.tool.schema.internal.GroupedSchemaMigratorImpl.performTablesMigration(GroupedSchemaMigratorImpl.java:84)
	at org.hibernate.tool.schema.internal.AbstractSchemaMigrator.performMigration(AbstractSchemaMigrator.java:233)
	at org.hibernate.tool.schema.internal.AbstractSchemaMigrator.doMigration(AbstractSchemaMigrator.java:112)
	at org.hibernate.tool.schema.spi.SchemaManagementToolCoordinator.performDatabaseAction(SchemaManagementToolCoordinator.java:280)
	at org.hibernate.tool.schema.spi.SchemaManagementToolCoordinator.lambda$process$5(SchemaManagementToolCoordinator.java:144)
	at java.base/java.util.HashMap.forEach(HashMap.java:1421)
	at org.hibernate.tool.schema.spi.SchemaManagementToolCoordinator.process(SchemaManagementToolCoordinator.java:141)
	at org.hibernate.boot.internal.SessionFactoryObserverForSchemaExport.sessionFactoryCreated(SessionFactoryObserverForSchemaExport.java:37)
	at org.hibernate.internal.SessionFactoryObserverChain.sessionFactoryCreated(SessionFactoryObserverChain.java:35)
	at org.hibernate.internal.SessionFactoryImpl.<init>(SessionFactoryImpl.java:324)
	at org.hibernate.boot.internal.SessionFactoryBuilderImpl.build(SessionFactoryBuilderImpl.java:463)
	at org.hibernate.jpa.boot.internal.EntityManagerFactoryBuilderImpl.build(EntityManagerFactoryBuilderImpl.java:1517)
	at org.springframework.orm.jpa.vendor.SpringHibernateJpaPersistenceProvider.createContainerEntityManagerFactory(SpringHibernateJpaPersistenceProvider.java:66)
	at org.springframework.orm.jpa.LocalContainerEntityManagerFactoryBean.createNativeEntityManagerFactory(LocalContainerEntityManagerFactoryBean.java:390)
	at org.springframework.orm.jpa.AbstractEntityManagerFactoryBean.buildNativeEntityManagerFactory(AbstractEntityManagerFactoryBean.java:419)
	at org.springframework.orm.jpa.AbstractEntityManagerFactoryBean.afterPropertiesSet(AbstractEntityManagerFactoryBean.java:400)
	at org.springframework.orm.jpa.LocalContainerEntityManagerFactoryBean.afterPropertiesSet(LocalContainerEntityManagerFactoryBean.java:366)
	at org.springframework.beans.factory.support.AbstractAutowireCapableBeanFactory.invokeInitMethods(AbstractAutowireCapableBeanFactory.java:1859)
	at org.springframework.beans.factory.support.AbstractAutowireCapableBeanFactory.initializeBean(AbstractAutowireCapableBeanFactory.java:1808)
	at org.springframework.beans.factory.support.AbstractAutowireCapableBeanFactory.doCreateBean(AbstractAutowireCapableBeanFactory.java:601)
	at org.springframework.beans.factory.support.AbstractAutowireCapableBeanFactory.createBean(AbstractAutowireCapableBeanFactory.java:523)
	at org.springframework.beans.factory.support.AbstractBeanFactory.lambda$doGetBean$0(AbstractBeanFactory.java:339)
	at org.springframework.beans.factory.support.DefaultSingletonBeanRegistry.getSingleton(DefaultSingletonBeanRegistry.java:346)
	at org.springframework.beans.factory.support.AbstractBeanFactory.doGetBean(AbstractBeanFactory.java:337)
	at org.springframework.beans.factory.support.AbstractBeanFactory.getBean(AbstractBeanFactory.java:207)
	at org.springframework.context.support.AbstractApplicationContext.finishBeanFactoryInitialization(AbstractApplicationContext.java:970)
	at org.springframework.context.support.AbstractApplicationContext.refresh(AbstractApplicationContext.java:627)
	at org.springframework.boot.web.servlet.context.ServletWebServerApplicationContext.refresh(ServletWebServerApplicationContext.java:146)
	at org.springframework.boot.SpringApplication.refresh(SpringApplication.java:752)
	at org.springframework.boot.SpringApplication.refreshContext(SpringApplication.java:439)
	at org.springframework.boot.SpringApplication.run(SpringApplication.java:318)
	at org.springframework.boot.SpringApplication.run(SpringApplication.java:1361)
	at org.springframework.boot.SpringApplication.run(SpringApplication.java:1350)
	at backend.HotelBookingApplication.main(HotelBookingApplication.java:15)
Caused by: org.postgresql.util.PSQLException: ERROR: column "staff_id" cannot be cast automatically to type bigint
  Hint: You might need to specify "USING staff_id::bigint".
	at org.postgresql.core.v3.QueryExecutorImpl.receiveErrorResponse(QueryExecutorImpl.java:2733)
	at org.postgresql.core.v3.QueryExecutorImpl.processResults(QueryExecutorImpl.java:2420)
	at org.postgresql.core.v3.QueryExecutorImpl.execute(QueryExecutorImpl.java:372)
	at org.postgresql.jdbc.PgStatement.executeInternal(PgStatement.java:517)
	at org.postgresql.jdbc.PgStatement.execute(PgStatement.java:434)
	at org.postgresql.jdbc.PgStatement.executeWithFlags(PgStatement.java:356)
	at org.postgresql.jdbc.PgStatement.executeCachedSql(PgStatement.java:341)
	at org.postgresql.jdbc.PgStatement.executeWithFlags(PgStatement.java:317)
	at org.postgresql.jdbc.PgStatement.execute(PgStatement.java:312)
	at com.zaxxer.hikari.pool.ProxyStatement.execute(ProxyStatement.java:94)
	at com.zaxxer.hikari.pool.HikariProxyStatement.execute(HikariProxyStatement.java)
	at org.hibernate.tool.schema.internal.exec.GenerationTargetToDatabase.accept(GenerationTargetToDatabase.java:80)
	... 37 common frames omitted
2025-04-12 23:00:13 [main] WARN  o.h.t.s.i.ExceptionHandlerLoggedImpl - GenerationTarget encountered exception accepting command : Error executing DDL "alter table if exists staff_room_map add constraint FKyd20ehofj2axxe92vl67pqvx foreign key (staff_id) references staff" via JDBC [ERROR: foreign key constraint "fkyd20ehofj2axxe92vl67pqvx" cannot be implemented
  Detail: Key columns "staff_id" and "staff_id" are of incompatible types: character varying and bigint.]
org.hibernate.tool.schema.spi.CommandAcceptanceException: Error executing DDL "alter table if exists staff_room_map add constraint FKyd20ehofj2axxe92vl67pqvx foreign key (staff_id) references staff" via JDBC [ERROR: foreign key constraint "fkyd20ehofj2axxe92vl67pqvx" cannot be implemented
  Detail: Key columns "staff_id" and "staff_id" are of incompatible types: character varying and bigint.]
	at org.hibernate.tool.schema.internal.exec.GenerationTargetToDatabase.accept(GenerationTargetToDatabase.java:94)
	at org.hibernate.tool.schema.internal.AbstractSchemaMigrator.applySqlString(AbstractSchemaMigrator.java:576)
	at org.hibernate.tool.schema.internal.AbstractSchemaMigrator.applySqlStrings(AbstractSchemaMigrator.java:516)
	at org.hibernate.tool.schema.internal.AbstractSchemaMigrator.applyForeignKeys(AbstractSchemaMigrator.java:448)
	at org.hibernate.tool.schema.internal.AbstractSchemaMigrator.performMigration(AbstractSchemaMigrator.java:269)
	at org.hibernate.tool.schema.internal.AbstractSchemaMigrator.doMigration(AbstractSchemaMigrator.java:112)
	at org.hibernate.tool.schema.spi.SchemaManagementToolCoordinator.performDatabaseAction(SchemaManagementToolCoordinator.java:280)
	at org.hibernate.tool.schema.spi.SchemaManagementToolCoordinator.lambda$process$5(SchemaManagementToolCoordinator.java:144)
	at java.base/java.util.HashMap.forEach(HashMap.java:1421)
	at org.hibernate.tool.schema.spi.SchemaManagementToolCoordinator.process(SchemaManagementToolCoordinator.java:141)
	at org.hibernate.boot.internal.SessionFactoryObserverForSchemaExport.sessionFactoryCreated(SessionFactoryObserverForSchemaExport.java:37)
	at org.hibernate.internal.SessionFactoryObserverChain.sessionFactoryCreated(SessionFactoryObserverChain.java:35)
	at org.hibernate.internal.SessionFactoryImpl.<init>(SessionFactoryImpl.java:324)
	at org.hibernate.boot.internal.SessionFactoryBuilderImpl.build(SessionFactoryBuilderImpl.java:463)
	at org.hibernate.jpa.boot.internal.EntityManagerFactoryBuilderImpl.build(EntityManagerFactoryBuilderImpl.java:1517)
	at org.springframework.orm.jpa.vendor.SpringHibernateJpaPersistenceProvider.createContainerEntityManagerFactory(SpringHibernateJpaPersistenceProvider.java:66)
	at org.springframework.orm.jpa.LocalContainerEntityManagerFactoryBean.createNativeEntityManagerFactory(LocalContainerEntityManagerFactoryBean.java:390)
	at org.springframework.orm.jpa.AbstractEntityManagerFactoryBean.buildNativeEntityManagerFactory(AbstractEntityManagerFactoryBean.java:419)
	at org.springframework.orm.jpa.AbstractEntityManagerFactoryBean.afterPropertiesSet(AbstractEntityManagerFactoryBean.java:400)
	at org.springframework.orm.jpa.LocalContainerEntityManagerFactoryBean.afterPropertiesSet(LocalContainerEntityManagerFactoryBean.java:366)
	at org.springframework.beans.factory.support.AbstractAutowireCapableBeanFactory.invokeInitMethods(AbstractAutowireCapableBeanFactory.java:1859)
	at org.springframework.beans.factory.support.AbstractAutowireCapableBeanFactory.initializeBean(AbstractAutowireCapableBeanFactory.java:1808)
	at org.springframework.beans.factory.support.AbstractAutowireCapableBeanFactory.doCreateBean(AbstractAutowireCapableBeanFactory.java:601)
	at org.springframework.beans.factory.support.AbstractAutowireCapableBeanFactory.createBean(AbstractAutowireCapableBeanFactory.java:523)
	at org.springframework.beans.factory.support.AbstractBeanFactory.lambda$doGetBean$0(AbstractBeanFactory.java:339)
	at org.springframework.beans.factory.support.DefaultSingletonBeanRegistry.getSingleton(DefaultSingletonBeanRegistry.java:346)
	at org.springframework.beans.factory.support.AbstractBeanFactory.doGetBean(AbstractBeanFactory.java:337)
	at org.springframework.beans.factory.support.AbstractBeanFactory.getBean(AbstractBeanFactory.java:207)
	at org.springframework.context.support.AbstractApplicationContext.finishBeanFactoryInitialization(AbstractApplicationContext.java:970)
	at org.springframework.context.support.AbstractApplicationContext.refresh(AbstractApplicationContext.java:627)
	at org.springframework.boot.web.servlet.context.ServletWebServerApplicationContext.refresh(ServletWebServerApplicationContext.java:146)
	at org.springframework.boot.SpringApplication.refresh(SpringApplication.java:752)
	at org.springframework.boot.SpringApplication.refreshContext(SpringApplication.java:439)
	at org.springframework.boot.SpringApplication.run(SpringApplication.java:318)
	at org.springframework.boot.SpringApplication.run(SpringApplication.java:1361)
	at org.springframework.boot.SpringApplication.run(SpringApplication.java:1350)
	at backend.HotelBookingApplication.main(HotelBookingApplication.java:15)
Caused by: org.postgresql.util.PSQLException: ERROR: foreign key constraint "fkyd20ehofj2axxe92vl67pqvx" cannot be implemented
  Detail: Key columns "staff_id" and "staff_id" are of incompatible types: character varying and bigint.
	at org.postgresql.core.v3.QueryExecutorImpl.receiveErrorResponse(QueryExecutorImpl.java:2733)
	at org.postgresql.core.v3.QueryExecutorImpl.processResults(QueryExecutorImpl.java:2420)
	at org.postgresql.core.v3.QueryExecutorImpl.execute(QueryExecutorImpl.java:372)
	at org.postgresql.jdbc.PgStatement.executeInternal(PgStatement.java:517)
	at org.postgresql.jdbc.PgStatement.execute(PgStatement.java:434)
	at org.postgresql.jdbc.PgStatement.executeWithFlags(PgStatement.java:356)
	at org.postgresql.jdbc.PgStatement.executeCachedSql(PgStatement.java:341)
	at org.postgresql.jdbc.PgStatement.executeWithFlags(PgStatement.java:317)
	at org.postgresql.jdbc.PgStatement.execute(PgStatement.java:312)
	at com.zaxxer.hikari.pool.ProxyStatement.execute(ProxyStatement.java:94)
	at com.zaxxer.hikari.pool.HikariProxyStatement.execute(HikariProxyStatement.java)
	at org.hibernate.tool.schema.internal.exec.GenerationTargetToDatabase.accept(GenerationTargetToDatabase.java:80)
	... 36 common frames omitted
2025-04-12 23:00:13 [main] INFO  o.s.o.j.LocalContainerEntityManagerFactoryBean - Initialized JPA EntityManagerFactory for persistence unit 'default'
2025-04-12 23:00:13 [main] INFO  backend.config.CorsConfig - CORS Configuration Loaded!
2025-04-12 23:00:13 [main] DEBUG o.s.c.e.PropertySourcesPropertyResolver - Found key 'spring.security.oauth2.resourceserver.jwt.issuer-uri' in PropertySource 'environmentProperties' with value of type String
2025-04-12 23:00:14 [main] INFO  o.s.d.j.r.query.QueryEnhancerFactory - Hibernate is in classpath; If applicable, HQL parser will be used.
2025-04-12 23:00:14 [main] DEBUG o.s.c.e.PropertySourcesPropertyResolver - Found key 'graphql.endpoint' in PropertySource 'environmentProperties' with value of type String
2025-04-12 23:00:14 [main] DEBUG o.s.c.e.PropertySourcesPropertyResolver - Found key 'graphql.api-key' in PropertySource 'environmentProperties' with value of type String
2025-04-12 23:00:15 [main] DEBUG o.s.c.e.PropertySourcesPropertyResolver - Found key 'graphql.api.key' in PropertySource 'environmentProperties' with value of type String
2025-04-12 23:00:15 [main] DEBUG o.s.c.e.PropertySourcesPropertyResolver - Found key 'graphql.url' in PropertySource 'environmentProperties' with value of type String
2025-04-12 23:00:15 [main] DEBUG o.s.c.e.PropertySourcesPropertyResolver - Found key 'spring.mail.username' in PropertySource 'environmentProperties' with value of type String
2025-04-12 23:00:15 [main] DEBUG o.s.c.e.PropertySourcesPropertyResolver - Found key 'otp.expiry.minutes' in PropertySource 'environmentProperties' with value of type String
2025-04-12 23:00:15 [main] DEBUG o.s.c.e.PropertySourcesPropertyResolver - Found key 'otp.max.attempts' in PropertySource 'environmentProperties' with value of type String
2025-04-12 23:00:15 [main] DEBUG o.s.c.e.PropertySourcesPropertyResolver - Found key 'graphql.endpoint' in PropertySource 'environmentProperties' with value of type String
2025-04-12 23:00:15 [main] DEBUG o.s.c.e.PropertySourcesPropertyResolver - Found key 'graphql.api-key' in PropertySource 'environmentProperties' with value of type String
2025-04-12 23:00:15 [main] DEBUG o.s.c.e.PropertySourcesPropertyResolver - Found key 'graphql.api.key' in PropertySource 'environmentProperties' with value of type String
2025-04-12 23:00:15 [main] DEBUG o.s.c.e.PropertySourcesPropertyResolver - Found key 'graphql.url' in PropertySource 'environmentProperties' with value of type String
2025-04-12 23:00:15 [main] DEBUG o.s.c.e.PropertySourcesPropertyResolver - Found key 'graphql.endpoint' in PropertySource 'environmentProperties' with value of type String
2025-04-12 23:00:15 [main] DEBUG o.s.c.e.PropertySourcesPropertyResolver - Found key 'graphql.api-key' in PropertySource 'environmentProperties' with value of type String
2025-04-12 23:00:15 [main] DEBUG o.s.c.e.PropertySourcesPropertyResolver - Found key 'graphql.endpoint' in PropertySource 'environmentProperties' with value of type String
2025-04-12 23:00:15 [main] DEBUG o.s.c.e.PropertySourcesPropertyResolver - Found key 'graphql.apiKey' in PropertySource 'environmentProperties' with value of type String
2025-04-12 23:00:15 [main] DEBUG o.s.c.e.PropertySourcesPropertyResolver - Found key 'graphql.endpoint' in PropertySource 'environmentProperties' with value of type String
2025-04-12 23:00:15 [main] DEBUG o.s.c.e.PropertySourcesPropertyResolver - Found key 'graphql.apiKey' in PropertySource 'environmentProperties' with value of type String
2025-04-12 23:00:15 [main] DEBUG o.s.c.e.PropertySourcesPropertyResolver - Found key 'api.base.url' in PropertySource 'environmentProperties' with value of type String
2025-04-12 23:00:15 [main] WARN  o.s.b.a.o.j.JpaBaseConfiguration$JpaWebConfiguration - spring.jpa.open-in-view is enabled by default. Therefore, database queries may be performed during view rendering. Explicitly configure spring.jpa.open-in-view to disable this warning
2025-04-12 23:00:15 [main] INFO  backend.config.CorsConfig - Applying CORS settings...
2025-04-12 23:00:16 [main] DEBUG o.s.s.c.a.a.c.AuthenticationConfiguration$DefaultPasswordEncoderAuthenticationManagerBuilder - No authenticationProviders and no parentAuthenticationManager defined. Returning null.
2025-04-12 23:00:16 [main] INFO  o.s.b.a.e.web.EndpointLinksResolver - Exposing 2 endpoints beneath base path '/actuator'
2025-04-12 23:00:16 [main] INFO  backend.config.SecurityConfig - Configuring security filter chain...
2025-04-12 23:00:16 [main] INFO  backend.config.SecurityConfig - Using issuer URI: https://cognito-idp.ap-south-1.amazonaws.com/ap-south-1_IGHZ9OObg
2025-04-12 23:00:16 [main] INFO  backend.config.SecurityConfig - Configuring authorization rules...
2025-04-12 23:00:16 [main] INFO  backend.config.SecurityConfig - Configuring OAuth2 resource server...
2025-04-12 23:00:16 [main] INFO  backend.config.SecurityConfig - Configuring JWT...
2025-04-12 23:00:16 [main] INFO  backend.config.SecurityConfig - Creating JWT decoder with issuer URI: https://cognito-idp.ap-south-1.amazonaws.com/ap-south-1_IGHZ9OObg
2025-04-12 23:00:16 [main] INFO  backend.config.SecurityConfig - Configuring session management...
2025-04-12 23:00:16 [main] DEBUG o.s.s.web.DefaultSecurityFilterChain - Will secure any request with filters: DisableEncodeUrlFilter, WebAsyncManagerIntegrationFilter, SecurityContextHolderFilter, HeaderWriterFilter, LogoutFilter, BearerTokenAuthenticationFilter, RequestCacheAwareFilter, SecurityContextHolderAwareRequestFilter, AnonymousAuthenticationFilter, SessionManagementFilter, ExceptionTranslationFilter, AuthorizationFilter
2025-04-12 23:00:17 [main] INFO  o.a.coyote.http11.Http11NioProtocol - Starting ProtocolHandler ["http-nio-8081"]
2025-04-12 23:00:17 [main] INFO  o.s.b.w.e.tomcat.TomcatWebServer - Tomcat started on port 8081 (http) with context path '/'
2025-04-12 23:00:17 [main] INFO  backend.HotelBookingApplication - Started HotelBookingApplication in 8.663 seconds (process running for 9.138)
2025-04-12 23:00:22 [http-nio-8081-exec-1] INFO  o.a.c.c.C.[Tomcat].[localhost].[/] - Initializing Spring DispatcherServlet 'dispatcherServlet'
2025-04-12 23:00:22 [http-nio-8081-exec-1] INFO  o.s.web.servlet.DispatcherServlet - Initializing Servlet 'dispatcherServlet'
2025-04-12 23:00:22 [http-nio-8081-exec-1] INFO  o.s.web.servlet.DispatcherServlet - Completed initialization in 3 ms
2025-04-12 23:00:22 [http-nio-8081-exec-1] DEBUG o.s.security.web.FilterChainProxy - Securing POST /api/house-cleaning/generate?date=2025-05-01
2025-04-12 23:00:22 [http-nio-8081-exec-1] DEBUG o.s.s.w.a.AnonymousAuthenticationFilter - Set SecurityContextHolder to anonymous SecurityContext
2025-04-12 23:00:22 [http-nio-8081-exec-1] DEBUG o.s.security.web.FilterChainProxy - Secured POST /api/house-cleaning/generate?date=2025-05-01
2025-04-12 23:00:22 [http-nio-8081-exec-1] INFO  b.s.impl.HouseCleaningServiceImpl - Generating cleaning schedules for date: 2025-05-01
2025-04-12 23:00:22 [http-nio-8081-exec-1] INFO  b.s.impl.HouseCleaningServiceImpl - Found 10 check-in bookings, 0 check-out bookings, and 10 current bookings for date 2025-05-01
2025-04-12 23:00:22 [http-nio-8081-exec-1] INFO  b.s.impl.BookedRoomsServiceImpl - Checking check-in rooms for date: 2025-05-01
2025-04-12 23:00:22 [http-nio-8081-exec-1] INFO  b.s.impl.BookedRoomsServiceImpl - Found 10 transactions with check-in date 2025-05-01
2025-04-12 23:00:22 [http-nio-8081-exec-1] INFO  b.s.impl.BookedRoomsServiceImpl - Booking IDs for check-in: [13, 12, 15, 14, 53, 55, 59, 60, 155, 318]
2025-04-12 23:00:27 [http-nio-8081-exec-1] INFO  b.s.impl.BookedRoomsServiceImpl - Room IDs for bookings [13, 12, 15, 14, 53, 55, 59, 60, 155, 318]: [421, 422, 433, 434, 439, 451, 452, 457, 464, 469, 470]
2025-04-12 23:00:27 [http-nio-8081-exec-1] INFO  b.s.impl.BookedRoomsServiceImpl - Checking check-out rooms for date: 2025-05-01
2025-04-12 23:00:27 [http-nio-8081-exec-1] INFO  b.s.impl.BookedRoomsServiceImpl - Found 0 transactions with check-out date 2025-05-01
2025-04-12 23:00:27 [http-nio-8081-exec-1] INFO  b.s.impl.BookedRoomsServiceImpl - Booking IDs for check-out: []
2025-04-12 23:00:27 [http-nio-8081-exec-1] INFO  b.s.impl.BookedRoomsServiceImpl - No booking IDs found, returning empty list
2025-04-12 23:00:27 [http-nio-8081-exec-1] INFO  b.s.impl.BookedRoomsServiceImpl - Checking currently booked rooms for date: 2025-05-01T00:00:00Z
2025-04-12 23:00:28 [http-nio-8081-exec-1] INFO  b.s.impl.BookedRoomsServiceImpl - Currently booked room IDs: [421, 422, 433, 434, 439, 451, 452, 457, 464, 469, 470]
2025-04-12 23:00:28 [http-nio-8081-exec-1] INFO  b.s.impl.HouseCleaningServiceImpl - Found 11 check-in rooms, 0 check-out rooms, and 11 current rooms for date 2025-05-01
2025-04-12 23:01:00 [http-nio-8081-exec-3] DEBUG o.s.security.web.FilterChainProxy - Securing POST /api/house-cleaning/assign-staff?date=2025-05-01&shift=MORNING_SHIFT
2025-04-12 23:01:00 [http-nio-8081-exec-3] DEBUG o.s.s.w.a.AnonymousAuthenticationFilter - Set SecurityContextHolder to anonymous SecurityContext
2025-04-12 23:01:00 [http-nio-8081-exec-3] DEBUG o.s.security.web.FilterChainProxy - Secured POST /api/house-cleaning/assign-staff?date=2025-05-01&shift=MORNING_SHIFT
2025-04-12 23:01:00 [http-nio-8081-exec-3] INFO  b.s.impl.HouseCleaningServiceImpl - Assigning staff to schedules for date: 2025-05-01 and shift: MORNING_SHIFT
2025-04-12 23:01:29 [http-nio-8081-exec-5] DEBUG o.s.security.web.FilterChainProxy - Securing GET /api/house-cleaning/schedules?date=2025-05-01
2025-04-12 23:01:29 [http-nio-8081-exec-5] DEBUG o.s.s.w.a.AnonymousAuthenticationFilter - Set SecurityContextHolder to anonymous SecurityContext
2025-04-12 23:01:29 [http-nio-8081-exec-5] DEBUG o.s.security.web.FilterChainProxy - Secured GET /api/house-cleaning/schedules?date=2025-05-01
2025-04-12 23:02:51 [http-nio-8081-exec-7] DEBUG o.s.security.web.FilterChainProxy - Securing GET /api/house-cleaning/schedules/room-type?date=2025-05-01&roomCleaningType=CHECKIN_CHECKOUT
2025-04-12 23:02:51 [http-nio-8081-exec-7] DEBUG o.s.s.w.a.AnonymousAuthenticationFilter - Set SecurityContextHolder to anonymous SecurityContext
2025-04-12 23:02:51 [http-nio-8081-exec-7] DEBUG o.s.security.web.FilterChainProxy - Secured GET /api/house-cleaning/schedules/room-type?date=2025-05-01&roomCleaningType=CHECKIN_CHECKOUT
2025-04-12 23:02:58 [http-nio-8081-exec-9] DEBUG o.s.security.web.FilterChainProxy - Securing GET /api/house-cleaning/schedules/room-type?date=2025-05-01&roomCleaningType=BOOKED_NO_CHANGE
2025-04-12 23:02:58 [http-nio-8081-exec-9] DEBUG o.s.s.w.a.AnonymousAuthenticationFilter - Set SecurityContextHolder to anonymous SecurityContext
2025-04-12 23:02:58 [http-nio-8081-exec-9] DEBUG o.s.security.web.FilterChainProxy - Secured GET /api/house-cleaning/schedules/room-type?date=2025-05-01&roomCleaningType=BOOKED_NO_CHANGE
2025-04-12 23:03:03 [http-nio-8081-exec-1] DEBUG o.s.security.web.FilterChainProxy - Securing GET /api/house-cleaning/schedules/room-type?date=2025-05-01&roomCleaningType=CHECKIN_ONLY
2025-04-12 23:03:03 [http-nio-8081-exec-1] DEBUG o.s.s.w.a.AnonymousAuthenticationFilter - Set SecurityContextHolder to anonymous SecurityContext
2025-04-12 23:03:03 [http-nio-8081-exec-1] DEBUG o.s.security.web.FilterChainProxy - Secured GET /api/house-cleaning/schedules/room-type?date=2025-05-01&roomCleaningType=CHECKIN_ONLY
2025-04-12 23:06:37 [SpringApplicationShutdownHook] INFO  o.s.b.w.e.tomcat.GracefulShutdown - Commencing graceful shutdown. Waiting for active requests to complete
2025-04-12 23:06:37 [tomcat-shutdown] INFO  o.s.b.w.e.tomcat.GracefulShutdown - Graceful shutdown complete
2025-04-12 23:06:37 [SpringApplicationShutdownHook] INFO  o.s.o.j.LocalContainerEntityManagerFactoryBean - Closing JPA EntityManagerFactory for persistence unit 'default'
2025-04-12 23:06:37 [SpringApplicationShutdownHook] INFO  com.zaxxer.hikari.HikariDataSource - HikariPool-1 - Shutdown initiated...
2025-04-12 23:06:37 [SpringApplicationShutdownHook] INFO  com.zaxxer.hikari.HikariDataSource - HikariPool-1 - Shutdown completed.
2025-04-12 23:06:42 [main] INFO  backend.HotelBookingApplication - Starting HotelBookingApplication using Java 17.0.13 with PID 90036 (/Users/sukuna/Documents/coding/IBE/IBE-BE/KDU/target/classes started by sukuna in /Users/sukuna/Documents/coding/IBE/IBE-BE/KDU)
2025-04-12 23:06:42 [main] INFO  backend.HotelBookingApplication - The following 1 profile is active: "dev"
2025-04-12 23:06:43 [main] INFO  o.s.d.r.c.RepositoryConfigurationDelegate - Bootstrapping Spring Data JPA repositories in DEFAULT mode.
2025-04-12 23:06:44 [main] INFO  o.s.d.r.c.RepositoryConfigurationDelegate - Finished Spring Data repository scanning in 60 ms. Found 15 JPA repository interfaces.
2025-04-12 23:06:44 [main] INFO  o.s.b.w.e.tomcat.TomcatWebServer - Tomcat initialized with port 8081 (http)
2025-04-12 23:06:44 [main] INFO  o.a.coyote.http11.Http11NioProtocol - Initializing ProtocolHandler ["http-nio-8081"]
2025-04-12 23:06:44 [main] INFO  o.a.catalina.core.StandardService - Starting service [Tomcat]
2025-04-12 23:06:44 [main] INFO  o.a.catalina.core.StandardEngine - Starting Servlet engine: [Apache Tomcat/10.1.36]
2025-04-12 23:06:45 [main] INFO  o.a.c.c.C.[Tomcat].[localhost].[/] - Initializing Spring embedded WebApplicationContext
2025-04-12 23:06:45 [main] INFO  o.s.b.w.s.c.ServletWebServerApplicationContext - Root WebApplicationContext: initialization completed in 2434 ms
2025-04-12 23:06:45 [main] INFO  com.zaxxer.hikari.HikariDataSource - HikariPool-1 - Starting...
2025-04-12 23:06:46 [main] INFO  com.zaxxer.hikari.pool.HikariPool - HikariPool-1 - Added connection org.postgresql.jdbc.PgConnection@1ff81b0d
2025-04-12 23:06:46 [main] INFO  com.zaxxer.hikari.HikariDataSource - HikariPool-1 - Start completed.
2025-04-12 23:06:46 [main] INFO  o.s.o.j.p.SpringPersistenceUnitInfo - No LoadTimeWeaver setup: ignoring JPA class transformer
2025-04-12 23:06:46 [main] WARN  org.hibernate.orm.deprecation - HHH90000025: PostgreSQLDialect does not need to be specified explicitly using 'hibernate.dialect' (remove the property setting and it will be selected by default)
2025-04-12 23:06:47 [main] WARN  o.h.t.s.i.ExceptionHandlerLoggedImpl - GenerationTarget encountered exception accepting command : Error executing DDL "alter table if exists room_cleaning_schedule alter column staff_id set data type bigint" via JDBC [ERROR: column "staff_id" cannot be cast automatically to type bigint
  Hint: You might need to specify "USING staff_id::bigint".]
org.hibernate.tool.schema.spi.CommandAcceptanceException: Error executing DDL "alter table if exists room_cleaning_schedule alter column staff_id set data type bigint" via JDBC [ERROR: column "staff_id" cannot be cast automatically to type bigint
  Hint: You might need to specify "USING staff_id::bigint".]
	at org.hibernate.tool.schema.internal.exec.GenerationTargetToDatabase.accept(GenerationTargetToDatabase.java:94)
	at org.hibernate.tool.schema.internal.AbstractSchemaMigrator.applySqlString(AbstractSchemaMigrator.java:576)
	at org.hibernate.tool.schema.internal.AbstractSchemaMigrator.applySqlStrings(AbstractSchemaMigrator.java:516)
	at org.hibernate.tool.schema.internal.AbstractSchemaMigrator.migrateTable(AbstractSchemaMigrator.java:334)
	at org.hibernate.tool.schema.internal.GroupedSchemaMigratorImpl.performTablesMigration(GroupedSchemaMigratorImpl.java:84)
	at org.hibernate.tool.schema.internal.AbstractSchemaMigrator.performMigration(AbstractSchemaMigrator.java:233)
	at org.hibernate.tool.schema.internal.AbstractSchemaMigrator.doMigration(AbstractSchemaMigrator.java:112)
	at org.hibernate.tool.schema.spi.SchemaManagementToolCoordinator.performDatabaseAction(SchemaManagementToolCoordinator.java:280)
	at org.hibernate.tool.schema.spi.SchemaManagementToolCoordinator.lambda$process$5(SchemaManagementToolCoordinator.java:144)
	at java.base/java.util.HashMap.forEach(HashMap.java:1421)
	at org.hibernate.tool.schema.spi.SchemaManagementToolCoordinator.process(SchemaManagementToolCoordinator.java:141)
	at org.hibernate.boot.internal.SessionFactoryObserverForSchemaExport.sessionFactoryCreated(SessionFactoryObserverForSchemaExport.java:37)
	at org.hibernate.internal.SessionFactoryObserverChain.sessionFactoryCreated(SessionFactoryObserverChain.java:35)
	at org.hibernate.internal.SessionFactoryImpl.<init>(SessionFactoryImpl.java:324)
	at org.hibernate.boot.internal.SessionFactoryBuilderImpl.build(SessionFactoryBuilderImpl.java:463)
	at org.hibernate.jpa.boot.internal.EntityManagerFactoryBuilderImpl.build(EntityManagerFactoryBuilderImpl.java:1517)
	at org.springframework.orm.jpa.vendor.SpringHibernateJpaPersistenceProvider.createContainerEntityManagerFactory(SpringHibernateJpaPersistenceProvider.java:66)
	at org.springframework.orm.jpa.LocalContainerEntityManagerFactoryBean.createNativeEntityManagerFactory(LocalContainerEntityManagerFactoryBean.java:390)
	at org.springframework.orm.jpa.AbstractEntityManagerFactoryBean.buildNativeEntityManagerFactory(AbstractEntityManagerFactoryBean.java:419)
	at org.springframework.orm.jpa.AbstractEntityManagerFactoryBean.afterPropertiesSet(AbstractEntityManagerFactoryBean.java:400)
	at org.springframework.orm.jpa.LocalContainerEntityManagerFactoryBean.afterPropertiesSet(LocalContainerEntityManagerFactoryBean.java:366)
	at org.springframework.beans.factory.support.AbstractAutowireCapableBeanFactory.invokeInitMethods(AbstractAutowireCapableBeanFactory.java:1859)
	at org.springframework.beans.factory.support.AbstractAutowireCapableBeanFactory.initializeBean(AbstractAutowireCapableBeanFactory.java:1808)
	at org.springframework.beans.factory.support.AbstractAutowireCapableBeanFactory.doCreateBean(AbstractAutowireCapableBeanFactory.java:601)
	at org.springframework.beans.factory.support.AbstractAutowireCapableBeanFactory.createBean(AbstractAutowireCapableBeanFactory.java:523)
	at org.springframework.beans.factory.support.AbstractBeanFactory.lambda$doGetBean$0(AbstractBeanFactory.java:339)
	at org.springframework.beans.factory.support.DefaultSingletonBeanRegistry.getSingleton(DefaultSingletonBeanRegistry.java:346)
	at org.springframework.beans.factory.support.AbstractBeanFactory.doGetBean(AbstractBeanFactory.java:337)
	at org.springframework.beans.factory.support.AbstractBeanFactory.getBean(AbstractBeanFactory.java:207)
	at org.springframework.context.support.AbstractApplicationContext.finishBeanFactoryInitialization(AbstractApplicationContext.java:970)
	at org.springframework.context.support.AbstractApplicationContext.refresh(AbstractApplicationContext.java:627)
	at org.springframework.boot.web.servlet.context.ServletWebServerApplicationContext.refresh(ServletWebServerApplicationContext.java:146)
	at org.springframework.boot.SpringApplication.refresh(SpringApplication.java:752)
	at org.springframework.boot.SpringApplication.refreshContext(SpringApplication.java:439)
	at org.springframework.boot.SpringApplication.run(SpringApplication.java:318)
	at org.springframework.boot.SpringApplication.run(SpringApplication.java:1361)
	at org.springframework.boot.SpringApplication.run(SpringApplication.java:1350)
	at backend.HotelBookingApplication.main(HotelBookingApplication.java:15)
Caused by: org.postgresql.util.PSQLException: ERROR: column "staff_id" cannot be cast automatically to type bigint
  Hint: You might need to specify "USING staff_id::bigint".
	at org.postgresql.core.v3.QueryExecutorImpl.receiveErrorResponse(QueryExecutorImpl.java:2733)
	at org.postgresql.core.v3.QueryExecutorImpl.processResults(QueryExecutorImpl.java:2420)
	at org.postgresql.core.v3.QueryExecutorImpl.execute(QueryExecutorImpl.java:372)
	at org.postgresql.jdbc.PgStatement.executeInternal(PgStatement.java:517)
	at org.postgresql.jdbc.PgStatement.execute(PgStatement.java:434)
	at org.postgresql.jdbc.PgStatement.executeWithFlags(PgStatement.java:356)
	at org.postgresql.jdbc.PgStatement.executeCachedSql(PgStatement.java:341)
	at org.postgresql.jdbc.PgStatement.executeWithFlags(PgStatement.java:317)
	at org.postgresql.jdbc.PgStatement.execute(PgStatement.java:312)
	at com.zaxxer.hikari.pool.ProxyStatement.execute(ProxyStatement.java:94)
	at com.zaxxer.hikari.pool.HikariProxyStatement.execute(HikariProxyStatement.java)
	at org.hibernate.tool.schema.internal.exec.GenerationTargetToDatabase.accept(GenerationTargetToDatabase.java:80)
	... 37 common frames omitted
2025-04-12 23:06:48 [main] WARN  o.h.t.s.i.ExceptionHandlerLoggedImpl - GenerationTarget encountered exception accepting command : Error executing DDL "alter table if exists staff_room_map alter column staff_id set data type bigint" via JDBC [ERROR: column "staff_id" cannot be cast automatically to type bigint
  Hint: You might need to specify "USING staff_id::bigint".]
org.hibernate.tool.schema.spi.CommandAcceptanceException: Error executing DDL "alter table if exists staff_room_map alter column staff_id set data type bigint" via JDBC [ERROR: column "staff_id" cannot be cast automatically to type bigint
  Hint: You might need to specify "USING staff_id::bigint".]
	at org.hibernate.tool.schema.internal.exec.GenerationTargetToDatabase.accept(GenerationTargetToDatabase.java:94)
	at org.hibernate.tool.schema.internal.AbstractSchemaMigrator.applySqlString(AbstractSchemaMigrator.java:576)
	at org.hibernate.tool.schema.internal.AbstractSchemaMigrator.applySqlStrings(AbstractSchemaMigrator.java:516)
	at org.hibernate.tool.schema.internal.AbstractSchemaMigrator.migrateTable(AbstractSchemaMigrator.java:334)
	at org.hibernate.tool.schema.internal.GroupedSchemaMigratorImpl.performTablesMigration(GroupedSchemaMigratorImpl.java:84)
	at org.hibernate.tool.schema.internal.AbstractSchemaMigrator.performMigration(AbstractSchemaMigrator.java:233)
	at org.hibernate.tool.schema.internal.AbstractSchemaMigrator.doMigration(AbstractSchemaMigrator.java:112)
	at org.hibernate.tool.schema.spi.SchemaManagementToolCoordinator.performDatabaseAction(SchemaManagementToolCoordinator.java:280)
	at org.hibernate.tool.schema.spi.SchemaManagementToolCoordinator.lambda$process$5(SchemaManagementToolCoordinator.java:144)
	at java.base/java.util.HashMap.forEach(HashMap.java:1421)
	at org.hibernate.tool.schema.spi.SchemaManagementToolCoordinator.process(SchemaManagementToolCoordinator.java:141)
	at org.hibernate.boot.internal.SessionFactoryObserverForSchemaExport.sessionFactoryCreated(SessionFactoryObserverForSchemaExport.java:37)
	at org.hibernate.internal.SessionFactoryObserverChain.sessionFactoryCreated(SessionFactoryObserverChain.java:35)
	at org.hibernate.internal.SessionFactoryImpl.<init>(SessionFactoryImpl.java:324)
	at org.hibernate.boot.internal.SessionFactoryBuilderImpl.build(SessionFactoryBuilderImpl.java:463)
	at org.hibernate.jpa.boot.internal.EntityManagerFactoryBuilderImpl.build(EntityManagerFactoryBuilderImpl.java:1517)
	at org.springframework.orm.jpa.vendor.SpringHibernateJpaPersistenceProvider.createContainerEntityManagerFactory(SpringHibernateJpaPersistenceProvider.java:66)
	at org.springframework.orm.jpa.LocalContainerEntityManagerFactoryBean.createNativeEntityManagerFactory(LocalContainerEntityManagerFactoryBean.java:390)
	at org.springframework.orm.jpa.AbstractEntityManagerFactoryBean.buildNativeEntityManagerFactory(AbstractEntityManagerFactoryBean.java:419)
	at org.springframework.orm.jpa.AbstractEntityManagerFactoryBean.afterPropertiesSet(AbstractEntityManagerFactoryBean.java:400)
	at org.springframework.orm.jpa.LocalContainerEntityManagerFactoryBean.afterPropertiesSet(LocalContainerEntityManagerFactoryBean.java:366)
	at org.springframework.beans.factory.support.AbstractAutowireCapableBeanFactory.invokeInitMethods(AbstractAutowireCapableBeanFactory.java:1859)
	at org.springframework.beans.factory.support.AbstractAutowireCapableBeanFactory.initializeBean(AbstractAutowireCapableBeanFactory.java:1808)
	at org.springframework.beans.factory.support.AbstractAutowireCapableBeanFactory.doCreateBean(AbstractAutowireCapableBeanFactory.java:601)
	at org.springframework.beans.factory.support.AbstractAutowireCapableBeanFactory.createBean(AbstractAutowireCapableBeanFactory.java:523)
	at org.springframework.beans.factory.support.AbstractBeanFactory.lambda$doGetBean$0(AbstractBeanFactory.java:339)
	at org.springframework.beans.factory.support.DefaultSingletonBeanRegistry.getSingleton(DefaultSingletonBeanRegistry.java:346)
	at org.springframework.beans.factory.support.AbstractBeanFactory.doGetBean(AbstractBeanFactory.java:337)
	at org.springframework.beans.factory.support.AbstractBeanFactory.getBean(AbstractBeanFactory.java:207)
	at org.springframework.context.support.AbstractApplicationContext.finishBeanFactoryInitialization(AbstractApplicationContext.java:970)
	at org.springframework.context.support.AbstractApplicationContext.refresh(AbstractApplicationContext.java:627)
	at org.springframework.boot.web.servlet.context.ServletWebServerApplicationContext.refresh(ServletWebServerApplicationContext.java:146)
	at org.springframework.boot.SpringApplication.refresh(SpringApplication.java:752)
	at org.springframework.boot.SpringApplication.refreshContext(SpringApplication.java:439)
	at org.springframework.boot.SpringApplication.run(SpringApplication.java:318)
	at org.springframework.boot.SpringApplication.run(SpringApplication.java:1361)
	at org.springframework.boot.SpringApplication.run(SpringApplication.java:1350)
	at backend.HotelBookingApplication.main(HotelBookingApplication.java:15)
Caused by: org.postgresql.util.PSQLException: ERROR: column "staff_id" cannot be cast automatically to type bigint
  Hint: You might need to specify "USING staff_id::bigint".
	at org.postgresql.core.v3.QueryExecutorImpl.receiveErrorResponse(QueryExecutorImpl.java:2733)
	at org.postgresql.core.v3.QueryExecutorImpl.processResults(QueryExecutorImpl.java:2420)
	at org.postgresql.core.v3.QueryExecutorImpl.execute(QueryExecutorImpl.java:372)
	at org.postgresql.jdbc.PgStatement.executeInternal(PgStatement.java:517)
	at org.postgresql.jdbc.PgStatement.execute(PgStatement.java:434)
	at org.postgresql.jdbc.PgStatement.executeWithFlags(PgStatement.java:356)
	at org.postgresql.jdbc.PgStatement.executeCachedSql(PgStatement.java:341)
	at org.postgresql.jdbc.PgStatement.executeWithFlags(PgStatement.java:317)
	at org.postgresql.jdbc.PgStatement.execute(PgStatement.java:312)
	at com.zaxxer.hikari.pool.ProxyStatement.execute(ProxyStatement.java:94)
	at com.zaxxer.hikari.pool.HikariProxyStatement.execute(HikariProxyStatement.java)
	at org.hibernate.tool.schema.internal.exec.GenerationTargetToDatabase.accept(GenerationTargetToDatabase.java:80)
	... 37 common frames omitted
2025-04-12 23:06:48 [main] WARN  o.h.t.s.i.ExceptionHandlerLoggedImpl - GenerationTarget encountered exception accepting command : Error executing DDL "alter table if exists staff_room_map add constraint FKyd20ehofj2axxe92vl67pqvx foreign key (staff_id) references staff" via JDBC [ERROR: foreign key constraint "fkyd20ehofj2axxe92vl67pqvx" cannot be implemented
  Detail: Key columns "staff_id" and "staff_id" are of incompatible types: character varying and bigint.]
org.hibernate.tool.schema.spi.CommandAcceptanceException: Error executing DDL "alter table if exists staff_room_map add constraint FKyd20ehofj2axxe92vl67pqvx foreign key (staff_id) references staff" via JDBC [ERROR: foreign key constraint "fkyd20ehofj2axxe92vl67pqvx" cannot be implemented
  Detail: Key columns "staff_id" and "staff_id" are of incompatible types: character varying and bigint.]
	at org.hibernate.tool.schema.internal.exec.GenerationTargetToDatabase.accept(GenerationTargetToDatabase.java:94)
	at org.hibernate.tool.schema.internal.AbstractSchemaMigrator.applySqlString(AbstractSchemaMigrator.java:576)
	at org.hibernate.tool.schema.internal.AbstractSchemaMigrator.applySqlStrings(AbstractSchemaMigrator.java:516)
	at org.hibernate.tool.schema.internal.AbstractSchemaMigrator.applyForeignKeys(AbstractSchemaMigrator.java:448)
	at org.hibernate.tool.schema.internal.AbstractSchemaMigrator.performMigration(AbstractSchemaMigrator.java:269)
	at org.hibernate.tool.schema.internal.AbstractSchemaMigrator.doMigration(AbstractSchemaMigrator.java:112)
	at org.hibernate.tool.schema.spi.SchemaManagementToolCoordinator.performDatabaseAction(SchemaManagementToolCoordinator.java:280)
	at org.hibernate.tool.schema.spi.SchemaManagementToolCoordinator.lambda$process$5(SchemaManagementToolCoordinator.java:144)
	at java.base/java.util.HashMap.forEach(HashMap.java:1421)
	at org.hibernate.tool.schema.spi.SchemaManagementToolCoordinator.process(SchemaManagementToolCoordinator.java:141)
	at org.hibernate.boot.internal.SessionFactoryObserverForSchemaExport.sessionFactoryCreated(SessionFactoryObserverForSchemaExport.java:37)
	at org.hibernate.internal.SessionFactoryObserverChain.sessionFactoryCreated(SessionFactoryObserverChain.java:35)
	at org.hibernate.internal.SessionFactoryImpl.<init>(SessionFactoryImpl.java:324)
	at org.hibernate.boot.internal.SessionFactoryBuilderImpl.build(SessionFactoryBuilderImpl.java:463)
	at org.hibernate.jpa.boot.internal.EntityManagerFactoryBuilderImpl.build(EntityManagerFactoryBuilderImpl.java:1517)
	at org.springframework.orm.jpa.vendor.SpringHibernateJpaPersistenceProvider.createContainerEntityManagerFactory(SpringHibernateJpaPersistenceProvider.java:66)
	at org.springframework.orm.jpa.LocalContainerEntityManagerFactoryBean.createNativeEntityManagerFactory(LocalContainerEntityManagerFactoryBean.java:390)
	at org.springframework.orm.jpa.AbstractEntityManagerFactoryBean.buildNativeEntityManagerFactory(AbstractEntityManagerFactoryBean.java:419)
	at org.springframework.orm.jpa.AbstractEntityManagerFactoryBean.afterPropertiesSet(AbstractEntityManagerFactoryBean.java:400)
	at org.springframework.orm.jpa.LocalContainerEntityManagerFactoryBean.afterPropertiesSet(LocalContainerEntityManagerFactoryBean.java:366)
	at org.springframework.beans.factory.support.AbstractAutowireCapableBeanFactory.invokeInitMethods(AbstractAutowireCapableBeanFactory.java:1859)
	at org.springframework.beans.factory.support.AbstractAutowireCapableBeanFactory.initializeBean(AbstractAutowireCapableBeanFactory.java:1808)
	at org.springframework.beans.factory.support.AbstractAutowireCapableBeanFactory.doCreateBean(AbstractAutowireCapableBeanFactory.java:601)
	at org.springframework.beans.factory.support.AbstractAutowireCapableBeanFactory.createBean(AbstractAutowireCapableBeanFactory.java:523)
	at org.springframework.beans.factory.support.AbstractBeanFactory.lambda$doGetBean$0(AbstractBeanFactory.java:339)
	at org.springframework.beans.factory.support.DefaultSingletonBeanRegistry.getSingleton(DefaultSingletonBeanRegistry.java:346)
	at org.springframework.beans.factory.support.AbstractBeanFactory.doGetBean(AbstractBeanFactory.java:337)
	at org.springframework.beans.factory.support.AbstractBeanFactory.getBean(AbstractBeanFactory.java:207)
	at org.springframework.context.support.AbstractApplicationContext.finishBeanFactoryInitialization(AbstractApplicationContext.java:970)
	at org.springframework.context.support.AbstractApplicationContext.refresh(AbstractApplicationContext.java:627)
	at org.springframework.boot.web.servlet.context.ServletWebServerApplicationContext.refresh(ServletWebServerApplicationContext.java:146)
	at org.springframework.boot.SpringApplication.refresh(SpringApplication.java:752)
	at org.springframework.boot.SpringApplication.refreshContext(SpringApplication.java:439)
	at org.springframework.boot.SpringApplication.run(SpringApplication.java:318)
	at org.springframework.boot.SpringApplication.run(SpringApplication.java:1361)
	at org.springframework.boot.SpringApplication.run(SpringApplication.java:1350)
	at backend.HotelBookingApplication.main(HotelBookingApplication.java:15)
Caused by: org.postgresql.util.PSQLException: ERROR: foreign key constraint "fkyd20ehofj2axxe92vl67pqvx" cannot be implemented
  Detail: Key columns "staff_id" and "staff_id" are of incompatible types: character varying and bigint.
	at org.postgresql.core.v3.QueryExecutorImpl.receiveErrorResponse(QueryExecutorImpl.java:2733)
	at org.postgresql.core.v3.QueryExecutorImpl.processResults(QueryExecutorImpl.java:2420)
	at org.postgresql.core.v3.QueryExecutorImpl.execute(QueryExecutorImpl.java:372)
	at org.postgresql.jdbc.PgStatement.executeInternal(PgStatement.java:517)
	at org.postgresql.jdbc.PgStatement.execute(PgStatement.java:434)
	at org.postgresql.jdbc.PgStatement.executeWithFlags(PgStatement.java:356)
	at org.postgresql.jdbc.PgStatement.executeCachedSql(PgStatement.java:341)
	at org.postgresql.jdbc.PgStatement.executeWithFlags(PgStatement.java:317)
	at org.postgresql.jdbc.PgStatement.execute(PgStatement.java:312)
	at com.zaxxer.hikari.pool.ProxyStatement.execute(ProxyStatement.java:94)
	at com.zaxxer.hikari.pool.HikariProxyStatement.execute(HikariProxyStatement.java)
	at org.hibernate.tool.schema.internal.exec.GenerationTargetToDatabase.accept(GenerationTargetToDatabase.java:80)
	... 36 common frames omitted
2025-04-12 23:06:48 [main] INFO  o.s.o.j.LocalContainerEntityManagerFactoryBean - Initialized JPA EntityManagerFactory for persistence unit 'default'
2025-04-12 23:06:48 [main] INFO  backend.config.CorsConfig - CORS Configuration Loaded!
2025-04-12 23:06:48 [main] DEBUG o.s.c.e.PropertySourcesPropertyResolver - Found key 'spring.security.oauth2.resourceserver.jwt.issuer-uri' in PropertySource 'environmentProperties' with value of type String
2025-04-12 23:06:48 [main] INFO  o.s.d.j.r.query.QueryEnhancerFactory - Hibernate is in classpath; If applicable, HQL parser will be used.
2025-04-12 23:06:48 [main] DEBUG o.s.c.e.PropertySourcesPropertyResolver - Found key 'graphql.endpoint' in PropertySource 'environmentProperties' with value of type String
2025-04-12 23:06:48 [main] DEBUG o.s.c.e.PropertySourcesPropertyResolver - Found key 'graphql.api-key' in PropertySource 'environmentProperties' with value of type String
2025-04-12 23:06:49 [main] DEBUG o.s.c.e.PropertySourcesPropertyResolver - Found key 'graphql.api.key' in PropertySource 'environmentProperties' with value of type String
2025-04-12 23:06:49 [main] DEBUG o.s.c.e.PropertySourcesPropertyResolver - Found key 'graphql.url' in PropertySource 'environmentProperties' with value of type String
2025-04-12 23:06:49 [main] DEBUG o.s.c.e.PropertySourcesPropertyResolver - Found key 'spring.mail.username' in PropertySource 'environmentProperties' with value of type String
2025-04-12 23:06:49 [main] DEBUG o.s.c.e.PropertySourcesPropertyResolver - Found key 'otp.expiry.minutes' in PropertySource 'environmentProperties' with value of type String
2025-04-12 23:06:49 [main] DEBUG o.s.c.e.PropertySourcesPropertyResolver - Found key 'otp.max.attempts' in PropertySource 'environmentProperties' with value of type String
2025-04-12 23:06:49 [main] DEBUG o.s.c.e.PropertySourcesPropertyResolver - Found key 'graphql.endpoint' in PropertySource 'environmentProperties' with value of type String
2025-04-12 23:06:49 [main] DEBUG o.s.c.e.PropertySourcesPropertyResolver - Found key 'graphql.api-key' in PropertySource 'environmentProperties' with value of type String
2025-04-12 23:06:49 [main] DEBUG o.s.c.e.PropertySourcesPropertyResolver - Found key 'graphql.api.key' in PropertySource 'environmentProperties' with value of type String
2025-04-12 23:06:49 [main] DEBUG o.s.c.e.PropertySourcesPropertyResolver - Found key 'graphql.url' in PropertySource 'environmentProperties' with value of type String
2025-04-12 23:06:49 [main] DEBUG o.s.c.e.PropertySourcesPropertyResolver - Found key 'graphql.endpoint' in PropertySource 'environmentProperties' with value of type String
2025-04-12 23:06:49 [main] DEBUG o.s.c.e.PropertySourcesPropertyResolver - Found key 'graphql.api-key' in PropertySource 'environmentProperties' with value of type String
2025-04-12 23:06:49 [main] DEBUG o.s.c.e.PropertySourcesPropertyResolver - Found key 'graphql.endpoint' in PropertySource 'environmentProperties' with value of type String
2025-04-12 23:06:49 [main] DEBUG o.s.c.e.PropertySourcesPropertyResolver - Found key 'graphql.apiKey' in PropertySource 'environmentProperties' with value of type String
2025-04-12 23:06:49 [main] DEBUG o.s.c.e.PropertySourcesPropertyResolver - Found key 'graphql.endpoint' in PropertySource 'environmentProperties' with value of type String
2025-04-12 23:06:49 [main] DEBUG o.s.c.e.PropertySourcesPropertyResolver - Found key 'graphql.apiKey' in PropertySource 'environmentProperties' with value of type String
2025-04-12 23:06:49 [main] DEBUG o.s.c.e.PropertySourcesPropertyResolver - Found key 'api.base.url' in PropertySource 'environmentProperties' with value of type String
2025-04-12 23:06:49 [main] WARN  o.s.b.a.o.j.JpaBaseConfiguration$JpaWebConfiguration - spring.jpa.open-in-view is enabled by default. Therefore, database queries may be performed during view rendering. Explicitly configure spring.jpa.open-in-view to disable this warning
2025-04-12 23:06:49 [main] INFO  backend.config.CorsConfig - Applying CORS settings...
2025-04-12 23:06:50 [main] DEBUG o.s.s.c.a.a.c.AuthenticationConfiguration$DefaultPasswordEncoderAuthenticationManagerBuilder - No authenticationProviders and no parentAuthenticationManager defined. Returning null.
2025-04-12 23:06:50 [main] INFO  o.s.b.a.e.web.EndpointLinksResolver - Exposing 2 endpoints beneath base path '/actuator'
2025-04-12 23:06:50 [main] INFO  backend.config.SecurityConfig - Configuring security filter chain...
2025-04-12 23:06:50 [main] INFO  backend.config.SecurityConfig - Using issuer URI: https://cognito-idp.ap-south-1.amazonaws.com/ap-south-1_IGHZ9OObg
2025-04-12 23:06:50 [main] INFO  backend.config.SecurityConfig - Configuring authorization rules...
2025-04-12 23:06:50 [main] INFO  backend.config.SecurityConfig - Configuring OAuth2 resource server...
2025-04-12 23:06:50 [main] INFO  backend.config.SecurityConfig - Configuring JWT...
2025-04-12 23:06:50 [main] INFO  backend.config.SecurityConfig - Creating JWT decoder with issuer URI: https://cognito-idp.ap-south-1.amazonaws.com/ap-south-1_IGHZ9OObg
2025-04-12 23:06:50 [main] INFO  backend.config.SecurityConfig - Configuring session management...
2025-04-12 23:06:50 [main] DEBUG o.s.s.web.DefaultSecurityFilterChain - Will secure any request with filters: DisableEncodeUrlFilter, WebAsyncManagerIntegrationFilter, SecurityContextHolderFilter, HeaderWriterFilter, LogoutFilter, BearerTokenAuthenticationFilter, RequestCacheAwareFilter, SecurityContextHolderAwareRequestFilter, AnonymousAuthenticationFilter, SessionManagementFilter, ExceptionTranslationFilter, AuthorizationFilter
2025-04-12 23:06:50 [main] INFO  o.a.coyote.http11.Http11NioProtocol - Starting ProtocolHandler ["http-nio-8081"]
2025-04-12 23:06:50 [main] INFO  o.s.b.w.e.tomcat.TomcatWebServer - Tomcat started on port 8081 (http) with context path '/'
2025-04-12 23:06:50 [main] INFO  backend.HotelBookingApplication - Started HotelBookingApplication in 8.908 seconds (process running for 9.371)
2025-04-12 23:06:59 [http-nio-8081-exec-1] INFO  o.a.c.c.C.[Tomcat].[localhost].[/] - Initializing Spring DispatcherServlet 'dispatcherServlet'
2025-04-12 23:06:59 [http-nio-8081-exec-1] INFO  o.s.web.servlet.DispatcherServlet - Initializing Servlet 'dispatcherServlet'
2025-04-12 23:06:59 [http-nio-8081-exec-1] INFO  o.s.web.servlet.DispatcherServlet - Completed initialization in 7 ms
2025-04-12 23:06:59 [http-nio-8081-exec-1] DEBUG o.s.security.web.FilterChainProxy - Securing POST /api/house-cleaning/generate?date=2025-05-01
2025-04-12 23:06:59 [http-nio-8081-exec-1] DEBUG o.s.s.w.a.AnonymousAuthenticationFilter - Set SecurityContextHolder to anonymous SecurityContext
2025-04-12 23:06:59 [http-nio-8081-exec-1] DEBUG o.s.security.web.FilterChainProxy - Secured POST /api/house-cleaning/generate?date=2025-05-01
2025-04-12 23:06:59 [http-nio-8081-exec-1] INFO  b.s.impl.HouseCleaningServiceImpl - Generating cleaning schedules for date: 2025-05-01
2025-04-12 23:07:00 [http-nio-8081-exec-1] INFO  b.s.impl.HouseCleaningServiceImpl - Found 10 check-in bookings, 0 check-out bookings, and 10 current bookings for date 2025-05-01
2025-04-12 23:07:00 [http-nio-8081-exec-1] INFO  b.s.impl.BookedRoomsServiceImpl - Checking check-in rooms for date: 2025-05-01
2025-04-12 23:07:00 [http-nio-8081-exec-1] INFO  b.s.impl.BookedRoomsServiceImpl - Found 10 transactions with check-in date 2025-05-01
2025-04-12 23:07:00 [http-nio-8081-exec-1] INFO  b.s.impl.BookedRoomsServiceImpl - Booking IDs for check-in: [13, 12, 15, 14, 53, 55, 59, 60, 155, 318]
2025-04-12 23:07:06 [http-nio-8081-exec-1] INFO  b.s.impl.BookedRoomsServiceImpl - Room IDs for bookings [13, 12, 15, 14, 53, 55, 59, 60, 155, 318]: [421, 422, 433, 434, 439, 451, 452, 457, 464, 469, 470]
2025-04-12 23:07:06 [http-nio-8081-exec-1] INFO  b.s.impl.BookedRoomsServiceImpl - Checking check-out rooms for date: 2025-05-01
2025-04-12 23:07:06 [http-nio-8081-exec-1] INFO  b.s.impl.BookedRoomsServiceImpl - Found 0 transactions with check-out date 2025-05-01
2025-04-12 23:07:06 [http-nio-8081-exec-1] INFO  b.s.impl.BookedRoomsServiceImpl - Booking IDs for check-out: []
2025-04-12 23:07:06 [http-nio-8081-exec-1] INFO  b.s.impl.BookedRoomsServiceImpl - No booking IDs found, returning empty list
2025-04-12 23:07:06 [http-nio-8081-exec-1] INFO  b.s.impl.BookedRoomsServiceImpl - Checking currently booked rooms for date: 2025-05-01T00:00:00Z
2025-04-12 23:07:06 [http-nio-8081-exec-1] INFO  b.s.impl.BookedRoomsServiceImpl - Currently booked room IDs: [421, 422, 433, 434, 439, 451, 452, 457, 464, 469, 470]
2025-04-12 23:07:06 [http-nio-8081-exec-1] INFO  b.s.impl.HouseCleaningServiceImpl - Found 11 check-in rooms, 0 check-out rooms, and 11 current rooms for date 2025-05-01
2025-04-12 23:07:06 [http-nio-8081-exec-1] WARN  b.s.impl.HouseCleaningServiceImpl - Could not extract room ID from booking details for booking ID 13
2025-04-12 23:07:06 [http-nio-8081-exec-1] WARN  b.s.impl.HouseCleaningServiceImpl - Could not extract room ID from booking details for booking ID 12
2025-04-12 23:07:06 [http-nio-8081-exec-1] WARN  b.s.impl.HouseCleaningServiceImpl - Could not extract room ID from booking details for booking ID 15
2025-04-12 23:07:06 [http-nio-8081-exec-1] WARN  b.s.impl.HouseCleaningServiceImpl - Could not extract room ID from booking details for booking ID 14
2025-04-12 23:07:06 [http-nio-8081-exec-1] WARN  b.s.impl.HouseCleaningServiceImpl - Could not extract room ID from booking details for booking ID 53
2025-04-12 23:07:06 [http-nio-8081-exec-1] WARN  b.s.impl.HouseCleaningServiceImpl - Could not extract room ID from booking details for booking ID 55
2025-04-12 23:07:06 [http-nio-8081-exec-1] WARN  b.s.impl.HouseCleaningServiceImpl - Could not extract room ID from booking details for booking ID 59
2025-04-12 23:07:06 [http-nio-8081-exec-1] WARN  b.s.impl.HouseCleaningServiceImpl - Could not extract room ID from booking details for booking ID 60
2025-04-12 23:07:06 [http-nio-8081-exec-1] WARN  b.s.impl.HouseCleaningServiceImpl - Could not extract room ID from booking details for booking ID 155
2025-04-12 23:07:06 [http-nio-8081-exec-1] WARN  b.s.impl.HouseCleaningServiceImpl - Could not extract room ID from booking details for booking ID 318
2025-04-12 23:07:06 [http-nio-8081-exec-1] WARN  b.s.impl.HouseCleaningServiceImpl - Could not extract room ID from booking details for booking ID 13
2025-04-12 23:07:06 [http-nio-8081-exec-1] WARN  b.s.impl.HouseCleaningServiceImpl - Could not extract room ID from booking details for booking ID 12
2025-04-12 23:07:06 [http-nio-8081-exec-1] WARN  b.s.impl.HouseCleaningServiceImpl - Could not extract room ID from booking details for booking ID 15
2025-04-12 23:07:06 [http-nio-8081-exec-1] WARN  b.s.impl.HouseCleaningServiceImpl - Could not extract room ID from booking details for booking ID 14
2025-04-12 23:07:06 [http-nio-8081-exec-1] WARN  b.s.impl.HouseCleaningServiceImpl - Could not extract room ID from booking details for booking ID 53
2025-04-12 23:07:06 [http-nio-8081-exec-1] WARN  b.s.impl.HouseCleaningServiceImpl - Could not extract room ID from booking details for booking ID 55
2025-04-12 23:07:06 [http-nio-8081-exec-1] WARN  b.s.impl.HouseCleaningServiceImpl - Could not extract room ID from booking details for booking ID 59
2025-04-12 23:07:06 [http-nio-8081-exec-1] WARN  b.s.impl.HouseCleaningServiceImpl - Could not extract room ID from booking details for booking ID 60
2025-04-12 23:07:06 [http-nio-8081-exec-1] WARN  b.s.impl.HouseCleaningServiceImpl - Could not extract room ID from booking details for booking ID 155
2025-04-12 23:07:06 [http-nio-8081-exec-1] WARN  b.s.impl.HouseCleaningServiceImpl - Could not extract room ID from booking details for booking ID 318
2025-04-12 23:07:06 [http-nio-8081-exec-1] INFO  b.s.impl.HouseCleaningServiceImpl - Room to booking map: {}
2025-04-12 23:07:06 [http-nio-8081-exec-1] WARN  b.s.impl.HouseCleaningServiceImpl - No booking ID found for room ID 421
2025-04-12 23:07:06 [http-nio-8081-exec-1] WARN  b.s.impl.HouseCleaningServiceImpl - No booking ID found for room ID 422
2025-04-12 23:07:06 [http-nio-8081-exec-1] WARN  b.s.impl.HouseCleaningServiceImpl - No booking ID found for room ID 433
2025-04-12 23:07:06 [http-nio-8081-exec-1] WARN  b.s.impl.HouseCleaningServiceImpl - No booking ID found for room ID 434
2025-04-12 23:07:06 [http-nio-8081-exec-1] WARN  b.s.impl.HouseCleaningServiceImpl - No booking ID found for room ID 439
2025-04-12 23:07:06 [http-nio-8081-exec-1] WARN  b.s.impl.HouseCleaningServiceImpl - No booking ID found for room ID 451
2025-04-12 23:07:06 [http-nio-8081-exec-1] WARN  b.s.impl.HouseCleaningServiceImpl - No booking ID found for room ID 452
2025-04-12 23:07:06 [http-nio-8081-exec-1] WARN  b.s.impl.HouseCleaningServiceImpl - No booking ID found for room ID 457
2025-04-12 23:07:06 [http-nio-8081-exec-1] WARN  b.s.impl.HouseCleaningServiceImpl - No booking ID found for room ID 464
2025-04-12 23:07:06 [http-nio-8081-exec-1] WARN  b.s.impl.HouseCleaningServiceImpl - No booking ID found for room ID 469
2025-04-12 23:07:06 [http-nio-8081-exec-1] WARN  b.s.impl.HouseCleaningServiceImpl - No booking ID found for room ID 470
2025-04-12 23:08:15 [http-nio-8081-exec-3] DEBUG o.s.security.web.FilterChainProxy - Securing POST /api/house-cleaning/assign-staff?date=2025-05-01&shift=MORNING_SHIFT
2025-04-12 23:08:15 [http-nio-8081-exec-3] DEBUG o.s.s.w.a.AnonymousAuthenticationFilter - Set SecurityContextHolder to anonymous SecurityContext
2025-04-12 23:08:15 [http-nio-8081-exec-3] DEBUG o.s.security.web.FilterChainProxy - Secured POST /api/house-cleaning/assign-staff?date=2025-05-01&shift=MORNING_SHIFT
2025-04-12 23:08:15 [http-nio-8081-exec-3] INFO  b.s.impl.HouseCleaningServiceImpl - Assigning staff to schedules for date: 2025-05-01 and shift: MORNING_SHIFT
2025-04-12 23:10:14 [http-nio-8081-exec-5] DEBUG o.s.security.web.FilterChainProxy - Securing POST /api/house-cleaning/assign-staff?date=2025-05-01&shift=AFTERNOON_SHIFT
2025-04-12 23:10:14 [http-nio-8081-exec-5] DEBUG o.s.s.w.a.AnonymousAuthenticationFilter - Set SecurityContextHolder to anonymous SecurityContext
2025-04-12 23:10:14 [http-nio-8081-exec-5] DEBUG o.s.security.web.FilterChainProxy - Secured POST /api/house-cleaning/assign-staff?date=2025-05-01&shift=AFTERNOON_SHIFT
2025-04-12 23:10:14 [http-nio-8081-exec-5] INFO  b.s.impl.HouseCleaningServiceImpl - Assigning staff to schedules for date: 2025-05-01 and shift: AFTERNOON_SHIFT
2025-04-12 23:10:14 [http-nio-8081-exec-5] INFO  b.s.impl.HouseCleaningServiceImpl - No pending schedules found for date: 2025-05-01 and shift: AFTERNOON_SHIFT
2025-04-12 23:10:20 [http-nio-8081-exec-7] DEBUG o.s.security.web.FilterChainProxy - Securing POST /api/house-cleaning/assign-staff?date=2025-05-01&shift=EVENING_SHIFT
2025-04-12 23:10:20 [http-nio-8081-exec-7] DEBUG o.s.s.w.a.AnonymousAuthenticationFilter - Set SecurityContextHolder to anonymous SecurityContext
2025-04-12 23:10:20 [http-nio-8081-exec-7] DEBUG o.s.security.web.FilterChainProxy - Secured POST /api/house-cleaning/assign-staff?date=2025-05-01&shift=EVENING_SHIFT
2025-04-12 23:10:20 [http-nio-8081-exec-7] INFO  b.s.impl.HouseCleaningServiceImpl - Assigning staff to schedules for date: 2025-05-01 and shift: EVENING_SHIFT
2025-04-12 23:10:20 [http-nio-8081-exec-7] INFO  b.s.impl.HouseCleaningServiceImpl - No pending schedules found for date: 2025-05-01 and shift: EVENING_SHIFT
2025-04-12 23:13:42 [SpringApplicationShutdownHook] INFO  o.s.b.w.e.tomcat.GracefulShutdown - Commencing graceful shutdown. Waiting for active requests to complete
2025-04-12 23:13:42 [tomcat-shutdown] INFO  o.s.b.w.e.tomcat.GracefulShutdown - Graceful shutdown complete
2025-04-12 23:13:42 [SpringApplicationShutdownHook] INFO  o.s.o.j.LocalContainerEntityManagerFactoryBean - Closing JPA EntityManagerFactory for persistence unit 'default'
2025-04-12 23:13:42 [SpringApplicationShutdownHook] INFO  com.zaxxer.hikari.HikariDataSource - HikariPool-1 - Shutdown initiated...
2025-04-12 23:13:42 [SpringApplicationShutdownHook] INFO  com.zaxxer.hikari.HikariDataSource - HikariPool-1 - Shutdown completed.
2025-04-12 23:13:47 [main] INFO  backend.HotelBookingApplication - Starting HotelBookingApplication using Java 17.0.13 with PID 90812 (/Users/sukuna/Documents/coding/IBE/IBE-BE/KDU/target/classes started by sukuna in /Users/sukuna/Documents/coding/IBE/IBE-BE/KDU)
2025-04-12 23:13:47 [main] INFO  backend.HotelBookingApplication - The following 1 profile is active: "dev"
2025-04-12 23:13:48 [main] INFO  o.s.d.r.c.RepositoryConfigurationDelegate - Bootstrapping Spring Data JPA repositories in DEFAULT mode.
2025-04-12 23:13:48 [main] INFO  o.s.d.r.c.RepositoryConfigurationDelegate - Finished Spring Data repository scanning in 116 ms. Found 15 JPA repository interfaces.
2025-04-12 23:13:49 [main] INFO  o.s.b.w.e.tomcat.TomcatWebServer - Tomcat initialized with port 8081 (http)
2025-04-12 23:13:49 [main] INFO  o.a.coyote.http11.Http11NioProtocol - Initializing ProtocolHandler ["http-nio-8081"]
2025-04-12 23:13:49 [main] INFO  o.a.catalina.core.StandardService - Starting service [Tomcat]
2025-04-12 23:13:49 [main] INFO  o.a.catalina.core.StandardEngine - Starting Servlet engine: [Apache Tomcat/10.1.36]
2025-04-12 23:13:49 [main] INFO  o.a.c.c.C.[Tomcat].[localhost].[/] - Initializing Spring embedded WebApplicationContext
2025-04-12 23:13:49 [main] INFO  o.s.b.w.s.c.ServletWebServerApplicationContext - Root WebApplicationContext: initialization completed in 2009 ms
2025-04-12 23:13:49 [main] INFO  com.zaxxer.hikari.HikariDataSource - HikariPool-1 - Starting...
2025-04-12 23:13:50 [main] INFO  com.zaxxer.hikari.pool.HikariPool - HikariPool-1 - Added connection org.postgresql.jdbc.PgConnection@5e7e7a7e
2025-04-12 23:13:50 [main] INFO  com.zaxxer.hikari.HikariDataSource - HikariPool-1 - Start completed.
2025-04-12 23:13:50 [main] INFO  o.s.o.j.p.SpringPersistenceUnitInfo - No LoadTimeWeaver setup: ignoring JPA class transformer
2025-04-12 23:13:50 [main] WARN  org.hibernate.orm.deprecation - HHH90000025: PostgreSQLDialect does not need to be specified explicitly using 'hibernate.dialect' (remove the property setting and it will be selected by default)
2025-04-12 23:13:51 [main] WARN  o.h.t.s.i.ExceptionHandlerLoggedImpl - GenerationTarget encountered exception accepting command : Error executing DDL "alter table if exists room_cleaning_schedule alter column staff_id set data type bigint" via JDBC [ERROR: column "staff_id" cannot be cast automatically to type bigint
  Hint: You might need to specify "USING staff_id::bigint".]
org.hibernate.tool.schema.spi.CommandAcceptanceException: Error executing DDL "alter table if exists room_cleaning_schedule alter column staff_id set data type bigint" via JDBC [ERROR: column "staff_id" cannot be cast automatically to type bigint
  Hint: You might need to specify "USING staff_id::bigint".]
	at org.hibernate.tool.schema.internal.exec.GenerationTargetToDatabase.accept(GenerationTargetToDatabase.java:94)
	at org.hibernate.tool.schema.internal.AbstractSchemaMigrator.applySqlString(AbstractSchemaMigrator.java:576)
	at org.hibernate.tool.schema.internal.AbstractSchemaMigrator.applySqlStrings(AbstractSchemaMigrator.java:516)
	at org.hibernate.tool.schema.internal.AbstractSchemaMigrator.migrateTable(AbstractSchemaMigrator.java:334)
	at org.hibernate.tool.schema.internal.GroupedSchemaMigratorImpl.performTablesMigration(GroupedSchemaMigratorImpl.java:84)
	at org.hibernate.tool.schema.internal.AbstractSchemaMigrator.performMigration(AbstractSchemaMigrator.java:233)
	at org.hibernate.tool.schema.internal.AbstractSchemaMigrator.doMigration(AbstractSchemaMigrator.java:112)
	at org.hibernate.tool.schema.spi.SchemaManagementToolCoordinator.performDatabaseAction(SchemaManagementToolCoordinator.java:280)
	at org.hibernate.tool.schema.spi.SchemaManagementToolCoordinator.lambda$process$5(SchemaManagementToolCoordinator.java:144)
	at java.base/java.util.HashMap.forEach(HashMap.java:1421)
	at org.hibernate.tool.schema.spi.SchemaManagementToolCoordinator.process(SchemaManagementToolCoordinator.java:141)
	at org.hibernate.boot.internal.SessionFactoryObserverForSchemaExport.sessionFactoryCreated(SessionFactoryObserverForSchemaExport.java:37)
	at org.hibernate.internal.SessionFactoryObserverChain.sessionFactoryCreated(SessionFactoryObserverChain.java:35)
	at org.hibernate.internal.SessionFactoryImpl.<init>(SessionFactoryImpl.java:324)
	at org.hibernate.boot.internal.SessionFactoryBuilderImpl.build(SessionFactoryBuilderImpl.java:463)
	at org.hibernate.jpa.boot.internal.EntityManagerFactoryBuilderImpl.build(EntityManagerFactoryBuilderImpl.java:1517)
	at org.springframework.orm.jpa.vendor.SpringHibernateJpaPersistenceProvider.createContainerEntityManagerFactory(SpringHibernateJpaPersistenceProvider.java:66)
	at org.springframework.orm.jpa.LocalContainerEntityManagerFactoryBean.createNativeEntityManagerFactory(LocalContainerEntityManagerFactoryBean.java:390)
	at org.springframework.orm.jpa.AbstractEntityManagerFactoryBean.buildNativeEntityManagerFactory(AbstractEntityManagerFactoryBean.java:419)
	at org.springframework.orm.jpa.AbstractEntityManagerFactoryBean.afterPropertiesSet(AbstractEntityManagerFactoryBean.java:400)
	at org.springframework.orm.jpa.LocalContainerEntityManagerFactoryBean.afterPropertiesSet(LocalContainerEntityManagerFactoryBean.java:366)
	at org.springframework.beans.factory.support.AbstractAutowireCapableBeanFactory.invokeInitMethods(AbstractAutowireCapableBeanFactory.java:1859)
	at org.springframework.beans.factory.support.AbstractAutowireCapableBeanFactory.initializeBean(AbstractAutowireCapableBeanFactory.java:1808)
	at org.springframework.beans.factory.support.AbstractAutowireCapableBeanFactory.doCreateBean(AbstractAutowireCapableBeanFactory.java:601)
	at org.springframework.beans.factory.support.AbstractAutowireCapableBeanFactory.createBean(AbstractAutowireCapableBeanFactory.java:523)
	at org.springframework.beans.factory.support.AbstractBeanFactory.lambda$doGetBean$0(AbstractBeanFactory.java:339)
	at org.springframework.beans.factory.support.DefaultSingletonBeanRegistry.getSingleton(DefaultSingletonBeanRegistry.java:346)
	at org.springframework.beans.factory.support.AbstractBeanFactory.doGetBean(AbstractBeanFactory.java:337)
	at org.springframework.beans.factory.support.AbstractBeanFactory.getBean(AbstractBeanFactory.java:207)
	at org.springframework.context.support.AbstractApplicationContext.finishBeanFactoryInitialization(AbstractApplicationContext.java:970)
	at org.springframework.context.support.AbstractApplicationContext.refresh(AbstractApplicationContext.java:627)
	at org.springframework.boot.web.servlet.context.ServletWebServerApplicationContext.refresh(ServletWebServerApplicationContext.java:146)
	at org.springframework.boot.SpringApplication.refresh(SpringApplication.java:752)
	at org.springframework.boot.SpringApplication.refreshContext(SpringApplication.java:439)
	at org.springframework.boot.SpringApplication.run(SpringApplication.java:318)
	at org.springframework.boot.SpringApplication.run(SpringApplication.java:1361)
	at org.springframework.boot.SpringApplication.run(SpringApplication.java:1350)
	at backend.HotelBookingApplication.main(HotelBookingApplication.java:15)
Caused by: org.postgresql.util.PSQLException: ERROR: column "staff_id" cannot be cast automatically to type bigint
  Hint: You might need to specify "USING staff_id::bigint".
	at org.postgresql.core.v3.QueryExecutorImpl.receiveErrorResponse(QueryExecutorImpl.java:2733)
	at org.postgresql.core.v3.QueryExecutorImpl.processResults(QueryExecutorImpl.java:2420)
	at org.postgresql.core.v3.QueryExecutorImpl.execute(QueryExecutorImpl.java:372)
	at org.postgresql.jdbc.PgStatement.executeInternal(PgStatement.java:517)
	at org.postgresql.jdbc.PgStatement.execute(PgStatement.java:434)
	at org.postgresql.jdbc.PgStatement.executeWithFlags(PgStatement.java:356)
	at org.postgresql.jdbc.PgStatement.executeCachedSql(PgStatement.java:341)
	at org.postgresql.jdbc.PgStatement.executeWithFlags(PgStatement.java:317)
	at org.postgresql.jdbc.PgStatement.execute(PgStatement.java:312)
	at com.zaxxer.hikari.pool.ProxyStatement.execute(ProxyStatement.java:94)
	at com.zaxxer.hikari.pool.HikariProxyStatement.execute(HikariProxyStatement.java)
	at org.hibernate.tool.schema.internal.exec.GenerationTargetToDatabase.accept(GenerationTargetToDatabase.java:80)
	... 37 common frames omitted
2025-04-12 23:13:52 [main] WARN  o.h.t.s.i.ExceptionHandlerLoggedImpl - GenerationTarget encountered exception accepting command : Error executing DDL "alter table if exists staff_room_map alter column staff_id set data type bigint" via JDBC [ERROR: column "staff_id" cannot be cast automatically to type bigint
  Hint: You might need to specify "USING staff_id::bigint".]
org.hibernate.tool.schema.spi.CommandAcceptanceException: Error executing DDL "alter table if exists staff_room_map alter column staff_id set data type bigint" via JDBC [ERROR: column "staff_id" cannot be cast automatically to type bigint
  Hint: You might need to specify "USING staff_id::bigint".]
	at org.hibernate.tool.schema.internal.exec.GenerationTargetToDatabase.accept(GenerationTargetToDatabase.java:94)
	at org.hibernate.tool.schema.internal.AbstractSchemaMigrator.applySqlString(AbstractSchemaMigrator.java:576)
	at org.hibernate.tool.schema.internal.AbstractSchemaMigrator.applySqlStrings(AbstractSchemaMigrator.java:516)
	at org.hibernate.tool.schema.internal.AbstractSchemaMigrator.migrateTable(AbstractSchemaMigrator.java:334)
	at org.hibernate.tool.schema.internal.GroupedSchemaMigratorImpl.performTablesMigration(GroupedSchemaMigratorImpl.java:84)
	at org.hibernate.tool.schema.internal.AbstractSchemaMigrator.performMigration(AbstractSchemaMigrator.java:233)
	at org.hibernate.tool.schema.internal.AbstractSchemaMigrator.doMigration(AbstractSchemaMigrator.java:112)
	at org.hibernate.tool.schema.spi.SchemaManagementToolCoordinator.performDatabaseAction(SchemaManagementToolCoordinator.java:280)
	at org.hibernate.tool.schema.spi.SchemaManagementToolCoordinator.lambda$process$5(SchemaManagementToolCoordinator.java:144)
	at java.base/java.util.HashMap.forEach(HashMap.java:1421)
	at org.hibernate.tool.schema.spi.SchemaManagementToolCoordinator.process(SchemaManagementToolCoordinator.java:141)
	at org.hibernate.boot.internal.SessionFactoryObserverForSchemaExport.sessionFactoryCreated(SessionFactoryObserverForSchemaExport.java:37)
	at org.hibernate.internal.SessionFactoryObserverChain.sessionFactoryCreated(SessionFactoryObserverChain.java:35)
	at org.hibernate.internal.SessionFactoryImpl.<init>(SessionFactoryImpl.java:324)
	at org.hibernate.boot.internal.SessionFactoryBuilderImpl.build(SessionFactoryBuilderImpl.java:463)
	at org.hibernate.jpa.boot.internal.EntityManagerFactoryBuilderImpl.build(EntityManagerFactoryBuilderImpl.java:1517)
	at org.springframework.orm.jpa.vendor.SpringHibernateJpaPersistenceProvider.createContainerEntityManagerFactory(SpringHibernateJpaPersistenceProvider.java:66)
	at org.springframework.orm.jpa.LocalContainerEntityManagerFactoryBean.createNativeEntityManagerFactory(LocalContainerEntityManagerFactoryBean.java:390)
	at org.springframework.orm.jpa.AbstractEntityManagerFactoryBean.buildNativeEntityManagerFactory(AbstractEntityManagerFactoryBean.java:419)
	at org.springframework.orm.jpa.AbstractEntityManagerFactoryBean.afterPropertiesSet(AbstractEntityManagerFactoryBean.java:400)
	at org.springframework.orm.jpa.LocalContainerEntityManagerFactoryBean.afterPropertiesSet(LocalContainerEntityManagerFactoryBean.java:366)
	at org.springframework.beans.factory.support.AbstractAutowireCapableBeanFactory.invokeInitMethods(AbstractAutowireCapableBeanFactory.java:1859)
	at org.springframework.beans.factory.support.AbstractAutowireCapableBeanFactory.initializeBean(AbstractAutowireCapableBeanFactory.java:1808)
	at org.springframework.beans.factory.support.AbstractAutowireCapableBeanFactory.doCreateBean(AbstractAutowireCapableBeanFactory.java:601)
	at org.springframework.beans.factory.support.AbstractAutowireCapableBeanFactory.createBean(AbstractAutowireCapableBeanFactory.java:523)
	at org.springframework.beans.factory.support.AbstractBeanFactory.lambda$doGetBean$0(AbstractBeanFactory.java:339)
	at org.springframework.beans.factory.support.DefaultSingletonBeanRegistry.getSingleton(DefaultSingletonBeanRegistry.java:346)
	at org.springframework.beans.factory.support.AbstractBeanFactory.doGetBean(AbstractBeanFactory.java:337)
	at org.springframework.beans.factory.support.AbstractBeanFactory.getBean(AbstractBeanFactory.java:207)
	at org.springframework.context.support.AbstractApplicationContext.finishBeanFactoryInitialization(AbstractApplicationContext.java:970)
	at org.springframework.context.support.AbstractApplicationContext.refresh(AbstractApplicationContext.java:627)
	at org.springframework.boot.web.servlet.context.ServletWebServerApplicationContext.refresh(ServletWebServerApplicationContext.java:146)
	at org.springframework.boot.SpringApplication.refresh(SpringApplication.java:752)
	at org.springframework.boot.SpringApplication.refreshContext(SpringApplication.java:439)
	at org.springframework.boot.SpringApplication.run(SpringApplication.java:318)
	at org.springframework.boot.SpringApplication.run(SpringApplication.java:1361)
	at org.springframework.boot.SpringApplication.run(SpringApplication.java:1350)
	at backend.HotelBookingApplication.main(HotelBookingApplication.java:15)
Caused by: org.postgresql.util.PSQLException: ERROR: column "staff_id" cannot be cast automatically to type bigint
  Hint: You might need to specify "USING staff_id::bigint".
	at org.postgresql.core.v3.QueryExecutorImpl.receiveErrorResponse(QueryExecutorImpl.java:2733)
	at org.postgresql.core.v3.QueryExecutorImpl.processResults(QueryExecutorImpl.java:2420)
	at org.postgresql.core.v3.QueryExecutorImpl.execute(QueryExecutorImpl.java:372)
	at org.postgresql.jdbc.PgStatement.executeInternal(PgStatement.java:517)
	at org.postgresql.jdbc.PgStatement.execute(PgStatement.java:434)
	at org.postgresql.jdbc.PgStatement.executeWithFlags(PgStatement.java:356)
	at org.postgresql.jdbc.PgStatement.executeCachedSql(PgStatement.java:341)
	at org.postgresql.jdbc.PgStatement.executeWithFlags(PgStatement.java:317)
	at org.postgresql.jdbc.PgStatement.execute(PgStatement.java:312)
	at com.zaxxer.hikari.pool.ProxyStatement.execute(ProxyStatement.java:94)
	at com.zaxxer.hikari.pool.HikariProxyStatement.execute(HikariProxyStatement.java)
	at org.hibernate.tool.schema.internal.exec.GenerationTargetToDatabase.accept(GenerationTargetToDatabase.java:80)
	... 37 common frames omitted
2025-04-12 23:13:52 [main] WARN  o.h.t.s.i.ExceptionHandlerLoggedImpl - GenerationTarget encountered exception accepting command : Error executing DDL "alter table if exists staff_room_map add constraint FKyd20ehofj2axxe92vl67pqvx foreign key (staff_id) references staff" via JDBC [ERROR: foreign key constraint "fkyd20ehofj2axxe92vl67pqvx" cannot be implemented
  Detail: Key columns "staff_id" and "staff_id" are of incompatible types: character varying and bigint.]
org.hibernate.tool.schema.spi.CommandAcceptanceException: Error executing DDL "alter table if exists staff_room_map add constraint FKyd20ehofj2axxe92vl67pqvx foreign key (staff_id) references staff" via JDBC [ERROR: foreign key constraint "fkyd20ehofj2axxe92vl67pqvx" cannot be implemented
  Detail: Key columns "staff_id" and "staff_id" are of incompatible types: character varying and bigint.]
	at org.hibernate.tool.schema.internal.exec.GenerationTargetToDatabase.accept(GenerationTargetToDatabase.java:94)
	at org.hibernate.tool.schema.internal.AbstractSchemaMigrator.applySqlString(AbstractSchemaMigrator.java:576)
	at org.hibernate.tool.schema.internal.AbstractSchemaMigrator.applySqlStrings(AbstractSchemaMigrator.java:516)
	at org.hibernate.tool.schema.internal.AbstractSchemaMigrator.applyForeignKeys(AbstractSchemaMigrator.java:448)
	at org.hibernate.tool.schema.internal.AbstractSchemaMigrator.performMigration(AbstractSchemaMigrator.java:269)
	at org.hibernate.tool.schema.internal.AbstractSchemaMigrator.doMigration(AbstractSchemaMigrator.java:112)
	at org.hibernate.tool.schema.spi.SchemaManagementToolCoordinator.performDatabaseAction(SchemaManagementToolCoordinator.java:280)
	at org.hibernate.tool.schema.spi.SchemaManagementToolCoordinator.lambda$process$5(SchemaManagementToolCoordinator.java:144)
	at java.base/java.util.HashMap.forEach(HashMap.java:1421)
	at org.hibernate.tool.schema.spi.SchemaManagementToolCoordinator.process(SchemaManagementToolCoordinator.java:141)
	at org.hibernate.boot.internal.SessionFactoryObserverForSchemaExport.sessionFactoryCreated(SessionFactoryObserverForSchemaExport.java:37)
	at org.hibernate.internal.SessionFactoryObserverChain.sessionFactoryCreated(SessionFactoryObserverChain.java:35)
	at org.hibernate.internal.SessionFactoryImpl.<init>(SessionFactoryImpl.java:324)
	at org.hibernate.boot.internal.SessionFactoryBuilderImpl.build(SessionFactoryBuilderImpl.java:463)
	at org.hibernate.jpa.boot.internal.EntityManagerFactoryBuilderImpl.build(EntityManagerFactoryBuilderImpl.java:1517)
	at org.springframework.orm.jpa.vendor.SpringHibernateJpaPersistenceProvider.createContainerEntityManagerFactory(SpringHibernateJpaPersistenceProvider.java:66)
	at org.springframework.orm.jpa.LocalContainerEntityManagerFactoryBean.createNativeEntityManagerFactory(LocalContainerEntityManagerFactoryBean.java:390)
	at org.springframework.orm.jpa.AbstractEntityManagerFactoryBean.buildNativeEntityManagerFactory(AbstractEntityManagerFactoryBean.java:419)
	at org.springframework.orm.jpa.AbstractEntityManagerFactoryBean.afterPropertiesSet(AbstractEntityManagerFactoryBean.java:400)
	at org.springframework.orm.jpa.LocalContainerEntityManagerFactoryBean.afterPropertiesSet(LocalContainerEntityManagerFactoryBean.java:366)
	at org.springframework.beans.factory.support.AbstractAutowireCapableBeanFactory.invokeInitMethods(AbstractAutowireCapableBeanFactory.java:1859)
	at org.springframework.beans.factory.support.AbstractAutowireCapableBeanFactory.initializeBean(AbstractAutowireCapableBeanFactory.java:1808)
	at org.springframework.beans.factory.support.AbstractAutowireCapableBeanFactory.doCreateBean(AbstractAutowireCapableBeanFactory.java:601)
	at org.springframework.beans.factory.support.AbstractAutowireCapableBeanFactory.createBean(AbstractAutowireCapableBeanFactory.java:523)
	at org.springframework.beans.factory.support.AbstractBeanFactory.lambda$doGetBean$0(AbstractBeanFactory.java:339)
	at org.springframework.beans.factory.support.DefaultSingletonBeanRegistry.getSingleton(DefaultSingletonBeanRegistry.java:346)
	at org.springframework.beans.factory.support.AbstractBeanFactory.doGetBean(AbstractBeanFactory.java:337)
	at org.springframework.beans.factory.support.AbstractBeanFactory.getBean(AbstractBeanFactory.java:207)
	at org.springframework.context.support.AbstractApplicationContext.finishBeanFactoryInitialization(AbstractApplicationContext.java:970)
	at org.springframework.context.support.AbstractApplicationContext.refresh(AbstractApplicationContext.java:627)
	at org.springframework.boot.web.servlet.context.ServletWebServerApplicationContext.refresh(ServletWebServerApplicationContext.java:146)
	at org.springframework.boot.SpringApplication.refresh(SpringApplication.java:752)
	at org.springframework.boot.SpringApplication.refreshContext(SpringApplication.java:439)
	at org.springframework.boot.SpringApplication.run(SpringApplication.java:318)
	at org.springframework.boot.SpringApplication.run(SpringApplication.java:1361)
	at org.springframework.boot.SpringApplication.run(SpringApplication.java:1350)
	at backend.HotelBookingApplication.main(HotelBookingApplication.java:15)
Caused by: org.postgresql.util.PSQLException: ERROR: foreign key constraint "fkyd20ehofj2axxe92vl67pqvx" cannot be implemented
  Detail: Key columns "staff_id" and "staff_id" are of incompatible types: character varying and bigint.
	at org.postgresql.core.v3.QueryExecutorImpl.receiveErrorResponse(QueryExecutorImpl.java:2733)
	at org.postgresql.core.v3.QueryExecutorImpl.processResults(QueryExecutorImpl.java:2420)
	at org.postgresql.core.v3.QueryExecutorImpl.execute(QueryExecutorImpl.java:372)
	at org.postgresql.jdbc.PgStatement.executeInternal(PgStatement.java:517)
	at org.postgresql.jdbc.PgStatement.execute(PgStatement.java:434)
	at org.postgresql.jdbc.PgStatement.executeWithFlags(PgStatement.java:356)
	at org.postgresql.jdbc.PgStatement.executeCachedSql(PgStatement.java:341)
	at org.postgresql.jdbc.PgStatement.executeWithFlags(PgStatement.java:317)
	at org.postgresql.jdbc.PgStatement.execute(PgStatement.java:312)
	at com.zaxxer.hikari.pool.ProxyStatement.execute(ProxyStatement.java:94)
	at com.zaxxer.hikari.pool.HikariProxyStatement.execute(HikariProxyStatement.java)
	at org.hibernate.tool.schema.internal.exec.GenerationTargetToDatabase.accept(GenerationTargetToDatabase.java:80)
	... 36 common frames omitted
2025-04-12 23:13:52 [main] INFO  o.s.o.j.LocalContainerEntityManagerFactoryBean - Initialized JPA EntityManagerFactory for persistence unit 'default'
2025-04-12 23:13:52 [main] INFO  backend.config.CorsConfig - CORS Configuration Loaded!
2025-04-12 23:13:52 [main] DEBUG o.s.c.e.PropertySourcesPropertyResolver - Found key 'spring.security.oauth2.resourceserver.jwt.issuer-uri' in PropertySource 'environmentProperties' with value of type String
2025-04-12 23:13:52 [main] INFO  o.s.d.j.r.query.QueryEnhancerFactory - Hibernate is in classpath; If applicable, HQL parser will be used.
2025-04-12 23:13:52 [main] DEBUG o.s.c.e.PropertySourcesPropertyResolver - Found key 'graphql.endpoint' in PropertySource 'environmentProperties' with value of type String
2025-04-12 23:13:52 [main] DEBUG o.s.c.e.PropertySourcesPropertyResolver - Found key 'graphql.api-key' in PropertySource 'environmentProperties' with value of type String
2025-04-12 23:13:53 [main] DEBUG o.s.c.e.PropertySourcesPropertyResolver - Found key 'graphql.api.key' in PropertySource 'environmentProperties' with value of type String
2025-04-12 23:13:53 [main] DEBUG o.s.c.e.PropertySourcesPropertyResolver - Found key 'graphql.url' in PropertySource 'environmentProperties' with value of type String
2025-04-12 23:13:53 [main] DEBUG o.s.c.e.PropertySourcesPropertyResolver - Found key 'spring.mail.username' in PropertySource 'environmentProperties' with value of type String
2025-04-12 23:13:53 [main] DEBUG o.s.c.e.PropertySourcesPropertyResolver - Found key 'otp.expiry.minutes' in PropertySource 'environmentProperties' with value of type String
2025-04-12 23:13:53 [main] DEBUG o.s.c.e.PropertySourcesPropertyResolver - Found key 'otp.max.attempts' in PropertySource 'environmentProperties' with value of type String
2025-04-12 23:13:53 [main] DEBUG o.s.c.e.PropertySourcesPropertyResolver - Found key 'graphql.endpoint' in PropertySource 'environmentProperties' with value of type String
2025-04-12 23:13:53 [main] DEBUG o.s.c.e.PropertySourcesPropertyResolver - Found key 'graphql.api-key' in PropertySource 'environmentProperties' with value of type String
2025-04-12 23:13:53 [main] DEBUG o.s.c.e.PropertySourcesPropertyResolver - Found key 'graphql.api.key' in PropertySource 'environmentProperties' with value of type String
2025-04-12 23:13:53 [main] DEBUG o.s.c.e.PropertySourcesPropertyResolver - Found key 'graphql.url' in PropertySource 'environmentProperties' with value of type String
2025-04-12 23:13:53 [main] DEBUG o.s.c.e.PropertySourcesPropertyResolver - Found key 'graphql.endpoint' in PropertySource 'environmentProperties' with value of type String
2025-04-12 23:13:53 [main] DEBUG o.s.c.e.PropertySourcesPropertyResolver - Found key 'graphql.api-key' in PropertySource 'environmentProperties' with value of type String
2025-04-12 23:13:53 [main] DEBUG o.s.c.e.PropertySourcesPropertyResolver - Found key 'graphql.endpoint' in PropertySource 'environmentProperties' with value of type String
2025-04-12 23:13:53 [main] DEBUG o.s.c.e.PropertySourcesPropertyResolver - Found key 'graphql.apiKey' in PropertySource 'environmentProperties' with value of type String
2025-04-12 23:13:53 [main] DEBUG o.s.c.e.PropertySourcesPropertyResolver - Found key 'graphql.endpoint' in PropertySource 'environmentProperties' with value of type String
2025-04-12 23:13:53 [main] DEBUG o.s.c.e.PropertySourcesPropertyResolver - Found key 'graphql.apiKey' in PropertySource 'environmentProperties' with value of type String
2025-04-12 23:13:53 [main] DEBUG o.s.c.e.PropertySourcesPropertyResolver - Found key 'api.base.url' in PropertySource 'environmentProperties' with value of type String
2025-04-12 23:13:54 [main] WARN  o.s.b.a.o.j.JpaBaseConfiguration$JpaWebConfiguration - spring.jpa.open-in-view is enabled by default. Therefore, database queries may be performed during view rendering. Explicitly configure spring.jpa.open-in-view to disable this warning
2025-04-12 23:13:54 [main] INFO  backend.config.CorsConfig - Applying CORS settings...
2025-04-12 23:13:54 [main] DEBUG o.s.s.c.a.a.c.AuthenticationConfiguration$DefaultPasswordEncoderAuthenticationManagerBuilder - No authenticationProviders and no parentAuthenticationManager defined. Returning null.
2025-04-12 23:13:54 [main] INFO  o.s.b.a.e.web.EndpointLinksResolver - Exposing 2 endpoints beneath base path '/actuator'
2025-04-12 23:13:54 [main] INFO  backend.config.SecurityConfig - Configuring security filter chain...
2025-04-12 23:13:54 [main] INFO  backend.config.SecurityConfig - Using issuer URI: https://cognito-idp.ap-south-1.amazonaws.com/ap-south-1_IGHZ9OObg
2025-04-12 23:13:54 [main] INFO  backend.config.SecurityConfig - Configuring authorization rules...
2025-04-12 23:13:54 [main] INFO  backend.config.SecurityConfig - Configuring OAuth2 resource server...
2025-04-12 23:13:54 [main] INFO  backend.config.SecurityConfig - Configuring JWT...
2025-04-12 23:13:54 [main] INFO  backend.config.SecurityConfig - Creating JWT decoder with issuer URI: https://cognito-idp.ap-south-1.amazonaws.com/ap-south-1_IGHZ9OObg
2025-04-12 23:13:54 [main] INFO  backend.config.SecurityConfig - Configuring session management...
2025-04-12 23:13:54 [main] DEBUG o.s.s.web.DefaultSecurityFilterChain - Will secure any request with filters: DisableEncodeUrlFilter, WebAsyncManagerIntegrationFilter, SecurityContextHolderFilter, HeaderWriterFilter, LogoutFilter, BearerTokenAuthenticationFilter, RequestCacheAwareFilter, SecurityContextHolderAwareRequestFilter, AnonymousAuthenticationFilter, SessionManagementFilter, ExceptionTranslationFilter, AuthorizationFilter
2025-04-12 23:13:55 [main] INFO  o.a.coyote.http11.Http11NioProtocol - Starting ProtocolHandler ["http-nio-8081"]
2025-04-12 23:13:55 [main] INFO  o.s.b.w.e.tomcat.TomcatWebServer - Tomcat started on port 8081 (http) with context path '/'
2025-04-12 23:13:55 [main] INFO  backend.HotelBookingApplication - Started HotelBookingApplication in 8.721 seconds (process running for 9.141)
2025-04-12 23:13:58 [http-nio-8081-exec-1] INFO  o.a.c.c.C.[Tomcat].[localhost].[/] - Initializing Spring DispatcherServlet 'dispatcherServlet'
2025-04-12 23:13:58 [http-nio-8081-exec-1] INFO  o.s.web.servlet.DispatcherServlet - Initializing Servlet 'dispatcherServlet'
2025-04-12 23:13:58 [http-nio-8081-exec-1] INFO  o.s.web.servlet.DispatcherServlet - Completed initialization in 4 ms
2025-04-12 23:13:58 [http-nio-8081-exec-1] DEBUG o.s.security.web.FilterChainProxy - Securing POST /api/house-cleaning/generate?date=2025-05-01
2025-04-12 23:13:58 [http-nio-8081-exec-1] DEBUG o.s.s.w.a.AnonymousAuthenticationFilter - Set SecurityContextHolder to anonymous SecurityContext
2025-04-12 23:13:58 [http-nio-8081-exec-1] DEBUG o.s.security.web.FilterChainProxy - Secured POST /api/house-cleaning/generate?date=2025-05-01
2025-04-12 23:13:58 [http-nio-8081-exec-1] INFO  b.s.impl.HouseCleaningServiceImpl - Generating cleaning schedules for date: 2025-05-01
2025-04-12 23:13:58 [http-nio-8081-exec-1] INFO  b.s.impl.HouseCleaningServiceImpl - Found 10 check-in bookings, 0 check-out bookings, and 10 current bookings for date 2025-05-01
2025-04-12 23:13:58 [http-nio-8081-exec-1] INFO  b.s.impl.BookedRoomsServiceImpl - Checking check-in rooms for date: 2025-05-01
2025-04-12 23:13:58 [http-nio-8081-exec-1] INFO  b.s.impl.BookedRoomsServiceImpl - Found 10 transactions with check-in date 2025-05-01
2025-04-12 23:13:58 [http-nio-8081-exec-1] INFO  b.s.impl.BookedRoomsServiceImpl - Booking IDs for check-in: [13, 12, 15, 14, 53, 55, 59, 60, 155, 318]
2025-04-12 23:14:04 [http-nio-8081-exec-1] INFO  b.s.impl.BookedRoomsServiceImpl - Room IDs for bookings [13, 12, 15, 14, 53, 55, 59, 60, 155, 318]: [421, 422, 433, 434, 439, 451, 452, 457, 464, 469, 470]
2025-04-12 23:14:04 [http-nio-8081-exec-1] INFO  b.s.impl.BookedRoomsServiceImpl - Checking check-out rooms for date: 2025-05-01
2025-04-12 23:14:04 [http-nio-8081-exec-1] INFO  b.s.impl.BookedRoomsServiceImpl - Found 0 transactions with check-out date 2025-05-01
2025-04-12 23:14:04 [http-nio-8081-exec-1] INFO  b.s.impl.BookedRoomsServiceImpl - Booking IDs for check-out: []
2025-04-12 23:14:04 [http-nio-8081-exec-1] INFO  b.s.impl.BookedRoomsServiceImpl - No booking IDs found, returning empty list
2025-04-12 23:14:04 [http-nio-8081-exec-1] INFO  b.s.impl.BookedRoomsServiceImpl - Checking currently booked rooms for date: 2025-05-01T00:00:00Z
2025-04-12 23:14:04 [http-nio-8081-exec-1] INFO  b.s.impl.BookedRoomsServiceImpl - Currently booked room IDs: [421, 422, 433, 434, 439, 451, 452, 457, 464, 469, 470]
2025-04-12 23:14:04 [http-nio-8081-exec-1] INFO  b.s.impl.HouseCleaningServiceImpl - Found 11 check-in rooms, 0 check-out rooms, and 11 current rooms for date 2025-05-01
2025-04-12 23:14:04 [http-nio-8081-exec-1] WARN  b.s.impl.HouseCleaningServiceImpl - Could not extract room ID from booking details for booking ID 13
2025-04-12 23:14:04 [http-nio-8081-exec-1] WARN  b.s.impl.HouseCleaningServiceImpl - Could not extract room ID from booking details for booking ID 12
2025-04-12 23:14:04 [http-nio-8081-exec-1] WARN  b.s.impl.HouseCleaningServiceImpl - Could not extract room ID from booking details for booking ID 15
2025-04-12 23:14:04 [http-nio-8081-exec-1] WARN  b.s.impl.HouseCleaningServiceImpl - Could not extract room ID from booking details for booking ID 14
2025-04-12 23:14:04 [http-nio-8081-exec-1] WARN  b.s.impl.HouseCleaningServiceImpl - Could not extract room ID from booking details for booking ID 53
2025-04-12 23:14:04 [http-nio-8081-exec-1] WARN  b.s.impl.HouseCleaningServiceImpl - Could not extract room ID from booking details for booking ID 55
2025-04-12 23:14:04 [http-nio-8081-exec-1] WARN  b.s.impl.HouseCleaningServiceImpl - Could not extract room ID from booking details for booking ID 59
2025-04-12 23:14:04 [http-nio-8081-exec-1] WARN  b.s.impl.HouseCleaningServiceImpl - Could not extract room ID from booking details for booking ID 60
2025-04-12 23:14:04 [http-nio-8081-exec-1] WARN  b.s.impl.HouseCleaningServiceImpl - Could not extract room ID from booking details for booking ID 155
2025-04-12 23:14:04 [http-nio-8081-exec-1] WARN  b.s.impl.HouseCleaningServiceImpl - Could not extract room ID from booking details for booking ID 318
2025-04-12 23:14:04 [http-nio-8081-exec-1] WARN  b.s.impl.HouseCleaningServiceImpl - Could not extract room ID from booking details for booking ID 13
2025-04-12 23:14:04 [http-nio-8081-exec-1] WARN  b.s.impl.HouseCleaningServiceImpl - Could not extract room ID from booking details for booking ID 12
2025-04-12 23:14:04 [http-nio-8081-exec-1] WARN  b.s.impl.HouseCleaningServiceImpl - Could not extract room ID from booking details for booking ID 15
2025-04-12 23:14:04 [http-nio-8081-exec-1] WARN  b.s.impl.HouseCleaningServiceImpl - Could not extract room ID from booking details for booking ID 14
2025-04-12 23:14:04 [http-nio-8081-exec-1] WARN  b.s.impl.HouseCleaningServiceImpl - Could not extract room ID from booking details for booking ID 53
2025-04-12 23:14:04 [http-nio-8081-exec-1] WARN  b.s.impl.HouseCleaningServiceImpl - Could not extract room ID from booking details for booking ID 55
2025-04-12 23:14:04 [http-nio-8081-exec-1] WARN  b.s.impl.HouseCleaningServiceImpl - Could not extract room ID from booking details for booking ID 59
2025-04-12 23:14:04 [http-nio-8081-exec-1] WARN  b.s.impl.HouseCleaningServiceImpl - Could not extract room ID from booking details for booking ID 60
2025-04-12 23:14:04 [http-nio-8081-exec-1] WARN  b.s.impl.HouseCleaningServiceImpl - Could not extract room ID from booking details for booking ID 155
2025-04-12 23:14:04 [http-nio-8081-exec-1] WARN  b.s.impl.HouseCleaningServiceImpl - Could not extract room ID from booking details for booking ID 318
2025-04-12 23:14:04 [http-nio-8081-exec-1] INFO  b.s.impl.HouseCleaningServiceImpl - Room to booking map: {}
2025-04-12 23:14:04 [http-nio-8081-exec-1] WARN  b.s.impl.HouseCleaningServiceImpl - No booking ID found for room ID 421
2025-04-12 23:14:04 [http-nio-8081-exec-1] WARN  b.s.impl.HouseCleaningServiceImpl - No booking ID found for room ID 422
2025-04-12 23:14:04 [http-nio-8081-exec-1] WARN  b.s.impl.HouseCleaningServiceImpl - No booking ID found for room ID 433
2025-04-12 23:14:04 [http-nio-8081-exec-1] WARN  b.s.impl.HouseCleaningServiceImpl - No booking ID found for room ID 434
2025-04-12 23:14:04 [http-nio-8081-exec-1] WARN  b.s.impl.HouseCleaningServiceImpl - No booking ID found for room ID 439
2025-04-12 23:14:04 [http-nio-8081-exec-1] WARN  b.s.impl.HouseCleaningServiceImpl - No booking ID found for room ID 451
2025-04-12 23:14:04 [http-nio-8081-exec-1] WARN  b.s.impl.HouseCleaningServiceImpl - No booking ID found for room ID 452
2025-04-12 23:14:04 [http-nio-8081-exec-1] WARN  b.s.impl.HouseCleaningServiceImpl - No booking ID found for room ID 457
2025-04-12 23:14:04 [http-nio-8081-exec-1] WARN  b.s.impl.HouseCleaningServiceImpl - No booking ID found for room ID 464
2025-04-12 23:14:04 [http-nio-8081-exec-1] WARN  b.s.impl.HouseCleaningServiceImpl - No booking ID found for room ID 469
2025-04-12 23:14:04 [http-nio-8081-exec-1] WARN  b.s.impl.HouseCleaningServiceImpl - No booking ID found for room ID 470
2025-04-12 23:14:05 [http-nio-8081-exec-1] ERROR b.s.impl.HouseCleaningServiceImpl - Booking ID is still null for schedule ID 40 and room ID 421
2025-04-12 23:14:05 [http-nio-8081-exec-1] ERROR b.s.impl.HouseCleaningServiceImpl - Booking ID is still null for schedule ID 41 and room ID 422
2025-04-12 23:14:05 [http-nio-8081-exec-1] ERROR b.s.impl.HouseCleaningServiceImpl - Booking ID is still null for schedule ID 42 and room ID 433
2025-04-12 23:14:05 [http-nio-8081-exec-1] ERROR b.s.impl.HouseCleaningServiceImpl - Booking ID is still null for schedule ID 43 and room ID 434
2025-04-12 23:14:05 [http-nio-8081-exec-1] ERROR b.s.impl.HouseCleaningServiceImpl - Booking ID is still null for schedule ID 44 and room ID 439
2025-04-12 23:14:05 [http-nio-8081-exec-1] ERROR b.s.impl.HouseCleaningServiceImpl - Booking ID is still null for schedule ID 45 and room ID 451
2025-04-12 23:14:05 [http-nio-8081-exec-1] ERROR b.s.impl.HouseCleaningServiceImpl - Booking ID is still null for schedule ID 46 and room ID 452
2025-04-12 23:14:05 [http-nio-8081-exec-1] ERROR b.s.impl.HouseCleaningServiceImpl - Booking ID is still null for schedule ID 47 and room ID 457
2025-04-12 23:14:05 [http-nio-8081-exec-1] ERROR b.s.impl.HouseCleaningServiceImpl - Booking ID is still null for schedule ID 48 and room ID 464
2025-04-12 23:14:05 [http-nio-8081-exec-1] ERROR b.s.impl.HouseCleaningServiceImpl - Booking ID is still null for schedule ID 49 and room ID 469
2025-04-12 23:14:05 [http-nio-8081-exec-1] ERROR b.s.impl.HouseCleaningServiceImpl - Booking ID is still null for schedule ID 50 and room ID 470
2025-04-12 23:14:16 [http-nio-8081-exec-3] DEBUG o.s.security.web.FilterChainProxy - Securing POST /api/house-cleaning/assign-staff?date=2025-05-01&shift=EVENING_SHIFT
2025-04-12 23:14:16 [http-nio-8081-exec-3] DEBUG o.s.s.w.a.AnonymousAuthenticationFilter - Set SecurityContextHolder to anonymous SecurityContext
2025-04-12 23:14:16 [http-nio-8081-exec-3] DEBUG o.s.security.web.FilterChainProxy - Secured POST /api/house-cleaning/assign-staff?date=2025-05-01&shift=EVENING_SHIFT
2025-04-12 23:14:16 [http-nio-8081-exec-3] INFO  b.s.impl.HouseCleaningServiceImpl - Assigning staff to schedules for date: 2025-05-01 and shift: EVENING_SHIFT
2025-04-12 23:14:17 [http-nio-8081-exec-3] INFO  b.s.impl.HouseCleaningServiceImpl - No pending schedules found for date: 2025-05-01 and shift: EVENING_SHIFT
2025-04-12 23:14:21 [http-nio-8081-exec-5] DEBUG o.s.security.web.FilterChainProxy - Securing POST /api/house-cleaning/assign-staff?date=2025-05-01&shift=MORNING_SHIFT
2025-04-12 23:14:21 [http-nio-8081-exec-5] DEBUG o.s.s.w.a.AnonymousAuthenticationFilter - Set SecurityContextHolder to anonymous SecurityContext
2025-04-12 23:14:21 [http-nio-8081-exec-5] DEBUG o.s.security.web.FilterChainProxy - Secured POST /api/house-cleaning/assign-staff?date=2025-05-01&shift=MORNING_SHIFT
2025-04-12 23:14:21 [http-nio-8081-exec-5] INFO  b.s.impl.HouseCleaningServiceImpl - Assigning staff to schedules for date: 2025-05-01 and shift: MORNING_SHIFT
2025-04-12 23:14:21 [http-nio-8081-exec-5] INFO  b.s.impl.HouseCleaningServiceImpl - Assigned staff 1 to room 421 at time 09:00
2025-04-12 23:14:21 [http-nio-8081-exec-5] INFO  b.s.impl.HouseCleaningServiceImpl - Assigned staff 4 to room 422 at time 09:00
2025-04-12 23:14:21 [http-nio-8081-exec-5] INFO  b.s.impl.HouseCleaningServiceImpl - Assigned staff 10 to room 433 at time 09:00
2025-04-12 23:14:21 [http-nio-8081-exec-5] WARN  b.s.impl.HouseCleaningServiceImpl - Could not find available staff for room 434 at time 09:00
2025-04-12 23:14:21 [http-nio-8081-exec-5] WARN  b.s.impl.HouseCleaningServiceImpl - Could not find available staff for room 439 at time 09:00
2025-04-12 23:14:21 [http-nio-8081-exec-5] WARN  b.s.impl.HouseCleaningServiceImpl - Could not find available staff for room 451 at time 09:00
2025-04-12 23:14:21 [http-nio-8081-exec-5] WARN  b.s.impl.HouseCleaningServiceImpl - Could not find available staff for room 452 at time 09:00
2025-04-12 23:14:21 [http-nio-8081-exec-5] WARN  b.s.impl.HouseCleaningServiceImpl - Could not find available staff for room 457 at time 09:00
2025-04-12 23:14:21 [http-nio-8081-exec-5] WARN  b.s.impl.HouseCleaningServiceImpl - Could not find available staff for room 464 at time 09:00
2025-04-12 23:14:21 [http-nio-8081-exec-5] WARN  b.s.impl.HouseCleaningServiceImpl - Could not find available staff for room 469 at time 09:00
2025-04-12 23:14:21 [http-nio-8081-exec-5] WARN  b.s.impl.HouseCleaningServiceImpl - Could not find available staff for room 470 at time 09:00
2025-04-12 23:14:21 [http-nio-8081-exec-5] INFO  b.s.impl.HouseCleaningServiceImpl - Final assignment: Staff 1 to room 421 at time 09:00
2025-04-12 23:14:21 [http-nio-8081-exec-5] INFO  b.s.impl.HouseCleaningServiceImpl - Final assignment: Staff 4 to room 422 at time 09:00
2025-04-12 23:14:21 [http-nio-8081-exec-5] INFO  b.s.impl.HouseCleaningServiceImpl - Final assignment: Staff 10 to room 433 at time 09:00
2025-04-12 23:14:21 [http-nio-8081-exec-5] WARN  b.s.impl.HouseCleaningServiceImpl - No staff assigned to room 434 at time 09:00
2025-04-12 23:14:21 [http-nio-8081-exec-5] WARN  b.s.impl.HouseCleaningServiceImpl - No staff assigned to room 439 at time 09:00
2025-04-12 23:14:21 [http-nio-8081-exec-5] WARN  b.s.impl.HouseCleaningServiceImpl - No staff assigned to room 451 at time 09:00
2025-04-12 23:14:21 [http-nio-8081-exec-5] WARN  b.s.impl.HouseCleaningServiceImpl - No staff assigned to room 452 at time 09:00
2025-04-12 23:14:21 [http-nio-8081-exec-5] WARN  b.s.impl.HouseCleaningServiceImpl - No staff assigned to room 457 at time 09:00
2025-04-12 23:14:21 [http-nio-8081-exec-5] WARN  b.s.impl.HouseCleaningServiceImpl - No staff assigned to room 464 at time 09:00
2025-04-12 23:14:21 [http-nio-8081-exec-5] WARN  b.s.impl.HouseCleaningServiceImpl - No staff assigned to room 469 at time 09:00
2025-04-12 23:14:21 [http-nio-8081-exec-5] WARN  b.s.impl.HouseCleaningServiceImpl - No staff assigned to room 470 at time 09:00
2025-04-12 23:15:51 [http-nio-8081-exec-7] DEBUG o.s.security.web.FilterChainProxy - Securing POST /api/house-cleaning/assign-staff?date=2025-05-01&shift=AFTERNOON_SHIFT
2025-04-12 23:15:51 [http-nio-8081-exec-7] DEBUG o.s.s.w.a.AnonymousAuthenticationFilter - Set SecurityContextHolder to anonymous SecurityContext
2025-04-12 23:15:51 [http-nio-8081-exec-7] DEBUG o.s.security.web.FilterChainProxy - Secured POST /api/house-cleaning/assign-staff?date=2025-05-01&shift=AFTERNOON_SHIFT
2025-04-12 23:15:51 [http-nio-8081-exec-7] INFO  b.s.impl.HouseCleaningServiceImpl - Assigning staff to schedules for date: 2025-05-01 and shift: AFTERNOON_SHIFT
2025-04-12 23:15:51 [http-nio-8081-exec-7] INFO  b.s.impl.HouseCleaningServiceImpl - No pending schedules found for date: 2025-05-01 and shift: AFTERNOON_SHIFT
2025-04-12 23:16:20 [SpringApplicationShutdownHook] INFO  o.s.b.w.e.tomcat.GracefulShutdown - Commencing graceful shutdown. Waiting for active requests to complete
2025-04-12 23:16:20 [tomcat-shutdown] INFO  o.s.b.w.e.tomcat.GracefulShutdown - Graceful shutdown complete
2025-04-12 23:16:20 [SpringApplicationShutdownHook] INFO  o.s.o.j.LocalContainerEntityManagerFactoryBean - Closing JPA EntityManagerFactory for persistence unit 'default'
2025-04-12 23:16:20 [SpringApplicationShutdownHook] INFO  com.zaxxer.hikari.HikariDataSource - HikariPool-1 - Shutdown initiated...
2025-04-12 23:16:20 [SpringApplicationShutdownHook] INFO  com.zaxxer.hikari.HikariDataSource - HikariPool-1 - Shutdown completed.
2025-04-12 23:16:25 [main] INFO  backend.HotelBookingApplication - Starting HotelBookingApplication using Java 17.0.13 with PID 91553 (/Users/sukuna/Documents/coding/IBE/IBE-BE/KDU/target/classes started by sukuna in /Users/sukuna/Documents/coding/IBE/IBE-BE/KDU)
2025-04-12 23:16:25 [main] INFO  backend.HotelBookingApplication - The following 1 profile is active: "dev"
2025-04-12 23:16:26 [main] INFO  o.s.d.r.c.RepositoryConfigurationDelegate - Bootstrapping Spring Data JPA repositories in DEFAULT mode.
2025-04-12 23:16:26 [main] INFO  o.s.d.r.c.RepositoryConfigurationDelegate - Finished Spring Data repository scanning in 59 ms. Found 15 JPA repository interfaces.
2025-04-12 23:16:27 [main] INFO  o.s.b.w.e.tomcat.TomcatWebServer - Tomcat initialized with port 8081 (http)
2025-04-12 23:16:27 [main] INFO  o.a.coyote.http11.Http11NioProtocol - Initializing ProtocolHandler ["http-nio-8081"]
2025-04-12 23:16:27 [main] INFO  o.a.catalina.core.StandardService - Starting service [Tomcat]
2025-04-12 23:16:27 [main] INFO  o.a.catalina.core.StandardEngine - Starting Servlet engine: [Apache Tomcat/10.1.36]
2025-04-12 23:16:27 [main] INFO  o.a.c.c.C.[Tomcat].[localhost].[/] - Initializing Spring embedded WebApplicationContext
2025-04-12 23:16:27 [main] INFO  o.s.b.w.s.c.ServletWebServerApplicationContext - Root WebApplicationContext: initialization completed in 1707 ms
2025-04-12 23:16:29 [main] INFO  com.zaxxer.hikari.HikariDataSource - HikariPool-1 - Starting...
2025-04-12 23:16:34 [main] INFO  com.zaxxer.hikari.pool.HikariPool - HikariPool-1 - Added connection org.postgresql.jdbc.PgConnection@5e7e7a7e
2025-04-12 23:16:34 [main] INFO  com.zaxxer.hikari.HikariDataSource - HikariPool-1 - Start completed.
2025-04-12 23:16:35 [main] INFO  o.s.o.j.p.SpringPersistenceUnitInfo - No LoadTimeWeaver setup: ignoring JPA class transformer
2025-04-12 23:16:35 [main] WARN  org.hibernate.orm.deprecation - HHH90000025: PostgreSQLDialect does not need to be specified explicitly using 'hibernate.dialect' (remove the property setting and it will be selected by default)
2025-04-12 23:16:36 [main] WARN  o.h.t.s.i.ExceptionHandlerLoggedImpl - GenerationTarget encountered exception accepting command : Error executing DDL "alter table if exists room_cleaning_schedule alter column staff_id set data type bigint" via JDBC [ERROR: column "staff_id" cannot be cast automatically to type bigint
  Hint: You might need to specify "USING staff_id::bigint".]
org.hibernate.tool.schema.spi.CommandAcceptanceException: Error executing DDL "alter table if exists room_cleaning_schedule alter column staff_id set data type bigint" via JDBC [ERROR: column "staff_id" cannot be cast automatically to type bigint
  Hint: You might need to specify "USING staff_id::bigint".]
	at org.hibernate.tool.schema.internal.exec.GenerationTargetToDatabase.accept(GenerationTargetToDatabase.java:94)
	at org.hibernate.tool.schema.internal.AbstractSchemaMigrator.applySqlString(AbstractSchemaMigrator.java:576)
	at org.hibernate.tool.schema.internal.AbstractSchemaMigrator.applySqlStrings(AbstractSchemaMigrator.java:516)
	at org.hibernate.tool.schema.internal.AbstractSchemaMigrator.migrateTable(AbstractSchemaMigrator.java:334)
	at org.hibernate.tool.schema.internal.GroupedSchemaMigratorImpl.performTablesMigration(GroupedSchemaMigratorImpl.java:84)
	at org.hibernate.tool.schema.internal.AbstractSchemaMigrator.performMigration(AbstractSchemaMigrator.java:233)
	at org.hibernate.tool.schema.internal.AbstractSchemaMigrator.doMigration(AbstractSchemaMigrator.java:112)
	at org.hibernate.tool.schema.spi.SchemaManagementToolCoordinator.performDatabaseAction(SchemaManagementToolCoordinator.java:280)
	at org.hibernate.tool.schema.spi.SchemaManagementToolCoordinator.lambda$process$5(SchemaManagementToolCoordinator.java:144)
	at java.base/java.util.HashMap.forEach(HashMap.java:1421)
	at org.hibernate.tool.schema.spi.SchemaManagementToolCoordinator.process(SchemaManagementToolCoordinator.java:141)
	at org.hibernate.boot.internal.SessionFactoryObserverForSchemaExport.sessionFactoryCreated(SessionFactoryObserverForSchemaExport.java:37)
	at org.hibernate.internal.SessionFactoryObserverChain.sessionFactoryCreated(SessionFactoryObserverChain.java:35)
	at org.hibernate.internal.SessionFactoryImpl.<init>(SessionFactoryImpl.java:324)
	at org.hibernate.boot.internal.SessionFactoryBuilderImpl.build(SessionFactoryBuilderImpl.java:463)
	at org.hibernate.jpa.boot.internal.EntityManagerFactoryBuilderImpl.build(EntityManagerFactoryBuilderImpl.java:1517)
	at org.springframework.orm.jpa.vendor.SpringHibernateJpaPersistenceProvider.createContainerEntityManagerFactory(SpringHibernateJpaPersistenceProvider.java:66)
	at org.springframework.orm.jpa.LocalContainerEntityManagerFactoryBean.createNativeEntityManagerFactory(LocalContainerEntityManagerFactoryBean.java:390)
	at org.springframework.orm.jpa.AbstractEntityManagerFactoryBean.buildNativeEntityManagerFactory(AbstractEntityManagerFactoryBean.java:419)
	at org.springframework.orm.jpa.AbstractEntityManagerFactoryBean.afterPropertiesSet(AbstractEntityManagerFactoryBean.java:400)
	at org.springframework.orm.jpa.LocalContainerEntityManagerFactoryBean.afterPropertiesSet(LocalContainerEntityManagerFactoryBean.java:366)
	at org.springframework.beans.factory.support.AbstractAutowireCapableBeanFactory.invokeInitMethods(AbstractAutowireCapableBeanFactory.java:1859)
	at org.springframework.beans.factory.support.AbstractAutowireCapableBeanFactory.initializeBean(AbstractAutowireCapableBeanFactory.java:1808)
	at org.springframework.beans.factory.support.AbstractAutowireCapableBeanFactory.doCreateBean(AbstractAutowireCapableBeanFactory.java:601)
	at org.springframework.beans.factory.support.AbstractAutowireCapableBeanFactory.createBean(AbstractAutowireCapableBeanFactory.java:523)
	at org.springframework.beans.factory.support.AbstractBeanFactory.lambda$doGetBean$0(AbstractBeanFactory.java:339)
	at org.springframework.beans.factory.support.DefaultSingletonBeanRegistry.getSingleton(DefaultSingletonBeanRegistry.java:346)
	at org.springframework.beans.factory.support.AbstractBeanFactory.doGetBean(AbstractBeanFactory.java:337)
	at org.springframework.beans.factory.support.AbstractBeanFactory.getBean(AbstractBeanFactory.java:207)
	at org.springframework.context.support.AbstractApplicationContext.finishBeanFactoryInitialization(AbstractApplicationContext.java:970)
	at org.springframework.context.support.AbstractApplicationContext.refresh(AbstractApplicationContext.java:627)
	at org.springframework.boot.web.servlet.context.ServletWebServerApplicationContext.refresh(ServletWebServerApplicationContext.java:146)
	at org.springframework.boot.SpringApplication.refresh(SpringApplication.java:752)
	at org.springframework.boot.SpringApplication.refreshContext(SpringApplication.java:439)
	at org.springframework.boot.SpringApplication.run(SpringApplication.java:318)
	at org.springframework.boot.SpringApplication.run(SpringApplication.java:1361)
	at org.springframework.boot.SpringApplication.run(SpringApplication.java:1350)
	at backend.HotelBookingApplication.main(HotelBookingApplication.java:15)
Caused by: org.postgresql.util.PSQLException: ERROR: column "staff_id" cannot be cast automatically to type bigint
  Hint: You might need to specify "USING staff_id::bigint".
	at org.postgresql.core.v3.QueryExecutorImpl.receiveErrorResponse(QueryExecutorImpl.java:2733)
	at org.postgresql.core.v3.QueryExecutorImpl.processResults(QueryExecutorImpl.java:2420)
	at org.postgresql.core.v3.QueryExecutorImpl.execute(QueryExecutorImpl.java:372)
	at org.postgresql.jdbc.PgStatement.executeInternal(PgStatement.java:517)
	at org.postgresql.jdbc.PgStatement.execute(PgStatement.java:434)
	at org.postgresql.jdbc.PgStatement.executeWithFlags(PgStatement.java:356)
	at org.postgresql.jdbc.PgStatement.executeCachedSql(PgStatement.java:341)
	at org.postgresql.jdbc.PgStatement.executeWithFlags(PgStatement.java:317)
	at org.postgresql.jdbc.PgStatement.execute(PgStatement.java:312)
	at com.zaxxer.hikari.pool.ProxyStatement.execute(ProxyStatement.java:94)
	at com.zaxxer.hikari.pool.HikariProxyStatement.execute(HikariProxyStatement.java)
	at org.hibernate.tool.schema.internal.exec.GenerationTargetToDatabase.accept(GenerationTargetToDatabase.java:80)
	... 37 common frames omitted
2025-04-12 23:16:36 [main] WARN  o.h.t.s.i.ExceptionHandlerLoggedImpl - GenerationTarget encountered exception accepting command : Error executing DDL "alter table if exists staff_room_map alter column staff_id set data type bigint" via JDBC [ERROR: column "staff_id" cannot be cast automatically to type bigint
  Hint: You might need to specify "USING staff_id::bigint".]
org.hibernate.tool.schema.spi.CommandAcceptanceException: Error executing DDL "alter table if exists staff_room_map alter column staff_id set data type bigint" via JDBC [ERROR: column "staff_id" cannot be cast automatically to type bigint
  Hint: You might need to specify "USING staff_id::bigint".]
	at org.hibernate.tool.schema.internal.exec.GenerationTargetToDatabase.accept(GenerationTargetToDatabase.java:94)
	at org.hibernate.tool.schema.internal.AbstractSchemaMigrator.applySqlString(AbstractSchemaMigrator.java:576)
	at org.hibernate.tool.schema.internal.AbstractSchemaMigrator.applySqlStrings(AbstractSchemaMigrator.java:516)
	at org.hibernate.tool.schema.internal.AbstractSchemaMigrator.migrateTable(AbstractSchemaMigrator.java:334)
	at org.hibernate.tool.schema.internal.GroupedSchemaMigratorImpl.performTablesMigration(GroupedSchemaMigratorImpl.java:84)
	at org.hibernate.tool.schema.internal.AbstractSchemaMigrator.performMigration(AbstractSchemaMigrator.java:233)
	at org.hibernate.tool.schema.internal.AbstractSchemaMigrator.doMigration(AbstractSchemaMigrator.java:112)
	at org.hibernate.tool.schema.spi.SchemaManagementToolCoordinator.performDatabaseAction(SchemaManagementToolCoordinator.java:280)
	at org.hibernate.tool.schema.spi.SchemaManagementToolCoordinator.lambda$process$5(SchemaManagementToolCoordinator.java:144)
	at java.base/java.util.HashMap.forEach(HashMap.java:1421)
	at org.hibernate.tool.schema.spi.SchemaManagementToolCoordinator.process(SchemaManagementToolCoordinator.java:141)
	at org.hibernate.boot.internal.SessionFactoryObserverForSchemaExport.sessionFactoryCreated(SessionFactoryObserverForSchemaExport.java:37)
	at org.hibernate.internal.SessionFactoryObserverChain.sessionFactoryCreated(SessionFactoryObserverChain.java:35)
	at org.hibernate.internal.SessionFactoryImpl.<init>(SessionFactoryImpl.java:324)
	at org.hibernate.boot.internal.SessionFactoryBuilderImpl.build(SessionFactoryBuilderImpl.java:463)
	at org.hibernate.jpa.boot.internal.EntityManagerFactoryBuilderImpl.build(EntityManagerFactoryBuilderImpl.java:1517)
	at org.springframework.orm.jpa.vendor.SpringHibernateJpaPersistenceProvider.createContainerEntityManagerFactory(SpringHibernateJpaPersistenceProvider.java:66)
	at org.springframework.orm.jpa.LocalContainerEntityManagerFactoryBean.createNativeEntityManagerFactory(LocalContainerEntityManagerFactoryBean.java:390)
	at org.springframework.orm.jpa.AbstractEntityManagerFactoryBean.buildNativeEntityManagerFactory(AbstractEntityManagerFactoryBean.java:419)
	at org.springframework.orm.jpa.AbstractEntityManagerFactoryBean.afterPropertiesSet(AbstractEntityManagerFactoryBean.java:400)
	at org.springframework.orm.jpa.LocalContainerEntityManagerFactoryBean.afterPropertiesSet(LocalContainerEntityManagerFactoryBean.java:366)
	at org.springframework.beans.factory.support.AbstractAutowireCapableBeanFactory.invokeInitMethods(AbstractAutowireCapableBeanFactory.java:1859)
	at org.springframework.beans.factory.support.AbstractAutowireCapableBeanFactory.initializeBean(AbstractAutowireCapableBeanFactory.java:1808)
	at org.springframework.beans.factory.support.AbstractAutowireCapableBeanFactory.doCreateBean(AbstractAutowireCapableBeanFactory.java:601)
	at org.springframework.beans.factory.support.AbstractAutowireCapableBeanFactory.createBean(AbstractAutowireCapableBeanFactory.java:523)
	at org.springframework.beans.factory.support.AbstractBeanFactory.lambda$doGetBean$0(AbstractBeanFactory.java:339)
	at org.springframework.beans.factory.support.DefaultSingletonBeanRegistry.getSingleton(DefaultSingletonBeanRegistry.java:346)
	at org.springframework.beans.factory.support.AbstractBeanFactory.doGetBean(AbstractBeanFactory.java:337)
	at org.springframework.beans.factory.support.AbstractBeanFactory.getBean(AbstractBeanFactory.java:207)
	at org.springframework.context.support.AbstractApplicationContext.finishBeanFactoryInitialization(AbstractApplicationContext.java:970)
	at org.springframework.context.support.AbstractApplicationContext.refresh(AbstractApplicationContext.java:627)
	at org.springframework.boot.web.servlet.context.ServletWebServerApplicationContext.refresh(ServletWebServerApplicationContext.java:146)
	at org.springframework.boot.SpringApplication.refresh(SpringApplication.java:752)
	at org.springframework.boot.SpringApplication.refreshContext(SpringApplication.java:439)
	at org.springframework.boot.SpringApplication.run(SpringApplication.java:318)
	at org.springframework.boot.SpringApplication.run(SpringApplication.java:1361)
	at org.springframework.boot.SpringApplication.run(SpringApplication.java:1350)
	at backend.HotelBookingApplication.main(HotelBookingApplication.java:15)
Caused by: org.postgresql.util.PSQLException: ERROR: column "staff_id" cannot be cast automatically to type bigint
  Hint: You might need to specify "USING staff_id::bigint".
	at org.postgresql.core.v3.QueryExecutorImpl.receiveErrorResponse(QueryExecutorImpl.java:2733)
	at org.postgresql.core.v3.QueryExecutorImpl.processResults(QueryExecutorImpl.java:2420)
	at org.postgresql.core.v3.QueryExecutorImpl.execute(QueryExecutorImpl.java:372)
	at org.postgresql.jdbc.PgStatement.executeInternal(PgStatement.java:517)
	at org.postgresql.jdbc.PgStatement.execute(PgStatement.java:434)
	at org.postgresql.jdbc.PgStatement.executeWithFlags(PgStatement.java:356)
	at org.postgresql.jdbc.PgStatement.executeCachedSql(PgStatement.java:341)
	at org.postgresql.jdbc.PgStatement.executeWithFlags(PgStatement.java:317)
	at org.postgresql.jdbc.PgStatement.execute(PgStatement.java:312)
	at com.zaxxer.hikari.pool.ProxyStatement.execute(ProxyStatement.java:94)
	at com.zaxxer.hikari.pool.HikariProxyStatement.execute(HikariProxyStatement.java)
	at org.hibernate.tool.schema.internal.exec.GenerationTargetToDatabase.accept(GenerationTargetToDatabase.java:80)
	... 37 common frames omitted
2025-04-12 23:16:37 [main] WARN  o.h.t.s.i.ExceptionHandlerLoggedImpl - GenerationTarget encountered exception accepting command : Error executing DDL "alter table if exists staff_room_map add constraint FKyd20ehofj2axxe92vl67pqvx foreign key (staff_id) references staff" via JDBC [ERROR: foreign key constraint "fkyd20ehofj2axxe92vl67pqvx" cannot be implemented
  Detail: Key columns "staff_id" and "staff_id" are of incompatible types: character varying and bigint.]
org.hibernate.tool.schema.spi.CommandAcceptanceException: Error executing DDL "alter table if exists staff_room_map add constraint FKyd20ehofj2axxe92vl67pqvx foreign key (staff_id) references staff" via JDBC [ERROR: foreign key constraint "fkyd20ehofj2axxe92vl67pqvx" cannot be implemented
  Detail: Key columns "staff_id" and "staff_id" are of incompatible types: character varying and bigint.]
	at org.hibernate.tool.schema.internal.exec.GenerationTargetToDatabase.accept(GenerationTargetToDatabase.java:94)
	at org.hibernate.tool.schema.internal.AbstractSchemaMigrator.applySqlString(AbstractSchemaMigrator.java:576)
	at org.hibernate.tool.schema.internal.AbstractSchemaMigrator.applySqlStrings(AbstractSchemaMigrator.java:516)
	at org.hibernate.tool.schema.internal.AbstractSchemaMigrator.applyForeignKeys(AbstractSchemaMigrator.java:448)
	at org.hibernate.tool.schema.internal.AbstractSchemaMigrator.performMigration(AbstractSchemaMigrator.java:269)
	at org.hibernate.tool.schema.internal.AbstractSchemaMigrator.doMigration(AbstractSchemaMigrator.java:112)
	at org.hibernate.tool.schema.spi.SchemaManagementToolCoordinator.performDatabaseAction(SchemaManagementToolCoordinator.java:280)
	at org.hibernate.tool.schema.spi.SchemaManagementToolCoordinator.lambda$process$5(SchemaManagementToolCoordinator.java:144)
	at java.base/java.util.HashMap.forEach(HashMap.java:1421)
	at org.hibernate.tool.schema.spi.SchemaManagementToolCoordinator.process(SchemaManagementToolCoordinator.java:141)
	at org.hibernate.boot.internal.SessionFactoryObserverForSchemaExport.sessionFactoryCreated(SessionFactoryObserverForSchemaExport.java:37)
	at org.hibernate.internal.SessionFactoryObserverChain.sessionFactoryCreated(SessionFactoryObserverChain.java:35)
	at org.hibernate.internal.SessionFactoryImpl.<init>(SessionFactoryImpl.java:324)
	at org.hibernate.boot.internal.SessionFactoryBuilderImpl.build(SessionFactoryBuilderImpl.java:463)
	at org.hibernate.jpa.boot.internal.EntityManagerFactoryBuilderImpl.build(EntityManagerFactoryBuilderImpl.java:1517)
	at org.springframework.orm.jpa.vendor.SpringHibernateJpaPersistenceProvider.createContainerEntityManagerFactory(SpringHibernateJpaPersistenceProvider.java:66)
	at org.springframework.orm.jpa.LocalContainerEntityManagerFactoryBean.createNativeEntityManagerFactory(LocalContainerEntityManagerFactoryBean.java:390)
	at org.springframework.orm.jpa.AbstractEntityManagerFactoryBean.buildNativeEntityManagerFactory(AbstractEntityManagerFactoryBean.java:419)
	at org.springframework.orm.jpa.AbstractEntityManagerFactoryBean.afterPropertiesSet(AbstractEntityManagerFactoryBean.java:400)
	at org.springframework.orm.jpa.LocalContainerEntityManagerFactoryBean.afterPropertiesSet(LocalContainerEntityManagerFactoryBean.java:366)
	at org.springframework.beans.factory.support.AbstractAutowireCapableBeanFactory.invokeInitMethods(AbstractAutowireCapableBeanFactory.java:1859)
	at org.springframework.beans.factory.support.AbstractAutowireCapableBeanFactory.initializeBean(AbstractAutowireCapableBeanFactory.java:1808)
	at org.springframework.beans.factory.support.AbstractAutowireCapableBeanFactory.doCreateBean(AbstractAutowireCapableBeanFactory.java:601)
	at org.springframework.beans.factory.support.AbstractAutowireCapableBeanFactory.createBean(AbstractAutowireCapableBeanFactory.java:523)
	at org.springframework.beans.factory.support.AbstractBeanFactory.lambda$doGetBean$0(AbstractBeanFactory.java:339)
	at org.springframework.beans.factory.support.DefaultSingletonBeanRegistry.getSingleton(DefaultSingletonBeanRegistry.java:346)
	at org.springframework.beans.factory.support.AbstractBeanFactory.doGetBean(AbstractBeanFactory.java:337)
	at org.springframework.beans.factory.support.AbstractBeanFactory.getBean(AbstractBeanFactory.java:207)
	at org.springframework.context.support.AbstractApplicationContext.finishBeanFactoryInitialization(AbstractApplicationContext.java:970)
	at org.springframework.context.support.AbstractApplicationContext.refresh(AbstractApplicationContext.java:627)
	at org.springframework.boot.web.servlet.context.ServletWebServerApplicationContext.refresh(ServletWebServerApplicationContext.java:146)
	at org.springframework.boot.SpringApplication.refresh(SpringApplication.java:752)
	at org.springframework.boot.SpringApplication.refreshContext(SpringApplication.java:439)
	at org.springframework.boot.SpringApplication.run(SpringApplication.java:318)
	at org.springframework.boot.SpringApplication.run(SpringApplication.java:1361)
	at org.springframework.boot.SpringApplication.run(SpringApplication.java:1350)
	at backend.HotelBookingApplication.main(HotelBookingApplication.java:15)
Caused by: org.postgresql.util.PSQLException: ERROR: foreign key constraint "fkyd20ehofj2axxe92vl67pqvx" cannot be implemented
  Detail: Key columns "staff_id" and "staff_id" are of incompatible types: character varying and bigint.
	at org.postgresql.core.v3.QueryExecutorImpl.receiveErrorResponse(QueryExecutorImpl.java:2733)
	at org.postgresql.core.v3.QueryExecutorImpl.processResults(QueryExecutorImpl.java:2420)
	at org.postgresql.core.v3.QueryExecutorImpl.execute(QueryExecutorImpl.java:372)
	at org.postgresql.jdbc.PgStatement.executeInternal(PgStatement.java:517)
	at org.postgresql.jdbc.PgStatement.execute(PgStatement.java:434)
	at org.postgresql.jdbc.PgStatement.executeWithFlags(PgStatement.java:356)
	at org.postgresql.jdbc.PgStatement.executeCachedSql(PgStatement.java:341)
	at org.postgresql.jdbc.PgStatement.executeWithFlags(PgStatement.java:317)
	at org.postgresql.jdbc.PgStatement.execute(PgStatement.java:312)
	at com.zaxxer.hikari.pool.ProxyStatement.execute(ProxyStatement.java:94)
	at com.zaxxer.hikari.pool.HikariProxyStatement.execute(HikariProxyStatement.java)
	at org.hibernate.tool.schema.internal.exec.GenerationTargetToDatabase.accept(GenerationTargetToDatabase.java:80)
	... 36 common frames omitted
2025-04-12 23:16:37 [main] INFO  o.s.o.j.LocalContainerEntityManagerFactoryBean - Initialized JPA EntityManagerFactory for persistence unit 'default'
2025-04-12 23:16:37 [main] INFO  backend.config.CorsConfig - CORS Configuration Loaded!
2025-04-12 23:16:37 [main] DEBUG o.s.c.e.PropertySourcesPropertyResolver - Found key 'spring.security.oauth2.resourceserver.jwt.issuer-uri' in PropertySource 'environmentProperties' with value of type String
2025-04-12 23:16:37 [main] INFO  o.s.d.j.r.query.QueryEnhancerFactory - Hibernate is in classpath; If applicable, HQL parser will be used.
2025-04-12 23:16:37 [main] DEBUG o.s.c.e.PropertySourcesPropertyResolver - Found key 'graphql.endpoint' in PropertySource 'environmentProperties' with value of type String
2025-04-12 23:16:37 [main] DEBUG o.s.c.e.PropertySourcesPropertyResolver - Found key 'graphql.api-key' in PropertySource 'environmentProperties' with value of type String
2025-04-12 23:16:38 [main] DEBUG o.s.c.e.PropertySourcesPropertyResolver - Found key 'graphql.api.key' in PropertySource 'environmentProperties' with value of type String
2025-04-12 23:16:38 [main] DEBUG o.s.c.e.PropertySourcesPropertyResolver - Found key 'graphql.url' in PropertySource 'environmentProperties' with value of type String
2025-04-12 23:16:38 [main] DEBUG o.s.c.e.PropertySourcesPropertyResolver - Found key 'spring.mail.username' in PropertySource 'environmentProperties' with value of type String
2025-04-12 23:16:38 [main] DEBUG o.s.c.e.PropertySourcesPropertyResolver - Found key 'otp.expiry.minutes' in PropertySource 'environmentProperties' with value of type String
2025-04-12 23:16:38 [main] DEBUG o.s.c.e.PropertySourcesPropertyResolver - Found key 'otp.max.attempts' in PropertySource 'environmentProperties' with value of type String
2025-04-12 23:16:38 [main] DEBUG o.s.c.e.PropertySourcesPropertyResolver - Found key 'graphql.endpoint' in PropertySource 'environmentProperties' with value of type String
2025-04-12 23:16:38 [main] DEBUG o.s.c.e.PropertySourcesPropertyResolver - Found key 'graphql.api-key' in PropertySource 'environmentProperties' with value of type String
2025-04-12 23:16:38 [main] DEBUG o.s.c.e.PropertySourcesPropertyResolver - Found key 'graphql.api.key' in PropertySource 'environmentProperties' with value of type String
2025-04-12 23:16:38 [main] DEBUG o.s.c.e.PropertySourcesPropertyResolver - Found key 'graphql.url' in PropertySource 'environmentProperties' with value of type String
2025-04-12 23:16:38 [main] DEBUG o.s.c.e.PropertySourcesPropertyResolver - Found key 'graphql.endpoint' in PropertySource 'environmentProperties' with value of type String
2025-04-12 23:16:38 [main] DEBUG o.s.c.e.PropertySourcesPropertyResolver - Found key 'graphql.api-key' in PropertySource 'environmentProperties' with value of type String
2025-04-12 23:16:38 [main] DEBUG o.s.c.e.PropertySourcesPropertyResolver - Found key 'graphql.endpoint' in PropertySource 'environmentProperties' with value of type String
2025-04-12 23:16:38 [main] DEBUG o.s.c.e.PropertySourcesPropertyResolver - Found key 'graphql.apiKey' in PropertySource 'environmentProperties' with value of type String
2025-04-12 23:16:38 [main] DEBUG o.s.c.e.PropertySourcesPropertyResolver - Found key 'graphql.endpoint' in PropertySource 'environmentProperties' with value of type String
2025-04-12 23:16:38 [main] DEBUG o.s.c.e.PropertySourcesPropertyResolver - Found key 'graphql.apiKey' in PropertySource 'environmentProperties' with value of type String
2025-04-12 23:16:38 [main] DEBUG o.s.c.e.PropertySourcesPropertyResolver - Found key 'api.base.url' in PropertySource 'environmentProperties' with value of type String
2025-04-12 23:16:38 [main] WARN  o.s.b.a.o.j.JpaBaseConfiguration$JpaWebConfiguration - spring.jpa.open-in-view is enabled by default. Therefore, database queries may be performed during view rendering. Explicitly configure spring.jpa.open-in-view to disable this warning
2025-04-12 23:16:38 [main] INFO  backend.config.CorsConfig - Applying CORS settings...
2025-04-12 23:16:38 [main] DEBUG o.s.s.c.a.a.c.AuthenticationConfiguration$DefaultPasswordEncoderAuthenticationManagerBuilder - No authenticationProviders and no parentAuthenticationManager defined. Returning null.
2025-04-12 23:16:39 [main] INFO  o.s.b.a.e.web.EndpointLinksResolver - Exposing 2 endpoints beneath base path '/actuator'
2025-04-12 23:16:39 [main] INFO  backend.config.SecurityConfig - Configuring security filter chain...
2025-04-12 23:16:39 [main] INFO  backend.config.SecurityConfig - Using issuer URI: https://cognito-idp.ap-south-1.amazonaws.com/ap-south-1_IGHZ9OObg
2025-04-12 23:16:39 [main] INFO  backend.config.SecurityConfig - Configuring authorization rules...
2025-04-12 23:16:39 [main] INFO  backend.config.SecurityConfig - Configuring OAuth2 resource server...
2025-04-12 23:16:39 [main] INFO  backend.config.SecurityConfig - Configuring JWT...
2025-04-12 23:16:39 [main] INFO  backend.config.SecurityConfig - Creating JWT decoder with issuer URI: https://cognito-idp.ap-south-1.amazonaws.com/ap-south-1_IGHZ9OObg
2025-04-12 23:16:39 [main] INFO  backend.config.SecurityConfig - Configuring session management...
2025-04-12 23:16:39 [main] DEBUG o.s.s.web.DefaultSecurityFilterChain - Will secure any request with filters: DisableEncodeUrlFilter, WebAsyncManagerIntegrationFilter, SecurityContextHolderFilter, HeaderWriterFilter, LogoutFilter, BearerTokenAuthenticationFilter, RequestCacheAwareFilter, SecurityContextHolderAwareRequestFilter, AnonymousAuthenticationFilter, SessionManagementFilter, ExceptionTranslationFilter, AuthorizationFilter
2025-04-12 23:16:39 [main] INFO  o.a.coyote.http11.Http11NioProtocol - Starting ProtocolHandler ["http-nio-8081"]
2025-04-12 23:16:40 [main] INFO  o.s.b.w.e.tomcat.TomcatWebServer - Tomcat started on port 8081 (http) with context path '/'
2025-04-12 23:16:40 [main] INFO  backend.HotelBookingApplication - Started HotelBookingApplication in 15.21 seconds (process running for 15.722)
2025-04-12 23:17:00 [http-nio-8081-exec-1] INFO  o.a.c.c.C.[Tomcat].[localhost].[/] - Initializing Spring DispatcherServlet 'dispatcherServlet'
2025-04-12 23:17:00 [http-nio-8081-exec-1] INFO  o.s.web.servlet.DispatcherServlet - Initializing Servlet 'dispatcherServlet'
2025-04-12 23:17:00 [http-nio-8081-exec-1] INFO  o.s.web.servlet.DispatcherServlet - Completed initialization in 20 ms
2025-04-12 23:17:00 [http-nio-8081-exec-1] DEBUG o.s.security.web.FilterChainProxy - Securing POST /api/house-cleaning/generate?date=2025-05-01
2025-04-12 23:17:00 [http-nio-8081-exec-1] DEBUG o.s.s.w.a.AnonymousAuthenticationFilter - Set SecurityContextHolder to anonymous SecurityContext
2025-04-12 23:17:00 [http-nio-8081-exec-1] DEBUG o.s.security.web.FilterChainProxy - Secured POST /api/house-cleaning/generate?date=2025-05-01
2025-04-12 23:17:00 [http-nio-8081-exec-1] INFO  b.s.impl.HouseCleaningServiceImpl - Generating cleaning schedules for date: 2025-05-01
2025-04-12 23:17:00 [http-nio-8081-exec-1] INFO  b.s.impl.HouseCleaningServiceImpl - Found 10 check-in bookings, 0 check-out bookings, and 10 current bookings for date 2025-05-01
2025-04-12 23:17:00 [http-nio-8081-exec-1] INFO  b.s.impl.BookedRoomsServiceImpl - Checking check-in rooms for date: 2025-05-01
2025-04-12 23:17:00 [http-nio-8081-exec-1] INFO  b.s.impl.BookedRoomsServiceImpl - Found 10 transactions with check-in date 2025-05-01
2025-04-12 23:17:00 [http-nio-8081-exec-1] INFO  b.s.impl.BookedRoomsServiceImpl - Booking IDs for check-in: [13, 12, 15, 14, 53, 55, 59, 60, 155, 318]
2025-04-12 23:17:03 [http-nio-8081-exec-1] INFO  b.s.impl.BookedRoomsServiceImpl - Room IDs for bookings [13, 12, 15, 14, 53, 55, 59, 60, 155, 318]: [421, 422, 433, 434, 439, 451, 452, 457, 464, 469, 470]
2025-04-12 23:17:03 [http-nio-8081-exec-1] INFO  b.s.impl.BookedRoomsServiceImpl - Checking check-out rooms for date: 2025-05-01
2025-04-12 23:17:03 [http-nio-8081-exec-1] INFO  b.s.impl.BookedRoomsServiceImpl - Found 0 transactions with check-out date 2025-05-01
2025-04-12 23:17:03 [http-nio-8081-exec-1] INFO  b.s.impl.BookedRoomsServiceImpl - Booking IDs for check-out: []
2025-04-12 23:17:03 [http-nio-8081-exec-1] INFO  b.s.impl.BookedRoomsServiceImpl - No booking IDs found, returning empty list
2025-04-12 23:17:03 [http-nio-8081-exec-1] INFO  b.s.impl.BookedRoomsServiceImpl - Checking currently booked rooms for date: 2025-05-01T00:00:00Z
2025-04-12 23:17:03 [http-nio-8081-exec-1] INFO  b.s.impl.BookedRoomsServiceImpl - Currently booked room IDs: [421, 422, 433, 434, 439, 451, 452, 457, 464, 469, 470]
2025-04-12 23:17:03 [http-nio-8081-exec-1] INFO  b.s.impl.HouseCleaningServiceImpl - Found 11 check-in rooms, 0 check-out rooms, and 11 current rooms for date 2025-05-01
2025-04-12 23:17:03 [http-nio-8081-exec-1] WARN  b.s.impl.HouseCleaningServiceImpl - Could not extract room ID from booking details for booking ID 13
2025-04-12 23:17:03 [http-nio-8081-exec-1] WARN  b.s.impl.HouseCleaningServiceImpl - Could not extract room ID from booking details for booking ID 12
2025-04-12 23:17:03 [http-nio-8081-exec-1] WARN  b.s.impl.HouseCleaningServiceImpl - Could not extract room ID from booking details for booking ID 15
2025-04-12 23:17:03 [http-nio-8081-exec-1] WARN  b.s.impl.HouseCleaningServiceImpl - Could not extract room ID from booking details for booking ID 14
2025-04-12 23:17:03 [http-nio-8081-exec-1] WARN  b.s.impl.HouseCleaningServiceImpl - Could not extract room ID from booking details for booking ID 53
2025-04-12 23:17:03 [http-nio-8081-exec-1] WARN  b.s.impl.HouseCleaningServiceImpl - Could not extract room ID from booking details for booking ID 55
2025-04-12 23:17:03 [http-nio-8081-exec-1] WARN  b.s.impl.HouseCleaningServiceImpl - Could not extract room ID from booking details for booking ID 59
2025-04-12 23:17:03 [http-nio-8081-exec-1] WARN  b.s.impl.HouseCleaningServiceImpl - Could not extract room ID from booking details for booking ID 60
2025-04-12 23:17:03 [http-nio-8081-exec-1] WARN  b.s.impl.HouseCleaningServiceImpl - Could not extract room ID from booking details for booking ID 155
2025-04-12 23:17:03 [http-nio-8081-exec-1] WARN  b.s.impl.HouseCleaningServiceImpl - Could not extract room ID from booking details for booking ID 318
2025-04-12 23:17:03 [http-nio-8081-exec-1] WARN  b.s.impl.HouseCleaningServiceImpl - Could not extract room ID from booking details for booking ID 13
2025-04-12 23:17:03 [http-nio-8081-exec-1] WARN  b.s.impl.HouseCleaningServiceImpl - Could not extract room ID from booking details for booking ID 12
2025-04-12 23:17:03 [http-nio-8081-exec-1] WARN  b.s.impl.HouseCleaningServiceImpl - Could not extract room ID from booking details for booking ID 15
2025-04-12 23:17:03 [http-nio-8081-exec-1] WARN  b.s.impl.HouseCleaningServiceImpl - Could not extract room ID from booking details for booking ID 14
2025-04-12 23:17:03 [http-nio-8081-exec-1] WARN  b.s.impl.HouseCleaningServiceImpl - Could not extract room ID from booking details for booking ID 53
2025-04-12 23:17:03 [http-nio-8081-exec-1] WARN  b.s.impl.HouseCleaningServiceImpl - Could not extract room ID from booking details for booking ID 55
2025-04-12 23:17:03 [http-nio-8081-exec-1] WARN  b.s.impl.HouseCleaningServiceImpl - Could not extract room ID from booking details for booking ID 59
2025-04-12 23:17:03 [http-nio-8081-exec-1] WARN  b.s.impl.HouseCleaningServiceImpl - Could not extract room ID from booking details for booking ID 60
2025-04-12 23:17:03 [http-nio-8081-exec-1] WARN  b.s.impl.HouseCleaningServiceImpl - Could not extract room ID from booking details for booking ID 155
2025-04-12 23:17:03 [http-nio-8081-exec-1] WARN  b.s.impl.HouseCleaningServiceImpl - Could not extract room ID from booking details for booking ID 318
2025-04-12 23:17:03 [http-nio-8081-exec-1] INFO  b.s.impl.HouseCleaningServiceImpl - Room to booking map: {}
2025-04-12 23:17:03 [http-nio-8081-exec-1] WARN  b.s.impl.HouseCleaningServiceImpl - No booking ID found for room ID 421
2025-04-12 23:17:03 [http-nio-8081-exec-1] WARN  b.s.impl.HouseCleaningServiceImpl - No booking ID found for room ID 422
2025-04-12 23:17:03 [http-nio-8081-exec-1] WARN  b.s.impl.HouseCleaningServiceImpl - No booking ID found for room ID 433
2025-04-12 23:17:03 [http-nio-8081-exec-1] WARN  b.s.impl.HouseCleaningServiceImpl - No booking ID found for room ID 434
2025-04-12 23:17:03 [http-nio-8081-exec-1] WARN  b.s.impl.HouseCleaningServiceImpl - No booking ID found for room ID 439
2025-04-12 23:17:03 [http-nio-8081-exec-1] WARN  b.s.impl.HouseCleaningServiceImpl - No booking ID found for room ID 451
2025-04-12 23:17:03 [http-nio-8081-exec-1] WARN  b.s.impl.HouseCleaningServiceImpl - No booking ID found for room ID 452
2025-04-12 23:17:03 [http-nio-8081-exec-1] WARN  b.s.impl.HouseCleaningServiceImpl - No booking ID found for room ID 457
2025-04-12 23:17:03 [http-nio-8081-exec-1] WARN  b.s.impl.HouseCleaningServiceImpl - No booking ID found for room ID 464
2025-04-12 23:17:03 [http-nio-8081-exec-1] WARN  b.s.impl.HouseCleaningServiceImpl - No booking ID found for room ID 469
2025-04-12 23:17:03 [http-nio-8081-exec-1] WARN  b.s.impl.HouseCleaningServiceImpl - No booking ID found for room ID 470
2025-04-12 23:17:04 [http-nio-8081-exec-1] ERROR b.s.impl.HouseCleaningServiceImpl - Booking ID is still null for schedule ID 51 and room ID 421
2025-04-12 23:17:04 [http-nio-8081-exec-1] ERROR b.s.impl.HouseCleaningServiceImpl - Booking ID is still null for schedule ID 52 and room ID 422
2025-04-12 23:17:04 [http-nio-8081-exec-1] ERROR b.s.impl.HouseCleaningServiceImpl - Booking ID is still null for schedule ID 53 and room ID 433
2025-04-12 23:17:04 [http-nio-8081-exec-1] ERROR b.s.impl.HouseCleaningServiceImpl - Booking ID is still null for schedule ID 54 and room ID 434
2025-04-12 23:17:04 [http-nio-8081-exec-1] ERROR b.s.impl.HouseCleaningServiceImpl - Booking ID is still null for schedule ID 55 and room ID 439
2025-04-12 23:17:04 [http-nio-8081-exec-1] ERROR b.s.impl.HouseCleaningServiceImpl - Booking ID is still null for schedule ID 56 and room ID 451
2025-04-12 23:17:04 [http-nio-8081-exec-1] ERROR b.s.impl.HouseCleaningServiceImpl - Booking ID is still null for schedule ID 57 and room ID 452
2025-04-12 23:17:04 [http-nio-8081-exec-1] ERROR b.s.impl.HouseCleaningServiceImpl - Booking ID is still null for schedule ID 58 and room ID 457
2025-04-12 23:17:04 [http-nio-8081-exec-1] ERROR b.s.impl.HouseCleaningServiceImpl - Booking ID is still null for schedule ID 59 and room ID 464
2025-04-12 23:17:04 [http-nio-8081-exec-1] ERROR b.s.impl.HouseCleaningServiceImpl - Booking ID is still null for schedule ID 60 and room ID 469
2025-04-12 23:17:04 [http-nio-8081-exec-1] ERROR b.s.impl.HouseCleaningServiceImpl - Booking ID is still null for schedule ID 61 and room ID 470
2025-04-12 23:17:18 [http-nio-8081-exec-3] DEBUG o.s.security.web.FilterChainProxy - Securing POST /api/house-cleaning/assign-staff?date=2025-05-01&shift=MORNING_SHIFT
2025-04-12 23:17:18 [http-nio-8081-exec-3] DEBUG o.s.s.w.a.AnonymousAuthenticationFilter - Set SecurityContextHolder to anonymous SecurityContext
2025-04-12 23:17:18 [http-nio-8081-exec-3] DEBUG o.s.security.web.FilterChainProxy - Secured POST /api/house-cleaning/assign-staff?date=2025-05-01&shift=MORNING_SHIFT
2025-04-12 23:17:18 [http-nio-8081-exec-3] INFO  b.s.impl.HouseCleaningServiceImpl - Assigning staff to schedules for date: 2025-05-01 and shift: MORNING_SHIFT
2025-04-12 23:17:19 [http-nio-8081-exec-3] INFO  b.s.impl.HouseCleaningServiceImpl - Assigned staff 1 to room 421 at time 09:00 with cleaning type DAILY_CLEANING
2025-04-12 23:17:19 [http-nio-8081-exec-3] INFO  b.s.impl.HouseCleaningServiceImpl - Assigned staff 4 to room 422 at time 09:00 with cleaning type DAILY_CLEANING
2025-04-12 23:17:19 [http-nio-8081-exec-3] INFO  b.s.impl.HouseCleaningServiceImpl - Assigned staff 10 to room 433 at time 09:00 with cleaning type DAILY_CLEANING
2025-04-12 23:17:19 [http-nio-8081-exec-3] WARN  b.s.impl.HouseCleaningServiceImpl - Could not find available staff for room 434 at time 09:00
2025-04-12 23:17:19 [http-nio-8081-exec-3] WARN  b.s.impl.HouseCleaningServiceImpl - Could not find available staff for room 439 at time 09:00
2025-04-12 23:17:19 [http-nio-8081-exec-3] WARN  b.s.impl.HouseCleaningServiceImpl - Could not find available staff for room 451 at time 09:00
2025-04-12 23:17:19 [http-nio-8081-exec-3] WARN  b.s.impl.HouseCleaningServiceImpl - Could not find available staff for room 452 at time 09:00
2025-04-12 23:17:19 [http-nio-8081-exec-3] WARN  b.s.impl.HouseCleaningServiceImpl - Could not find available staff for room 457 at time 09:00
2025-04-12 23:17:19 [http-nio-8081-exec-3] WARN  b.s.impl.HouseCleaningServiceImpl - Could not find available staff for room 464 at time 09:00
2025-04-12 23:17:19 [http-nio-8081-exec-3] WARN  b.s.impl.HouseCleaningServiceImpl - Could not find available staff for room 469 at time 09:00
2025-04-12 23:17:19 [http-nio-8081-exec-3] WARN  b.s.impl.HouseCleaningServiceImpl - Could not find available staff for room 470 at time 09:00
2025-04-12 23:17:19 [http-nio-8081-exec-3] INFO  b.s.impl.HouseCleaningServiceImpl - Final assignment: Staff 1 to room 421 at time 09:00 with cleaning type DAILY_CLEANING
2025-04-12 23:17:19 [http-nio-8081-exec-3] INFO  b.s.impl.HouseCleaningServiceImpl - Final assignment: Staff 4 to room 422 at time 09:00 with cleaning type DAILY_CLEANING
2025-04-12 23:17:19 [http-nio-8081-exec-3] INFO  b.s.impl.HouseCleaningServiceImpl - Final assignment: Staff 10 to room 433 at time 09:00 with cleaning type DAILY_CLEANING
2025-04-12 23:17:19 [http-nio-8081-exec-3] WARN  b.s.impl.HouseCleaningServiceImpl - No staff assigned to room 434 at time 09:00
2025-04-12 23:17:19 [http-nio-8081-exec-3] WARN  b.s.impl.HouseCleaningServiceImpl - No staff assigned to room 439 at time 09:00
2025-04-12 23:17:19 [http-nio-8081-exec-3] WARN  b.s.impl.HouseCleaningServiceImpl - No staff assigned to room 451 at time 09:00
2025-04-12 23:17:19 [http-nio-8081-exec-3] WARN  b.s.impl.HouseCleaningServiceImpl - No staff assigned to room 452 at time 09:00
2025-04-12 23:17:19 [http-nio-8081-exec-3] WARN  b.s.impl.HouseCleaningServiceImpl - No staff assigned to room 457 at time 09:00
2025-04-12 23:17:19 [http-nio-8081-exec-3] WARN  b.s.impl.HouseCleaningServiceImpl - No staff assigned to room 464 at time 09:00
2025-04-12 23:17:19 [http-nio-8081-exec-3] WARN  b.s.impl.HouseCleaningServiceImpl - No staff assigned to room 469 at time 09:00
2025-04-12 23:17:19 [http-nio-8081-exec-3] WARN  b.s.impl.HouseCleaningServiceImpl - No staff assigned to room 470 at time 09:00
2025-04-12 23:19:11 [SpringApplicationShutdownHook] INFO  o.s.b.w.e.tomcat.GracefulShutdown - Commencing graceful shutdown. Waiting for active requests to complete
2025-04-12 23:19:11 [tomcat-shutdown] INFO  o.s.b.w.e.tomcat.GracefulShutdown - Graceful shutdown complete
2025-04-12 23:19:11 [SpringApplicationShutdownHook] INFO  o.s.o.j.LocalContainerEntityManagerFactoryBean - Closing JPA EntityManagerFactory for persistence unit 'default'
2025-04-12 23:19:11 [SpringApplicationShutdownHook] INFO  com.zaxxer.hikari.HikariDataSource - HikariPool-1 - Shutdown initiated...
2025-04-12 23:19:11 [SpringApplicationShutdownHook] INFO  com.zaxxer.hikari.HikariDataSource - HikariPool-1 - Shutdown completed.
2025-04-12 23:19:20 [main] INFO  backend.HotelBookingApplication - Starting HotelBookingApplication using Java 17.0.13 with PID 92151 (/Users/sukuna/Documents/coding/IBE/IBE-BE/KDU/target/classes started by sukuna in /Users/sukuna/Documents/coding/IBE/IBE-BE/KDU)
2025-04-12 23:19:20 [main] INFO  backend.HotelBookingApplication - The following 1 profile is active: "dev"
2025-04-12 23:19:21 [main] INFO  o.s.d.r.c.RepositoryConfigurationDelegate - Bootstrapping Spring Data JPA repositories in DEFAULT mode.
2025-04-12 23:19:21 [main] INFO  o.s.d.r.c.RepositoryConfigurationDelegate - Finished Spring Data repository scanning in 61 ms. Found 15 JPA repository interfaces.
2025-04-12 23:19:21 [main] INFO  o.s.b.w.e.tomcat.TomcatWebServer - Tomcat initialized with port 8081 (http)
2025-04-12 23:19:21 [main] INFO  o.a.coyote.http11.Http11NioProtocol - Initializing ProtocolHandler ["http-nio-8081"]
2025-04-12 23:19:21 [main] INFO  o.a.catalina.core.StandardService - Starting service [Tomcat]
2025-04-12 23:19:21 [main] INFO  o.a.catalina.core.StandardEngine - Starting Servlet engine: [Apache Tomcat/10.1.36]
2025-04-12 23:19:21 [main] INFO  o.a.c.c.C.[Tomcat].[localhost].[/] - Initializing Spring embedded WebApplicationContext
2025-04-12 23:19:21 [main] INFO  o.s.b.w.s.c.ServletWebServerApplicationContext - Root WebApplicationContext: initialization completed in 1547 ms
2025-04-12 23:19:21 [main] INFO  com.zaxxer.hikari.HikariDataSource - HikariPool-1 - Starting...
2025-04-12 23:19:27 [main] INFO  com.zaxxer.hikari.pool.HikariPool - HikariPool-1 - Added connection org.postgresql.jdbc.PgConnection@5e7e7a7e
2025-04-12 23:19:27 [main] INFO  com.zaxxer.hikari.HikariDataSource - HikariPool-1 - Start completed.
2025-04-12 23:19:27 [main] INFO  o.s.o.j.p.SpringPersistenceUnitInfo - No LoadTimeWeaver setup: ignoring JPA class transformer
2025-04-12 23:19:27 [main] WARN  org.hibernate.orm.deprecation - HHH90000025: PostgreSQLDialect does not need to be specified explicitly using 'hibernate.dialect' (remove the property setting and it will be selected by default)
2025-04-12 23:19:29 [main] WARN  o.h.t.s.i.ExceptionHandlerLoggedImpl - GenerationTarget encountered exception accepting command : Error executing DDL "alter table if exists room_cleaning_schedule alter column staff_id set data type bigint" via JDBC [ERROR: column "staff_id" cannot be cast automatically to type bigint
  Hint: You might need to specify "USING staff_id::bigint".]
org.hibernate.tool.schema.spi.CommandAcceptanceException: Error executing DDL "alter table if exists room_cleaning_schedule alter column staff_id set data type bigint" via JDBC [ERROR: column "staff_id" cannot be cast automatically to type bigint
  Hint: You might need to specify "USING staff_id::bigint".]
	at org.hibernate.tool.schema.internal.exec.GenerationTargetToDatabase.accept(GenerationTargetToDatabase.java:94)
	at org.hibernate.tool.schema.internal.AbstractSchemaMigrator.applySqlString(AbstractSchemaMigrator.java:576)
	at org.hibernate.tool.schema.internal.AbstractSchemaMigrator.applySqlStrings(AbstractSchemaMigrator.java:516)
	at org.hibernate.tool.schema.internal.AbstractSchemaMigrator.migrateTable(AbstractSchemaMigrator.java:334)
	at org.hibernate.tool.schema.internal.GroupedSchemaMigratorImpl.performTablesMigration(GroupedSchemaMigratorImpl.java:84)
	at org.hibernate.tool.schema.internal.AbstractSchemaMigrator.performMigration(AbstractSchemaMigrator.java:233)
	at org.hibernate.tool.schema.internal.AbstractSchemaMigrator.doMigration(AbstractSchemaMigrator.java:112)
	at org.hibernate.tool.schema.spi.SchemaManagementToolCoordinator.performDatabaseAction(SchemaManagementToolCoordinator.java:280)
	at org.hibernate.tool.schema.spi.SchemaManagementToolCoordinator.lambda$process$5(SchemaManagementToolCoordinator.java:144)
	at java.base/java.util.HashMap.forEach(HashMap.java:1421)
	at org.hibernate.tool.schema.spi.SchemaManagementToolCoordinator.process(SchemaManagementToolCoordinator.java:141)
	at org.hibernate.boot.internal.SessionFactoryObserverForSchemaExport.sessionFactoryCreated(SessionFactoryObserverForSchemaExport.java:37)
	at org.hibernate.internal.SessionFactoryObserverChain.sessionFactoryCreated(SessionFactoryObserverChain.java:35)
	at org.hibernate.internal.SessionFactoryImpl.<init>(SessionFactoryImpl.java:324)
	at org.hibernate.boot.internal.SessionFactoryBuilderImpl.build(SessionFactoryBuilderImpl.java:463)
	at org.hibernate.jpa.boot.internal.EntityManagerFactoryBuilderImpl.build(EntityManagerFactoryBuilderImpl.java:1517)
	at org.springframework.orm.jpa.vendor.SpringHibernateJpaPersistenceProvider.createContainerEntityManagerFactory(SpringHibernateJpaPersistenceProvider.java:66)
	at org.springframework.orm.jpa.LocalContainerEntityManagerFactoryBean.createNativeEntityManagerFactory(LocalContainerEntityManagerFactoryBean.java:390)
	at org.springframework.orm.jpa.AbstractEntityManagerFactoryBean.buildNativeEntityManagerFactory(AbstractEntityManagerFactoryBean.java:419)
	at org.springframework.orm.jpa.AbstractEntityManagerFactoryBean.afterPropertiesSet(AbstractEntityManagerFactoryBean.java:400)
	at org.springframework.orm.jpa.LocalContainerEntityManagerFactoryBean.afterPropertiesSet(LocalContainerEntityManagerFactoryBean.java:366)
	at org.springframework.beans.factory.support.AbstractAutowireCapableBeanFactory.invokeInitMethods(AbstractAutowireCapableBeanFactory.java:1859)
	at org.springframework.beans.factory.support.AbstractAutowireCapableBeanFactory.initializeBean(AbstractAutowireCapableBeanFactory.java:1808)
	at org.springframework.beans.factory.support.AbstractAutowireCapableBeanFactory.doCreateBean(AbstractAutowireCapableBeanFactory.java:601)
	at org.springframework.beans.factory.support.AbstractAutowireCapableBeanFactory.createBean(AbstractAutowireCapableBeanFactory.java:523)
	at org.springframework.beans.factory.support.AbstractBeanFactory.lambda$doGetBean$0(AbstractBeanFactory.java:339)
	at org.springframework.beans.factory.support.DefaultSingletonBeanRegistry.getSingleton(DefaultSingletonBeanRegistry.java:346)
	at org.springframework.beans.factory.support.AbstractBeanFactory.doGetBean(AbstractBeanFactory.java:337)
	at org.springframework.beans.factory.support.AbstractBeanFactory.getBean(AbstractBeanFactory.java:207)
	at org.springframework.context.support.AbstractApplicationContext.finishBeanFactoryInitialization(AbstractApplicationContext.java:970)
	at org.springframework.context.support.AbstractApplicationContext.refresh(AbstractApplicationContext.java:627)
	at org.springframework.boot.web.servlet.context.ServletWebServerApplicationContext.refresh(ServletWebServerApplicationContext.java:146)
	at org.springframework.boot.SpringApplication.refresh(SpringApplication.java:752)
	at org.springframework.boot.SpringApplication.refreshContext(SpringApplication.java:439)
	at org.springframework.boot.SpringApplication.run(SpringApplication.java:318)
	at org.springframework.boot.SpringApplication.run(SpringApplication.java:1361)
	at org.springframework.boot.SpringApplication.run(SpringApplication.java:1350)
	at backend.HotelBookingApplication.main(HotelBookingApplication.java:15)
Caused by: org.postgresql.util.PSQLException: ERROR: column "staff_id" cannot be cast automatically to type bigint
  Hint: You might need to specify "USING staff_id::bigint".
	at org.postgresql.core.v3.QueryExecutorImpl.receiveErrorResponse(QueryExecutorImpl.java:2733)
	at org.postgresql.core.v3.QueryExecutorImpl.processResults(QueryExecutorImpl.java:2420)
	at org.postgresql.core.v3.QueryExecutorImpl.execute(QueryExecutorImpl.java:372)
	at org.postgresql.jdbc.PgStatement.executeInternal(PgStatement.java:517)
	at org.postgresql.jdbc.PgStatement.execute(PgStatement.java:434)
	at org.postgresql.jdbc.PgStatement.executeWithFlags(PgStatement.java:356)
	at org.postgresql.jdbc.PgStatement.executeCachedSql(PgStatement.java:341)
	at org.postgresql.jdbc.PgStatement.executeWithFlags(PgStatement.java:317)
	at org.postgresql.jdbc.PgStatement.execute(PgStatement.java:312)
	at com.zaxxer.hikari.pool.ProxyStatement.execute(ProxyStatement.java:94)
	at com.zaxxer.hikari.pool.HikariProxyStatement.execute(HikariProxyStatement.java)
	at org.hibernate.tool.schema.internal.exec.GenerationTargetToDatabase.accept(GenerationTargetToDatabase.java:80)
	... 37 common frames omitted
2025-04-12 23:19:30 [main] WARN  o.h.t.s.i.ExceptionHandlerLoggedImpl - GenerationTarget encountered exception accepting command : Error executing DDL "alter table if exists staff_room_map alter column staff_id set data type bigint" via JDBC [ERROR: column "staff_id" cannot be cast automatically to type bigint
  Hint: You might need to specify "USING staff_id::bigint".]
org.hibernate.tool.schema.spi.CommandAcceptanceException: Error executing DDL "alter table if exists staff_room_map alter column staff_id set data type bigint" via JDBC [ERROR: column "staff_id" cannot be cast automatically to type bigint
  Hint: You might need to specify "USING staff_id::bigint".]
	at org.hibernate.tool.schema.internal.exec.GenerationTargetToDatabase.accept(GenerationTargetToDatabase.java:94)
	at org.hibernate.tool.schema.internal.AbstractSchemaMigrator.applySqlString(AbstractSchemaMigrator.java:576)
	at org.hibernate.tool.schema.internal.AbstractSchemaMigrator.applySqlStrings(AbstractSchemaMigrator.java:516)
	at org.hibernate.tool.schema.internal.AbstractSchemaMigrator.migrateTable(AbstractSchemaMigrator.java:334)
	at org.hibernate.tool.schema.internal.GroupedSchemaMigratorImpl.performTablesMigration(GroupedSchemaMigratorImpl.java:84)
	at org.hibernate.tool.schema.internal.AbstractSchemaMigrator.performMigration(AbstractSchemaMigrator.java:233)
	at org.hibernate.tool.schema.internal.AbstractSchemaMigrator.doMigration(AbstractSchemaMigrator.java:112)
	at org.hibernate.tool.schema.spi.SchemaManagementToolCoordinator.performDatabaseAction(SchemaManagementToolCoordinator.java:280)
	at org.hibernate.tool.schema.spi.SchemaManagementToolCoordinator.lambda$process$5(SchemaManagementToolCoordinator.java:144)
	at java.base/java.util.HashMap.forEach(HashMap.java:1421)
	at org.hibernate.tool.schema.spi.SchemaManagementToolCoordinator.process(SchemaManagementToolCoordinator.java:141)
	at org.hibernate.boot.internal.SessionFactoryObserverForSchemaExport.sessionFactoryCreated(SessionFactoryObserverForSchemaExport.java:37)
	at org.hibernate.internal.SessionFactoryObserverChain.sessionFactoryCreated(SessionFactoryObserverChain.java:35)
	at org.hibernate.internal.SessionFactoryImpl.<init>(SessionFactoryImpl.java:324)
	at org.hibernate.boot.internal.SessionFactoryBuilderImpl.build(SessionFactoryBuilderImpl.java:463)
	at org.hibernate.jpa.boot.internal.EntityManagerFactoryBuilderImpl.build(EntityManagerFactoryBuilderImpl.java:1517)
	at org.springframework.orm.jpa.vendor.SpringHibernateJpaPersistenceProvider.createContainerEntityManagerFactory(SpringHibernateJpaPersistenceProvider.java:66)
	at org.springframework.orm.jpa.LocalContainerEntityManagerFactoryBean.createNativeEntityManagerFactory(LocalContainerEntityManagerFactoryBean.java:390)
	at org.springframework.orm.jpa.AbstractEntityManagerFactoryBean.buildNativeEntityManagerFactory(AbstractEntityManagerFactoryBean.java:419)
	at org.springframework.orm.jpa.AbstractEntityManagerFactoryBean.afterPropertiesSet(AbstractEntityManagerFactoryBean.java:400)
	at org.springframework.orm.jpa.LocalContainerEntityManagerFactoryBean.afterPropertiesSet(LocalContainerEntityManagerFactoryBean.java:366)
	at org.springframework.beans.factory.support.AbstractAutowireCapableBeanFactory.invokeInitMethods(AbstractAutowireCapableBeanFactory.java:1859)
	at org.springframework.beans.factory.support.AbstractAutowireCapableBeanFactory.initializeBean(AbstractAutowireCapableBeanFactory.java:1808)
	at org.springframework.beans.factory.support.AbstractAutowireCapableBeanFactory.doCreateBean(AbstractAutowireCapableBeanFactory.java:601)
	at org.springframework.beans.factory.support.AbstractAutowireCapableBeanFactory.createBean(AbstractAutowireCapableBeanFactory.java:523)
	at org.springframework.beans.factory.support.AbstractBeanFactory.lambda$doGetBean$0(AbstractBeanFactory.java:339)
	at org.springframework.beans.factory.support.DefaultSingletonBeanRegistry.getSingleton(DefaultSingletonBeanRegistry.java:346)
	at org.springframework.beans.factory.support.AbstractBeanFactory.doGetBean(AbstractBeanFactory.java:337)
	at org.springframework.beans.factory.support.AbstractBeanFactory.getBean(AbstractBeanFactory.java:207)
	at org.springframework.context.support.AbstractApplicationContext.finishBeanFactoryInitialization(AbstractApplicationContext.java:970)
	at org.springframework.context.support.AbstractApplicationContext.refresh(AbstractApplicationContext.java:627)
	at org.springframework.boot.web.servlet.context.ServletWebServerApplicationContext.refresh(ServletWebServerApplicationContext.java:146)
	at org.springframework.boot.SpringApplication.refresh(SpringApplication.java:752)
	at org.springframework.boot.SpringApplication.refreshContext(SpringApplication.java:439)
	at org.springframework.boot.SpringApplication.run(SpringApplication.java:318)
	at org.springframework.boot.SpringApplication.run(SpringApplication.java:1361)
	at org.springframework.boot.SpringApplication.run(SpringApplication.java:1350)
	at backend.HotelBookingApplication.main(HotelBookingApplication.java:15)
Caused by: org.postgresql.util.PSQLException: ERROR: column "staff_id" cannot be cast automatically to type bigint
  Hint: You might need to specify "USING staff_id::bigint".
	at org.postgresql.core.v3.QueryExecutorImpl.receiveErrorResponse(QueryExecutorImpl.java:2733)
	at org.postgresql.core.v3.QueryExecutorImpl.processResults(QueryExecutorImpl.java:2420)
	at org.postgresql.core.v3.QueryExecutorImpl.execute(QueryExecutorImpl.java:372)
	at org.postgresql.jdbc.PgStatement.executeInternal(PgStatement.java:517)
	at org.postgresql.jdbc.PgStatement.execute(PgStatement.java:434)
	at org.postgresql.jdbc.PgStatement.executeWithFlags(PgStatement.java:356)
	at org.postgresql.jdbc.PgStatement.executeCachedSql(PgStatement.java:341)
	at org.postgresql.jdbc.PgStatement.executeWithFlags(PgStatement.java:317)
	at org.postgresql.jdbc.PgStatement.execute(PgStatement.java:312)
	at com.zaxxer.hikari.pool.ProxyStatement.execute(ProxyStatement.java:94)
	at com.zaxxer.hikari.pool.HikariProxyStatement.execute(HikariProxyStatement.java)
	at org.hibernate.tool.schema.internal.exec.GenerationTargetToDatabase.accept(GenerationTargetToDatabase.java:80)
	... 37 common frames omitted
2025-04-12 23:19:30 [main] WARN  o.h.t.s.i.ExceptionHandlerLoggedImpl - GenerationTarget encountered exception accepting command : Error executing DDL "alter table if exists staff_room_map add constraint FKyd20ehofj2axxe92vl67pqvx foreign key (staff_id) references staff" via JDBC [ERROR: foreign key constraint "fkyd20ehofj2axxe92vl67pqvx" cannot be implemented
  Detail: Key columns "staff_id" and "staff_id" are of incompatible types: character varying and bigint.]
org.hibernate.tool.schema.spi.CommandAcceptanceException: Error executing DDL "alter table if exists staff_room_map add constraint FKyd20ehofj2axxe92vl67pqvx foreign key (staff_id) references staff" via JDBC [ERROR: foreign key constraint "fkyd20ehofj2axxe92vl67pqvx" cannot be implemented
  Detail: Key columns "staff_id" and "staff_id" are of incompatible types: character varying and bigint.]
	at org.hibernate.tool.schema.internal.exec.GenerationTargetToDatabase.accept(GenerationTargetToDatabase.java:94)
	at org.hibernate.tool.schema.internal.AbstractSchemaMigrator.applySqlString(AbstractSchemaMigrator.java:576)
	at org.hibernate.tool.schema.internal.AbstractSchemaMigrator.applySqlStrings(AbstractSchemaMigrator.java:516)
	at org.hibernate.tool.schema.internal.AbstractSchemaMigrator.applyForeignKeys(AbstractSchemaMigrator.java:448)
	at org.hibernate.tool.schema.internal.AbstractSchemaMigrator.performMigration(AbstractSchemaMigrator.java:269)
	at org.hibernate.tool.schema.internal.AbstractSchemaMigrator.doMigration(AbstractSchemaMigrator.java:112)
	at org.hibernate.tool.schema.spi.SchemaManagementToolCoordinator.performDatabaseAction(SchemaManagementToolCoordinator.java:280)
	at org.hibernate.tool.schema.spi.SchemaManagementToolCoordinator.lambda$process$5(SchemaManagementToolCoordinator.java:144)
	at java.base/java.util.HashMap.forEach(HashMap.java:1421)
	at org.hibernate.tool.schema.spi.SchemaManagementToolCoordinator.process(SchemaManagementToolCoordinator.java:141)
	at org.hibernate.boot.internal.SessionFactoryObserverForSchemaExport.sessionFactoryCreated(SessionFactoryObserverForSchemaExport.java:37)
	at org.hibernate.internal.SessionFactoryObserverChain.sessionFactoryCreated(SessionFactoryObserverChain.java:35)
	at org.hibernate.internal.SessionFactoryImpl.<init>(SessionFactoryImpl.java:324)
	at org.hibernate.boot.internal.SessionFactoryBuilderImpl.build(SessionFactoryBuilderImpl.java:463)
	at org.hibernate.jpa.boot.internal.EntityManagerFactoryBuilderImpl.build(EntityManagerFactoryBuilderImpl.java:1517)
	at org.springframework.orm.jpa.vendor.SpringHibernateJpaPersistenceProvider.createContainerEntityManagerFactory(SpringHibernateJpaPersistenceProvider.java:66)
	at org.springframework.orm.jpa.LocalContainerEntityManagerFactoryBean.createNativeEntityManagerFactory(LocalContainerEntityManagerFactoryBean.java:390)
	at org.springframework.orm.jpa.AbstractEntityManagerFactoryBean.buildNativeEntityManagerFactory(AbstractEntityManagerFactoryBean.java:419)
	at org.springframework.orm.jpa.AbstractEntityManagerFactoryBean.afterPropertiesSet(AbstractEntityManagerFactoryBean.java:400)
	at org.springframework.orm.jpa.LocalContainerEntityManagerFactoryBean.afterPropertiesSet(LocalContainerEntityManagerFactoryBean.java:366)
	at org.springframework.beans.factory.support.AbstractAutowireCapableBeanFactory.invokeInitMethods(AbstractAutowireCapableBeanFactory.java:1859)
	at org.springframework.beans.factory.support.AbstractAutowireCapableBeanFactory.initializeBean(AbstractAutowireCapableBeanFactory.java:1808)
	at org.springframework.beans.factory.support.AbstractAutowireCapableBeanFactory.doCreateBean(AbstractAutowireCapableBeanFactory.java:601)
	at org.springframework.beans.factory.support.AbstractAutowireCapableBeanFactory.createBean(AbstractAutowireCapableBeanFactory.java:523)
	at org.springframework.beans.factory.support.AbstractBeanFactory.lambda$doGetBean$0(AbstractBeanFactory.java:339)
	at org.springframework.beans.factory.support.DefaultSingletonBeanRegistry.getSingleton(DefaultSingletonBeanRegistry.java:346)
	at org.springframework.beans.factory.support.AbstractBeanFactory.doGetBean(AbstractBeanFactory.java:337)
	at org.springframework.beans.factory.support.AbstractBeanFactory.getBean(AbstractBeanFactory.java:207)
	at org.springframework.context.support.AbstractApplicationContext.finishBeanFactoryInitialization(AbstractApplicationContext.java:970)
	at org.springframework.context.support.AbstractApplicationContext.refresh(AbstractApplicationContext.java:627)
	at org.springframework.boot.web.servlet.context.ServletWebServerApplicationContext.refresh(ServletWebServerApplicationContext.java:146)
	at org.springframework.boot.SpringApplication.refresh(SpringApplication.java:752)
	at org.springframework.boot.SpringApplication.refreshContext(SpringApplication.java:439)
	at org.springframework.boot.SpringApplication.run(SpringApplication.java:318)
	at org.springframework.boot.SpringApplication.run(SpringApplication.java:1361)
	at org.springframework.boot.SpringApplication.run(SpringApplication.java:1350)
	at backend.HotelBookingApplication.main(HotelBookingApplication.java:15)
Caused by: org.postgresql.util.PSQLException: ERROR: foreign key constraint "fkyd20ehofj2axxe92vl67pqvx" cannot be implemented
  Detail: Key columns "staff_id" and "staff_id" are of incompatible types: character varying and bigint.
	at org.postgresql.core.v3.QueryExecutorImpl.receiveErrorResponse(QueryExecutorImpl.java:2733)
	at org.postgresql.core.v3.QueryExecutorImpl.processResults(QueryExecutorImpl.java:2420)
	at org.postgresql.core.v3.QueryExecutorImpl.execute(QueryExecutorImpl.java:372)
	at org.postgresql.jdbc.PgStatement.executeInternal(PgStatement.java:517)
	at org.postgresql.jdbc.PgStatement.execute(PgStatement.java:434)
	at org.postgresql.jdbc.PgStatement.executeWithFlags(PgStatement.java:356)
	at org.postgresql.jdbc.PgStatement.executeCachedSql(PgStatement.java:341)
	at org.postgresql.jdbc.PgStatement.executeWithFlags(PgStatement.java:317)
	at org.postgresql.jdbc.PgStatement.execute(PgStatement.java:312)
	at com.zaxxer.hikari.pool.ProxyStatement.execute(ProxyStatement.java:94)
	at com.zaxxer.hikari.pool.HikariProxyStatement.execute(HikariProxyStatement.java)
	at org.hibernate.tool.schema.internal.exec.GenerationTargetToDatabase.accept(GenerationTargetToDatabase.java:80)
	... 36 common frames omitted
2025-04-12 23:19:30 [main] INFO  o.s.o.j.LocalContainerEntityManagerFactoryBean - Initialized JPA EntityManagerFactory for persistence unit 'default'
2025-04-12 23:19:30 [main] INFO  backend.config.CorsConfig - CORS Configuration Loaded!
2025-04-12 23:19:30 [main] DEBUG o.s.c.e.PropertySourcesPropertyResolver - Found key 'spring.security.oauth2.resourceserver.jwt.issuer-uri' in PropertySource 'environmentProperties' with value of type String
2025-04-12 23:19:31 [main] INFO  o.s.d.j.r.query.QueryEnhancerFactory - Hibernate is in classpath; If applicable, HQL parser will be used.
2025-04-12 23:19:31 [main] DEBUG o.s.c.e.PropertySourcesPropertyResolver - Found key 'graphql.endpoint' in PropertySource 'environmentProperties' with value of type String
2025-04-12 23:19:31 [main] DEBUG o.s.c.e.PropertySourcesPropertyResolver - Found key 'graphql.api-key' in PropertySource 'environmentProperties' with value of type String
2025-04-12 23:19:31 [main] DEBUG o.s.c.e.PropertySourcesPropertyResolver - Found key 'graphql.api.key' in PropertySource 'environmentProperties' with value of type String
2025-04-12 23:19:31 [main] DEBUG o.s.c.e.PropertySourcesPropertyResolver - Found key 'graphql.url' in PropertySource 'environmentProperties' with value of type String
2025-04-12 23:19:31 [main] DEBUG o.s.c.e.PropertySourcesPropertyResolver - Found key 'spring.mail.username' in PropertySource 'environmentProperties' with value of type String
2025-04-12 23:19:31 [main] DEBUG o.s.c.e.PropertySourcesPropertyResolver - Found key 'otp.expiry.minutes' in PropertySource 'environmentProperties' with value of type String
2025-04-12 23:19:31 [main] DEBUG o.s.c.e.PropertySourcesPropertyResolver - Found key 'otp.max.attempts' in PropertySource 'environmentProperties' with value of type String
2025-04-12 23:19:31 [main] DEBUG o.s.c.e.PropertySourcesPropertyResolver - Found key 'graphql.endpoint' in PropertySource 'environmentProperties' with value of type String
2025-04-12 23:19:31 [main] DEBUG o.s.c.e.PropertySourcesPropertyResolver - Found key 'graphql.api-key' in PropertySource 'environmentProperties' with value of type String
2025-04-12 23:19:31 [main] DEBUG o.s.c.e.PropertySourcesPropertyResolver - Found key 'graphql.api.key' in PropertySource 'environmentProperties' with value of type String
2025-04-12 23:19:31 [main] DEBUG o.s.c.e.PropertySourcesPropertyResolver - Found key 'graphql.url' in PropertySource 'environmentProperties' with value of type String
2025-04-12 23:19:31 [main] DEBUG o.s.c.e.PropertySourcesPropertyResolver - Found key 'graphql.endpoint' in PropertySource 'environmentProperties' with value of type String
2025-04-12 23:19:31 [main] DEBUG o.s.c.e.PropertySourcesPropertyResolver - Found key 'graphql.api-key' in PropertySource 'environmentProperties' with value of type String
2025-04-12 23:19:31 [main] DEBUG o.s.c.e.PropertySourcesPropertyResolver - Found key 'graphql.endpoint' in PropertySource 'environmentProperties' with value of type String
2025-04-12 23:19:31 [main] DEBUG o.s.c.e.PropertySourcesPropertyResolver - Found key 'graphql.apiKey' in PropertySource 'environmentProperties' with value of type String
2025-04-12 23:19:31 [main] DEBUG o.s.c.e.PropertySourcesPropertyResolver - Found key 'graphql.endpoint' in PropertySource 'environmentProperties' with value of type String
2025-04-12 23:19:31 [main] DEBUG o.s.c.e.PropertySourcesPropertyResolver - Found key 'graphql.apiKey' in PropertySource 'environmentProperties' with value of type String
2025-04-12 23:19:31 [main] DEBUG o.s.c.e.PropertySourcesPropertyResolver - Found key 'api.base.url' in PropertySource 'environmentProperties' with value of type String
2025-04-12 23:19:31 [main] WARN  o.s.b.a.o.j.JpaBaseConfiguration$JpaWebConfiguration - spring.jpa.open-in-view is enabled by default. Therefore, database queries may be performed during view rendering. Explicitly configure spring.jpa.open-in-view to disable this warning
2025-04-12 23:19:31 [main] INFO  backend.config.CorsConfig - Applying CORS settings...
2025-04-12 23:19:32 [main] DEBUG o.s.s.c.a.a.c.AuthenticationConfiguration$DefaultPasswordEncoderAuthenticationManagerBuilder - No authenticationProviders and no parentAuthenticationManager defined. Returning null.
2025-04-12 23:19:32 [main] INFO  o.s.b.a.e.web.EndpointLinksResolver - Exposing 2 endpoints beneath base path '/actuator'
2025-04-12 23:19:32 [main] INFO  backend.config.SecurityConfig - Configuring security filter chain...
2025-04-12 23:19:32 [main] INFO  backend.config.SecurityConfig - Using issuer URI: https://cognito-idp.ap-south-1.amazonaws.com/ap-south-1_IGHZ9OObg
2025-04-12 23:19:32 [main] INFO  backend.config.SecurityConfig - Configuring authorization rules...
2025-04-12 23:19:32 [main] INFO  backend.config.SecurityConfig - Configuring OAuth2 resource server...
2025-04-12 23:19:32 [main] INFO  backend.config.SecurityConfig - Configuring JWT...
2025-04-12 23:19:32 [main] INFO  backend.config.SecurityConfig - Creating JWT decoder with issuer URI: https://cognito-idp.ap-south-1.amazonaws.com/ap-south-1_IGHZ9OObg
2025-04-12 23:19:32 [main] INFO  backend.config.SecurityConfig - Configuring session management...
2025-04-12 23:19:32 [main] DEBUG o.s.s.web.DefaultSecurityFilterChain - Will secure any request with filters: DisableEncodeUrlFilter, WebAsyncManagerIntegrationFilter, SecurityContextHolderFilter, HeaderWriterFilter, LogoutFilter, BearerTokenAuthenticationFilter, RequestCacheAwareFilter, SecurityContextHolderAwareRequestFilter, AnonymousAuthenticationFilter, SessionManagementFilter, ExceptionTranslationFilter, AuthorizationFilter
2025-04-12 23:19:33 [main] INFO  o.a.coyote.http11.Http11NioProtocol - Starting ProtocolHandler ["http-nio-8081"]
2025-04-12 23:19:33 [main] INFO  o.s.b.w.e.tomcat.TomcatWebServer - Tomcat started on port 8081 (http) with context path '/'
2025-04-12 23:19:33 [main] INFO  backend.HotelBookingApplication - Started HotelBookingApplication in 14.013 seconds (process running for 14.476)
2025-04-12 23:19:45 [http-nio-8081-exec-1] INFO  o.a.c.c.C.[Tomcat].[localhost].[/] - Initializing Spring DispatcherServlet 'dispatcherServlet'
2025-04-12 23:19:45 [http-nio-8081-exec-1] INFO  o.s.web.servlet.DispatcherServlet - Initializing Servlet 'dispatcherServlet'
2025-04-12 23:19:45 [http-nio-8081-exec-1] INFO  o.s.web.servlet.DispatcherServlet - Completed initialization in 13 ms
2025-04-12 23:19:45 [http-nio-8081-exec-1] DEBUG o.s.security.web.FilterChainProxy - Securing POST /api/house-cleaning/assign-staff?date=2025-05-01&shift=MORNING_SHIFT
2025-04-12 23:19:45 [http-nio-8081-exec-1] DEBUG o.s.s.w.a.AnonymousAuthenticationFilter - Set SecurityContextHolder to anonymous SecurityContext
2025-04-12 23:19:45 [http-nio-8081-exec-1] DEBUG o.s.security.web.FilterChainProxy - Secured POST /api/house-cleaning/assign-staff?date=2025-05-01&shift=MORNING_SHIFT
2025-04-12 23:19:45 [http-nio-8081-exec-1] INFO  b.s.impl.HouseCleaningServiceImpl - Assigning staff to schedules for date: 2025-05-01 and shift: MORNING_SHIFT
2025-04-12 23:19:46 [http-nio-8081-exec-1] INFO  b.s.impl.HouseCleaningServiceImpl - Assigned staff 1 to room 434 at time 09:00 with cleaning type DAILY_CLEANING
2025-04-12 23:19:46 [http-nio-8081-exec-1] INFO  b.s.impl.HouseCleaningServiceImpl - Assigned staff 4 to room 439 at time 09:00 with cleaning type DAILY_CLEANING
2025-04-12 23:19:46 [http-nio-8081-exec-1] INFO  b.s.impl.HouseCleaningServiceImpl - Assigned staff 10 to room 451 at time 09:00 with cleaning type DAILY_CLEANING
2025-04-12 23:19:46 [http-nio-8081-exec-1] WARN  b.s.impl.HouseCleaningServiceImpl - Could not find available staff for room 452 at time 09:00
2025-04-12 23:19:46 [http-nio-8081-exec-1] WARN  b.s.impl.HouseCleaningServiceImpl - Could not find available staff for room 457 at time 09:00
2025-04-12 23:19:46 [http-nio-8081-exec-1] WARN  b.s.impl.HouseCleaningServiceImpl - Could not find available staff for room 464 at time 09:00
2025-04-12 23:19:46 [http-nio-8081-exec-1] WARN  b.s.impl.HouseCleaningServiceImpl - Could not find available staff for room 469 at time 09:00
2025-04-12 23:19:46 [http-nio-8081-exec-1] WARN  b.s.impl.HouseCleaningServiceImpl - Could not find available staff for room 470 at time 09:00
2025-04-12 23:19:46 [http-nio-8081-exec-1] WARN  b.s.impl.HouseCleaningServiceImpl - Could not find available staff for room 421 at time 09:00
2025-04-12 23:19:46 [http-nio-8081-exec-1] WARN  b.s.impl.HouseCleaningServiceImpl - Could not find available staff for room 422 at time 09:00
2025-04-12 23:19:46 [http-nio-8081-exec-1] WARN  b.s.impl.HouseCleaningServiceImpl - Could not find available staff for room 433 at time 09:00
2025-04-12 23:19:46 [http-nio-8081-exec-1] INFO  b.s.impl.HouseCleaningServiceImpl - Final assignment: Staff 1 to room 434 at time 09:00 with cleaning type DAILY_CLEANING
2025-04-12 23:19:46 [http-nio-8081-exec-1] INFO  b.s.impl.HouseCleaningServiceImpl - Final assignment: Staff 4 to room 439 at time 09:00 with cleaning type DAILY_CLEANING
2025-04-12 23:19:46 [http-nio-8081-exec-1] INFO  b.s.impl.HouseCleaningServiceImpl - Final assignment: Staff 10 to room 451 at time 09:00 with cleaning type DAILY_CLEANING
2025-04-12 23:19:46 [http-nio-8081-exec-1] WARN  b.s.impl.HouseCleaningServiceImpl - No staff assigned to room 452 at time 09:00
2025-04-12 23:19:46 [http-nio-8081-exec-1] WARN  b.s.impl.HouseCleaningServiceImpl - No staff assigned to room 457 at time 09:00
2025-04-12 23:19:46 [http-nio-8081-exec-1] WARN  b.s.impl.HouseCleaningServiceImpl - No staff assigned to room 464 at time 09:00
2025-04-12 23:19:46 [http-nio-8081-exec-1] WARN  b.s.impl.HouseCleaningServiceImpl - No staff assigned to room 469 at time 09:00
2025-04-12 23:19:46 [http-nio-8081-exec-1] WARN  b.s.impl.HouseCleaningServiceImpl - No staff assigned to room 470 at time 09:00
2025-04-12 23:19:46 [http-nio-8081-exec-1] INFO  b.s.impl.HouseCleaningServiceImpl - Final assignment: Staff 1 to room 421 at time 09:00 with cleaning type DAILY_CLEANING
2025-04-12 23:19:46 [http-nio-8081-exec-1] INFO  b.s.impl.HouseCleaningServiceImpl - Final assignment: Staff 4 to room 422 at time 09:00 with cleaning type DAILY_CLEANING
2025-04-12 23:19:46 [http-nio-8081-exec-1] INFO  b.s.impl.HouseCleaningServiceImpl - Final assignment: Staff 10 to room 433 at time 09:00 with cleaning type DAILY_CLEANING
2025-04-12 23:19:53 [SpringApplicationShutdownHook] INFO  o.s.b.w.e.tomcat.GracefulShutdown - Commencing graceful shutdown. Waiting for active requests to complete
2025-04-12 23:19:53 [tomcat-shutdown] INFO  o.s.b.w.e.tomcat.GracefulShutdown - Graceful shutdown complete
2025-04-12 23:19:54 [SpringApplicationShutdownHook] INFO  o.s.o.j.LocalContainerEntityManagerFactoryBean - Closing JPA EntityManagerFactory for persistence unit 'default'
2025-04-12 23:19:54 [SpringApplicationShutdownHook] INFO  com.zaxxer.hikari.HikariDataSource - HikariPool-1 - Shutdown initiated...
2025-04-12 23:19:54 [SpringApplicationShutdownHook] INFO  com.zaxxer.hikari.HikariDataSource - HikariPool-1 - Shutdown completed.
2025-04-12 23:19:58 [main] INFO  backend.HotelBookingApplication - Starting HotelBookingApplication using Java 17.0.13 with PID 92179 (/Users/sukuna/Documents/coding/IBE/IBE-BE/KDU/target/classes started by sukuna in /Users/sukuna/Documents/coding/IBE/IBE-BE/KDU)
2025-04-12 23:19:58 [main] INFO  backend.HotelBookingApplication - The following 1 profile is active: "dev"
2025-04-12 23:19:59 [main] INFO  o.s.d.r.c.RepositoryConfigurationDelegate - Bootstrapping Spring Data JPA repositories in DEFAULT mode.
2025-04-12 23:19:59 [main] INFO  o.s.d.r.c.RepositoryConfigurationDelegate - Finished Spring Data repository scanning in 58 ms. Found 15 JPA repository interfaces.
2025-04-12 23:19:59 [main] INFO  o.s.b.w.e.tomcat.TomcatWebServer - Tomcat initialized with port 8081 (http)
2025-04-12 23:20:00 [main] INFO  o.a.coyote.http11.Http11NioProtocol - Initializing ProtocolHandler ["http-nio-8081"]
2025-04-12 23:20:00 [main] INFO  o.a.catalina.core.StandardService - Starting service [Tomcat]
2025-04-12 23:20:00 [main] INFO  o.a.catalina.core.StandardEngine - Starting Servlet engine: [Apache Tomcat/10.1.36]
2025-04-12 23:20:00 [main] INFO  o.a.c.c.C.[Tomcat].[localhost].[/] - Initializing Spring embedded WebApplicationContext
2025-04-12 23:20:00 [main] INFO  o.s.b.w.s.c.ServletWebServerApplicationContext - Root WebApplicationContext: initialization completed in 1800 ms
2025-04-12 23:20:00 [main] INFO  com.zaxxer.hikari.HikariDataSource - HikariPool-1 - Starting...
2025-04-12 23:20:05 [main] INFO  com.zaxxer.hikari.pool.HikariPool - HikariPool-1 - Added connection org.postgresql.jdbc.PgConnection@1191029d
2025-04-12 23:20:05 [main] INFO  com.zaxxer.hikari.HikariDataSource - HikariPool-1 - Start completed.
2025-04-12 23:20:06 [main] INFO  o.s.o.j.p.SpringPersistenceUnitInfo - No LoadTimeWeaver setup: ignoring JPA class transformer
2025-04-12 23:20:06 [main] WARN  org.hibernate.orm.deprecation - HHH90000025: PostgreSQLDialect does not need to be specified explicitly using 'hibernate.dialect' (remove the property setting and it will be selected by default)
2025-04-12 23:20:07 [main] WARN  o.h.t.s.i.ExceptionHandlerLoggedImpl - GenerationTarget encountered exception accepting command : Error executing DDL "alter table if exists room_cleaning_schedule alter column staff_id set data type bigint" via JDBC [ERROR: column "staff_id" cannot be cast automatically to type bigint
  Hint: You might need to specify "USING staff_id::bigint".]
org.hibernate.tool.schema.spi.CommandAcceptanceException: Error executing DDL "alter table if exists room_cleaning_schedule alter column staff_id set data type bigint" via JDBC [ERROR: column "staff_id" cannot be cast automatically to type bigint
  Hint: You might need to specify "USING staff_id::bigint".]
	at org.hibernate.tool.schema.internal.exec.GenerationTargetToDatabase.accept(GenerationTargetToDatabase.java:94)
	at org.hibernate.tool.schema.internal.AbstractSchemaMigrator.applySqlString(AbstractSchemaMigrator.java:576)
	at org.hibernate.tool.schema.internal.AbstractSchemaMigrator.applySqlStrings(AbstractSchemaMigrator.java:516)
	at org.hibernate.tool.schema.internal.AbstractSchemaMigrator.migrateTable(AbstractSchemaMigrator.java:334)
	at org.hibernate.tool.schema.internal.GroupedSchemaMigratorImpl.performTablesMigration(GroupedSchemaMigratorImpl.java:84)
	at org.hibernate.tool.schema.internal.AbstractSchemaMigrator.performMigration(AbstractSchemaMigrator.java:233)
	at org.hibernate.tool.schema.internal.AbstractSchemaMigrator.doMigration(AbstractSchemaMigrator.java:112)
	at org.hibernate.tool.schema.spi.SchemaManagementToolCoordinator.performDatabaseAction(SchemaManagementToolCoordinator.java:280)
	at org.hibernate.tool.schema.spi.SchemaManagementToolCoordinator.lambda$process$5(SchemaManagementToolCoordinator.java:144)
	at java.base/java.util.HashMap.forEach(HashMap.java:1421)
	at org.hibernate.tool.schema.spi.SchemaManagementToolCoordinator.process(SchemaManagementToolCoordinator.java:141)
	at org.hibernate.boot.internal.SessionFactoryObserverForSchemaExport.sessionFactoryCreated(SessionFactoryObserverForSchemaExport.java:37)
	at org.hibernate.internal.SessionFactoryObserverChain.sessionFactoryCreated(SessionFactoryObserverChain.java:35)
	at org.hibernate.internal.SessionFactoryImpl.<init>(SessionFactoryImpl.java:324)
	at org.hibernate.boot.internal.SessionFactoryBuilderImpl.build(SessionFactoryBuilderImpl.java:463)
	at org.hibernate.jpa.boot.internal.EntityManagerFactoryBuilderImpl.build(EntityManagerFactoryBuilderImpl.java:1517)
	at org.springframework.orm.jpa.vendor.SpringHibernateJpaPersistenceProvider.createContainerEntityManagerFactory(SpringHibernateJpaPersistenceProvider.java:66)
	at org.springframework.orm.jpa.LocalContainerEntityManagerFactoryBean.createNativeEntityManagerFactory(LocalContainerEntityManagerFactoryBean.java:390)
	at org.springframework.orm.jpa.AbstractEntityManagerFactoryBean.buildNativeEntityManagerFactory(AbstractEntityManagerFactoryBean.java:419)
	at org.springframework.orm.jpa.AbstractEntityManagerFactoryBean.afterPropertiesSet(AbstractEntityManagerFactoryBean.java:400)
	at org.springframework.orm.jpa.LocalContainerEntityManagerFactoryBean.afterPropertiesSet(LocalContainerEntityManagerFactoryBean.java:366)
	at org.springframework.beans.factory.support.AbstractAutowireCapableBeanFactory.invokeInitMethods(AbstractAutowireCapableBeanFactory.java:1859)
	at org.springframework.beans.factory.support.AbstractAutowireCapableBeanFactory.initializeBean(AbstractAutowireCapableBeanFactory.java:1808)
	at org.springframework.beans.factory.support.AbstractAutowireCapableBeanFactory.doCreateBean(AbstractAutowireCapableBeanFactory.java:601)
	at org.springframework.beans.factory.support.AbstractAutowireCapableBeanFactory.createBean(AbstractAutowireCapableBeanFactory.java:523)
	at org.springframework.beans.factory.support.AbstractBeanFactory.lambda$doGetBean$0(AbstractBeanFactory.java:339)
	at org.springframework.beans.factory.support.DefaultSingletonBeanRegistry.getSingleton(DefaultSingletonBeanRegistry.java:346)
	at org.springframework.beans.factory.support.AbstractBeanFactory.doGetBean(AbstractBeanFactory.java:337)
	at org.springframework.beans.factory.support.AbstractBeanFactory.getBean(AbstractBeanFactory.java:207)
	at org.springframework.context.support.AbstractApplicationContext.finishBeanFactoryInitialization(AbstractApplicationContext.java:970)
	at org.springframework.context.support.AbstractApplicationContext.refresh(AbstractApplicationContext.java:627)
	at org.springframework.boot.web.servlet.context.ServletWebServerApplicationContext.refresh(ServletWebServerApplicationContext.java:146)
	at org.springframework.boot.SpringApplication.refresh(SpringApplication.java:752)
	at org.springframework.boot.SpringApplication.refreshContext(SpringApplication.java:439)
	at org.springframework.boot.SpringApplication.run(SpringApplication.java:318)
	at org.springframework.boot.SpringApplication.run(SpringApplication.java:1361)
	at org.springframework.boot.SpringApplication.run(SpringApplication.java:1350)
	at backend.HotelBookingApplication.main(HotelBookingApplication.java:15)
Caused by: org.postgresql.util.PSQLException: ERROR: column "staff_id" cannot be cast automatically to type bigint
  Hint: You might need to specify "USING staff_id::bigint".
	at org.postgresql.core.v3.QueryExecutorImpl.receiveErrorResponse(QueryExecutorImpl.java:2733)
	at org.postgresql.core.v3.QueryExecutorImpl.processResults(QueryExecutorImpl.java:2420)
	at org.postgresql.core.v3.QueryExecutorImpl.execute(QueryExecutorImpl.java:372)
	at org.postgresql.jdbc.PgStatement.executeInternal(PgStatement.java:517)
	at org.postgresql.jdbc.PgStatement.execute(PgStatement.java:434)
	at org.postgresql.jdbc.PgStatement.executeWithFlags(PgStatement.java:356)
	at org.postgresql.jdbc.PgStatement.executeCachedSql(PgStatement.java:341)
	at org.postgresql.jdbc.PgStatement.executeWithFlags(PgStatement.java:317)
	at org.postgresql.jdbc.PgStatement.execute(PgStatement.java:312)
	at com.zaxxer.hikari.pool.ProxyStatement.execute(ProxyStatement.java:94)
	at com.zaxxer.hikari.pool.HikariProxyStatement.execute(HikariProxyStatement.java)
	at org.hibernate.tool.schema.internal.exec.GenerationTargetToDatabase.accept(GenerationTargetToDatabase.java:80)
	... 37 common frames omitted
2025-04-12 23:20:07 [main] WARN  o.h.t.s.i.ExceptionHandlerLoggedImpl - GenerationTarget encountered exception accepting command : Error executing DDL "alter table if exists staff_room_map alter column staff_id set data type bigint" via JDBC [ERROR: column "staff_id" cannot be cast automatically to type bigint
  Hint: You might need to specify "USING staff_id::bigint".]
org.hibernate.tool.schema.spi.CommandAcceptanceException: Error executing DDL "alter table if exists staff_room_map alter column staff_id set data type bigint" via JDBC [ERROR: column "staff_id" cannot be cast automatically to type bigint
  Hint: You might need to specify "USING staff_id::bigint".]
	at org.hibernate.tool.schema.internal.exec.GenerationTargetToDatabase.accept(GenerationTargetToDatabase.java:94)
	at org.hibernate.tool.schema.internal.AbstractSchemaMigrator.applySqlString(AbstractSchemaMigrator.java:576)
	at org.hibernate.tool.schema.internal.AbstractSchemaMigrator.applySqlStrings(AbstractSchemaMigrator.java:516)
	at org.hibernate.tool.schema.internal.AbstractSchemaMigrator.migrateTable(AbstractSchemaMigrator.java:334)
	at org.hibernate.tool.schema.internal.GroupedSchemaMigratorImpl.performTablesMigration(GroupedSchemaMigratorImpl.java:84)
	at org.hibernate.tool.schema.internal.AbstractSchemaMigrator.performMigration(AbstractSchemaMigrator.java:233)
	at org.hibernate.tool.schema.internal.AbstractSchemaMigrator.doMigration(AbstractSchemaMigrator.java:112)
	at org.hibernate.tool.schema.spi.SchemaManagementToolCoordinator.performDatabaseAction(SchemaManagementToolCoordinator.java:280)
	at org.hibernate.tool.schema.spi.SchemaManagementToolCoordinator.lambda$process$5(SchemaManagementToolCoordinator.java:144)
	at java.base/java.util.HashMap.forEach(HashMap.java:1421)
	at org.hibernate.tool.schema.spi.SchemaManagementToolCoordinator.process(SchemaManagementToolCoordinator.java:141)
	at org.hibernate.boot.internal.SessionFactoryObserverForSchemaExport.sessionFactoryCreated(SessionFactoryObserverForSchemaExport.java:37)
	at org.hibernate.internal.SessionFactoryObserverChain.sessionFactoryCreated(SessionFactoryObserverChain.java:35)
	at org.hibernate.internal.SessionFactoryImpl.<init>(SessionFactoryImpl.java:324)
	at org.hibernate.boot.internal.SessionFactoryBuilderImpl.build(SessionFactoryBuilderImpl.java:463)
	at org.hibernate.jpa.boot.internal.EntityManagerFactoryBuilderImpl.build(EntityManagerFactoryBuilderImpl.java:1517)
	at org.springframework.orm.jpa.vendor.SpringHibernateJpaPersistenceProvider.createContainerEntityManagerFactory(SpringHibernateJpaPersistenceProvider.java:66)
	at org.springframework.orm.jpa.LocalContainerEntityManagerFactoryBean.createNativeEntityManagerFactory(LocalContainerEntityManagerFactoryBean.java:390)
	at org.springframework.orm.jpa.AbstractEntityManagerFactoryBean.buildNativeEntityManagerFactory(AbstractEntityManagerFactoryBean.java:419)
	at org.springframework.orm.jpa.AbstractEntityManagerFactoryBean.afterPropertiesSet(AbstractEntityManagerFactoryBean.java:400)
	at org.springframework.orm.jpa.LocalContainerEntityManagerFactoryBean.afterPropertiesSet(LocalContainerEntityManagerFactoryBean.java:366)
	at org.springframework.beans.factory.support.AbstractAutowireCapableBeanFactory.invokeInitMethods(AbstractAutowireCapableBeanFactory.java:1859)
	at org.springframework.beans.factory.support.AbstractAutowireCapableBeanFactory.initializeBean(AbstractAutowireCapableBeanFactory.java:1808)
	at org.springframework.beans.factory.support.AbstractAutowireCapableBeanFactory.doCreateBean(AbstractAutowireCapableBeanFactory.java:601)
	at org.springframework.beans.factory.support.AbstractAutowireCapableBeanFactory.createBean(AbstractAutowireCapableBeanFactory.java:523)
	at org.springframework.beans.factory.support.AbstractBeanFactory.lambda$doGetBean$0(AbstractBeanFactory.java:339)
	at org.springframework.beans.factory.support.DefaultSingletonBeanRegistry.getSingleton(DefaultSingletonBeanRegistry.java:346)
	at org.springframework.beans.factory.support.AbstractBeanFactory.doGetBean(AbstractBeanFactory.java:337)
	at org.springframework.beans.factory.support.AbstractBeanFactory.getBean(AbstractBeanFactory.java:207)
	at org.springframework.context.support.AbstractApplicationContext.finishBeanFactoryInitialization(AbstractApplicationContext.java:970)
	at org.springframework.context.support.AbstractApplicationContext.refresh(AbstractApplicationContext.java:627)
	at org.springframework.boot.web.servlet.context.ServletWebServerApplicationContext.refresh(ServletWebServerApplicationContext.java:146)
	at org.springframework.boot.SpringApplication.refresh(SpringApplication.java:752)
	at org.springframework.boot.SpringApplication.refreshContext(SpringApplication.java:439)
	at org.springframework.boot.SpringApplication.run(SpringApplication.java:318)
	at org.springframework.boot.SpringApplication.run(SpringApplication.java:1361)
	at org.springframework.boot.SpringApplication.run(SpringApplication.java:1350)
	at backend.HotelBookingApplication.main(HotelBookingApplication.java:15)
Caused by: org.postgresql.util.PSQLException: ERROR: column "staff_id" cannot be cast automatically to type bigint
  Hint: You might need to specify "USING staff_id::bigint".
	at org.postgresql.core.v3.QueryExecutorImpl.receiveErrorResponse(QueryExecutorImpl.java:2733)
	at org.postgresql.core.v3.QueryExecutorImpl.processResults(QueryExecutorImpl.java:2420)
	at org.postgresql.core.v3.QueryExecutorImpl.execute(QueryExecutorImpl.java:372)
	at org.postgresql.jdbc.PgStatement.executeInternal(PgStatement.java:517)
	at org.postgresql.jdbc.PgStatement.execute(PgStatement.java:434)
	at org.postgresql.jdbc.PgStatement.executeWithFlags(PgStatement.java:356)
	at org.postgresql.jdbc.PgStatement.executeCachedSql(PgStatement.java:341)
	at org.postgresql.jdbc.PgStatement.executeWithFlags(PgStatement.java:317)
	at org.postgresql.jdbc.PgStatement.execute(PgStatement.java:312)
	at com.zaxxer.hikari.pool.ProxyStatement.execute(ProxyStatement.java:94)
	at com.zaxxer.hikari.pool.HikariProxyStatement.execute(HikariProxyStatement.java)
	at org.hibernate.tool.schema.internal.exec.GenerationTargetToDatabase.accept(GenerationTargetToDatabase.java:80)
	... 37 common frames omitted
2025-04-12 23:20:07 [main] WARN  o.h.t.s.i.ExceptionHandlerLoggedImpl - GenerationTarget encountered exception accepting command : Error executing DDL "alter table if exists staff_room_map add constraint FKyd20ehofj2axxe92vl67pqvx foreign key (staff_id) references staff" via JDBC [ERROR: foreign key constraint "fkyd20ehofj2axxe92vl67pqvx" cannot be implemented
  Detail: Key columns "staff_id" and "staff_id" are of incompatible types: character varying and bigint.]
org.hibernate.tool.schema.spi.CommandAcceptanceException: Error executing DDL "alter table if exists staff_room_map add constraint FKyd20ehofj2axxe92vl67pqvx foreign key (staff_id) references staff" via JDBC [ERROR: foreign key constraint "fkyd20ehofj2axxe92vl67pqvx" cannot be implemented
  Detail: Key columns "staff_id" and "staff_id" are of incompatible types: character varying and bigint.]
	at org.hibernate.tool.schema.internal.exec.GenerationTargetToDatabase.accept(GenerationTargetToDatabase.java:94)
	at org.hibernate.tool.schema.internal.AbstractSchemaMigrator.applySqlString(AbstractSchemaMigrator.java:576)
	at org.hibernate.tool.schema.internal.AbstractSchemaMigrator.applySqlStrings(AbstractSchemaMigrator.java:516)
	at org.hibernate.tool.schema.internal.AbstractSchemaMigrator.applyForeignKeys(AbstractSchemaMigrator.java:448)
	at org.hibernate.tool.schema.internal.AbstractSchemaMigrator.performMigration(AbstractSchemaMigrator.java:269)
	at org.hibernate.tool.schema.internal.AbstractSchemaMigrator.doMigration(AbstractSchemaMigrator.java:112)
	at org.hibernate.tool.schema.spi.SchemaManagementToolCoordinator.performDatabaseAction(SchemaManagementToolCoordinator.java:280)
	at org.hibernate.tool.schema.spi.SchemaManagementToolCoordinator.lambda$process$5(SchemaManagementToolCoordinator.java:144)
	at java.base/java.util.HashMap.forEach(HashMap.java:1421)
	at org.hibernate.tool.schema.spi.SchemaManagementToolCoordinator.process(SchemaManagementToolCoordinator.java:141)
	at org.hibernate.boot.internal.SessionFactoryObserverForSchemaExport.sessionFactoryCreated(SessionFactoryObserverForSchemaExport.java:37)
	at org.hibernate.internal.SessionFactoryObserverChain.sessionFactoryCreated(SessionFactoryObserverChain.java:35)
	at org.hibernate.internal.SessionFactoryImpl.<init>(SessionFactoryImpl.java:324)
	at org.hibernate.boot.internal.SessionFactoryBuilderImpl.build(SessionFactoryBuilderImpl.java:463)
	at org.hibernate.jpa.boot.internal.EntityManagerFactoryBuilderImpl.build(EntityManagerFactoryBuilderImpl.java:1517)
	at org.springframework.orm.jpa.vendor.SpringHibernateJpaPersistenceProvider.createContainerEntityManagerFactory(SpringHibernateJpaPersistenceProvider.java:66)
	at org.springframework.orm.jpa.LocalContainerEntityManagerFactoryBean.createNativeEntityManagerFactory(LocalContainerEntityManagerFactoryBean.java:390)
	at org.springframework.orm.jpa.AbstractEntityManagerFactoryBean.buildNativeEntityManagerFactory(AbstractEntityManagerFactoryBean.java:419)
	at org.springframework.orm.jpa.AbstractEntityManagerFactoryBean.afterPropertiesSet(AbstractEntityManagerFactoryBean.java:400)
	at org.springframework.orm.jpa.LocalContainerEntityManagerFactoryBean.afterPropertiesSet(LocalContainerEntityManagerFactoryBean.java:366)
	at org.springframework.beans.factory.support.AbstractAutowireCapableBeanFactory.invokeInitMethods(AbstractAutowireCapableBeanFactory.java:1859)
	at org.springframework.beans.factory.support.AbstractAutowireCapableBeanFactory.initializeBean(AbstractAutowireCapableBeanFactory.java:1808)
	at org.springframework.beans.factory.support.AbstractAutowireCapableBeanFactory.doCreateBean(AbstractAutowireCapableBeanFactory.java:601)
	at org.springframework.beans.factory.support.AbstractAutowireCapableBeanFactory.createBean(AbstractAutowireCapableBeanFactory.java:523)
	at org.springframework.beans.factory.support.AbstractBeanFactory.lambda$doGetBean$0(AbstractBeanFactory.java:339)
	at org.springframework.beans.factory.support.DefaultSingletonBeanRegistry.getSingleton(DefaultSingletonBeanRegistry.java:346)
	at org.springframework.beans.factory.support.AbstractBeanFactory.doGetBean(AbstractBeanFactory.java:337)
	at org.springframework.beans.factory.support.AbstractBeanFactory.getBean(AbstractBeanFactory.java:207)
	at org.springframework.context.support.AbstractApplicationContext.finishBeanFactoryInitialization(AbstractApplicationContext.java:970)
	at org.springframework.context.support.AbstractApplicationContext.refresh(AbstractApplicationContext.java:627)
	at org.springframework.boot.web.servlet.context.ServletWebServerApplicationContext.refresh(ServletWebServerApplicationContext.java:146)
	at org.springframework.boot.SpringApplication.refresh(SpringApplication.java:752)
	at org.springframework.boot.SpringApplication.refreshContext(SpringApplication.java:439)
	at org.springframework.boot.SpringApplication.run(SpringApplication.java:318)
	at org.springframework.boot.SpringApplication.run(SpringApplication.java:1361)
	at org.springframework.boot.SpringApplication.run(SpringApplication.java:1350)
	at backend.HotelBookingApplication.main(HotelBookingApplication.java:15)
Caused by: org.postgresql.util.PSQLException: ERROR: foreign key constraint "fkyd20ehofj2axxe92vl67pqvx" cannot be implemented
  Detail: Key columns "staff_id" and "staff_id" are of incompatible types: character varying and bigint.
	at org.postgresql.core.v3.QueryExecutorImpl.receiveErrorResponse(QueryExecutorImpl.java:2733)
	at org.postgresql.core.v3.QueryExecutorImpl.processResults(QueryExecutorImpl.java:2420)
	at org.postgresql.core.v3.QueryExecutorImpl.execute(QueryExecutorImpl.java:372)
	at org.postgresql.jdbc.PgStatement.executeInternal(PgStatement.java:517)
	at org.postgresql.jdbc.PgStatement.execute(PgStatement.java:434)
	at org.postgresql.jdbc.PgStatement.executeWithFlags(PgStatement.java:356)
	at org.postgresql.jdbc.PgStatement.executeCachedSql(PgStatement.java:341)
	at org.postgresql.jdbc.PgStatement.executeWithFlags(PgStatement.java:317)
	at org.postgresql.jdbc.PgStatement.execute(PgStatement.java:312)
	at com.zaxxer.hikari.pool.ProxyStatement.execute(ProxyStatement.java:94)
	at com.zaxxer.hikari.pool.HikariProxyStatement.execute(HikariProxyStatement.java)
	at org.hibernate.tool.schema.internal.exec.GenerationTargetToDatabase.accept(GenerationTargetToDatabase.java:80)
	... 36 common frames omitted
2025-04-12 23:20:07 [main] INFO  o.s.o.j.LocalContainerEntityManagerFactoryBean - Initialized JPA EntityManagerFactory for persistence unit 'default'
2025-04-12 23:20:07 [main] INFO  backend.config.CorsConfig - CORS Configuration Loaded!
2025-04-12 23:20:07 [main] DEBUG o.s.c.e.PropertySourcesPropertyResolver - Found key 'spring.security.oauth2.resourceserver.jwt.issuer-uri' in PropertySource 'environmentProperties' with value of type String
2025-04-12 23:20:08 [main] INFO  o.s.d.j.r.query.QueryEnhancerFactory - Hibernate is in classpath; If applicable, HQL parser will be used.
2025-04-12 23:20:08 [main] DEBUG o.s.c.e.PropertySourcesPropertyResolver - Found key 'graphql.endpoint' in PropertySource 'environmentProperties' with value of type String
2025-04-12 23:20:08 [main] DEBUG o.s.c.e.PropertySourcesPropertyResolver - Found key 'graphql.api-key' in PropertySource 'environmentProperties' with value of type String
2025-04-12 23:20:08 [main] DEBUG o.s.c.e.PropertySourcesPropertyResolver - Found key 'graphql.api.key' in PropertySource 'environmentProperties' with value of type String
2025-04-12 23:20:08 [main] DEBUG o.s.c.e.PropertySourcesPropertyResolver - Found key 'graphql.url' in PropertySource 'environmentProperties' with value of type String
2025-04-12 23:20:08 [main] DEBUG o.s.c.e.PropertySourcesPropertyResolver - Found key 'spring.mail.username' in PropertySource 'environmentProperties' with value of type String
2025-04-12 23:20:08 [main] DEBUG o.s.c.e.PropertySourcesPropertyResolver - Found key 'otp.expiry.minutes' in PropertySource 'environmentProperties' with value of type String
2025-04-12 23:20:08 [main] DEBUG o.s.c.e.PropertySourcesPropertyResolver - Found key 'otp.max.attempts' in PropertySource 'environmentProperties' with value of type String
2025-04-12 23:20:08 [main] DEBUG o.s.c.e.PropertySourcesPropertyResolver - Found key 'graphql.endpoint' in PropertySource 'environmentProperties' with value of type String
2025-04-12 23:20:08 [main] DEBUG o.s.c.e.PropertySourcesPropertyResolver - Found key 'graphql.api-key' in PropertySource 'environmentProperties' with value of type String
2025-04-12 23:20:08 [main] DEBUG o.s.c.e.PropertySourcesPropertyResolver - Found key 'graphql.api.key' in PropertySource 'environmentProperties' with value of type String
2025-04-12 23:20:08 [main] DEBUG o.s.c.e.PropertySourcesPropertyResolver - Found key 'graphql.url' in PropertySource 'environmentProperties' with value of type String
2025-04-12 23:20:09 [main] DEBUG o.s.c.e.PropertySourcesPropertyResolver - Found key 'graphql.endpoint' in PropertySource 'environmentProperties' with value of type String
2025-04-12 23:20:09 [main] DEBUG o.s.c.e.PropertySourcesPropertyResolver - Found key 'graphql.api-key' in PropertySource 'environmentProperties' with value of type String
2025-04-12 23:20:09 [main] DEBUG o.s.c.e.PropertySourcesPropertyResolver - Found key 'graphql.endpoint' in PropertySource 'environmentProperties' with value of type String
2025-04-12 23:20:09 [main] DEBUG o.s.c.e.PropertySourcesPropertyResolver - Found key 'graphql.apiKey' in PropertySource 'environmentProperties' with value of type String
2025-04-12 23:20:09 [main] DEBUG o.s.c.e.PropertySourcesPropertyResolver - Found key 'graphql.endpoint' in PropertySource 'environmentProperties' with value of type String
2025-04-12 23:20:09 [main] DEBUG o.s.c.e.PropertySourcesPropertyResolver - Found key 'graphql.apiKey' in PropertySource 'environmentProperties' with value of type String
2025-04-12 23:20:09 [main] DEBUG o.s.c.e.PropertySourcesPropertyResolver - Found key 'api.base.url' in PropertySource 'environmentProperties' with value of type String
2025-04-12 23:20:09 [main] WARN  o.s.b.a.o.j.JpaBaseConfiguration$JpaWebConfiguration - spring.jpa.open-in-view is enabled by default. Therefore, database queries may be performed during view rendering. Explicitly configure spring.jpa.open-in-view to disable this warning
2025-04-12 23:20:09 [main] INFO  backend.config.CorsConfig - Applying CORS settings...
2025-04-12 23:20:10 [main] DEBUG o.s.s.c.a.a.c.AuthenticationConfiguration$DefaultPasswordEncoderAuthenticationManagerBuilder - No authenticationProviders and no parentAuthenticationManager defined. Returning null.
2025-04-12 23:20:10 [main] INFO  o.s.b.a.e.web.EndpointLinksResolver - Exposing 2 endpoints beneath base path '/actuator'
2025-04-12 23:20:10 [main] INFO  backend.config.SecurityConfig - Configuring security filter chain...
2025-04-12 23:20:10 [main] INFO  backend.config.SecurityConfig - Using issuer URI: https://cognito-idp.ap-south-1.amazonaws.com/ap-south-1_IGHZ9OObg
2025-04-12 23:20:10 [main] INFO  backend.config.SecurityConfig - Configuring authorization rules...
2025-04-12 23:20:10 [main] INFO  backend.config.SecurityConfig - Configuring OAuth2 resource server...
2025-04-12 23:20:10 [main] INFO  backend.config.SecurityConfig - Configuring JWT...
2025-04-12 23:20:10 [main] INFO  backend.config.SecurityConfig - Creating JWT decoder with issuer URI: https://cognito-idp.ap-south-1.amazonaws.com/ap-south-1_IGHZ9OObg
2025-04-12 23:20:10 [main] INFO  backend.config.SecurityConfig - Configuring session management...
2025-04-12 23:20:10 [main] DEBUG o.s.s.web.DefaultSecurityFilterChain - Will secure any request with filters: DisableEncodeUrlFilter, WebAsyncManagerIntegrationFilter, SecurityContextHolderFilter, HeaderWriterFilter, LogoutFilter, BearerTokenAuthenticationFilter, RequestCacheAwareFilter, SecurityContextHolderAwareRequestFilter, AnonymousAuthenticationFilter, SessionManagementFilter, ExceptionTranslationFilter, AuthorizationFilter
2025-04-12 23:20:11 [main] INFO  o.a.coyote.http11.Http11NioProtocol - Starting ProtocolHandler ["http-nio-8081"]
2025-04-12 23:20:11 [main] INFO  o.s.b.w.e.tomcat.TomcatWebServer - Tomcat started on port 8081 (http) with context path '/'
2025-04-12 23:20:11 [main] INFO  backend.HotelBookingApplication - Started HotelBookingApplication in 14.76 seconds (process running for 15.975)
2025-04-12 23:20:17 [http-nio-8081-exec-1] INFO  o.a.c.c.C.[Tomcat].[localhost].[/] - Initializing Spring DispatcherServlet 'dispatcherServlet'
2025-04-12 23:20:17 [http-nio-8081-exec-1] INFO  o.s.web.servlet.DispatcherServlet - Initializing Servlet 'dispatcherServlet'
2025-04-12 23:20:17 [http-nio-8081-exec-1] INFO  o.s.web.servlet.DispatcherServlet - Completed initialization in 5 ms
2025-04-12 23:20:17 [http-nio-8081-exec-1] DEBUG o.s.security.web.FilterChainProxy - Securing POST /api/house-cleaning/generate?date=2025-05-01
2025-04-12 23:20:17 [http-nio-8081-exec-1] DEBUG o.s.s.w.a.AnonymousAuthenticationFilter - Set SecurityContextHolder to anonymous SecurityContext
2025-04-12 23:20:17 [http-nio-8081-exec-1] DEBUG o.s.security.web.FilterChainProxy - Secured POST /api/house-cleaning/generate?date=2025-05-01
2025-04-12 23:20:17 [http-nio-8081-exec-1] INFO  b.s.impl.HouseCleaningServiceImpl - Generating cleaning schedules for date: 2025-05-01
2025-04-12 23:20:17 [http-nio-8081-exec-1] INFO  b.s.impl.HouseCleaningServiceImpl - Found 10 check-in bookings, 0 check-out bookings, and 10 current bookings for date 2025-05-01
2025-04-12 23:20:17 [http-nio-8081-exec-1] INFO  b.s.impl.BookedRoomsServiceImpl - Checking check-in rooms for date: 2025-05-01
2025-04-12 23:20:17 [http-nio-8081-exec-1] INFO  b.s.impl.BookedRoomsServiceImpl - Found 10 transactions with check-in date 2025-05-01
2025-04-12 23:20:17 [http-nio-8081-exec-1] INFO  b.s.impl.BookedRoomsServiceImpl - Booking IDs for check-in: [13, 12, 15, 14, 53, 55, 59, 60, 155, 318]
2025-04-12 23:20:23 [http-nio-8081-exec-1] INFO  b.s.impl.BookedRoomsServiceImpl - Room IDs for bookings [13, 12, 15, 14, 53, 55, 59, 60, 155, 318]: [421, 422, 433, 434, 439, 451, 452, 457, 464, 469, 470]
2025-04-12 23:20:23 [http-nio-8081-exec-1] INFO  b.s.impl.BookedRoomsServiceImpl - Checking check-out rooms for date: 2025-05-01
2025-04-12 23:20:23 [http-nio-8081-exec-1] INFO  b.s.impl.BookedRoomsServiceImpl - Found 0 transactions with check-out date 2025-05-01
2025-04-12 23:20:23 [http-nio-8081-exec-1] INFO  b.s.impl.BookedRoomsServiceImpl - Booking IDs for check-out: []
2025-04-12 23:20:23 [http-nio-8081-exec-1] INFO  b.s.impl.BookedRoomsServiceImpl - No booking IDs found, returning empty list
2025-04-12 23:20:23 [http-nio-8081-exec-1] INFO  b.s.impl.BookedRoomsServiceImpl - Checking currently booked rooms for date: 2025-05-01T00:00:00Z
2025-04-12 23:20:23 [http-nio-8081-exec-1] INFO  b.s.impl.BookedRoomsServiceImpl - Currently booked room IDs: [421, 422, 433, 434, 439, 451, 452, 457, 464, 469, 470]
2025-04-12 23:20:23 [http-nio-8081-exec-1] INFO  b.s.impl.HouseCleaningServiceImpl - Found 11 check-in rooms, 0 check-out rooms, and 11 current rooms for date 2025-05-01
2025-04-12 23:20:23 [http-nio-8081-exec-1] WARN  b.s.impl.HouseCleaningServiceImpl - Could not extract room ID from booking details for booking ID 13
2025-04-12 23:20:23 [http-nio-8081-exec-1] WARN  b.s.impl.HouseCleaningServiceImpl - Could not extract room ID from booking details for booking ID 12
2025-04-12 23:20:23 [http-nio-8081-exec-1] WARN  b.s.impl.HouseCleaningServiceImpl - Could not extract room ID from booking details for booking ID 15
2025-04-12 23:20:23 [http-nio-8081-exec-1] WARN  b.s.impl.HouseCleaningServiceImpl - Could not extract room ID from booking details for booking ID 14
2025-04-12 23:20:23 [http-nio-8081-exec-1] WARN  b.s.impl.HouseCleaningServiceImpl - Could not extract room ID from booking details for booking ID 53
2025-04-12 23:20:23 [http-nio-8081-exec-1] WARN  b.s.impl.HouseCleaningServiceImpl - Could not extract room ID from booking details for booking ID 55
2025-04-12 23:20:23 [http-nio-8081-exec-1] WARN  b.s.impl.HouseCleaningServiceImpl - Could not extract room ID from booking details for booking ID 59
2025-04-12 23:20:23 [http-nio-8081-exec-1] WARN  b.s.impl.HouseCleaningServiceImpl - Could not extract room ID from booking details for booking ID 60
2025-04-12 23:20:23 [http-nio-8081-exec-1] WARN  b.s.impl.HouseCleaningServiceImpl - Could not extract room ID from booking details for booking ID 155
2025-04-12 23:20:23 [http-nio-8081-exec-1] WARN  b.s.impl.HouseCleaningServiceImpl - Could not extract room ID from booking details for booking ID 318
2025-04-12 23:20:23 [http-nio-8081-exec-1] WARN  b.s.impl.HouseCleaningServiceImpl - Could not extract room ID from booking details for booking ID 13
2025-04-12 23:20:23 [http-nio-8081-exec-1] WARN  b.s.impl.HouseCleaningServiceImpl - Could not extract room ID from booking details for booking ID 12
2025-04-12 23:20:23 [http-nio-8081-exec-1] WARN  b.s.impl.HouseCleaningServiceImpl - Could not extract room ID from booking details for booking ID 15
2025-04-12 23:20:23 [http-nio-8081-exec-1] WARN  b.s.impl.HouseCleaningServiceImpl - Could not extract room ID from booking details for booking ID 14
2025-04-12 23:20:23 [http-nio-8081-exec-1] WARN  b.s.impl.HouseCleaningServiceImpl - Could not extract room ID from booking details for booking ID 53
2025-04-12 23:20:23 [http-nio-8081-exec-1] WARN  b.s.impl.HouseCleaningServiceImpl - Could not extract room ID from booking details for booking ID 55
2025-04-12 23:20:23 [http-nio-8081-exec-1] WARN  b.s.impl.HouseCleaningServiceImpl - Could not extract room ID from booking details for booking ID 59
2025-04-12 23:20:23 [http-nio-8081-exec-1] WARN  b.s.impl.HouseCleaningServiceImpl - Could not extract room ID from booking details for booking ID 60
2025-04-12 23:20:23 [http-nio-8081-exec-1] WARN  b.s.impl.HouseCleaningServiceImpl - Could not extract room ID from booking details for booking ID 155
2025-04-12 23:20:23 [http-nio-8081-exec-1] WARN  b.s.impl.HouseCleaningServiceImpl - Could not extract room ID from booking details for booking ID 318
2025-04-12 23:20:23 [http-nio-8081-exec-1] INFO  b.s.impl.HouseCleaningServiceImpl - Room to booking map: {}
2025-04-12 23:20:23 [http-nio-8081-exec-1] WARN  b.s.impl.HouseCleaningServiceImpl - No booking ID found for room ID 421
2025-04-12 23:20:23 [http-nio-8081-exec-1] WARN  b.s.impl.HouseCleaningServiceImpl - No booking ID found for room ID 422
2025-04-12 23:20:23 [http-nio-8081-exec-1] WARN  b.s.impl.HouseCleaningServiceImpl - No booking ID found for room ID 433
2025-04-12 23:20:23 [http-nio-8081-exec-1] WARN  b.s.impl.HouseCleaningServiceImpl - No booking ID found for room ID 434
2025-04-12 23:20:23 [http-nio-8081-exec-1] WARN  b.s.impl.HouseCleaningServiceImpl - No booking ID found for room ID 439
2025-04-12 23:20:23 [http-nio-8081-exec-1] WARN  b.s.impl.HouseCleaningServiceImpl - No booking ID found for room ID 451
2025-04-12 23:20:23 [http-nio-8081-exec-1] WARN  b.s.impl.HouseCleaningServiceImpl - No booking ID found for room ID 452
2025-04-12 23:20:23 [http-nio-8081-exec-1] WARN  b.s.impl.HouseCleaningServiceImpl - No booking ID found for room ID 457
2025-04-12 23:20:23 [http-nio-8081-exec-1] WARN  b.s.impl.HouseCleaningServiceImpl - No booking ID found for room ID 464
2025-04-12 23:20:23 [http-nio-8081-exec-1] WARN  b.s.impl.HouseCleaningServiceImpl - No booking ID found for room ID 469
2025-04-12 23:20:23 [http-nio-8081-exec-1] WARN  b.s.impl.HouseCleaningServiceImpl - No booking ID found for room ID 470
2025-04-12 23:20:23 [http-nio-8081-exec-1] ERROR b.s.impl.HouseCleaningServiceImpl - Booking ID is still null for schedule ID 62 and room ID 421
2025-04-12 23:20:23 [http-nio-8081-exec-1] ERROR b.s.impl.HouseCleaningServiceImpl - Booking ID is still null for schedule ID 63 and room ID 422
2025-04-12 23:20:23 [http-nio-8081-exec-1] ERROR b.s.impl.HouseCleaningServiceImpl - Booking ID is still null for schedule ID 64 and room ID 433
2025-04-12 23:20:23 [http-nio-8081-exec-1] ERROR b.s.impl.HouseCleaningServiceImpl - Booking ID is still null for schedule ID 65 and room ID 434
2025-04-12 23:20:23 [http-nio-8081-exec-1] ERROR b.s.impl.HouseCleaningServiceImpl - Booking ID is still null for schedule ID 66 and room ID 439
2025-04-12 23:20:23 [http-nio-8081-exec-1] ERROR b.s.impl.HouseCleaningServiceImpl - Booking ID is still null for schedule ID 67 and room ID 451
2025-04-12 23:20:23 [http-nio-8081-exec-1] ERROR b.s.impl.HouseCleaningServiceImpl - Booking ID is still null for schedule ID 68 and room ID 452
2025-04-12 23:20:23 [http-nio-8081-exec-1] ERROR b.s.impl.HouseCleaningServiceImpl - Booking ID is still null for schedule ID 69 and room ID 457
2025-04-12 23:20:23 [http-nio-8081-exec-1] ERROR b.s.impl.HouseCleaningServiceImpl - Booking ID is still null for schedule ID 70 and room ID 464
2025-04-12 23:20:23 [http-nio-8081-exec-1] ERROR b.s.impl.HouseCleaningServiceImpl - Booking ID is still null for schedule ID 71 and room ID 469
2025-04-12 23:20:23 [http-nio-8081-exec-1] ERROR b.s.impl.HouseCleaningServiceImpl - Booking ID is still null for schedule ID 72 and room ID 470
2025-04-12 23:20:50 [http-nio-8081-exec-3] DEBUG o.s.security.web.FilterChainProxy - Securing POST /api/house-cleaning/assign-staff?date=2025-05-01&shift=MORNING_SHIFT
2025-04-12 23:20:50 [http-nio-8081-exec-3] DEBUG o.s.s.w.a.AnonymousAuthenticationFilter - Set SecurityContextHolder to anonymous SecurityContext
2025-04-12 23:20:50 [http-nio-8081-exec-3] DEBUG o.s.security.web.FilterChainProxy - Secured POST /api/house-cleaning/assign-staff?date=2025-05-01&shift=MORNING_SHIFT
2025-04-12 23:20:50 [http-nio-8081-exec-3] INFO  b.s.impl.HouseCleaningServiceImpl - Assigning staff to schedules for date: 2025-05-01 and shift: MORNING_SHIFT
2025-04-12 23:20:50 [http-nio-8081-exec-3] INFO  b.s.impl.HouseCleaningServiceImpl - Assigned staff 1 to room 421 at time 09:00 with cleaning type DAILY_CLEANING
2025-04-12 23:20:50 [http-nio-8081-exec-3] INFO  b.s.impl.HouseCleaningServiceImpl - Assigned staff 4 to room 422 at time 09:00 with cleaning type DAILY_CLEANING
2025-04-12 23:20:50 [http-nio-8081-exec-3] INFO  b.s.impl.HouseCleaningServiceImpl - Assigned staff 10 to room 433 at time 09:00 with cleaning type DAILY_CLEANING
2025-04-12 23:20:50 [http-nio-8081-exec-3] WARN  b.s.impl.HouseCleaningServiceImpl - Could not find available staff for room 434 at time 09:00
2025-04-12 23:20:50 [http-nio-8081-exec-3] WARN  b.s.impl.HouseCleaningServiceImpl - Could not find available staff for room 439 at time 09:00
2025-04-12 23:20:50 [http-nio-8081-exec-3] WARN  b.s.impl.HouseCleaningServiceImpl - Could not find available staff for room 451 at time 09:00
2025-04-12 23:20:50 [http-nio-8081-exec-3] WARN  b.s.impl.HouseCleaningServiceImpl - Could not find available staff for room 452 at time 09:00
2025-04-12 23:20:50 [http-nio-8081-exec-3] WARN  b.s.impl.HouseCleaningServiceImpl - Could not find available staff for room 457 at time 09:00
2025-04-12 23:20:50 [http-nio-8081-exec-3] WARN  b.s.impl.HouseCleaningServiceImpl - Could not find available staff for room 464 at time 09:00
2025-04-12 23:20:50 [http-nio-8081-exec-3] WARN  b.s.impl.HouseCleaningServiceImpl - Could not find available staff for room 469 at time 09:00
2025-04-12 23:20:50 [http-nio-8081-exec-3] WARN  b.s.impl.HouseCleaningServiceImpl - Could not find available staff for room 470 at time 09:00
2025-04-12 23:20:50 [http-nio-8081-exec-3] INFO  b.s.impl.HouseCleaningServiceImpl - Final assignment: Staff 1 to room 421 at time 09:00 with cleaning type DAILY_CLEANING
2025-04-12 23:20:50 [http-nio-8081-exec-3] INFO  b.s.impl.HouseCleaningServiceImpl - Final assignment: Staff 4 to room 422 at time 09:00 with cleaning type DAILY_CLEANING
2025-04-12 23:20:50 [http-nio-8081-exec-3] INFO  b.s.impl.HouseCleaningServiceImpl - Final assignment: Staff 10 to room 433 at time 09:00 with cleaning type DAILY_CLEANING
2025-04-12 23:20:50 [http-nio-8081-exec-3] WARN  b.s.impl.HouseCleaningServiceImpl - No staff assigned to room 434 at time 09:00
2025-04-12 23:20:50 [http-nio-8081-exec-3] WARN  b.s.impl.HouseCleaningServiceImpl - No staff assigned to room 439 at time 09:00
2025-04-12 23:20:50 [http-nio-8081-exec-3] WARN  b.s.impl.HouseCleaningServiceImpl - No staff assigned to room 451 at time 09:00
2025-04-12 23:20:50 [http-nio-8081-exec-3] WARN  b.s.impl.HouseCleaningServiceImpl - No staff assigned to room 452 at time 09:00
2025-04-12 23:20:50 [http-nio-8081-exec-3] WARN  b.s.impl.HouseCleaningServiceImpl - No staff assigned to room 457 at time 09:00
2025-04-12 23:20:50 [http-nio-8081-exec-3] WARN  b.s.impl.HouseCleaningServiceImpl - No staff assigned to room 464 at time 09:00
2025-04-12 23:20:50 [http-nio-8081-exec-3] WARN  b.s.impl.HouseCleaningServiceImpl - No staff assigned to room 469 at time 09:00
2025-04-12 23:20:50 [http-nio-8081-exec-3] WARN  b.s.impl.HouseCleaningServiceImpl - No staff assigned to room 470 at time 09:00
2025-04-12 23:29:05 [SpringApplicationShutdownHook] INFO  o.s.b.w.e.tomcat.GracefulShutdown - Commencing graceful shutdown. Waiting for active requests to complete
2025-04-12 23:29:05 [tomcat-shutdown] INFO  o.s.b.w.e.tomcat.GracefulShutdown - Graceful shutdown complete
2025-04-12 23:29:05 [SpringApplicationShutdownHook] INFO  o.s.o.j.LocalContainerEntityManagerFactoryBean - Closing JPA EntityManagerFactory for persistence unit 'default'
2025-04-12 23:29:05 [SpringApplicationShutdownHook] INFO  com.zaxxer.hikari.HikariDataSource - HikariPool-1 - Shutdown initiated...
2025-04-12 23:29:05 [SpringApplicationShutdownHook] INFO  com.zaxxer.hikari.HikariDataSource - HikariPool-1 - Shutdown completed.
2025-04-12 23:29:16 [main] INFO  backend.HotelBookingApplication - Starting HotelBookingApplication using Java 17.0.13 with PID 93103 (/Users/sukuna/Documents/coding/IBE/IBE-BE/KDU/target/classes started by sukuna in /Users/sukuna/Documents/coding/IBE/IBE-BE/KDU)
2025-04-12 23:29:16 [main] INFO  backend.HotelBookingApplication - The following 1 profile is active: "dev"
2025-04-12 23:29:18 [main] INFO  o.s.d.r.c.RepositoryConfigurationDelegate - Bootstrapping Spring Data JPA repositories in DEFAULT mode.
2025-04-12 23:29:18 [main] INFO  o.s.d.r.c.RepositoryConfigurationDelegate - Finished Spring Data repository scanning in 91 ms. Found 15 JPA repository interfaces.
2025-04-12 23:29:19 [main] INFO  o.s.b.w.e.tomcat.TomcatWebServer - Tomcat initialized with port 8081 (http)
2025-04-12 23:29:19 [main] INFO  o.a.coyote.http11.Http11NioProtocol - Initializing ProtocolHandler ["http-nio-8081"]
2025-04-12 23:29:19 [main] INFO  o.a.catalina.core.StandardService - Starting service [Tomcat]
2025-04-12 23:29:19 [main] INFO  o.a.catalina.core.StandardEngine - Starting Servlet engine: [Apache Tomcat/10.1.36]
2025-04-12 23:29:19 [main] INFO  o.a.c.c.C.[Tomcat].[localhost].[/] - Initializing Spring embedded WebApplicationContext
2025-04-12 23:29:19 [main] INFO  o.s.b.w.s.c.ServletWebServerApplicationContext - Root WebApplicationContext: initialization completed in 2244 ms
2025-04-12 23:29:19 [main] INFO  com.zaxxer.hikari.HikariDataSource - HikariPool-1 - Starting...
2025-04-12 23:29:20 [main] INFO  com.zaxxer.hikari.pool.HikariPool - HikariPool-1 - Added connection org.postgresql.jdbc.PgConnection@58a8ea6f
2025-04-12 23:29:20 [main] INFO  com.zaxxer.hikari.HikariDataSource - HikariPool-1 - Start completed.
2025-04-12 23:29:20 [main] INFO  o.s.o.j.p.SpringPersistenceUnitInfo - No LoadTimeWeaver setup: ignoring JPA class transformer
2025-04-12 23:29:20 [main] WARN  org.hibernate.orm.deprecation - HHH90000025: PostgreSQLDialect does not need to be specified explicitly using 'hibernate.dialect' (remove the property setting and it will be selected by default)
2025-04-12 23:29:22 [main] WARN  o.h.t.s.i.ExceptionHandlerLoggedImpl - GenerationTarget encountered exception accepting command : Error executing DDL "alter table if exists room_cleaning_schedule alter column staff_id set data type bigint" via JDBC [ERROR: column "staff_id" cannot be cast automatically to type bigint
  Hint: You might need to specify "USING staff_id::bigint".]
org.hibernate.tool.schema.spi.CommandAcceptanceException: Error executing DDL "alter table if exists room_cleaning_schedule alter column staff_id set data type bigint" via JDBC [ERROR: column "staff_id" cannot be cast automatically to type bigint
  Hint: You might need to specify "USING staff_id::bigint".]
	at org.hibernate.tool.schema.internal.exec.GenerationTargetToDatabase.accept(GenerationTargetToDatabase.java:94)
	at org.hibernate.tool.schema.internal.AbstractSchemaMigrator.applySqlString(AbstractSchemaMigrator.java:576)
	at org.hibernate.tool.schema.internal.AbstractSchemaMigrator.applySqlStrings(AbstractSchemaMigrator.java:516)
	at org.hibernate.tool.schema.internal.AbstractSchemaMigrator.migrateTable(AbstractSchemaMigrator.java:334)
	at org.hibernate.tool.schema.internal.GroupedSchemaMigratorImpl.performTablesMigration(GroupedSchemaMigratorImpl.java:84)
	at org.hibernate.tool.schema.internal.AbstractSchemaMigrator.performMigration(AbstractSchemaMigrator.java:233)
	at org.hibernate.tool.schema.internal.AbstractSchemaMigrator.doMigration(AbstractSchemaMigrator.java:112)
	at org.hibernate.tool.schema.spi.SchemaManagementToolCoordinator.performDatabaseAction(SchemaManagementToolCoordinator.java:280)
	at org.hibernate.tool.schema.spi.SchemaManagementToolCoordinator.lambda$process$5(SchemaManagementToolCoordinator.java:144)
	at java.base/java.util.HashMap.forEach(HashMap.java:1421)
	at org.hibernate.tool.schema.spi.SchemaManagementToolCoordinator.process(SchemaManagementToolCoordinator.java:141)
	at org.hibernate.boot.internal.SessionFactoryObserverForSchemaExport.sessionFactoryCreated(SessionFactoryObserverForSchemaExport.java:37)
	at org.hibernate.internal.SessionFactoryObserverChain.sessionFactoryCreated(SessionFactoryObserverChain.java:35)
	at org.hibernate.internal.SessionFactoryImpl.<init>(SessionFactoryImpl.java:324)
	at org.hibernate.boot.internal.SessionFactoryBuilderImpl.build(SessionFactoryBuilderImpl.java:463)
	at org.hibernate.jpa.boot.internal.EntityManagerFactoryBuilderImpl.build(EntityManagerFactoryBuilderImpl.java:1517)
	at org.springframework.orm.jpa.vendor.SpringHibernateJpaPersistenceProvider.createContainerEntityManagerFactory(SpringHibernateJpaPersistenceProvider.java:66)
	at org.springframework.orm.jpa.LocalContainerEntityManagerFactoryBean.createNativeEntityManagerFactory(LocalContainerEntityManagerFactoryBean.java:390)
	at org.springframework.orm.jpa.AbstractEntityManagerFactoryBean.buildNativeEntityManagerFactory(AbstractEntityManagerFactoryBean.java:419)
	at org.springframework.orm.jpa.AbstractEntityManagerFactoryBean.afterPropertiesSet(AbstractEntityManagerFactoryBean.java:400)
	at org.springframework.orm.jpa.LocalContainerEntityManagerFactoryBean.afterPropertiesSet(LocalContainerEntityManagerFactoryBean.java:366)
	at org.springframework.beans.factory.support.AbstractAutowireCapableBeanFactory.invokeInitMethods(AbstractAutowireCapableBeanFactory.java:1859)
	at org.springframework.beans.factory.support.AbstractAutowireCapableBeanFactory.initializeBean(AbstractAutowireCapableBeanFactory.java:1808)
	at org.springframework.beans.factory.support.AbstractAutowireCapableBeanFactory.doCreateBean(AbstractAutowireCapableBeanFactory.java:601)
	at org.springframework.beans.factory.support.AbstractAutowireCapableBeanFactory.createBean(AbstractAutowireCapableBeanFactory.java:523)
	at org.springframework.beans.factory.support.AbstractBeanFactory.lambda$doGetBean$0(AbstractBeanFactory.java:339)
	at org.springframework.beans.factory.support.DefaultSingletonBeanRegistry.getSingleton(DefaultSingletonBeanRegistry.java:346)
	at org.springframework.beans.factory.support.AbstractBeanFactory.doGetBean(AbstractBeanFactory.java:337)
	at org.springframework.beans.factory.support.AbstractBeanFactory.getBean(AbstractBeanFactory.java:207)
	at org.springframework.context.support.AbstractApplicationContext.finishBeanFactoryInitialization(AbstractApplicationContext.java:970)
	at org.springframework.context.support.AbstractApplicationContext.refresh(AbstractApplicationContext.java:627)
	at org.springframework.boot.web.servlet.context.ServletWebServerApplicationContext.refresh(ServletWebServerApplicationContext.java:146)
	at org.springframework.boot.SpringApplication.refresh(SpringApplication.java:752)
	at org.springframework.boot.SpringApplication.refreshContext(SpringApplication.java:439)
	at org.springframework.boot.SpringApplication.run(SpringApplication.java:318)
	at org.springframework.boot.SpringApplication.run(SpringApplication.java:1361)
	at org.springframework.boot.SpringApplication.run(SpringApplication.java:1350)
	at backend.HotelBookingApplication.main(HotelBookingApplication.java:15)
Caused by: org.postgresql.util.PSQLException: ERROR: column "staff_id" cannot be cast automatically to type bigint
  Hint: You might need to specify "USING staff_id::bigint".
	at org.postgresql.core.v3.QueryExecutorImpl.receiveErrorResponse(QueryExecutorImpl.java:2733)
	at org.postgresql.core.v3.QueryExecutorImpl.processResults(QueryExecutorImpl.java:2420)
	at org.postgresql.core.v3.QueryExecutorImpl.execute(QueryExecutorImpl.java:372)
	at org.postgresql.jdbc.PgStatement.executeInternal(PgStatement.java:517)
	at org.postgresql.jdbc.PgStatement.execute(PgStatement.java:434)
	at org.postgresql.jdbc.PgStatement.executeWithFlags(PgStatement.java:356)
	at org.postgresql.jdbc.PgStatement.executeCachedSql(PgStatement.java:341)
	at org.postgresql.jdbc.PgStatement.executeWithFlags(PgStatement.java:317)
	at org.postgresql.jdbc.PgStatement.execute(PgStatement.java:312)
	at com.zaxxer.hikari.pool.ProxyStatement.execute(ProxyStatement.java:94)
	at com.zaxxer.hikari.pool.HikariProxyStatement.execute(HikariProxyStatement.java)
	at org.hibernate.tool.schema.internal.exec.GenerationTargetToDatabase.accept(GenerationTargetToDatabase.java:80)
	... 37 common frames omitted
2025-04-12 23:29:22 [main] WARN  o.h.t.s.i.ExceptionHandlerLoggedImpl - GenerationTarget encountered exception accepting command : Error executing DDL "alter table if exists staff_room_map alter column staff_id set data type bigint" via JDBC [ERROR: column "staff_id" cannot be cast automatically to type bigint
  Hint: You might need to specify "USING staff_id::bigint".]
org.hibernate.tool.schema.spi.CommandAcceptanceException: Error executing DDL "alter table if exists staff_room_map alter column staff_id set data type bigint" via JDBC [ERROR: column "staff_id" cannot be cast automatically to type bigint
  Hint: You might need to specify "USING staff_id::bigint".]
	at org.hibernate.tool.schema.internal.exec.GenerationTargetToDatabase.accept(GenerationTargetToDatabase.java:94)
	at org.hibernate.tool.schema.internal.AbstractSchemaMigrator.applySqlString(AbstractSchemaMigrator.java:576)
	at org.hibernate.tool.schema.internal.AbstractSchemaMigrator.applySqlStrings(AbstractSchemaMigrator.java:516)
	at org.hibernate.tool.schema.internal.AbstractSchemaMigrator.migrateTable(AbstractSchemaMigrator.java:334)
	at org.hibernate.tool.schema.internal.GroupedSchemaMigratorImpl.performTablesMigration(GroupedSchemaMigratorImpl.java:84)
	at org.hibernate.tool.schema.internal.AbstractSchemaMigrator.performMigration(AbstractSchemaMigrator.java:233)
	at org.hibernate.tool.schema.internal.AbstractSchemaMigrator.doMigration(AbstractSchemaMigrator.java:112)
	at org.hibernate.tool.schema.spi.SchemaManagementToolCoordinator.performDatabaseAction(SchemaManagementToolCoordinator.java:280)
	at org.hibernate.tool.schema.spi.SchemaManagementToolCoordinator.lambda$process$5(SchemaManagementToolCoordinator.java:144)
	at java.base/java.util.HashMap.forEach(HashMap.java:1421)
	at org.hibernate.tool.schema.spi.SchemaManagementToolCoordinator.process(SchemaManagementToolCoordinator.java:141)
	at org.hibernate.boot.internal.SessionFactoryObserverForSchemaExport.sessionFactoryCreated(SessionFactoryObserverForSchemaExport.java:37)
	at org.hibernate.internal.SessionFactoryObserverChain.sessionFactoryCreated(SessionFactoryObserverChain.java:35)
	at org.hibernate.internal.SessionFactoryImpl.<init>(SessionFactoryImpl.java:324)
	at org.hibernate.boot.internal.SessionFactoryBuilderImpl.build(SessionFactoryBuilderImpl.java:463)
	at org.hibernate.jpa.boot.internal.EntityManagerFactoryBuilderImpl.build(EntityManagerFactoryBuilderImpl.java:1517)
	at org.springframework.orm.jpa.vendor.SpringHibernateJpaPersistenceProvider.createContainerEntityManagerFactory(SpringHibernateJpaPersistenceProvider.java:66)
	at org.springframework.orm.jpa.LocalContainerEntityManagerFactoryBean.createNativeEntityManagerFactory(LocalContainerEntityManagerFactoryBean.java:390)
	at org.springframework.orm.jpa.AbstractEntityManagerFactoryBean.buildNativeEntityManagerFactory(AbstractEntityManagerFactoryBean.java:419)
	at org.springframework.orm.jpa.AbstractEntityManagerFactoryBean.afterPropertiesSet(AbstractEntityManagerFactoryBean.java:400)
	at org.springframework.orm.jpa.LocalContainerEntityManagerFactoryBean.afterPropertiesSet(LocalContainerEntityManagerFactoryBean.java:366)
	at org.springframework.beans.factory.support.AbstractAutowireCapableBeanFactory.invokeInitMethods(AbstractAutowireCapableBeanFactory.java:1859)
	at org.springframework.beans.factory.support.AbstractAutowireCapableBeanFactory.initializeBean(AbstractAutowireCapableBeanFactory.java:1808)
	at org.springframework.beans.factory.support.AbstractAutowireCapableBeanFactory.doCreateBean(AbstractAutowireCapableBeanFactory.java:601)
	at org.springframework.beans.factory.support.AbstractAutowireCapableBeanFactory.createBean(AbstractAutowireCapableBeanFactory.java:523)
	at org.springframework.beans.factory.support.AbstractBeanFactory.lambda$doGetBean$0(AbstractBeanFactory.java:339)
	at org.springframework.beans.factory.support.DefaultSingletonBeanRegistry.getSingleton(DefaultSingletonBeanRegistry.java:346)
	at org.springframework.beans.factory.support.AbstractBeanFactory.doGetBean(AbstractBeanFactory.java:337)
	at org.springframework.beans.factory.support.AbstractBeanFactory.getBean(AbstractBeanFactory.java:207)
	at org.springframework.context.support.AbstractApplicationContext.finishBeanFactoryInitialization(AbstractApplicationContext.java:970)
	at org.springframework.context.support.AbstractApplicationContext.refresh(AbstractApplicationContext.java:627)
	at org.springframework.boot.web.servlet.context.ServletWebServerApplicationContext.refresh(ServletWebServerApplicationContext.java:146)
	at org.springframework.boot.SpringApplication.refresh(SpringApplication.java:752)
	at org.springframework.boot.SpringApplication.refreshContext(SpringApplication.java:439)
	at org.springframework.boot.SpringApplication.run(SpringApplication.java:318)
	at org.springframework.boot.SpringApplication.run(SpringApplication.java:1361)
	at org.springframework.boot.SpringApplication.run(SpringApplication.java:1350)
	at backend.HotelBookingApplication.main(HotelBookingApplication.java:15)
Caused by: org.postgresql.util.PSQLException: ERROR: column "staff_id" cannot be cast automatically to type bigint
  Hint: You might need to specify "USING staff_id::bigint".
	at org.postgresql.core.v3.QueryExecutorImpl.receiveErrorResponse(QueryExecutorImpl.java:2733)
	at org.postgresql.core.v3.QueryExecutorImpl.processResults(QueryExecutorImpl.java:2420)
	at org.postgresql.core.v3.QueryExecutorImpl.execute(QueryExecutorImpl.java:372)
	at org.postgresql.jdbc.PgStatement.executeInternal(PgStatement.java:517)
	at org.postgresql.jdbc.PgStatement.execute(PgStatement.java:434)
	at org.postgresql.jdbc.PgStatement.executeWithFlags(PgStatement.java:356)
	at org.postgresql.jdbc.PgStatement.executeCachedSql(PgStatement.java:341)
	at org.postgresql.jdbc.PgStatement.executeWithFlags(PgStatement.java:317)
	at org.postgresql.jdbc.PgStatement.execute(PgStatement.java:312)
	at com.zaxxer.hikari.pool.ProxyStatement.execute(ProxyStatement.java:94)
	at com.zaxxer.hikari.pool.HikariProxyStatement.execute(HikariProxyStatement.java)
	at org.hibernate.tool.schema.internal.exec.GenerationTargetToDatabase.accept(GenerationTargetToDatabase.java:80)
	... 37 common frames omitted
2025-04-12 23:29:23 [main] WARN  o.h.t.s.i.ExceptionHandlerLoggedImpl - GenerationTarget encountered exception accepting command : Error executing DDL "alter table if exists staff_room_map add constraint FKyd20ehofj2axxe92vl67pqvx foreign key (staff_id) references staff" via JDBC [ERROR: foreign key constraint "fkyd20ehofj2axxe92vl67pqvx" cannot be implemented
  Detail: Key columns "staff_id" and "staff_id" are of incompatible types: character varying and bigint.]
org.hibernate.tool.schema.spi.CommandAcceptanceException: Error executing DDL "alter table if exists staff_room_map add constraint FKyd20ehofj2axxe92vl67pqvx foreign key (staff_id) references staff" via JDBC [ERROR: foreign key constraint "fkyd20ehofj2axxe92vl67pqvx" cannot be implemented
  Detail: Key columns "staff_id" and "staff_id" are of incompatible types: character varying and bigint.]
	at org.hibernate.tool.schema.internal.exec.GenerationTargetToDatabase.accept(GenerationTargetToDatabase.java:94)
	at org.hibernate.tool.schema.internal.AbstractSchemaMigrator.applySqlString(AbstractSchemaMigrator.java:576)
	at org.hibernate.tool.schema.internal.AbstractSchemaMigrator.applySqlStrings(AbstractSchemaMigrator.java:516)
	at org.hibernate.tool.schema.internal.AbstractSchemaMigrator.applyForeignKeys(AbstractSchemaMigrator.java:448)
	at org.hibernate.tool.schema.internal.AbstractSchemaMigrator.performMigration(AbstractSchemaMigrator.java:269)
	at org.hibernate.tool.schema.internal.AbstractSchemaMigrator.doMigration(AbstractSchemaMigrator.java:112)
	at org.hibernate.tool.schema.spi.SchemaManagementToolCoordinator.performDatabaseAction(SchemaManagementToolCoordinator.java:280)
	at org.hibernate.tool.schema.spi.SchemaManagementToolCoordinator.lambda$process$5(SchemaManagementToolCoordinator.java:144)
	at java.base/java.util.HashMap.forEach(HashMap.java:1421)
	at org.hibernate.tool.schema.spi.SchemaManagementToolCoordinator.process(SchemaManagementToolCoordinator.java:141)
	at org.hibernate.boot.internal.SessionFactoryObserverForSchemaExport.sessionFactoryCreated(SessionFactoryObserverForSchemaExport.java:37)
	at org.hibernate.internal.SessionFactoryObserverChain.sessionFactoryCreated(SessionFactoryObserverChain.java:35)
	at org.hibernate.internal.SessionFactoryImpl.<init>(SessionFactoryImpl.java:324)
	at org.hibernate.boot.internal.SessionFactoryBuilderImpl.build(SessionFactoryBuilderImpl.java:463)
	at org.hibernate.jpa.boot.internal.EntityManagerFactoryBuilderImpl.build(EntityManagerFactoryBuilderImpl.java:1517)
	at org.springframework.orm.jpa.vendor.SpringHibernateJpaPersistenceProvider.createContainerEntityManagerFactory(SpringHibernateJpaPersistenceProvider.java:66)
	at org.springframework.orm.jpa.LocalContainerEntityManagerFactoryBean.createNativeEntityManagerFactory(LocalContainerEntityManagerFactoryBean.java:390)
	at org.springframework.orm.jpa.AbstractEntityManagerFactoryBean.buildNativeEntityManagerFactory(AbstractEntityManagerFactoryBean.java:419)
	at org.springframework.orm.jpa.AbstractEntityManagerFactoryBean.afterPropertiesSet(AbstractEntityManagerFactoryBean.java:400)
	at org.springframework.orm.jpa.LocalContainerEntityManagerFactoryBean.afterPropertiesSet(LocalContainerEntityManagerFactoryBean.java:366)
	at org.springframework.beans.factory.support.AbstractAutowireCapableBeanFactory.invokeInitMethods(AbstractAutowireCapableBeanFactory.java:1859)
	at org.springframework.beans.factory.support.AbstractAutowireCapableBeanFactory.initializeBean(AbstractAutowireCapableBeanFactory.java:1808)
	at org.springframework.beans.factory.support.AbstractAutowireCapableBeanFactory.doCreateBean(AbstractAutowireCapableBeanFactory.java:601)
	at org.springframework.beans.factory.support.AbstractAutowireCapableBeanFactory.createBean(AbstractAutowireCapableBeanFactory.java:523)
	at org.springframework.beans.factory.support.AbstractBeanFactory.lambda$doGetBean$0(AbstractBeanFactory.java:339)
	at org.springframework.beans.factory.support.DefaultSingletonBeanRegistry.getSingleton(DefaultSingletonBeanRegistry.java:346)
	at org.springframework.beans.factory.support.AbstractBeanFactory.doGetBean(AbstractBeanFactory.java:337)
	at org.springframework.beans.factory.support.AbstractBeanFactory.getBean(AbstractBeanFactory.java:207)
	at org.springframework.context.support.AbstractApplicationContext.finishBeanFactoryInitialization(AbstractApplicationContext.java:970)
	at org.springframework.context.support.AbstractApplicationContext.refresh(AbstractApplicationContext.java:627)
	at org.springframework.boot.web.servlet.context.ServletWebServerApplicationContext.refresh(ServletWebServerApplicationContext.java:146)
	at org.springframework.boot.SpringApplication.refresh(SpringApplication.java:752)
	at org.springframework.boot.SpringApplication.refreshContext(SpringApplication.java:439)
	at org.springframework.boot.SpringApplication.run(SpringApplication.java:318)
	at org.springframework.boot.SpringApplication.run(SpringApplication.java:1361)
	at org.springframework.boot.SpringApplication.run(SpringApplication.java:1350)
	at backend.HotelBookingApplication.main(HotelBookingApplication.java:15)
Caused by: org.postgresql.util.PSQLException: ERROR: foreign key constraint "fkyd20ehofj2axxe92vl67pqvx" cannot be implemented
  Detail: Key columns "staff_id" and "staff_id" are of incompatible types: character varying and bigint.
	at org.postgresql.core.v3.QueryExecutorImpl.receiveErrorResponse(QueryExecutorImpl.java:2733)
	at org.postgresql.core.v3.QueryExecutorImpl.processResults(QueryExecutorImpl.java:2420)
	at org.postgresql.core.v3.QueryExecutorImpl.execute(QueryExecutorImpl.java:372)
	at org.postgresql.jdbc.PgStatement.executeInternal(PgStatement.java:517)
	at org.postgresql.jdbc.PgStatement.execute(PgStatement.java:434)
	at org.postgresql.jdbc.PgStatement.executeWithFlags(PgStatement.java:356)
	at org.postgresql.jdbc.PgStatement.executeCachedSql(PgStatement.java:341)
	at org.postgresql.jdbc.PgStatement.executeWithFlags(PgStatement.java:317)
	at org.postgresql.jdbc.PgStatement.execute(PgStatement.java:312)
	at com.zaxxer.hikari.pool.ProxyStatement.execute(ProxyStatement.java:94)
	at com.zaxxer.hikari.pool.HikariProxyStatement.execute(HikariProxyStatement.java)
	at org.hibernate.tool.schema.internal.exec.GenerationTargetToDatabase.accept(GenerationTargetToDatabase.java:80)
	... 36 common frames omitted
2025-04-12 23:29:23 [main] INFO  o.s.o.j.LocalContainerEntityManagerFactoryBean - Initialized JPA EntityManagerFactory for persistence unit 'default'
2025-04-12 23:29:23 [main] INFO  backend.config.CorsConfig - CORS Configuration Loaded!
2025-04-12 23:29:23 [main] DEBUG o.s.c.e.PropertySourcesPropertyResolver - Found key 'spring.security.oauth2.resourceserver.jwt.issuer-uri' in PropertySource 'environmentProperties' with value of type String
2025-04-12 23:29:23 [main] INFO  o.s.d.j.r.query.QueryEnhancerFactory - Hibernate is in classpath; If applicable, HQL parser will be used.
2025-04-12 23:29:23 [main] DEBUG o.s.c.e.PropertySourcesPropertyResolver - Found key 'graphql.endpoint' in PropertySource 'environmentProperties' with value of type String
2025-04-12 23:29:23 [main] DEBUG o.s.c.e.PropertySourcesPropertyResolver - Found key 'graphql.api-key' in PropertySource 'environmentProperties' with value of type String
2025-04-12 23:29:24 [main] DEBUG o.s.c.e.PropertySourcesPropertyResolver - Found key 'graphql.api.key' in PropertySource 'environmentProperties' with value of type String
2025-04-12 23:29:24 [main] DEBUG o.s.c.e.PropertySourcesPropertyResolver - Found key 'graphql.url' in PropertySource 'environmentProperties' with value of type String
2025-04-12 23:29:24 [main] DEBUG o.s.c.e.PropertySourcesPropertyResolver - Found key 'spring.mail.username' in PropertySource 'environmentProperties' with value of type String
2025-04-12 23:29:24 [main] DEBUG o.s.c.e.PropertySourcesPropertyResolver - Found key 'otp.expiry.minutes' in PropertySource 'environmentProperties' with value of type String
2025-04-12 23:29:24 [main] DEBUG o.s.c.e.PropertySourcesPropertyResolver - Found key 'otp.max.attempts' in PropertySource 'environmentProperties' with value of type String
2025-04-12 23:29:24 [main] DEBUG o.s.c.e.PropertySourcesPropertyResolver - Found key 'graphql.endpoint' in PropertySource 'environmentProperties' with value of type String
2025-04-12 23:29:24 [main] DEBUG o.s.c.e.PropertySourcesPropertyResolver - Found key 'graphql.api-key' in PropertySource 'environmentProperties' with value of type String
2025-04-12 23:29:24 [main] DEBUG o.s.c.e.PropertySourcesPropertyResolver - Found key 'graphql.api.key' in PropertySource 'environmentProperties' with value of type String
2025-04-12 23:29:24 [main] DEBUG o.s.c.e.PropertySourcesPropertyResolver - Found key 'graphql.url' in PropertySource 'environmentProperties' with value of type String
2025-04-12 23:29:24 [main] DEBUG o.s.c.e.PropertySourcesPropertyResolver - Found key 'graphql.endpoint' in PropertySource 'environmentProperties' with value of type String
2025-04-12 23:29:24 [main] DEBUG o.s.c.e.PropertySourcesPropertyResolver - Found key 'graphql.api-key' in PropertySource 'environmentProperties' with value of type String
2025-04-12 23:29:24 [main] DEBUG o.s.c.e.PropertySourcesPropertyResolver - Found key 'graphql.endpoint' in PropertySource 'environmentProperties' with value of type String
2025-04-12 23:29:24 [main] DEBUG o.s.c.e.PropertySourcesPropertyResolver - Found key 'graphql.apiKey' in PropertySource 'environmentProperties' with value of type String
2025-04-12 23:29:24 [main] DEBUG o.s.c.e.PropertySourcesPropertyResolver - Found key 'graphql.endpoint' in PropertySource 'environmentProperties' with value of type String
2025-04-12 23:29:24 [main] DEBUG o.s.c.e.PropertySourcesPropertyResolver - Found key 'graphql.apiKey' in PropertySource 'environmentProperties' with value of type String
2025-04-12 23:29:24 [main] DEBUG o.s.c.e.PropertySourcesPropertyResolver - Found key 'api.base.url' in PropertySource 'environmentProperties' with value of type String
2025-04-12 23:29:24 [main] WARN  o.s.b.a.o.j.JpaBaseConfiguration$JpaWebConfiguration - spring.jpa.open-in-view is enabled by default. Therefore, database queries may be performed during view rendering. Explicitly configure spring.jpa.open-in-view to disable this warning
2025-04-12 23:29:24 [main] INFO  backend.config.CorsConfig - Applying CORS settings...
2025-04-12 23:29:24 [main] DEBUG o.s.s.c.a.a.c.AuthenticationConfiguration$DefaultPasswordEncoderAuthenticationManagerBuilder - No authenticationProviders and no parentAuthenticationManager defined. Returning null.
2025-04-12 23:29:24 [main] INFO  o.s.b.a.e.web.EndpointLinksResolver - Exposing 2 endpoints beneath base path '/actuator'
2025-04-12 23:29:24 [main] INFO  backend.config.SecurityConfig - Configuring security filter chain...
2025-04-12 23:29:24 [main] INFO  backend.config.SecurityConfig - Using issuer URI: https://cognito-idp.ap-south-1.amazonaws.com/ap-south-1_IGHZ9OObg
2025-04-12 23:29:24 [main] INFO  backend.config.SecurityConfig - Configuring authorization rules...
2025-04-12 23:29:24 [main] INFO  backend.config.SecurityConfig - Configuring OAuth2 resource server...
2025-04-12 23:29:24 [main] INFO  backend.config.SecurityConfig - Configuring JWT...
2025-04-12 23:29:24 [main] INFO  backend.config.SecurityConfig - Creating JWT decoder with issuer URI: https://cognito-idp.ap-south-1.amazonaws.com/ap-south-1_IGHZ9OObg
2025-04-12 23:29:25 [main] INFO  backend.config.SecurityConfig - Configuring session management...
2025-04-12 23:29:25 [main] DEBUG o.s.s.web.DefaultSecurityFilterChain - Will secure any request with filters: DisableEncodeUrlFilter, WebAsyncManagerIntegrationFilter, SecurityContextHolderFilter, HeaderWriterFilter, LogoutFilter, BearerTokenAuthenticationFilter, RequestCacheAwareFilter, SecurityContextHolderAwareRequestFilter, AnonymousAuthenticationFilter, SessionManagementFilter, ExceptionTranslationFilter, AuthorizationFilter
2025-04-12 23:29:25 [main] INFO  o.a.coyote.http11.Http11NioProtocol - Starting ProtocolHandler ["http-nio-8081"]
2025-04-12 23:29:25 [main] INFO  o.s.b.w.e.tomcat.TomcatWebServer - Tomcat started on port 8081 (http) with context path '/'
2025-04-12 23:29:25 [main] INFO  backend.HotelBookingApplication - Started HotelBookingApplication in 9.943 seconds (process running for 10.51)
2025-04-12 23:29:34 [http-nio-8081-exec-1] INFO  o.a.c.c.C.[Tomcat].[localhost].[/] - Initializing Spring DispatcherServlet 'dispatcherServlet'
2025-04-12 23:29:34 [http-nio-8081-exec-1] INFO  o.s.web.servlet.DispatcherServlet - Initializing Servlet 'dispatcherServlet'
2025-04-12 23:29:34 [http-nio-8081-exec-1] INFO  o.s.web.servlet.DispatcherServlet - Completed initialization in 5 ms
2025-04-12 23:29:34 [http-nio-8081-exec-1] DEBUG o.s.security.web.FilterChainProxy - Securing POST /api/house-cleaning/generate?date=2025-05-01
2025-04-12 23:29:34 [http-nio-8081-exec-1] DEBUG o.s.s.w.a.AnonymousAuthenticationFilter - Set SecurityContextHolder to anonymous SecurityContext
2025-04-12 23:29:34 [http-nio-8081-exec-1] DEBUG o.s.security.web.FilterChainProxy - Secured POST /api/house-cleaning/generate?date=2025-05-01
2025-04-12 23:29:34 [http-nio-8081-exec-1] INFO  b.s.impl.HouseCleaningServiceImpl - Generating cleaning schedules for date: 2025-05-01
2025-04-12 23:29:34 [http-nio-8081-exec-1] INFO  b.s.impl.HouseCleaningServiceImpl - Found 10 check-in bookings, 0 check-out bookings, and 10 current bookings for date 2025-05-01
2025-04-12 23:29:34 [http-nio-8081-exec-1] INFO  b.s.impl.BookedRoomsServiceImpl - Checking check-in rooms for date: 2025-05-01
2025-04-12 23:29:34 [http-nio-8081-exec-1] INFO  b.s.impl.BookedRoomsServiceImpl - Found 10 transactions with check-in date 2025-05-01
2025-04-12 23:29:34 [http-nio-8081-exec-1] INFO  b.s.impl.BookedRoomsServiceImpl - Booking IDs for check-in: [13, 12, 15, 14, 53, 55, 59, 60, 155, 318]
2025-04-12 23:29:37 [http-nio-8081-exec-1] INFO  b.s.impl.BookedRoomsServiceImpl - Room IDs for bookings [13, 12, 15, 14, 53, 55, 59, 60, 155, 318]: [421, 422, 433, 434, 439, 451, 452, 457, 464, 469, 470]
2025-04-12 23:29:37 [http-nio-8081-exec-1] INFO  b.s.impl.BookedRoomsServiceImpl - Checking check-out rooms for date: 2025-05-01
2025-04-12 23:29:37 [http-nio-8081-exec-1] INFO  b.s.impl.BookedRoomsServiceImpl - Found 0 transactions with check-out date 2025-05-01
2025-04-12 23:29:37 [http-nio-8081-exec-1] INFO  b.s.impl.BookedRoomsServiceImpl - Booking IDs for check-out: []
2025-04-12 23:29:37 [http-nio-8081-exec-1] INFO  b.s.impl.BookedRoomsServiceImpl - No booking IDs found, returning empty list
2025-04-12 23:29:37 [http-nio-8081-exec-1] INFO  b.s.impl.BookedRoomsServiceImpl - Checking currently booked rooms for date: 2025-05-01T00:00:00Z
2025-04-12 23:29:37 [http-nio-8081-exec-1] INFO  b.s.impl.BookedRoomsServiceImpl - Currently booked room IDs: [421, 422, 433, 434, 439, 451, 452, 457, 464, 469, 470]
2025-04-12 23:29:37 [http-nio-8081-exec-1] INFO  b.s.impl.HouseCleaningServiceImpl - Found 11 check-in rooms, 0 check-out rooms, and 11 current rooms for date 2025-05-01
2025-04-12 23:29:37 [http-nio-8081-exec-1] WARN  b.s.impl.HouseCleaningServiceImpl - Could not extract room ID from booking details for booking ID 13
2025-04-12 23:29:37 [http-nio-8081-exec-1] WARN  b.s.impl.HouseCleaningServiceImpl - Could not extract room ID from booking details for booking ID 12
2025-04-12 23:29:37 [http-nio-8081-exec-1] WARN  b.s.impl.HouseCleaningServiceImpl - Could not extract room ID from booking details for booking ID 15
2025-04-12 23:29:37 [http-nio-8081-exec-1] WARN  b.s.impl.HouseCleaningServiceImpl - Could not extract room ID from booking details for booking ID 14
2025-04-12 23:29:37 [http-nio-8081-exec-1] WARN  b.s.impl.HouseCleaningServiceImpl - Could not extract room ID from booking details for booking ID 53
2025-04-12 23:29:37 [http-nio-8081-exec-1] WARN  b.s.impl.HouseCleaningServiceImpl - Could not extract room ID from booking details for booking ID 55
2025-04-12 23:29:37 [http-nio-8081-exec-1] WARN  b.s.impl.HouseCleaningServiceImpl - Could not extract room ID from booking details for booking ID 59
2025-04-12 23:29:37 [http-nio-8081-exec-1] WARN  b.s.impl.HouseCleaningServiceImpl - Could not extract room ID from booking details for booking ID 60
2025-04-12 23:29:37 [http-nio-8081-exec-1] WARN  b.s.impl.HouseCleaningServiceImpl - Could not extract room ID from booking details for booking ID 155
2025-04-12 23:29:37 [http-nio-8081-exec-1] WARN  b.s.impl.HouseCleaningServiceImpl - Could not extract room ID from booking details for booking ID 318
2025-04-12 23:29:37 [http-nio-8081-exec-1] WARN  b.s.impl.HouseCleaningServiceImpl - Could not extract room ID from booking details for booking ID 13
2025-04-12 23:29:37 [http-nio-8081-exec-1] WARN  b.s.impl.HouseCleaningServiceImpl - Could not extract room ID from booking details for booking ID 12
2025-04-12 23:29:37 [http-nio-8081-exec-1] WARN  b.s.impl.HouseCleaningServiceImpl - Could not extract room ID from booking details for booking ID 15
2025-04-12 23:29:37 [http-nio-8081-exec-1] WARN  b.s.impl.HouseCleaningServiceImpl - Could not extract room ID from booking details for booking ID 14
2025-04-12 23:29:37 [http-nio-8081-exec-1] WARN  b.s.impl.HouseCleaningServiceImpl - Could not extract room ID from booking details for booking ID 53
2025-04-12 23:29:37 [http-nio-8081-exec-1] WARN  b.s.impl.HouseCleaningServiceImpl - Could not extract room ID from booking details for booking ID 55
2025-04-12 23:29:37 [http-nio-8081-exec-1] WARN  b.s.impl.HouseCleaningServiceImpl - Could not extract room ID from booking details for booking ID 59
2025-04-12 23:29:37 [http-nio-8081-exec-1] WARN  b.s.impl.HouseCleaningServiceImpl - Could not extract room ID from booking details for booking ID 60
2025-04-12 23:29:37 [http-nio-8081-exec-1] WARN  b.s.impl.HouseCleaningServiceImpl - Could not extract room ID from booking details for booking ID 155
2025-04-12 23:29:37 [http-nio-8081-exec-1] WARN  b.s.impl.HouseCleaningServiceImpl - Could not extract room ID from booking details for booking ID 318
2025-04-12 23:29:37 [http-nio-8081-exec-1] INFO  b.s.impl.HouseCleaningServiceImpl - Room to booking map: {}
2025-04-12 23:29:37 [http-nio-8081-exec-1] WARN  b.s.impl.HouseCleaningServiceImpl - No booking ID found for room ID 421
2025-04-12 23:29:37 [http-nio-8081-exec-1] WARN  b.s.impl.HouseCleaningServiceImpl - No booking ID found for room ID 422
2025-04-12 23:29:37 [http-nio-8081-exec-1] WARN  b.s.impl.HouseCleaningServiceImpl - No booking ID found for room ID 433
2025-04-12 23:29:37 [http-nio-8081-exec-1] WARN  b.s.impl.HouseCleaningServiceImpl - No booking ID found for room ID 434
2025-04-12 23:29:37 [http-nio-8081-exec-1] WARN  b.s.impl.HouseCleaningServiceImpl - No booking ID found for room ID 439
2025-04-12 23:29:37 [http-nio-8081-exec-1] WARN  b.s.impl.HouseCleaningServiceImpl - No booking ID found for room ID 451
2025-04-12 23:29:37 [http-nio-8081-exec-1] WARN  b.s.impl.HouseCleaningServiceImpl - No booking ID found for room ID 452
2025-04-12 23:29:37 [http-nio-8081-exec-1] WARN  b.s.impl.HouseCleaningServiceImpl - No booking ID found for room ID 457
2025-04-12 23:29:37 [http-nio-8081-exec-1] WARN  b.s.impl.HouseCleaningServiceImpl - No booking ID found for room ID 464
2025-04-12 23:29:37 [http-nio-8081-exec-1] WARN  b.s.impl.HouseCleaningServiceImpl - No booking ID found for room ID 469
2025-04-12 23:29:37 [http-nio-8081-exec-1] WARN  b.s.impl.HouseCleaningServiceImpl - No booking ID found for room ID 470
2025-04-12 23:29:56 [http-nio-8081-exec-3] DEBUG o.s.security.web.FilterChainProxy - Securing POST /api/house-cleaning/assign-staff?date=2025-05-01&shift=MORNING_SHIFT
2025-04-12 23:29:56 [http-nio-8081-exec-3] DEBUG o.s.s.w.a.AnonymousAuthenticationFilter - Set SecurityContextHolder to anonymous SecurityContext
2025-04-12 23:29:56 [http-nio-8081-exec-3] DEBUG o.s.security.web.FilterChainProxy - Secured POST /api/house-cleaning/assign-staff?date=2025-05-01&shift=MORNING_SHIFT
2025-04-12 23:29:56 [http-nio-8081-exec-3] INFO  b.s.impl.HouseCleaningServiceImpl - Assigning staff to schedules for date: 2025-05-01 and shift: MORNING_SHIFT
2025-04-12 23:29:57 [http-nio-8081-exec-3] INFO  b.s.impl.HouseCleaningServiceImpl - Assigned staff 1 to room 434 for cleaning from 09:00 to 10:00
2025-04-12 23:29:57 [http-nio-8081-exec-3] INFO  b.s.impl.HouseCleaningServiceImpl - Assigned staff 4 to room 439 for cleaning from 09:00 to 10:00
2025-04-12 23:29:57 [http-nio-8081-exec-3] INFO  b.s.impl.HouseCleaningServiceImpl - Assigned staff 10 to room 451 for cleaning from 09:00 to 10:00
2025-04-12 23:29:57 [http-nio-8081-exec-3] WARN  b.s.impl.HouseCleaningServiceImpl - No available staff found for room 452 at time 09:00
2025-04-12 23:29:57 [http-nio-8081-exec-3] WARN  b.s.impl.HouseCleaningServiceImpl - No available staff found for room 457 at time 09:00
2025-04-12 23:29:57 [http-nio-8081-exec-3] WARN  b.s.impl.HouseCleaningServiceImpl - No available staff found for room 464 at time 09:00
2025-04-12 23:29:57 [http-nio-8081-exec-3] WARN  b.s.impl.HouseCleaningServiceImpl - No available staff found for room 469 at time 09:00
2025-04-12 23:29:57 [http-nio-8081-exec-3] WARN  b.s.impl.HouseCleaningServiceImpl - No available staff found for room 470 at time 09:00
2025-04-12 23:29:57 [http-nio-8081-exec-3] WARN  b.s.impl.HouseCleaningServiceImpl - No available staff found for room 421 at time 09:00
2025-04-12 23:29:57 [http-nio-8081-exec-3] WARN  b.s.impl.HouseCleaningServiceImpl - No available staff found for room 422 at time 09:00
2025-04-12 23:29:57 [http-nio-8081-exec-3] WARN  b.s.impl.HouseCleaningServiceImpl - No available staff found for room 433 at time 09:00
2025-04-12 23:29:57 [http-nio-8081-exec-3] WARN  b.s.impl.HouseCleaningServiceImpl - No available staff found for room 464 at time 09:09
2025-04-12 23:29:57 [http-nio-8081-exec-3] WARN  b.s.impl.HouseCleaningServiceImpl - No available staff found for room 469 at time 09:09
2025-04-12 23:29:57 [http-nio-8081-exec-3] WARN  b.s.impl.HouseCleaningServiceImpl - No available staff found for room 434 at time 09:15
2025-04-12 23:29:57 [http-nio-8081-exec-3] WARN  b.s.impl.HouseCleaningServiceImpl - No available staff found for room 451 at time 09:19
2025-04-12 23:29:57 [http-nio-8081-exec-3] WARN  b.s.impl.HouseCleaningServiceImpl - No available staff found for room 457 at time 09:22
2025-04-12 23:29:57 [http-nio-8081-exec-3] WARN  b.s.impl.HouseCleaningServiceImpl - No available staff found for room 439 at time 09:33
2025-04-12 23:29:57 [http-nio-8081-exec-3] WARN  b.s.impl.HouseCleaningServiceImpl - No available staff found for room 470 at time 09:33
2025-04-12 23:29:57 [http-nio-8081-exec-3] WARN  b.s.impl.HouseCleaningServiceImpl - No available staff found for room 452 at time 09:40
2025-04-12 23:29:57 [http-nio-8081-exec-3] WARN  b.s.impl.HouseCleaningServiceImpl - No available staff found for room 421 at time 09:42
2025-04-12 23:29:57 [http-nio-8081-exec-3] WARN  b.s.impl.HouseCleaningServiceImpl - No available staff found for room 433 at time 09:51
2025-04-12 23:29:57 [http-nio-8081-exec-3] WARN  b.s.impl.HouseCleaningServiceImpl - No available staff found for room 422 at time 09:54
2025-04-12 23:34:27 [SpringApplicationShutdownHook] INFO  o.s.b.w.e.tomcat.GracefulShutdown - Commencing graceful shutdown. Waiting for active requests to complete
2025-04-12 23:34:27 [tomcat-shutdown] INFO  o.s.b.w.e.tomcat.GracefulShutdown - Graceful shutdown complete
2025-04-12 23:34:27 [SpringApplicationShutdownHook] INFO  o.s.o.j.LocalContainerEntityManagerFactoryBean - Closing JPA EntityManagerFactory for persistence unit 'default'
2025-04-12 23:34:27 [SpringApplicationShutdownHook] INFO  com.zaxxer.hikari.HikariDataSource - HikariPool-1 - Shutdown initiated...
2025-04-12 23:34:27 [SpringApplicationShutdownHook] INFO  com.zaxxer.hikari.HikariDataSource - HikariPool-1 - Shutdown completed.
2025-04-12 23:34:33 [main] INFO  backend.HotelBookingApplication - Starting HotelBookingApplication using Java 17.0.13 with PID 94363 (/Users/sukuna/Documents/coding/IBE/IBE-BE/KDU/target/classes started by sukuna in /Users/sukuna/Documents/coding/IBE/IBE-BE/KDU)
2025-04-12 23:34:33 [main] INFO  backend.HotelBookingApplication - The following 1 profile is active: "dev"
2025-04-12 23:34:34 [main] INFO  o.s.d.r.c.RepositoryConfigurationDelegate - Bootstrapping Spring Data JPA repositories in DEFAULT mode.
2025-04-12 23:34:34 [main] INFO  o.s.d.r.c.RepositoryConfigurationDelegate - Finished Spring Data repository scanning in 58 ms. Found 15 JPA repository interfaces.
2025-04-12 23:34:35 [main] INFO  o.s.b.w.e.tomcat.TomcatWebServer - Tomcat initialized with port 8081 (http)
2025-04-12 23:34:35 [main] INFO  o.a.coyote.http11.Http11NioProtocol - Initializing ProtocolHandler ["http-nio-8081"]
2025-04-12 23:34:35 [main] INFO  o.a.catalina.core.StandardService - Starting service [Tomcat]
2025-04-12 23:34:35 [main] INFO  o.a.catalina.core.StandardEngine - Starting Servlet engine: [Apache Tomcat/10.1.36]
2025-04-12 23:34:35 [main] INFO  o.a.c.c.C.[Tomcat].[localhost].[/] - Initializing Spring embedded WebApplicationContext
2025-04-12 23:34:35 [main] INFO  o.s.b.w.s.c.ServletWebServerApplicationContext - Root WebApplicationContext: initialization completed in 1520 ms
2025-04-12 23:34:35 [main] INFO  com.zaxxer.hikari.HikariDataSource - HikariPool-1 - Starting...
2025-04-12 23:34:35 [main] INFO  com.zaxxer.hikari.pool.HikariPool - HikariPool-1 - Added connection org.postgresql.jdbc.PgConnection@5e7e7a7e
2025-04-12 23:34:35 [main] INFO  com.zaxxer.hikari.HikariDataSource - HikariPool-1 - Start completed.
2025-04-12 23:34:36 [main] INFO  o.s.o.j.p.SpringPersistenceUnitInfo - No LoadTimeWeaver setup: ignoring JPA class transformer
2025-04-12 23:34:36 [main] WARN  org.hibernate.orm.deprecation - HHH90000025: PostgreSQLDialect does not need to be specified explicitly using 'hibernate.dialect' (remove the property setting and it will be selected by default)
2025-04-12 23:34:37 [main] WARN  o.h.t.s.i.ExceptionHandlerLoggedImpl - GenerationTarget encountered exception accepting command : Error executing DDL "alter table if exists room_cleaning_schedule alter column staff_id set data type bigint" via JDBC [ERROR: column "staff_id" cannot be cast automatically to type bigint
  Hint: You might need to specify "USING staff_id::bigint".]
org.hibernate.tool.schema.spi.CommandAcceptanceException: Error executing DDL "alter table if exists room_cleaning_schedule alter column staff_id set data type bigint" via JDBC [ERROR: column "staff_id" cannot be cast automatically to type bigint
  Hint: You might need to specify "USING staff_id::bigint".]
	at org.hibernate.tool.schema.internal.exec.GenerationTargetToDatabase.accept(GenerationTargetToDatabase.java:94)
	at org.hibernate.tool.schema.internal.AbstractSchemaMigrator.applySqlString(AbstractSchemaMigrator.java:576)
	at org.hibernate.tool.schema.internal.AbstractSchemaMigrator.applySqlStrings(AbstractSchemaMigrator.java:516)
	at org.hibernate.tool.schema.internal.AbstractSchemaMigrator.migrateTable(AbstractSchemaMigrator.java:334)
	at org.hibernate.tool.schema.internal.GroupedSchemaMigratorImpl.performTablesMigration(GroupedSchemaMigratorImpl.java:84)
	at org.hibernate.tool.schema.internal.AbstractSchemaMigrator.performMigration(AbstractSchemaMigrator.java:233)
	at org.hibernate.tool.schema.internal.AbstractSchemaMigrator.doMigration(AbstractSchemaMigrator.java:112)
	at org.hibernate.tool.schema.spi.SchemaManagementToolCoordinator.performDatabaseAction(SchemaManagementToolCoordinator.java:280)
	at org.hibernate.tool.schema.spi.SchemaManagementToolCoordinator.lambda$process$5(SchemaManagementToolCoordinator.java:144)
	at java.base/java.util.HashMap.forEach(HashMap.java:1421)
	at org.hibernate.tool.schema.spi.SchemaManagementToolCoordinator.process(SchemaManagementToolCoordinator.java:141)
	at org.hibernate.boot.internal.SessionFactoryObserverForSchemaExport.sessionFactoryCreated(SessionFactoryObserverForSchemaExport.java:37)
	at org.hibernate.internal.SessionFactoryObserverChain.sessionFactoryCreated(SessionFactoryObserverChain.java:35)
	at org.hibernate.internal.SessionFactoryImpl.<init>(SessionFactoryImpl.java:324)
	at org.hibernate.boot.internal.SessionFactoryBuilderImpl.build(SessionFactoryBuilderImpl.java:463)
	at org.hibernate.jpa.boot.internal.EntityManagerFactoryBuilderImpl.build(EntityManagerFactoryBuilderImpl.java:1517)
	at org.springframework.orm.jpa.vendor.SpringHibernateJpaPersistenceProvider.createContainerEntityManagerFactory(SpringHibernateJpaPersistenceProvider.java:66)
	at org.springframework.orm.jpa.LocalContainerEntityManagerFactoryBean.createNativeEntityManagerFactory(LocalContainerEntityManagerFactoryBean.java:390)
	at org.springframework.orm.jpa.AbstractEntityManagerFactoryBean.buildNativeEntityManagerFactory(AbstractEntityManagerFactoryBean.java:419)
	at org.springframework.orm.jpa.AbstractEntityManagerFactoryBean.afterPropertiesSet(AbstractEntityManagerFactoryBean.java:400)
	at org.springframework.orm.jpa.LocalContainerEntityManagerFactoryBean.afterPropertiesSet(LocalContainerEntityManagerFactoryBean.java:366)
	at org.springframework.beans.factory.support.AbstractAutowireCapableBeanFactory.invokeInitMethods(AbstractAutowireCapableBeanFactory.java:1859)
	at org.springframework.beans.factory.support.AbstractAutowireCapableBeanFactory.initializeBean(AbstractAutowireCapableBeanFactory.java:1808)
	at org.springframework.beans.factory.support.AbstractAutowireCapableBeanFactory.doCreateBean(AbstractAutowireCapableBeanFactory.java:601)
	at org.springframework.beans.factory.support.AbstractAutowireCapableBeanFactory.createBean(AbstractAutowireCapableBeanFactory.java:523)
	at org.springframework.beans.factory.support.AbstractBeanFactory.lambda$doGetBean$0(AbstractBeanFactory.java:339)
	at org.springframework.beans.factory.support.DefaultSingletonBeanRegistry.getSingleton(DefaultSingletonBeanRegistry.java:346)
	at org.springframework.beans.factory.support.AbstractBeanFactory.doGetBean(AbstractBeanFactory.java:337)
	at org.springframework.beans.factory.support.AbstractBeanFactory.getBean(AbstractBeanFactory.java:207)
	at org.springframework.context.support.AbstractApplicationContext.finishBeanFactoryInitialization(AbstractApplicationContext.java:970)
	at org.springframework.context.support.AbstractApplicationContext.refresh(AbstractApplicationContext.java:627)
	at org.springframework.boot.web.servlet.context.ServletWebServerApplicationContext.refresh(ServletWebServerApplicationContext.java:146)
	at org.springframework.boot.SpringApplication.refresh(SpringApplication.java:752)
	at org.springframework.boot.SpringApplication.refreshContext(SpringApplication.java:439)
	at org.springframework.boot.SpringApplication.run(SpringApplication.java:318)
	at org.springframework.boot.SpringApplication.run(SpringApplication.java:1361)
	at org.springframework.boot.SpringApplication.run(SpringApplication.java:1350)
	at backend.HotelBookingApplication.main(HotelBookingApplication.java:15)
Caused by: org.postgresql.util.PSQLException: ERROR: column "staff_id" cannot be cast automatically to type bigint
  Hint: You might need to specify "USING staff_id::bigint".
	at org.postgresql.core.v3.QueryExecutorImpl.receiveErrorResponse(QueryExecutorImpl.java:2733)
	at org.postgresql.core.v3.QueryExecutorImpl.processResults(QueryExecutorImpl.java:2420)
	at org.postgresql.core.v3.QueryExecutorImpl.execute(QueryExecutorImpl.java:372)
	at org.postgresql.jdbc.PgStatement.executeInternal(PgStatement.java:517)
	at org.postgresql.jdbc.PgStatement.execute(PgStatement.java:434)
	at org.postgresql.jdbc.PgStatement.executeWithFlags(PgStatement.java:356)
	at org.postgresql.jdbc.PgStatement.executeCachedSql(PgStatement.java:341)
	at org.postgresql.jdbc.PgStatement.executeWithFlags(PgStatement.java:317)
	at org.postgresql.jdbc.PgStatement.execute(PgStatement.java:312)
	at com.zaxxer.hikari.pool.ProxyStatement.execute(ProxyStatement.java:94)
	at com.zaxxer.hikari.pool.HikariProxyStatement.execute(HikariProxyStatement.java)
	at org.hibernate.tool.schema.internal.exec.GenerationTargetToDatabase.accept(GenerationTargetToDatabase.java:80)
	... 37 common frames omitted
2025-04-12 23:34:37 [main] WARN  o.h.t.s.i.ExceptionHandlerLoggedImpl - GenerationTarget encountered exception accepting command : Error executing DDL "alter table if exists staff_room_map alter column staff_id set data type bigint" via JDBC [ERROR: column "staff_id" cannot be cast automatically to type bigint
  Hint: You might need to specify "USING staff_id::bigint".]
org.hibernate.tool.schema.spi.CommandAcceptanceException: Error executing DDL "alter table if exists staff_room_map alter column staff_id set data type bigint" via JDBC [ERROR: column "staff_id" cannot be cast automatically to type bigint
  Hint: You might need to specify "USING staff_id::bigint".]
	at org.hibernate.tool.schema.internal.exec.GenerationTargetToDatabase.accept(GenerationTargetToDatabase.java:94)
	at org.hibernate.tool.schema.internal.AbstractSchemaMigrator.applySqlString(AbstractSchemaMigrator.java:576)
	at org.hibernate.tool.schema.internal.AbstractSchemaMigrator.applySqlStrings(AbstractSchemaMigrator.java:516)
	at org.hibernate.tool.schema.internal.AbstractSchemaMigrator.migrateTable(AbstractSchemaMigrator.java:334)
	at org.hibernate.tool.schema.internal.GroupedSchemaMigratorImpl.performTablesMigration(GroupedSchemaMigratorImpl.java:84)
	at org.hibernate.tool.schema.internal.AbstractSchemaMigrator.performMigration(AbstractSchemaMigrator.java:233)
	at org.hibernate.tool.schema.internal.AbstractSchemaMigrator.doMigration(AbstractSchemaMigrator.java:112)
	at org.hibernate.tool.schema.spi.SchemaManagementToolCoordinator.performDatabaseAction(SchemaManagementToolCoordinator.java:280)
	at org.hibernate.tool.schema.spi.SchemaManagementToolCoordinator.lambda$process$5(SchemaManagementToolCoordinator.java:144)
	at java.base/java.util.HashMap.forEach(HashMap.java:1421)
	at org.hibernate.tool.schema.spi.SchemaManagementToolCoordinator.process(SchemaManagementToolCoordinator.java:141)
	at org.hibernate.boot.internal.SessionFactoryObserverForSchemaExport.sessionFactoryCreated(SessionFactoryObserverForSchemaExport.java:37)
	at org.hibernate.internal.SessionFactoryObserverChain.sessionFactoryCreated(SessionFactoryObserverChain.java:35)
	at org.hibernate.internal.SessionFactoryImpl.<init>(SessionFactoryImpl.java:324)
	at org.hibernate.boot.internal.SessionFactoryBuilderImpl.build(SessionFactoryBuilderImpl.java:463)
	at org.hibernate.jpa.boot.internal.EntityManagerFactoryBuilderImpl.build(EntityManagerFactoryBuilderImpl.java:1517)
	at org.springframework.orm.jpa.vendor.SpringHibernateJpaPersistenceProvider.createContainerEntityManagerFactory(SpringHibernateJpaPersistenceProvider.java:66)
	at org.springframework.orm.jpa.LocalContainerEntityManagerFactoryBean.createNativeEntityManagerFactory(LocalContainerEntityManagerFactoryBean.java:390)
	at org.springframework.orm.jpa.AbstractEntityManagerFactoryBean.buildNativeEntityManagerFactory(AbstractEntityManagerFactoryBean.java:419)
	at org.springframework.orm.jpa.AbstractEntityManagerFactoryBean.afterPropertiesSet(AbstractEntityManagerFactoryBean.java:400)
	at org.springframework.orm.jpa.LocalContainerEntityManagerFactoryBean.afterPropertiesSet(LocalContainerEntityManagerFactoryBean.java:366)
	at org.springframework.beans.factory.support.AbstractAutowireCapableBeanFactory.invokeInitMethods(AbstractAutowireCapableBeanFactory.java:1859)
	at org.springframework.beans.factory.support.AbstractAutowireCapableBeanFactory.initializeBean(AbstractAutowireCapableBeanFactory.java:1808)
	at org.springframework.beans.factory.support.AbstractAutowireCapableBeanFactory.doCreateBean(AbstractAutowireCapableBeanFactory.java:601)
	at org.springframework.beans.factory.support.AbstractAutowireCapableBeanFactory.createBean(AbstractAutowireCapableBeanFactory.java:523)
	at org.springframework.beans.factory.support.AbstractBeanFactory.lambda$doGetBean$0(AbstractBeanFactory.java:339)
	at org.springframework.beans.factory.support.DefaultSingletonBeanRegistry.getSingleton(DefaultSingletonBeanRegistry.java:346)
	at org.springframework.beans.factory.support.AbstractBeanFactory.doGetBean(AbstractBeanFactory.java:337)
	at org.springframework.beans.factory.support.AbstractBeanFactory.getBean(AbstractBeanFactory.java:207)
	at org.springframework.context.support.AbstractApplicationContext.finishBeanFactoryInitialization(AbstractApplicationContext.java:970)
	at org.springframework.context.support.AbstractApplicationContext.refresh(AbstractApplicationContext.java:627)
	at org.springframework.boot.web.servlet.context.ServletWebServerApplicationContext.refresh(ServletWebServerApplicationContext.java:146)
	at org.springframework.boot.SpringApplication.refresh(SpringApplication.java:752)
	at org.springframework.boot.SpringApplication.refreshContext(SpringApplication.java:439)
	at org.springframework.boot.SpringApplication.run(SpringApplication.java:318)
	at org.springframework.boot.SpringApplication.run(SpringApplication.java:1361)
	at org.springframework.boot.SpringApplication.run(SpringApplication.java:1350)
	at backend.HotelBookingApplication.main(HotelBookingApplication.java:15)
Caused by: org.postgresql.util.PSQLException: ERROR: column "staff_id" cannot be cast automatically to type bigint
  Hint: You might need to specify "USING staff_id::bigint".
	at org.postgresql.core.v3.QueryExecutorImpl.receiveErrorResponse(QueryExecutorImpl.java:2733)
	at org.postgresql.core.v3.QueryExecutorImpl.processResults(QueryExecutorImpl.java:2420)
	at org.postgresql.core.v3.QueryExecutorImpl.execute(QueryExecutorImpl.java:372)
	at org.postgresql.jdbc.PgStatement.executeInternal(PgStatement.java:517)
	at org.postgresql.jdbc.PgStatement.execute(PgStatement.java:434)
	at org.postgresql.jdbc.PgStatement.executeWithFlags(PgStatement.java:356)
	at org.postgresql.jdbc.PgStatement.executeCachedSql(PgStatement.java:341)
	at org.postgresql.jdbc.PgStatement.executeWithFlags(PgStatement.java:317)
	at org.postgresql.jdbc.PgStatement.execute(PgStatement.java:312)
	at com.zaxxer.hikari.pool.ProxyStatement.execute(ProxyStatement.java:94)
	at com.zaxxer.hikari.pool.HikariProxyStatement.execute(HikariProxyStatement.java)
	at org.hibernate.tool.schema.internal.exec.GenerationTargetToDatabase.accept(GenerationTargetToDatabase.java:80)
	... 37 common frames omitted
2025-04-12 23:34:38 [main] WARN  o.h.t.s.i.ExceptionHandlerLoggedImpl - GenerationTarget encountered exception accepting command : Error executing DDL "alter table if exists staff_room_map add constraint FKyd20ehofj2axxe92vl67pqvx foreign key (staff_id) references staff" via JDBC [ERROR: foreign key constraint "fkyd20ehofj2axxe92vl67pqvx" cannot be implemented
  Detail: Key columns "staff_id" and "staff_id" are of incompatible types: character varying and bigint.]
org.hibernate.tool.schema.spi.CommandAcceptanceException: Error executing DDL "alter table if exists staff_room_map add constraint FKyd20ehofj2axxe92vl67pqvx foreign key (staff_id) references staff" via JDBC [ERROR: foreign key constraint "fkyd20ehofj2axxe92vl67pqvx" cannot be implemented
  Detail: Key columns "staff_id" and "staff_id" are of incompatible types: character varying and bigint.]
	at org.hibernate.tool.schema.internal.exec.GenerationTargetToDatabase.accept(GenerationTargetToDatabase.java:94)
	at org.hibernate.tool.schema.internal.AbstractSchemaMigrator.applySqlString(AbstractSchemaMigrator.java:576)
	at org.hibernate.tool.schema.internal.AbstractSchemaMigrator.applySqlStrings(AbstractSchemaMigrator.java:516)
	at org.hibernate.tool.schema.internal.AbstractSchemaMigrator.applyForeignKeys(AbstractSchemaMigrator.java:448)
	at org.hibernate.tool.schema.internal.AbstractSchemaMigrator.performMigration(AbstractSchemaMigrator.java:269)
	at org.hibernate.tool.schema.internal.AbstractSchemaMigrator.doMigration(AbstractSchemaMigrator.java:112)
	at org.hibernate.tool.schema.spi.SchemaManagementToolCoordinator.performDatabaseAction(SchemaManagementToolCoordinator.java:280)
	at org.hibernate.tool.schema.spi.SchemaManagementToolCoordinator.lambda$process$5(SchemaManagementToolCoordinator.java:144)
	at java.base/java.util.HashMap.forEach(HashMap.java:1421)
	at org.hibernate.tool.schema.spi.SchemaManagementToolCoordinator.process(SchemaManagementToolCoordinator.java:141)
	at org.hibernate.boot.internal.SessionFactoryObserverForSchemaExport.sessionFactoryCreated(SessionFactoryObserverForSchemaExport.java:37)
	at org.hibernate.internal.SessionFactoryObserverChain.sessionFactoryCreated(SessionFactoryObserverChain.java:35)
	at org.hibernate.internal.SessionFactoryImpl.<init>(SessionFactoryImpl.java:324)
	at org.hibernate.boot.internal.SessionFactoryBuilderImpl.build(SessionFactoryBuilderImpl.java:463)
	at org.hibernate.jpa.boot.internal.EntityManagerFactoryBuilderImpl.build(EntityManagerFactoryBuilderImpl.java:1517)
	at org.springframework.orm.jpa.vendor.SpringHibernateJpaPersistenceProvider.createContainerEntityManagerFactory(SpringHibernateJpaPersistenceProvider.java:66)
	at org.springframework.orm.jpa.LocalContainerEntityManagerFactoryBean.createNativeEntityManagerFactory(LocalContainerEntityManagerFactoryBean.java:390)
	at org.springframework.orm.jpa.AbstractEntityManagerFactoryBean.buildNativeEntityManagerFactory(AbstractEntityManagerFactoryBean.java:419)
	at org.springframework.orm.jpa.AbstractEntityManagerFactoryBean.afterPropertiesSet(AbstractEntityManagerFactoryBean.java:400)
	at org.springframework.orm.jpa.LocalContainerEntityManagerFactoryBean.afterPropertiesSet(LocalContainerEntityManagerFactoryBean.java:366)
	at org.springframework.beans.factory.support.AbstractAutowireCapableBeanFactory.invokeInitMethods(AbstractAutowireCapableBeanFactory.java:1859)
	at org.springframework.beans.factory.support.AbstractAutowireCapableBeanFactory.initializeBean(AbstractAutowireCapableBeanFactory.java:1808)
	at org.springframework.beans.factory.support.AbstractAutowireCapableBeanFactory.doCreateBean(AbstractAutowireCapableBeanFactory.java:601)
	at org.springframework.beans.factory.support.AbstractAutowireCapableBeanFactory.createBean(AbstractAutowireCapableBeanFactory.java:523)
	at org.springframework.beans.factory.support.AbstractBeanFactory.lambda$doGetBean$0(AbstractBeanFactory.java:339)
	at org.springframework.beans.factory.support.DefaultSingletonBeanRegistry.getSingleton(DefaultSingletonBeanRegistry.java:346)
	at org.springframework.beans.factory.support.AbstractBeanFactory.doGetBean(AbstractBeanFactory.java:337)
	at org.springframework.beans.factory.support.AbstractBeanFactory.getBean(AbstractBeanFactory.java:207)
	at org.springframework.context.support.AbstractApplicationContext.finishBeanFactoryInitialization(AbstractApplicationContext.java:970)
	at org.springframework.context.support.AbstractApplicationContext.refresh(AbstractApplicationContext.java:627)
	at org.springframework.boot.web.servlet.context.ServletWebServerApplicationContext.refresh(ServletWebServerApplicationContext.java:146)
	at org.springframework.boot.SpringApplication.refresh(SpringApplication.java:752)
	at org.springframework.boot.SpringApplication.refreshContext(SpringApplication.java:439)
	at org.springframework.boot.SpringApplication.run(SpringApplication.java:318)
	at org.springframework.boot.SpringApplication.run(SpringApplication.java:1361)
	at org.springframework.boot.SpringApplication.run(SpringApplication.java:1350)
	at backend.HotelBookingApplication.main(HotelBookingApplication.java:15)
Caused by: org.postgresql.util.PSQLException: ERROR: foreign key constraint "fkyd20ehofj2axxe92vl67pqvx" cannot be implemented
  Detail: Key columns "staff_id" and "staff_id" are of incompatible types: character varying and bigint.
	at org.postgresql.core.v3.QueryExecutorImpl.receiveErrorResponse(QueryExecutorImpl.java:2733)
	at org.postgresql.core.v3.QueryExecutorImpl.processResults(QueryExecutorImpl.java:2420)
	at org.postgresql.core.v3.QueryExecutorImpl.execute(QueryExecutorImpl.java:372)
	at org.postgresql.jdbc.PgStatement.executeInternal(PgStatement.java:517)
	at org.postgresql.jdbc.PgStatement.execute(PgStatement.java:434)
	at org.postgresql.jdbc.PgStatement.executeWithFlags(PgStatement.java:356)
	at org.postgresql.jdbc.PgStatement.executeCachedSql(PgStatement.java:341)
	at org.postgresql.jdbc.PgStatement.executeWithFlags(PgStatement.java:317)
	at org.postgresql.jdbc.PgStatement.execute(PgStatement.java:312)
	at com.zaxxer.hikari.pool.ProxyStatement.execute(ProxyStatement.java:94)
	at com.zaxxer.hikari.pool.HikariProxyStatement.execute(HikariProxyStatement.java)
	at org.hibernate.tool.schema.internal.exec.GenerationTargetToDatabase.accept(GenerationTargetToDatabase.java:80)
	... 36 common frames omitted
2025-04-12 23:34:38 [main] INFO  o.s.o.j.LocalContainerEntityManagerFactoryBean - Initialized JPA EntityManagerFactory for persistence unit 'default'
2025-04-12 23:34:38 [main] INFO  backend.config.CorsConfig - CORS Configuration Loaded!
2025-04-12 23:34:38 [main] DEBUG o.s.c.e.PropertySourcesPropertyResolver - Found key 'spring.security.oauth2.resourceserver.jwt.issuer-uri' in PropertySource 'environmentProperties' with value of type String
2025-04-12 23:34:38 [main] INFO  o.s.d.j.r.query.QueryEnhancerFactory - Hibernate is in classpath; If applicable, HQL parser will be used.
2025-04-12 23:34:38 [main] DEBUG o.s.c.e.PropertySourcesPropertyResolver - Found key 'graphql.endpoint' in PropertySource 'environmentProperties' with value of type String
2025-04-12 23:34:38 [main] DEBUG o.s.c.e.PropertySourcesPropertyResolver - Found key 'graphql.api-key' in PropertySource 'environmentProperties' with value of type String
2025-04-12 23:34:38 [main] DEBUG o.s.c.e.PropertySourcesPropertyResolver - Found key 'graphql.api.key' in PropertySource 'environmentProperties' with value of type String
2025-04-12 23:34:38 [main] DEBUG o.s.c.e.PropertySourcesPropertyResolver - Found key 'graphql.url' in PropertySource 'environmentProperties' with value of type String
2025-04-12 23:34:38 [main] DEBUG o.s.c.e.PropertySourcesPropertyResolver - Found key 'spring.mail.username' in PropertySource 'environmentProperties' with value of type String
2025-04-12 23:34:38 [main] DEBUG o.s.c.e.PropertySourcesPropertyResolver - Found key 'otp.expiry.minutes' in PropertySource 'environmentProperties' with value of type String
2025-04-12 23:34:38 [main] DEBUG o.s.c.e.PropertySourcesPropertyResolver - Found key 'otp.max.attempts' in PropertySource 'environmentProperties' with value of type String
2025-04-12 23:34:38 [main] DEBUG o.s.c.e.PropertySourcesPropertyResolver - Found key 'graphql.endpoint' in PropertySource 'environmentProperties' with value of type String
2025-04-12 23:34:38 [main] DEBUG o.s.c.e.PropertySourcesPropertyResolver - Found key 'graphql.api-key' in PropertySource 'environmentProperties' with value of type String
2025-04-12 23:34:38 [main] DEBUG o.s.c.e.PropertySourcesPropertyResolver - Found key 'graphql.api.key' in PropertySource 'environmentProperties' with value of type String
2025-04-12 23:34:38 [main] DEBUG o.s.c.e.PropertySourcesPropertyResolver - Found key 'graphql.url' in PropertySource 'environmentProperties' with value of type String
2025-04-12 23:34:39 [main] DEBUG o.s.c.e.PropertySourcesPropertyResolver - Found key 'graphql.endpoint' in PropertySource 'environmentProperties' with value of type String
2025-04-12 23:34:39 [main] DEBUG o.s.c.e.PropertySourcesPropertyResolver - Found key 'graphql.api-key' in PropertySource 'environmentProperties' with value of type String
2025-04-12 23:34:39 [main] DEBUG o.s.c.e.PropertySourcesPropertyResolver - Found key 'graphql.endpoint' in PropertySource 'environmentProperties' with value of type String
2025-04-12 23:34:39 [main] DEBUG o.s.c.e.PropertySourcesPropertyResolver - Found key 'graphql.apiKey' in PropertySource 'environmentProperties' with value of type String
2025-04-12 23:34:39 [main] DEBUG o.s.c.e.PropertySourcesPropertyResolver - Found key 'graphql.endpoint' in PropertySource 'environmentProperties' with value of type String
2025-04-12 23:34:39 [main] DEBUG o.s.c.e.PropertySourcesPropertyResolver - Found key 'graphql.apiKey' in PropertySource 'environmentProperties' with value of type String
2025-04-12 23:34:39 [main] DEBUG o.s.c.e.PropertySourcesPropertyResolver - Found key 'api.base.url' in PropertySource 'environmentProperties' with value of type String
2025-04-12 23:34:39 [main] WARN  o.s.b.a.o.j.JpaBaseConfiguration$JpaWebConfiguration - spring.jpa.open-in-view is enabled by default. Therefore, database queries may be performed during view rendering. Explicitly configure spring.jpa.open-in-view to disable this warning
2025-04-12 23:34:39 [main] INFO  backend.config.CorsConfig - Applying CORS settings...
2025-04-12 23:34:39 [main] DEBUG o.s.s.c.a.a.c.AuthenticationConfiguration$DefaultPasswordEncoderAuthenticationManagerBuilder - No authenticationProviders and no parentAuthenticationManager defined. Returning null.
2025-04-12 23:34:39 [main] INFO  o.s.b.a.e.web.EndpointLinksResolver - Exposing 2 endpoints beneath base path '/actuator'
2025-04-12 23:34:39 [main] INFO  backend.config.SecurityConfig - Configuring security filter chain...
2025-04-12 23:34:39 [main] INFO  backend.config.SecurityConfig - Using issuer URI: https://cognito-idp.ap-south-1.amazonaws.com/ap-south-1_IGHZ9OObg
2025-04-12 23:34:39 [main] INFO  backend.config.SecurityConfig - Configuring authorization rules...
2025-04-12 23:34:39 [main] INFO  backend.config.SecurityConfig - Configuring OAuth2 resource server...
2025-04-12 23:34:39 [main] INFO  backend.config.SecurityConfig - Configuring JWT...
2025-04-12 23:34:39 [main] INFO  backend.config.SecurityConfig - Creating JWT decoder with issuer URI: https://cognito-idp.ap-south-1.amazonaws.com/ap-south-1_IGHZ9OObg
2025-04-12 23:34:39 [main] INFO  backend.config.SecurityConfig - Configuring session management...
2025-04-12 23:34:39 [main] DEBUG o.s.s.web.DefaultSecurityFilterChain - Will secure any request with filters: DisableEncodeUrlFilter, WebAsyncManagerIntegrationFilter, SecurityContextHolderFilter, HeaderWriterFilter, LogoutFilter, BearerTokenAuthenticationFilter, RequestCacheAwareFilter, SecurityContextHolderAwareRequestFilter, AnonymousAuthenticationFilter, SessionManagementFilter, ExceptionTranslationFilter, AuthorizationFilter
2025-04-12 23:34:40 [main] INFO  o.a.coyote.http11.Http11NioProtocol - Starting ProtocolHandler ["http-nio-8081"]
2025-04-12 23:34:40 [main] INFO  o.s.b.w.e.tomcat.TomcatWebServer - Tomcat started on port 8081 (http) with context path '/'
2025-04-12 23:34:40 [main] INFO  backend.HotelBookingApplication - Started HotelBookingApplication in 7.824 seconds (process running for 8.279)
2025-04-12 23:34:48 [http-nio-8081-exec-1] INFO  o.a.c.c.C.[Tomcat].[localhost].[/] - Initializing Spring DispatcherServlet 'dispatcherServlet'
2025-04-12 23:34:48 [http-nio-8081-exec-1] INFO  o.s.web.servlet.DispatcherServlet - Initializing Servlet 'dispatcherServlet'
2025-04-12 23:34:48 [http-nio-8081-exec-1] INFO  o.s.web.servlet.DispatcherServlet - Completed initialization in 5 ms
2025-04-12 23:34:48 [http-nio-8081-exec-1] DEBUG o.s.security.web.FilterChainProxy - Securing POST /api/house-cleaning/generate?date=2025-05-01
2025-04-12 23:34:48 [http-nio-8081-exec-1] DEBUG o.s.s.w.a.AnonymousAuthenticationFilter - Set SecurityContextHolder to anonymous SecurityContext
2025-04-12 23:34:48 [http-nio-8081-exec-1] DEBUG o.s.security.web.FilterChainProxy - Secured POST /api/house-cleaning/generate?date=2025-05-01
2025-04-12 23:34:48 [http-nio-8081-exec-1] INFO  b.s.impl.HouseCleaningServiceImpl - Generating cleaning schedules for date: 2025-05-01
2025-04-12 23:34:48 [http-nio-8081-exec-1] INFO  b.s.impl.HouseCleaningServiceImpl - Found 10 check-in bookings, 0 check-out bookings, and 10 current bookings for date 2025-05-01
2025-04-12 23:34:48 [http-nio-8081-exec-1] INFO  b.s.impl.BookedRoomsServiceImpl - Checking check-in rooms for date: 2025-05-01
2025-04-12 23:34:48 [http-nio-8081-exec-1] INFO  b.s.impl.BookedRoomsServiceImpl - Found 10 transactions with check-in date 2025-05-01
2025-04-12 23:34:48 [http-nio-8081-exec-1] INFO  b.s.impl.BookedRoomsServiceImpl - Booking IDs for check-in: [13, 12, 15, 14, 53, 55, 59, 60, 155, 318]
2025-04-12 23:34:54 [http-nio-8081-exec-1] INFO  b.s.impl.BookedRoomsServiceImpl - Room IDs for bookings [13, 12, 15, 14, 53, 55, 59, 60, 155, 318]: [421, 422, 433, 434, 439, 451, 452, 457, 464, 469, 470]
2025-04-12 23:34:54 [http-nio-8081-exec-1] INFO  b.s.impl.BookedRoomsServiceImpl - Checking check-out rooms for date: 2025-05-01
2025-04-12 23:34:54 [http-nio-8081-exec-1] INFO  b.s.impl.BookedRoomsServiceImpl - Found 0 transactions with check-out date 2025-05-01
2025-04-12 23:34:54 [http-nio-8081-exec-1] INFO  b.s.impl.BookedRoomsServiceImpl - Booking IDs for check-out: []
2025-04-12 23:34:54 [http-nio-8081-exec-1] INFO  b.s.impl.BookedRoomsServiceImpl - No booking IDs found, returning empty list
2025-04-12 23:34:54 [http-nio-8081-exec-1] INFO  b.s.impl.BookedRoomsServiceImpl - Checking currently booked rooms for date: 2025-05-01T00:00:00Z
2025-04-12 23:34:54 [http-nio-8081-exec-1] INFO  b.s.impl.BookedRoomsServiceImpl - Currently booked room IDs: [421, 422, 433, 434, 439, 451, 452, 457, 464, 469, 470]
2025-04-12 23:34:54 [http-nio-8081-exec-1] INFO  b.s.impl.HouseCleaningServiceImpl - Found 11 check-in rooms, 0 check-out rooms, and 11 current rooms for date 2025-05-01
2025-04-12 23:34:54 [http-nio-8081-exec-1] WARN  b.s.impl.HouseCleaningServiceImpl - Could not extract room ID from booking details for booking ID 13
2025-04-12 23:34:54 [http-nio-8081-exec-1] WARN  b.s.impl.HouseCleaningServiceImpl - Could not extract room ID from booking details for booking ID 12
2025-04-12 23:34:54 [http-nio-8081-exec-1] WARN  b.s.impl.HouseCleaningServiceImpl - Could not extract room ID from booking details for booking ID 15
2025-04-12 23:34:54 [http-nio-8081-exec-1] WARN  b.s.impl.HouseCleaningServiceImpl - Could not extract room ID from booking details for booking ID 14
2025-04-12 23:34:54 [http-nio-8081-exec-1] WARN  b.s.impl.HouseCleaningServiceImpl - Could not extract room ID from booking details for booking ID 53
2025-04-12 23:34:54 [http-nio-8081-exec-1] WARN  b.s.impl.HouseCleaningServiceImpl - Could not extract room ID from booking details for booking ID 55
2025-04-12 23:34:54 [http-nio-8081-exec-1] WARN  b.s.impl.HouseCleaningServiceImpl - Could not extract room ID from booking details for booking ID 59
2025-04-12 23:34:54 [http-nio-8081-exec-1] WARN  b.s.impl.HouseCleaningServiceImpl - Could not extract room ID from booking details for booking ID 60
2025-04-12 23:34:54 [http-nio-8081-exec-1] WARN  b.s.impl.HouseCleaningServiceImpl - Could not extract room ID from booking details for booking ID 155
2025-04-12 23:34:54 [http-nio-8081-exec-1] WARN  b.s.impl.HouseCleaningServiceImpl - Could not extract room ID from booking details for booking ID 318
2025-04-12 23:34:54 [http-nio-8081-exec-1] WARN  b.s.impl.HouseCleaningServiceImpl - Could not extract room ID from booking details for booking ID 13
2025-04-12 23:34:54 [http-nio-8081-exec-1] WARN  b.s.impl.HouseCleaningServiceImpl - Could not extract room ID from booking details for booking ID 12
2025-04-12 23:34:54 [http-nio-8081-exec-1] WARN  b.s.impl.HouseCleaningServiceImpl - Could not extract room ID from booking details for booking ID 15
2025-04-12 23:34:54 [http-nio-8081-exec-1] WARN  b.s.impl.HouseCleaningServiceImpl - Could not extract room ID from booking details for booking ID 14
2025-04-12 23:34:54 [http-nio-8081-exec-1] WARN  b.s.impl.HouseCleaningServiceImpl - Could not extract room ID from booking details for booking ID 53
2025-04-12 23:34:54 [http-nio-8081-exec-1] WARN  b.s.impl.HouseCleaningServiceImpl - Could not extract room ID from booking details for booking ID 55
2025-04-12 23:34:54 [http-nio-8081-exec-1] WARN  b.s.impl.HouseCleaningServiceImpl - Could not extract room ID from booking details for booking ID 59
2025-04-12 23:34:54 [http-nio-8081-exec-1] WARN  b.s.impl.HouseCleaningServiceImpl - Could not extract room ID from booking details for booking ID 60
2025-04-12 23:34:54 [http-nio-8081-exec-1] WARN  b.s.impl.HouseCleaningServiceImpl - Could not extract room ID from booking details for booking ID 155
2025-04-12 23:34:54 [http-nio-8081-exec-1] WARN  b.s.impl.HouseCleaningServiceImpl - Could not extract room ID from booking details for booking ID 318
2025-04-12 23:34:54 [http-nio-8081-exec-1] INFO  b.s.impl.HouseCleaningServiceImpl - Room to booking map: {}
2025-04-12 23:34:54 [http-nio-8081-exec-1] WARN  b.s.impl.HouseCleaningServiceImpl - No booking ID found for room ID 421
2025-04-12 23:34:54 [http-nio-8081-exec-1] WARN  b.s.impl.HouseCleaningServiceImpl - No booking ID found for room ID 422
2025-04-12 23:34:54 [http-nio-8081-exec-1] WARN  b.s.impl.HouseCleaningServiceImpl - No booking ID found for room ID 433
2025-04-12 23:34:54 [http-nio-8081-exec-1] WARN  b.s.impl.HouseCleaningServiceImpl - No booking ID found for room ID 434
2025-04-12 23:34:54 [http-nio-8081-exec-1] WARN  b.s.impl.HouseCleaningServiceImpl - No booking ID found for room ID 439
2025-04-12 23:34:54 [http-nio-8081-exec-1] WARN  b.s.impl.HouseCleaningServiceImpl - No booking ID found for room ID 451
2025-04-12 23:34:54 [http-nio-8081-exec-1] WARN  b.s.impl.HouseCleaningServiceImpl - No booking ID found for room ID 452
2025-04-12 23:34:54 [http-nio-8081-exec-1] WARN  b.s.impl.HouseCleaningServiceImpl - No booking ID found for room ID 457
2025-04-12 23:34:54 [http-nio-8081-exec-1] WARN  b.s.impl.HouseCleaningServiceImpl - No booking ID found for room ID 464
2025-04-12 23:34:54 [http-nio-8081-exec-1] WARN  b.s.impl.HouseCleaningServiceImpl - No booking ID found for room ID 469
2025-04-12 23:34:54 [http-nio-8081-exec-1] WARN  b.s.impl.HouseCleaningServiceImpl - No booking ID found for room ID 470
2025-04-12 23:35:13 [http-nio-8081-exec-3] DEBUG o.s.security.web.FilterChainProxy - Securing POST /api/house-cleaning/assign-staff?date=2025-05-01&shift=MORNING_SHIFT
2025-04-12 23:35:13 [http-nio-8081-exec-3] DEBUG o.s.s.w.a.AnonymousAuthenticationFilter - Set SecurityContextHolder to anonymous SecurityContext
2025-04-12 23:35:13 [http-nio-8081-exec-3] DEBUG o.s.security.web.FilterChainProxy - Secured POST /api/house-cleaning/assign-staff?date=2025-05-01&shift=MORNING_SHIFT
2025-04-12 23:35:13 [http-nio-8081-exec-3] INFO  b.s.impl.HouseCleaningServiceImpl - Assigning staff to schedules for date: 2025-05-01 and shift: MORNING_SHIFT
2025-04-12 23:35:13 [http-nio-8081-exec-3] INFO  b.s.impl.HouseCleaningServiceImpl - Assigned staff 1 to room 452
2025-04-12 23:35:13 [http-nio-8081-exec-3] INFO  b.s.impl.HouseCleaningServiceImpl - Assigned staff 4 to room 457
2025-04-12 23:35:13 [http-nio-8081-exec-3] INFO  b.s.impl.HouseCleaningServiceImpl - Assigned staff 10 to room 464
2025-04-12 23:35:13 [http-nio-8081-exec-3] INFO  b.s.impl.HouseCleaningServiceImpl - Assigned staff 1 to room 469
2025-04-12 23:35:13 [http-nio-8081-exec-3] INFO  b.s.impl.HouseCleaningServiceImpl - Assigned staff 4 to room 470
2025-04-12 23:35:13 [http-nio-8081-exec-3] INFO  b.s.impl.HouseCleaningServiceImpl - Assigned staff 10 to room 421
2025-04-12 23:35:13 [http-nio-8081-exec-3] INFO  b.s.impl.HouseCleaningServiceImpl - Assigned staff 1 to room 422
2025-04-12 23:35:13 [http-nio-8081-exec-3] INFO  b.s.impl.HouseCleaningServiceImpl - Assigned staff 4 to room 433
2025-04-12 23:35:13 [http-nio-8081-exec-3] INFO  b.s.impl.HouseCleaningServiceImpl - Assigned staff 10 to room 421
2025-04-12 23:35:13 [http-nio-8081-exec-3] INFO  b.s.impl.HouseCleaningServiceImpl - Assigned staff 1 to room 422
2025-04-12 23:35:13 [http-nio-8081-exec-3] INFO  b.s.impl.HouseCleaningServiceImpl - Assigned staff 4 to room 433
2025-04-12 23:35:13 [http-nio-8081-exec-3] INFO  b.s.impl.HouseCleaningServiceImpl - Assigned staff 10 to room 434
2025-04-12 23:35:13 [http-nio-8081-exec-3] INFO  b.s.impl.HouseCleaningServiceImpl - Assigned staff 1 to room 439
2025-04-12 23:35:13 [http-nio-8081-exec-3] INFO  b.s.impl.HouseCleaningServiceImpl - Assigned staff 4 to room 451
2025-04-12 23:35:13 [http-nio-8081-exec-3] INFO  b.s.impl.HouseCleaningServiceImpl - Assigned staff 10 to room 452
2025-04-12 23:35:13 [http-nio-8081-exec-3] INFO  b.s.impl.HouseCleaningServiceImpl - Assigned staff 1 to room 457
2025-04-12 23:35:13 [http-nio-8081-exec-3] INFO  b.s.impl.HouseCleaningServiceImpl - Assigned staff 4 to room 464
2025-04-12 23:35:13 [http-nio-8081-exec-3] INFO  b.s.impl.HouseCleaningServiceImpl - Assigned staff 10 to room 469
2025-04-12 23:35:13 [http-nio-8081-exec-3] INFO  b.s.impl.HouseCleaningServiceImpl - Assigned staff 1 to room 470
2025-04-12 23:35:13 [http-nio-8081-exec-3] INFO  b.s.impl.HouseCleaningServiceImpl - Assigned staff 4 to room 434
2025-04-12 23:35:13 [http-nio-8081-exec-3] INFO  b.s.impl.HouseCleaningServiceImpl - Assigned staff 10 to room 439
2025-04-12 23:35:13 [http-nio-8081-exec-3] INFO  b.s.impl.HouseCleaningServiceImpl - Assigned staff 1 to room 451
2025-04-12 23:35:13 [http-nio-8081-exec-3] INFO  b.s.impl.HouseCleaningServiceImpl - Assigned staff 4 to room 421
2025-04-12 23:35:13 [http-nio-8081-exec-3] INFO  b.s.impl.HouseCleaningServiceImpl - Assigned staff 10 to room 422
2025-04-12 23:35:13 [http-nio-8081-exec-3] INFO  b.s.impl.HouseCleaningServiceImpl - Assigned staff 1 to room 433
2025-04-12 23:35:13 [http-nio-8081-exec-3] INFO  b.s.impl.HouseCleaningServiceImpl - Assigned staff 4 to room 434
2025-04-12 23:35:13 [http-nio-8081-exec-3] INFO  b.s.impl.HouseCleaningServiceImpl - Assigned staff 10 to room 439
2025-04-12 23:35:13 [http-nio-8081-exec-3] INFO  b.s.impl.HouseCleaningServiceImpl - Assigned staff 1 to room 451
2025-04-12 23:35:13 [http-nio-8081-exec-3] INFO  b.s.impl.HouseCleaningServiceImpl - Assigned staff 4 to room 452
2025-04-12 23:35:13 [http-nio-8081-exec-3] INFO  b.s.impl.HouseCleaningServiceImpl - Assigned staff 10 to room 457
2025-04-12 23:35:13 [http-nio-8081-exec-3] INFO  b.s.impl.HouseCleaningServiceImpl - Assigned staff 1 to room 464
2025-04-12 23:35:13 [http-nio-8081-exec-3] INFO  b.s.impl.HouseCleaningServiceImpl - Assigned staff 4 to room 469
2025-04-12 23:35:13 [http-nio-8081-exec-3] INFO  b.s.impl.HouseCleaningServiceImpl - Assigned staff 10 to room 470
2025-04-12 23:39:45 [SpringApplicationShutdownHook] INFO  o.s.b.w.e.tomcat.GracefulShutdown - Commencing graceful shutdown. Waiting for active requests to complete
2025-04-12 23:39:45 [tomcat-shutdown] INFO  o.s.b.w.e.tomcat.GracefulShutdown - Graceful shutdown complete
2025-04-12 23:39:45 [SpringApplicationShutdownHook] INFO  o.s.o.j.LocalContainerEntityManagerFactoryBean - Closing JPA EntityManagerFactory for persistence unit 'default'
2025-04-12 23:39:45 [SpringApplicationShutdownHook] INFO  com.zaxxer.hikari.HikariDataSource - HikariPool-1 - Shutdown initiated...
2025-04-12 23:39:45 [SpringApplicationShutdownHook] INFO  com.zaxxer.hikari.HikariDataSource - HikariPool-1 - Shutdown completed.
2025-04-12 23:39:52 [main] INFO  backend.HotelBookingApplication - Starting HotelBookingApplication using Java 17.0.13 with PID 95073 (/Users/sukuna/Documents/coding/IBE/IBE-BE/KDU/target/classes started by sukuna in /Users/sukuna/Documents/coding/IBE/IBE-BE/KDU)
2025-04-12 23:39:52 [main] INFO  backend.HotelBookingApplication - The following 1 profile is active: "dev"
2025-04-12 23:39:53 [main] INFO  o.s.d.r.c.RepositoryConfigurationDelegate - Bootstrapping Spring Data JPA repositories in DEFAULT mode.
2025-04-12 23:39:53 [main] INFO  o.s.d.r.c.RepositoryConfigurationDelegate - Finished Spring Data repository scanning in 63 ms. Found 15 JPA repository interfaces.
2025-04-12 23:39:54 [main] INFO  o.s.b.w.e.tomcat.TomcatWebServer - Tomcat initialized with port 8081 (http)
2025-04-12 23:39:54 [main] INFO  o.a.coyote.http11.Http11NioProtocol - Initializing ProtocolHandler ["http-nio-8081"]
2025-04-12 23:39:54 [main] INFO  o.a.catalina.core.StandardService - Starting service [Tomcat]
2025-04-12 23:39:54 [main] INFO  o.a.catalina.core.StandardEngine - Starting Servlet engine: [Apache Tomcat/10.1.36]
2025-04-12 23:39:54 [main] INFO  o.a.c.c.C.[Tomcat].[localhost].[/] - Initializing Spring embedded WebApplicationContext
2025-04-12 23:39:54 [main] INFO  o.s.b.w.s.c.ServletWebServerApplicationContext - Root WebApplicationContext: initialization completed in 1678 ms
2025-04-12 23:39:54 [main] INFO  com.zaxxer.hikari.HikariDataSource - HikariPool-1 - Starting...
2025-04-12 23:39:55 [main] INFO  com.zaxxer.hikari.pool.HikariPool - HikariPool-1 - Added connection org.postgresql.jdbc.PgConnection@5c3007d
2025-04-12 23:39:55 [main] INFO  com.zaxxer.hikari.HikariDataSource - HikariPool-1 - Start completed.
2025-04-12 23:39:55 [main] INFO  o.s.o.j.p.SpringPersistenceUnitInfo - No LoadTimeWeaver setup: ignoring JPA class transformer
2025-04-12 23:39:55 [main] WARN  org.hibernate.orm.deprecation - HHH90000025: PostgreSQLDialect does not need to be specified explicitly using 'hibernate.dialect' (remove the property setting and it will be selected by default)
2025-04-12 23:39:56 [main] WARN  o.h.t.s.i.ExceptionHandlerLoggedImpl - GenerationTarget encountered exception accepting command : Error executing DDL "alter table if exists staff_room_map alter column staff_id set data type bigint" via JDBC [ERROR: column "staff_id" cannot be cast automatically to type bigint
  Hint: You might need to specify "USING staff_id::bigint".]
org.hibernate.tool.schema.spi.CommandAcceptanceException: Error executing DDL "alter table if exists staff_room_map alter column staff_id set data type bigint" via JDBC [ERROR: column "staff_id" cannot be cast automatically to type bigint
  Hint: You might need to specify "USING staff_id::bigint".]
	at org.hibernate.tool.schema.internal.exec.GenerationTargetToDatabase.accept(GenerationTargetToDatabase.java:94)
	at org.hibernate.tool.schema.internal.AbstractSchemaMigrator.applySqlString(AbstractSchemaMigrator.java:576)
	at org.hibernate.tool.schema.internal.AbstractSchemaMigrator.applySqlStrings(AbstractSchemaMigrator.java:516)
	at org.hibernate.tool.schema.internal.AbstractSchemaMigrator.migrateTable(AbstractSchemaMigrator.java:334)
	at org.hibernate.tool.schema.internal.GroupedSchemaMigratorImpl.performTablesMigration(GroupedSchemaMigratorImpl.java:84)
	at org.hibernate.tool.schema.internal.AbstractSchemaMigrator.performMigration(AbstractSchemaMigrator.java:233)
	at org.hibernate.tool.schema.internal.AbstractSchemaMigrator.doMigration(AbstractSchemaMigrator.java:112)
	at org.hibernate.tool.schema.spi.SchemaManagementToolCoordinator.performDatabaseAction(SchemaManagementToolCoordinator.java:280)
	at org.hibernate.tool.schema.spi.SchemaManagementToolCoordinator.lambda$process$5(SchemaManagementToolCoordinator.java:144)
	at java.base/java.util.HashMap.forEach(HashMap.java:1421)
	at org.hibernate.tool.schema.spi.SchemaManagementToolCoordinator.process(SchemaManagementToolCoordinator.java:141)
	at org.hibernate.boot.internal.SessionFactoryObserverForSchemaExport.sessionFactoryCreated(SessionFactoryObserverForSchemaExport.java:37)
	at org.hibernate.internal.SessionFactoryObserverChain.sessionFactoryCreated(SessionFactoryObserverChain.java:35)
	at org.hibernate.internal.SessionFactoryImpl.<init>(SessionFactoryImpl.java:324)
	at org.hibernate.boot.internal.SessionFactoryBuilderImpl.build(SessionFactoryBuilderImpl.java:463)
	at org.hibernate.jpa.boot.internal.EntityManagerFactoryBuilderImpl.build(EntityManagerFactoryBuilderImpl.java:1517)
	at org.springframework.orm.jpa.vendor.SpringHibernateJpaPersistenceProvider.createContainerEntityManagerFactory(SpringHibernateJpaPersistenceProvider.java:66)
	at org.springframework.orm.jpa.LocalContainerEntityManagerFactoryBean.createNativeEntityManagerFactory(LocalContainerEntityManagerFactoryBean.java:390)
	at org.springframework.orm.jpa.AbstractEntityManagerFactoryBean.buildNativeEntityManagerFactory(AbstractEntityManagerFactoryBean.java:419)
	at org.springframework.orm.jpa.AbstractEntityManagerFactoryBean.afterPropertiesSet(AbstractEntityManagerFactoryBean.java:400)
	at org.springframework.orm.jpa.LocalContainerEntityManagerFactoryBean.afterPropertiesSet(LocalContainerEntityManagerFactoryBean.java:366)
	at org.springframework.beans.factory.support.AbstractAutowireCapableBeanFactory.invokeInitMethods(AbstractAutowireCapableBeanFactory.java:1859)
	at org.springframework.beans.factory.support.AbstractAutowireCapableBeanFactory.initializeBean(AbstractAutowireCapableBeanFactory.java:1808)
	at org.springframework.beans.factory.support.AbstractAutowireCapableBeanFactory.doCreateBean(AbstractAutowireCapableBeanFactory.java:601)
	at org.springframework.beans.factory.support.AbstractAutowireCapableBeanFactory.createBean(AbstractAutowireCapableBeanFactory.java:523)
	at org.springframework.beans.factory.support.AbstractBeanFactory.lambda$doGetBean$0(AbstractBeanFactory.java:339)
	at org.springframework.beans.factory.support.DefaultSingletonBeanRegistry.getSingleton(DefaultSingletonBeanRegistry.java:346)
	at org.springframework.beans.factory.support.AbstractBeanFactory.doGetBean(AbstractBeanFactory.java:337)
	at org.springframework.beans.factory.support.AbstractBeanFactory.getBean(AbstractBeanFactory.java:207)
	at org.springframework.context.support.AbstractApplicationContext.finishBeanFactoryInitialization(AbstractApplicationContext.java:970)
	at org.springframework.context.support.AbstractApplicationContext.refresh(AbstractApplicationContext.java:627)
	at org.springframework.boot.web.servlet.context.ServletWebServerApplicationContext.refresh(ServletWebServerApplicationContext.java:146)
	at org.springframework.boot.SpringApplication.refresh(SpringApplication.java:752)
	at org.springframework.boot.SpringApplication.refreshContext(SpringApplication.java:439)
	at org.springframework.boot.SpringApplication.run(SpringApplication.java:318)
	at org.springframework.boot.SpringApplication.run(SpringApplication.java:1361)
	at org.springframework.boot.SpringApplication.run(SpringApplication.java:1350)
	at backend.HotelBookingApplication.main(HotelBookingApplication.java:15)
Caused by: org.postgresql.util.PSQLException: ERROR: column "staff_id" cannot be cast automatically to type bigint
  Hint: You might need to specify "USING staff_id::bigint".
	at org.postgresql.core.v3.QueryExecutorImpl.receiveErrorResponse(QueryExecutorImpl.java:2733)
	at org.postgresql.core.v3.QueryExecutorImpl.processResults(QueryExecutorImpl.java:2420)
	at org.postgresql.core.v3.QueryExecutorImpl.execute(QueryExecutorImpl.java:372)
	at org.postgresql.jdbc.PgStatement.executeInternal(PgStatement.java:517)
	at org.postgresql.jdbc.PgStatement.execute(PgStatement.java:434)
	at org.postgresql.jdbc.PgStatement.executeWithFlags(PgStatement.java:356)
	at org.postgresql.jdbc.PgStatement.executeCachedSql(PgStatement.java:341)
	at org.postgresql.jdbc.PgStatement.executeWithFlags(PgStatement.java:317)
	at org.postgresql.jdbc.PgStatement.execute(PgStatement.java:312)
	at com.zaxxer.hikari.pool.ProxyStatement.execute(ProxyStatement.java:94)
	at com.zaxxer.hikari.pool.HikariProxyStatement.execute(HikariProxyStatement.java)
	at org.hibernate.tool.schema.internal.exec.GenerationTargetToDatabase.accept(GenerationTargetToDatabase.java:80)
	... 37 common frames omitted
2025-04-12 23:39:57 [main] WARN  o.h.t.s.i.ExceptionHandlerLoggedImpl - GenerationTarget encountered exception accepting command : Error executing DDL "alter table if exists staff_room_map add constraint FKyd20ehofj2axxe92vl67pqvx foreign key (staff_id) references staff" via JDBC [ERROR: foreign key constraint "fkyd20ehofj2axxe92vl67pqvx" cannot be implemented
  Detail: Key columns "staff_id" and "staff_id" are of incompatible types: character varying and bigint.]
org.hibernate.tool.schema.spi.CommandAcceptanceException: Error executing DDL "alter table if exists staff_room_map add constraint FKyd20ehofj2axxe92vl67pqvx foreign key (staff_id) references staff" via JDBC [ERROR: foreign key constraint "fkyd20ehofj2axxe92vl67pqvx" cannot be implemented
  Detail: Key columns "staff_id" and "staff_id" are of incompatible types: character varying and bigint.]
	at org.hibernate.tool.schema.internal.exec.GenerationTargetToDatabase.accept(GenerationTargetToDatabase.java:94)
	at org.hibernate.tool.schema.internal.AbstractSchemaMigrator.applySqlString(AbstractSchemaMigrator.java:576)
	at org.hibernate.tool.schema.internal.AbstractSchemaMigrator.applySqlStrings(AbstractSchemaMigrator.java:516)
	at org.hibernate.tool.schema.internal.AbstractSchemaMigrator.applyForeignKeys(AbstractSchemaMigrator.java:448)
	at org.hibernate.tool.schema.internal.AbstractSchemaMigrator.performMigration(AbstractSchemaMigrator.java:269)
	at org.hibernate.tool.schema.internal.AbstractSchemaMigrator.doMigration(AbstractSchemaMigrator.java:112)
	at org.hibernate.tool.schema.spi.SchemaManagementToolCoordinator.performDatabaseAction(SchemaManagementToolCoordinator.java:280)
	at org.hibernate.tool.schema.spi.SchemaManagementToolCoordinator.lambda$process$5(SchemaManagementToolCoordinator.java:144)
	at java.base/java.util.HashMap.forEach(HashMap.java:1421)
	at org.hibernate.tool.schema.spi.SchemaManagementToolCoordinator.process(SchemaManagementToolCoordinator.java:141)
	at org.hibernate.boot.internal.SessionFactoryObserverForSchemaExport.sessionFactoryCreated(SessionFactoryObserverForSchemaExport.java:37)
	at org.hibernate.internal.SessionFactoryObserverChain.sessionFactoryCreated(SessionFactoryObserverChain.java:35)
	at org.hibernate.internal.SessionFactoryImpl.<init>(SessionFactoryImpl.java:324)
	at org.hibernate.boot.internal.SessionFactoryBuilderImpl.build(SessionFactoryBuilderImpl.java:463)
	at org.hibernate.jpa.boot.internal.EntityManagerFactoryBuilderImpl.build(EntityManagerFactoryBuilderImpl.java:1517)
	at org.springframework.orm.jpa.vendor.SpringHibernateJpaPersistenceProvider.createContainerEntityManagerFactory(SpringHibernateJpaPersistenceProvider.java:66)
	at org.springframework.orm.jpa.LocalContainerEntityManagerFactoryBean.createNativeEntityManagerFactory(LocalContainerEntityManagerFactoryBean.java:390)
	at org.springframework.orm.jpa.AbstractEntityManagerFactoryBean.buildNativeEntityManagerFactory(AbstractEntityManagerFactoryBean.java:419)
	at org.springframework.orm.jpa.AbstractEntityManagerFactoryBean.afterPropertiesSet(AbstractEntityManagerFactoryBean.java:400)
	at org.springframework.orm.jpa.LocalContainerEntityManagerFactoryBean.afterPropertiesSet(LocalContainerEntityManagerFactoryBean.java:366)
	at org.springframework.beans.factory.support.AbstractAutowireCapableBeanFactory.invokeInitMethods(AbstractAutowireCapableBeanFactory.java:1859)
	at org.springframework.beans.factory.support.AbstractAutowireCapableBeanFactory.initializeBean(AbstractAutowireCapableBeanFactory.java:1808)
	at org.springframework.beans.factory.support.AbstractAutowireCapableBeanFactory.doCreateBean(AbstractAutowireCapableBeanFactory.java:601)
	at org.springframework.beans.factory.support.AbstractAutowireCapableBeanFactory.createBean(AbstractAutowireCapableBeanFactory.java:523)
	at org.springframework.beans.factory.support.AbstractBeanFactory.lambda$doGetBean$0(AbstractBeanFactory.java:339)
	at org.springframework.beans.factory.support.DefaultSingletonBeanRegistry.getSingleton(DefaultSingletonBeanRegistry.java:346)
	at org.springframework.beans.factory.support.AbstractBeanFactory.doGetBean(AbstractBeanFactory.java:337)
	at org.springframework.beans.factory.support.AbstractBeanFactory.getBean(AbstractBeanFactory.java:207)
	at org.springframework.context.support.AbstractApplicationContext.finishBeanFactoryInitialization(AbstractApplicationContext.java:970)
	at org.springframework.context.support.AbstractApplicationContext.refresh(AbstractApplicationContext.java:627)
	at org.springframework.boot.web.servlet.context.ServletWebServerApplicationContext.refresh(ServletWebServerApplicationContext.java:146)
	at org.springframework.boot.SpringApplication.refresh(SpringApplication.java:752)
	at org.springframework.boot.SpringApplication.refreshContext(SpringApplication.java:439)
	at org.springframework.boot.SpringApplication.run(SpringApplication.java:318)
	at org.springframework.boot.SpringApplication.run(SpringApplication.java:1361)
	at org.springframework.boot.SpringApplication.run(SpringApplication.java:1350)
	at backend.HotelBookingApplication.main(HotelBookingApplication.java:15)
Caused by: org.postgresql.util.PSQLException: ERROR: foreign key constraint "fkyd20ehofj2axxe92vl67pqvx" cannot be implemented
  Detail: Key columns "staff_id" and "staff_id" are of incompatible types: character varying and bigint.
	at org.postgresql.core.v3.QueryExecutorImpl.receiveErrorResponse(QueryExecutorImpl.java:2733)
	at org.postgresql.core.v3.QueryExecutorImpl.processResults(QueryExecutorImpl.java:2420)
	at org.postgresql.core.v3.QueryExecutorImpl.execute(QueryExecutorImpl.java:372)
	at org.postgresql.jdbc.PgStatement.executeInternal(PgStatement.java:517)
	at org.postgresql.jdbc.PgStatement.execute(PgStatement.java:434)
	at org.postgresql.jdbc.PgStatement.executeWithFlags(PgStatement.java:356)
	at org.postgresql.jdbc.PgStatement.executeCachedSql(PgStatement.java:341)
	at org.postgresql.jdbc.PgStatement.executeWithFlags(PgStatement.java:317)
	at org.postgresql.jdbc.PgStatement.execute(PgStatement.java:312)
	at com.zaxxer.hikari.pool.ProxyStatement.execute(ProxyStatement.java:94)
	at com.zaxxer.hikari.pool.HikariProxyStatement.execute(HikariProxyStatement.java)
	at org.hibernate.tool.schema.internal.exec.GenerationTargetToDatabase.accept(GenerationTargetToDatabase.java:80)
	... 36 common frames omitted
2025-04-12 23:39:57 [main] INFO  o.s.o.j.LocalContainerEntityManagerFactoryBean - Initialized JPA EntityManagerFactory for persistence unit 'default'
2025-04-12 23:39:57 [main] INFO  backend.config.CorsConfig - CORS Configuration Loaded!
2025-04-12 23:39:57 [main] DEBUG o.s.c.e.PropertySourcesPropertyResolver - Found key 'spring.security.oauth2.resourceserver.jwt.issuer-uri' in PropertySource 'environmentProperties' with value of type String
2025-04-12 23:39:57 [main] INFO  o.s.d.j.r.query.QueryEnhancerFactory - Hibernate is in classpath; If applicable, HQL parser will be used.
2025-04-12 23:39:57 [main] DEBUG o.s.c.e.PropertySourcesPropertyResolver - Found key 'graphql.endpoint' in PropertySource 'environmentProperties' with value of type String
2025-04-12 23:39:57 [main] DEBUG o.s.c.e.PropertySourcesPropertyResolver - Found key 'graphql.api-key' in PropertySource 'environmentProperties' with value of type String
2025-04-12 23:39:58 [main] DEBUG o.s.c.e.PropertySourcesPropertyResolver - Found key 'graphql.api.key' in PropertySource 'environmentProperties' with value of type String
2025-04-12 23:39:58 [main] DEBUG o.s.c.e.PropertySourcesPropertyResolver - Found key 'graphql.url' in PropertySource 'environmentProperties' with value of type String
2025-04-12 23:39:58 [main] DEBUG o.s.c.e.PropertySourcesPropertyResolver - Found key 'spring.mail.username' in PropertySource 'environmentProperties' with value of type String
2025-04-12 23:39:58 [main] DEBUG o.s.c.e.PropertySourcesPropertyResolver - Found key 'otp.expiry.minutes' in PropertySource 'environmentProperties' with value of type String
2025-04-12 23:39:58 [main] DEBUG o.s.c.e.PropertySourcesPropertyResolver - Found key 'otp.max.attempts' in PropertySource 'environmentProperties' with value of type String
2025-04-12 23:39:58 [main] DEBUG o.s.c.e.PropertySourcesPropertyResolver - Found key 'graphql.endpoint' in PropertySource 'environmentProperties' with value of type String
2025-04-12 23:39:58 [main] DEBUG o.s.c.e.PropertySourcesPropertyResolver - Found key 'graphql.api-key' in PropertySource 'environmentProperties' with value of type String
2025-04-12 23:39:58 [main] DEBUG o.s.c.e.PropertySourcesPropertyResolver - Found key 'graphql.api.key' in PropertySource 'environmentProperties' with value of type String
2025-04-12 23:39:58 [main] DEBUG o.s.c.e.PropertySourcesPropertyResolver - Found key 'graphql.url' in PropertySource 'environmentProperties' with value of type String
2025-04-12 23:39:58 [main] DEBUG o.s.c.e.PropertySourcesPropertyResolver - Found key 'graphql.endpoint' in PropertySource 'environmentProperties' with value of type String
2025-04-12 23:39:58 [main] DEBUG o.s.c.e.PropertySourcesPropertyResolver - Found key 'graphql.api-key' in PropertySource 'environmentProperties' with value of type String
2025-04-12 23:39:58 [main] DEBUG o.s.c.e.PropertySourcesPropertyResolver - Found key 'graphql.endpoint' in PropertySource 'environmentProperties' with value of type String
2025-04-12 23:39:58 [main] DEBUG o.s.c.e.PropertySourcesPropertyResolver - Found key 'graphql.apiKey' in PropertySource 'environmentProperties' with value of type String
2025-04-12 23:39:58 [main] DEBUG o.s.c.e.PropertySourcesPropertyResolver - Found key 'graphql.endpoint' in PropertySource 'environmentProperties' with value of type String
2025-04-12 23:39:58 [main] DEBUG o.s.c.e.PropertySourcesPropertyResolver - Found key 'graphql.apiKey' in PropertySource 'environmentProperties' with value of type String
2025-04-12 23:39:58 [main] DEBUG o.s.c.e.PropertySourcesPropertyResolver - Found key 'api.base.url' in PropertySource 'environmentProperties' with value of type String
2025-04-12 23:39:58 [main] WARN  o.s.b.a.o.j.JpaBaseConfiguration$JpaWebConfiguration - spring.jpa.open-in-view is enabled by default. Therefore, database queries may be performed during view rendering. Explicitly configure spring.jpa.open-in-view to disable this warning
2025-04-12 23:39:58 [main] INFO  backend.config.CorsConfig - Applying CORS settings...
2025-04-12 23:39:58 [main] DEBUG o.s.s.c.a.a.c.AuthenticationConfiguration$DefaultPasswordEncoderAuthenticationManagerBuilder - No authenticationProviders and no parentAuthenticationManager defined. Returning null.
2025-04-12 23:39:58 [main] INFO  o.s.b.a.e.web.EndpointLinksResolver - Exposing 2 endpoints beneath base path '/actuator'
2025-04-12 23:39:58 [main] INFO  backend.config.SecurityConfig - Configuring security filter chain...
2025-04-12 23:39:58 [main] INFO  backend.config.SecurityConfig - Using issuer URI: https://cognito-idp.ap-south-1.amazonaws.com/ap-south-1_IGHZ9OObg
2025-04-12 23:39:58 [main] INFO  backend.config.SecurityConfig - Configuring authorization rules...
2025-04-12 23:39:58 [main] INFO  backend.config.SecurityConfig - Configuring OAuth2 resource server...
2025-04-12 23:39:58 [main] INFO  backend.config.SecurityConfig - Configuring JWT...
2025-04-12 23:39:58 [main] INFO  backend.config.SecurityConfig - Creating JWT decoder with issuer URI: https://cognito-idp.ap-south-1.amazonaws.com/ap-south-1_IGHZ9OObg
2025-04-12 23:39:59 [main] INFO  backend.config.SecurityConfig - Configuring session management...
2025-04-12 23:39:59 [main] DEBUG o.s.s.web.DefaultSecurityFilterChain - Will secure any request with filters: DisableEncodeUrlFilter, WebAsyncManagerIntegrationFilter, SecurityContextHolderFilter, HeaderWriterFilter, LogoutFilter, BearerTokenAuthenticationFilter, RequestCacheAwareFilter, SecurityContextHolderAwareRequestFilter, AnonymousAuthenticationFilter, SessionManagementFilter, ExceptionTranslationFilter, AuthorizationFilter
2025-04-12 23:39:59 [main] INFO  o.a.coyote.http11.Http11NioProtocol - Starting ProtocolHandler ["http-nio-8081"]
2025-04-12 23:39:59 [main] INFO  o.s.b.w.e.tomcat.TomcatWebServer - Tomcat started on port 8081 (http) with context path '/'
2025-04-12 23:39:59 [main] INFO  backend.HotelBookingApplication - Started HotelBookingApplication in 7.95 seconds (process running for 8.521)
2025-04-12 23:40:36 [http-nio-8081-exec-1] INFO  o.a.c.c.C.[Tomcat].[localhost].[/] - Initializing Spring DispatcherServlet 'dispatcherServlet'
2025-04-12 23:40:36 [http-nio-8081-exec-1] INFO  o.s.web.servlet.DispatcherServlet - Initializing Servlet 'dispatcherServlet'
2025-04-12 23:40:36 [http-nio-8081-exec-1] INFO  o.s.web.servlet.DispatcherServlet - Completed initialization in 7 ms
2025-04-12 23:40:36 [http-nio-8081-exec-1] DEBUG o.s.security.web.FilterChainProxy - Securing POST /api/house-cleaning/generate?date=2025-05-01
2025-04-12 23:40:36 [http-nio-8081-exec-1] DEBUG o.s.s.w.a.AnonymousAuthenticationFilter - Set SecurityContextHolder to anonymous SecurityContext
2025-04-12 23:40:36 [http-nio-8081-exec-1] DEBUG o.s.security.web.FilterChainProxy - Secured POST /api/house-cleaning/generate?date=2025-05-01
2025-04-12 23:40:36 [http-nio-8081-exec-1] INFO  b.s.impl.HouseCleaningServiceImpl - Generating cleaning schedules for date: 2025-05-01
2025-04-12 23:40:37 [http-nio-8081-exec-1] INFO  b.s.impl.HouseCleaningServiceImpl - Found 10 check-in bookings, 0 check-out bookings, and 10 current bookings for date 2025-05-01
2025-04-12 23:40:37 [http-nio-8081-exec-1] INFO  b.s.impl.BookedRoomsServiceImpl - Checking check-in rooms for date: 2025-05-01
2025-04-12 23:40:37 [http-nio-8081-exec-1] INFO  b.s.impl.BookedRoomsServiceImpl - Found 10 transactions with check-in date 2025-05-01
2025-04-12 23:40:37 [http-nio-8081-exec-1] INFO  b.s.impl.BookedRoomsServiceImpl - Booking IDs for check-in: [13, 12, 15, 14, 53, 55, 59, 60, 155, 318]
2025-04-12 23:40:42 [http-nio-8081-exec-1] INFO  b.s.impl.BookedRoomsServiceImpl - Room IDs for bookings [13, 12, 15, 14, 53, 55, 59, 60, 155, 318]: [421, 422, 433, 434, 439, 451, 452, 457, 464, 469, 470]
2025-04-12 23:40:42 [http-nio-8081-exec-1] INFO  b.s.impl.BookedRoomsServiceImpl - Checking check-out rooms for date: 2025-05-01
2025-04-12 23:40:42 [http-nio-8081-exec-1] INFO  b.s.impl.BookedRoomsServiceImpl - Found 0 transactions with check-out date 2025-05-01
2025-04-12 23:40:42 [http-nio-8081-exec-1] INFO  b.s.impl.BookedRoomsServiceImpl - Booking IDs for check-out: []
2025-04-12 23:40:42 [http-nio-8081-exec-1] INFO  b.s.impl.BookedRoomsServiceImpl - No booking IDs found, returning empty list
2025-04-12 23:40:42 [http-nio-8081-exec-1] INFO  b.s.impl.BookedRoomsServiceImpl - Checking currently booked rooms for date: 2025-05-01T00:00:00Z
2025-04-12 23:40:42 [http-nio-8081-exec-1] INFO  b.s.impl.BookedRoomsServiceImpl - Currently booked room IDs: [421, 422, 433, 434, 439, 451, 452, 457, 464, 469, 470]
2025-04-12 23:40:42 [http-nio-8081-exec-1] INFO  b.s.impl.HouseCleaningServiceImpl - Found 11 check-in rooms, 0 check-out rooms, and 11 current rooms for date 2025-05-01
2025-04-12 23:40:42 [http-nio-8081-exec-1] WARN  b.s.impl.HouseCleaningServiceImpl - Could not extract room ID from booking details for booking ID 13
2025-04-12 23:40:42 [http-nio-8081-exec-1] WARN  b.s.impl.HouseCleaningServiceImpl - Could not extract room ID from booking details for booking ID 12
2025-04-12 23:40:42 [http-nio-8081-exec-1] WARN  b.s.impl.HouseCleaningServiceImpl - Could not extract room ID from booking details for booking ID 15
2025-04-12 23:40:42 [http-nio-8081-exec-1] WARN  b.s.impl.HouseCleaningServiceImpl - Could not extract room ID from booking details for booking ID 14
2025-04-12 23:40:42 [http-nio-8081-exec-1] WARN  b.s.impl.HouseCleaningServiceImpl - Could not extract room ID from booking details for booking ID 53
2025-04-12 23:40:42 [http-nio-8081-exec-1] WARN  b.s.impl.HouseCleaningServiceImpl - Could not extract room ID from booking details for booking ID 55
2025-04-12 23:40:42 [http-nio-8081-exec-1] WARN  b.s.impl.HouseCleaningServiceImpl - Could not extract room ID from booking details for booking ID 59
2025-04-12 23:40:42 [http-nio-8081-exec-1] WARN  b.s.impl.HouseCleaningServiceImpl - Could not extract room ID from booking details for booking ID 60
2025-04-12 23:40:42 [http-nio-8081-exec-1] WARN  b.s.impl.HouseCleaningServiceImpl - Could not extract room ID from booking details for booking ID 155
2025-04-12 23:40:42 [http-nio-8081-exec-1] WARN  b.s.impl.HouseCleaningServiceImpl - Could not extract room ID from booking details for booking ID 318
2025-04-12 23:40:42 [http-nio-8081-exec-1] WARN  b.s.impl.HouseCleaningServiceImpl - Could not extract room ID from booking details for booking ID 13
2025-04-12 23:40:42 [http-nio-8081-exec-1] WARN  b.s.impl.HouseCleaningServiceImpl - Could not extract room ID from booking details for booking ID 12
2025-04-12 23:40:42 [http-nio-8081-exec-1] WARN  b.s.impl.HouseCleaningServiceImpl - Could not extract room ID from booking details for booking ID 15
2025-04-12 23:40:42 [http-nio-8081-exec-1] WARN  b.s.impl.HouseCleaningServiceImpl - Could not extract room ID from booking details for booking ID 14
2025-04-12 23:40:42 [http-nio-8081-exec-1] WARN  b.s.impl.HouseCleaningServiceImpl - Could not extract room ID from booking details for booking ID 53
2025-04-12 23:40:42 [http-nio-8081-exec-1] WARN  b.s.impl.HouseCleaningServiceImpl - Could not extract room ID from booking details for booking ID 55
2025-04-12 23:40:42 [http-nio-8081-exec-1] WARN  b.s.impl.HouseCleaningServiceImpl - Could not extract room ID from booking details for booking ID 59
2025-04-12 23:40:42 [http-nio-8081-exec-1] WARN  b.s.impl.HouseCleaningServiceImpl - Could not extract room ID from booking details for booking ID 60
2025-04-12 23:40:42 [http-nio-8081-exec-1] WARN  b.s.impl.HouseCleaningServiceImpl - Could not extract room ID from booking details for booking ID 155
2025-04-12 23:40:42 [http-nio-8081-exec-1] WARN  b.s.impl.HouseCleaningServiceImpl - Could not extract room ID from booking details for booking ID 318
2025-04-12 23:40:42 [http-nio-8081-exec-1] INFO  b.s.impl.HouseCleaningServiceImpl - Room to booking map: {}
2025-04-12 23:40:42 [http-nio-8081-exec-1] WARN  b.s.impl.HouseCleaningServiceImpl - No booking ID found for room ID 421
2025-04-12 23:40:42 [http-nio-8081-exec-1] WARN  b.s.impl.HouseCleaningServiceImpl - No booking ID found for room ID 422
2025-04-12 23:40:42 [http-nio-8081-exec-1] WARN  b.s.impl.HouseCleaningServiceImpl - No booking ID found for room ID 433
2025-04-12 23:40:42 [http-nio-8081-exec-1] WARN  b.s.impl.HouseCleaningServiceImpl - No booking ID found for room ID 434
2025-04-12 23:40:42 [http-nio-8081-exec-1] WARN  b.s.impl.HouseCleaningServiceImpl - No booking ID found for room ID 439
2025-04-12 23:40:42 [http-nio-8081-exec-1] WARN  b.s.impl.HouseCleaningServiceImpl - No booking ID found for room ID 451
2025-04-12 23:40:42 [http-nio-8081-exec-1] WARN  b.s.impl.HouseCleaningServiceImpl - No booking ID found for room ID 452
2025-04-12 23:40:42 [http-nio-8081-exec-1] WARN  b.s.impl.HouseCleaningServiceImpl - No booking ID found for room ID 457
2025-04-12 23:40:42 [http-nio-8081-exec-1] WARN  b.s.impl.HouseCleaningServiceImpl - No booking ID found for room ID 464
2025-04-12 23:40:42 [http-nio-8081-exec-1] WARN  b.s.impl.HouseCleaningServiceImpl - No booking ID found for room ID 469
2025-04-12 23:40:42 [http-nio-8081-exec-1] WARN  b.s.impl.HouseCleaningServiceImpl - No booking ID found for room ID 470
2025-04-12 23:41:05 [http-nio-8081-exec-3] DEBUG o.s.security.web.FilterChainProxy - Securing POST /api/house-cleaning/assign-staff?date=2025-05-01&shift=MORNING_SHIFT
2025-04-12 23:41:06 [http-nio-8081-exec-3] DEBUG o.s.s.w.a.AnonymousAuthenticationFilter - Set SecurityContextHolder to anonymous SecurityContext
2025-04-12 23:41:06 [http-nio-8081-exec-3] DEBUG o.s.security.web.FilterChainProxy - Secured POST /api/house-cleaning/assign-staff?date=2025-05-01&shift=MORNING_SHIFT
2025-04-12 23:41:06 [http-nio-8081-exec-3] INFO  b.s.impl.HouseCleaningServiceImpl - Assigning staff to schedules for date: 2025-05-01 and shift: MORNING_SHIFT
2025-04-12 23:41:06 [http-nio-8081-exec-3] INFO  b.s.impl.HouseCleaningServiceImpl - Assigned staff 1 to room 434 for cleaning from 09:23 to 09:53
2025-04-12 23:41:06 [http-nio-8081-exec-3] INFO  b.s.impl.HouseCleaningServiceImpl - Assigned staff 4 to room 469 for cleaning from 09:23 to 09:53
2025-04-12 23:41:06 [http-nio-8081-exec-3] INFO  b.s.impl.HouseCleaningServiceImpl - Assigned staff 10 to room 470 for cleaning from 09:23 to 09:53
2025-04-12 23:41:06 [http-nio-8081-exec-3] WARN  b.s.impl.HouseCleaningServiceImpl - No available staff found for room 457 at time 09:28
2025-04-12 23:41:06 [http-nio-8081-exec-3] WARN  b.s.impl.HouseCleaningServiceImpl - No available staff found for room 439 at time 09:29
2025-04-12 23:41:06 [http-nio-8081-exec-3] WARN  b.s.impl.HouseCleaningServiceImpl - No available staff found for room 422 at time 09:34
2025-04-12 23:41:06 [http-nio-8081-exec-3] WARN  b.s.impl.HouseCleaningServiceImpl - No available staff found for room 433 at time 09:36
2025-04-12 23:41:06 [http-nio-8081-exec-3] WARN  b.s.impl.HouseCleaningServiceImpl - No available staff found for room 421 at time 09:41
2025-04-12 23:41:06 [http-nio-8081-exec-3] WARN  b.s.impl.HouseCleaningServiceImpl - No available staff found for room 451 at time 09:42
2025-04-12 23:41:06 [http-nio-8081-exec-3] WARN  b.s.impl.HouseCleaningServiceImpl - No available staff found for room 464 at time 09:48
2025-04-12 23:41:06 [http-nio-8081-exec-3] INFO  b.s.impl.HouseCleaningServiceImpl - Assigned staff 1 to room 452 for cleaning from 09:56 to 10:26
2025-04-12 23:46:14 [SpringApplicationShutdownHook] INFO  o.s.b.w.e.tomcat.GracefulShutdown - Commencing graceful shutdown. Waiting for active requests to complete
2025-04-12 23:46:14 [tomcat-shutdown] INFO  o.s.b.w.e.tomcat.GracefulShutdown - Graceful shutdown complete
2025-04-12 23:46:14 [SpringApplicationShutdownHook] INFO  o.s.o.j.LocalContainerEntityManagerFactoryBean - Closing JPA EntityManagerFactory for persistence unit 'default'
2025-04-12 23:46:14 [SpringApplicationShutdownHook] INFO  com.zaxxer.hikari.HikariDataSource - HikariPool-1 - Shutdown initiated...
2025-04-12 23:46:14 [SpringApplicationShutdownHook] INFO  com.zaxxer.hikari.HikariDataSource - HikariPool-1 - Shutdown completed.
2025-04-12 23:46:20 [main] INFO  backend.HotelBookingApplication - Starting HotelBookingApplication using Java 17.0.13 with PID 95640 (/Users/sukuna/Documents/coding/IBE/IBE-BE/KDU/target/classes started by sukuna in /Users/sukuna/Documents/coding/IBE/IBE-BE/KDU)
2025-04-12 23:46:20 [main] INFO  backend.HotelBookingApplication - The following 1 profile is active: "dev"
2025-04-12 23:46:21 [main] INFO  o.s.d.r.c.RepositoryConfigurationDelegate - Bootstrapping Spring Data JPA repositories in DEFAULT mode.
2025-04-12 23:46:21 [main] INFO  o.s.d.r.c.RepositoryConfigurationDelegate - Finished Spring Data repository scanning in 61 ms. Found 15 JPA repository interfaces.
2025-04-12 23:46:22 [main] INFO  o.s.b.w.e.tomcat.TomcatWebServer - Tomcat initialized with port 8081 (http)
2025-04-12 23:46:22 [main] INFO  o.a.coyote.http11.Http11NioProtocol - Initializing ProtocolHandler ["http-nio-8081"]
2025-04-12 23:46:22 [main] INFO  o.a.catalina.core.StandardService - Starting service [Tomcat]
2025-04-12 23:46:22 [main] INFO  o.a.catalina.core.StandardEngine - Starting Servlet engine: [Apache Tomcat/10.1.36]
2025-04-12 23:46:22 [main] INFO  o.a.c.c.C.[Tomcat].[localhost].[/] - Initializing Spring embedded WebApplicationContext
2025-04-12 23:46:22 [main] INFO  o.s.b.w.s.c.ServletWebServerApplicationContext - Root WebApplicationContext: initialization completed in 2001 ms
2025-04-12 23:46:22 [main] INFO  com.zaxxer.hikari.HikariDataSource - HikariPool-1 - Starting...
2025-04-12 23:46:23 [main] INFO  com.zaxxer.hikari.pool.HikariPool - HikariPool-1 - Added connection org.postgresql.jdbc.PgConnection@5e7e7a7e
2025-04-12 23:46:23 [main] INFO  com.zaxxer.hikari.HikariDataSource - HikariPool-1 - Start completed.
2025-04-12 23:46:23 [main] INFO  o.s.o.j.p.SpringPersistenceUnitInfo - No LoadTimeWeaver setup: ignoring JPA class transformer
2025-04-12 23:46:23 [main] WARN  org.hibernate.orm.deprecation - HHH90000025: PostgreSQLDialect does not need to be specified explicitly using 'hibernate.dialect' (remove the property setting and it will be selected by default)
2025-04-12 23:46:24 [main] WARN  o.h.t.s.i.ExceptionHandlerLoggedImpl - GenerationTarget encountered exception accepting command : Error executing DDL "alter table if exists staff_room_map alter column staff_id set data type bigint" via JDBC [ERROR: column "staff_id" cannot be cast automatically to type bigint
  Hint: You might need to specify "USING staff_id::bigint".]
org.hibernate.tool.schema.spi.CommandAcceptanceException: Error executing DDL "alter table if exists staff_room_map alter column staff_id set data type bigint" via JDBC [ERROR: column "staff_id" cannot be cast automatically to type bigint
  Hint: You might need to specify "USING staff_id::bigint".]
	at org.hibernate.tool.schema.internal.exec.GenerationTargetToDatabase.accept(GenerationTargetToDatabase.java:94)
	at org.hibernate.tool.schema.internal.AbstractSchemaMigrator.applySqlString(AbstractSchemaMigrator.java:576)
	at org.hibernate.tool.schema.internal.AbstractSchemaMigrator.applySqlStrings(AbstractSchemaMigrator.java:516)
	at org.hibernate.tool.schema.internal.AbstractSchemaMigrator.migrateTable(AbstractSchemaMigrator.java:334)
	at org.hibernate.tool.schema.internal.GroupedSchemaMigratorImpl.performTablesMigration(GroupedSchemaMigratorImpl.java:84)
	at org.hibernate.tool.schema.internal.AbstractSchemaMigrator.performMigration(AbstractSchemaMigrator.java:233)
	at org.hibernate.tool.schema.internal.AbstractSchemaMigrator.doMigration(AbstractSchemaMigrator.java:112)
	at org.hibernate.tool.schema.spi.SchemaManagementToolCoordinator.performDatabaseAction(SchemaManagementToolCoordinator.java:280)
	at org.hibernate.tool.schema.spi.SchemaManagementToolCoordinator.lambda$process$5(SchemaManagementToolCoordinator.java:144)
	at java.base/java.util.HashMap.forEach(HashMap.java:1421)
	at org.hibernate.tool.schema.spi.SchemaManagementToolCoordinator.process(SchemaManagementToolCoordinator.java:141)
	at org.hibernate.boot.internal.SessionFactoryObserverForSchemaExport.sessionFactoryCreated(SessionFactoryObserverForSchemaExport.java:37)
	at org.hibernate.internal.SessionFactoryObserverChain.sessionFactoryCreated(SessionFactoryObserverChain.java:35)
	at org.hibernate.internal.SessionFactoryImpl.<init>(SessionFactoryImpl.java:324)
	at org.hibernate.boot.internal.SessionFactoryBuilderImpl.build(SessionFactoryBuilderImpl.java:463)
	at org.hibernate.jpa.boot.internal.EntityManagerFactoryBuilderImpl.build(EntityManagerFactoryBuilderImpl.java:1517)
	at org.springframework.orm.jpa.vendor.SpringHibernateJpaPersistenceProvider.createContainerEntityManagerFactory(SpringHibernateJpaPersistenceProvider.java:66)
	at org.springframework.orm.jpa.LocalContainerEntityManagerFactoryBean.createNativeEntityManagerFactory(LocalContainerEntityManagerFactoryBean.java:390)
	at org.springframework.orm.jpa.AbstractEntityManagerFactoryBean.buildNativeEntityManagerFactory(AbstractEntityManagerFactoryBean.java:419)
	at org.springframework.orm.jpa.AbstractEntityManagerFactoryBean.afterPropertiesSet(AbstractEntityManagerFactoryBean.java:400)
	at org.springframework.orm.jpa.LocalContainerEntityManagerFactoryBean.afterPropertiesSet(LocalContainerEntityManagerFactoryBean.java:366)
	at org.springframework.beans.factory.support.AbstractAutowireCapableBeanFactory.invokeInitMethods(AbstractAutowireCapableBeanFactory.java:1859)
	at org.springframework.beans.factory.support.AbstractAutowireCapableBeanFactory.initializeBean(AbstractAutowireCapableBeanFactory.java:1808)
	at org.springframework.beans.factory.support.AbstractAutowireCapableBeanFactory.doCreateBean(AbstractAutowireCapableBeanFactory.java:601)
	at org.springframework.beans.factory.support.AbstractAutowireCapableBeanFactory.createBean(AbstractAutowireCapableBeanFactory.java:523)
	at org.springframework.beans.factory.support.AbstractBeanFactory.lambda$doGetBean$0(AbstractBeanFactory.java:339)
	at org.springframework.beans.factory.support.DefaultSingletonBeanRegistry.getSingleton(DefaultSingletonBeanRegistry.java:346)
	at org.springframework.beans.factory.support.AbstractBeanFactory.doGetBean(AbstractBeanFactory.java:337)
	at org.springframework.beans.factory.support.AbstractBeanFactory.getBean(AbstractBeanFactory.java:207)
	at org.springframework.context.support.AbstractApplicationContext.finishBeanFactoryInitialization(AbstractApplicationContext.java:970)
	at org.springframework.context.support.AbstractApplicationContext.refresh(AbstractApplicationContext.java:627)
	at org.springframework.boot.web.servlet.context.ServletWebServerApplicationContext.refresh(ServletWebServerApplicationContext.java:146)
	at org.springframework.boot.SpringApplication.refresh(SpringApplication.java:752)
	at org.springframework.boot.SpringApplication.refreshContext(SpringApplication.java:439)
	at org.springframework.boot.SpringApplication.run(SpringApplication.java:318)
	at org.springframework.boot.SpringApplication.run(SpringApplication.java:1361)
	at org.springframework.boot.SpringApplication.run(SpringApplication.java:1350)
	at backend.HotelBookingApplication.main(HotelBookingApplication.java:15)
Caused by: org.postgresql.util.PSQLException: ERROR: column "staff_id" cannot be cast automatically to type bigint
  Hint: You might need to specify "USING staff_id::bigint".
	at org.postgresql.core.v3.QueryExecutorImpl.receiveErrorResponse(QueryExecutorImpl.java:2733)
	at org.postgresql.core.v3.QueryExecutorImpl.processResults(QueryExecutorImpl.java:2420)
	at org.postgresql.core.v3.QueryExecutorImpl.execute(QueryExecutorImpl.java:372)
	at org.postgresql.jdbc.PgStatement.executeInternal(PgStatement.java:517)
	at org.postgresql.jdbc.PgStatement.execute(PgStatement.java:434)
	at org.postgresql.jdbc.PgStatement.executeWithFlags(PgStatement.java:356)
	at org.postgresql.jdbc.PgStatement.executeCachedSql(PgStatement.java:341)
	at org.postgresql.jdbc.PgStatement.executeWithFlags(PgStatement.java:317)
	at org.postgresql.jdbc.PgStatement.execute(PgStatement.java:312)
	at com.zaxxer.hikari.pool.ProxyStatement.execute(ProxyStatement.java:94)
	at com.zaxxer.hikari.pool.HikariProxyStatement.execute(HikariProxyStatement.java)
	at org.hibernate.tool.schema.internal.exec.GenerationTargetToDatabase.accept(GenerationTargetToDatabase.java:80)
	... 37 common frames omitted
2025-04-12 23:46:25 [main] WARN  o.h.t.s.i.ExceptionHandlerLoggedImpl - GenerationTarget encountered exception accepting command : Error executing DDL "alter table if exists staff_room_map add constraint FKyd20ehofj2axxe92vl67pqvx foreign key (staff_id) references staff" via JDBC [ERROR: foreign key constraint "fkyd20ehofj2axxe92vl67pqvx" cannot be implemented
  Detail: Key columns "staff_id" and "staff_id" are of incompatible types: character varying and bigint.]
org.hibernate.tool.schema.spi.CommandAcceptanceException: Error executing DDL "alter table if exists staff_room_map add constraint FKyd20ehofj2axxe92vl67pqvx foreign key (staff_id) references staff" via JDBC [ERROR: foreign key constraint "fkyd20ehofj2axxe92vl67pqvx" cannot be implemented
  Detail: Key columns "staff_id" and "staff_id" are of incompatible types: character varying and bigint.]
	at org.hibernate.tool.schema.internal.exec.GenerationTargetToDatabase.accept(GenerationTargetToDatabase.java:94)
	at org.hibernate.tool.schema.internal.AbstractSchemaMigrator.applySqlString(AbstractSchemaMigrator.java:576)
	at org.hibernate.tool.schema.internal.AbstractSchemaMigrator.applySqlStrings(AbstractSchemaMigrator.java:516)
	at org.hibernate.tool.schema.internal.AbstractSchemaMigrator.applyForeignKeys(AbstractSchemaMigrator.java:448)
	at org.hibernate.tool.schema.internal.AbstractSchemaMigrator.performMigration(AbstractSchemaMigrator.java:269)
	at org.hibernate.tool.schema.internal.AbstractSchemaMigrator.doMigration(AbstractSchemaMigrator.java:112)
	at org.hibernate.tool.schema.spi.SchemaManagementToolCoordinator.performDatabaseAction(SchemaManagementToolCoordinator.java:280)
	at org.hibernate.tool.schema.spi.SchemaManagementToolCoordinator.lambda$process$5(SchemaManagementToolCoordinator.java:144)
	at java.base/java.util.HashMap.forEach(HashMap.java:1421)
	at org.hibernate.tool.schema.spi.SchemaManagementToolCoordinator.process(SchemaManagementToolCoordinator.java:141)
	at org.hibernate.boot.internal.SessionFactoryObserverForSchemaExport.sessionFactoryCreated(SessionFactoryObserverForSchemaExport.java:37)
	at org.hibernate.internal.SessionFactoryObserverChain.sessionFactoryCreated(SessionFactoryObserverChain.java:35)
	at org.hibernate.internal.SessionFactoryImpl.<init>(SessionFactoryImpl.java:324)
	at org.hibernate.boot.internal.SessionFactoryBuilderImpl.build(SessionFactoryBuilderImpl.java:463)
	at org.hibernate.jpa.boot.internal.EntityManagerFactoryBuilderImpl.build(EntityManagerFactoryBuilderImpl.java:1517)
	at org.springframework.orm.jpa.vendor.SpringHibernateJpaPersistenceProvider.createContainerEntityManagerFactory(SpringHibernateJpaPersistenceProvider.java:66)
	at org.springframework.orm.jpa.LocalContainerEntityManagerFactoryBean.createNativeEntityManagerFactory(LocalContainerEntityManagerFactoryBean.java:390)
	at org.springframework.orm.jpa.AbstractEntityManagerFactoryBean.buildNativeEntityManagerFactory(AbstractEntityManagerFactoryBean.java:419)
	at org.springframework.orm.jpa.AbstractEntityManagerFactoryBean.afterPropertiesSet(AbstractEntityManagerFactoryBean.java:400)
	at org.springframework.orm.jpa.LocalContainerEntityManagerFactoryBean.afterPropertiesSet(LocalContainerEntityManagerFactoryBean.java:366)
	at org.springframework.beans.factory.support.AbstractAutowireCapableBeanFactory.invokeInitMethods(AbstractAutowireCapableBeanFactory.java:1859)
	at org.springframework.beans.factory.support.AbstractAutowireCapableBeanFactory.initializeBean(AbstractAutowireCapableBeanFactory.java:1808)
	at org.springframework.beans.factory.support.AbstractAutowireCapableBeanFactory.doCreateBean(AbstractAutowireCapableBeanFactory.java:601)
	at org.springframework.beans.factory.support.AbstractAutowireCapableBeanFactory.createBean(AbstractAutowireCapableBeanFactory.java:523)
	at org.springframework.beans.factory.support.AbstractBeanFactory.lambda$doGetBean$0(AbstractBeanFactory.java:339)
	at org.springframework.beans.factory.support.DefaultSingletonBeanRegistry.getSingleton(DefaultSingletonBeanRegistry.java:346)
	at org.springframework.beans.factory.support.AbstractBeanFactory.doGetBean(AbstractBeanFactory.java:337)
	at org.springframework.beans.factory.support.AbstractBeanFactory.getBean(AbstractBeanFactory.java:207)
	at org.springframework.context.support.AbstractApplicationContext.finishBeanFactoryInitialization(AbstractApplicationContext.java:970)
	at org.springframework.context.support.AbstractApplicationContext.refresh(AbstractApplicationContext.java:627)
	at org.springframework.boot.web.servlet.context.ServletWebServerApplicationContext.refresh(ServletWebServerApplicationContext.java:146)
	at org.springframework.boot.SpringApplication.refresh(SpringApplication.java:752)
	at org.springframework.boot.SpringApplication.refreshContext(SpringApplication.java:439)
	at org.springframework.boot.SpringApplication.run(SpringApplication.java:318)
	at org.springframework.boot.SpringApplication.run(SpringApplication.java:1361)
	at org.springframework.boot.SpringApplication.run(SpringApplication.java:1350)
	at backend.HotelBookingApplication.main(HotelBookingApplication.java:15)
Caused by: org.postgresql.util.PSQLException: ERROR: foreign key constraint "fkyd20ehofj2axxe92vl67pqvx" cannot be implemented
  Detail: Key columns "staff_id" and "staff_id" are of incompatible types: character varying and bigint.
	at org.postgresql.core.v3.QueryExecutorImpl.receiveErrorResponse(QueryExecutorImpl.java:2733)
	at org.postgresql.core.v3.QueryExecutorImpl.processResults(QueryExecutorImpl.java:2420)
	at org.postgresql.core.v3.QueryExecutorImpl.execute(QueryExecutorImpl.java:372)
	at org.postgresql.jdbc.PgStatement.executeInternal(PgStatement.java:517)
	at org.postgresql.jdbc.PgStatement.execute(PgStatement.java:434)
	at org.postgresql.jdbc.PgStatement.executeWithFlags(PgStatement.java:356)
	at org.postgresql.jdbc.PgStatement.executeCachedSql(PgStatement.java:341)
	at org.postgresql.jdbc.PgStatement.executeWithFlags(PgStatement.java:317)
	at org.postgresql.jdbc.PgStatement.execute(PgStatement.java:312)
	at com.zaxxer.hikari.pool.ProxyStatement.execute(ProxyStatement.java:94)
	at com.zaxxer.hikari.pool.HikariProxyStatement.execute(HikariProxyStatement.java)
	at org.hibernate.tool.schema.internal.exec.GenerationTargetToDatabase.accept(GenerationTargetToDatabase.java:80)
	... 36 common frames omitted
2025-04-12 23:46:25 [main] INFO  o.s.o.j.LocalContainerEntityManagerFactoryBean - Initialized JPA EntityManagerFactory for persistence unit 'default'
2025-04-12 23:46:25 [main] INFO  backend.config.CorsConfig - CORS Configuration Loaded!
2025-04-12 23:46:25 [main] DEBUG o.s.c.e.PropertySourcesPropertyResolver - Found key 'spring.security.oauth2.resourceserver.jwt.issuer-uri' in PropertySource 'environmentProperties' with value of type String
2025-04-12 23:46:25 [main] INFO  o.s.d.j.r.query.QueryEnhancerFactory - Hibernate is in classpath; If applicable, HQL parser will be used.
2025-04-12 23:46:25 [main] DEBUG o.s.c.e.PropertySourcesPropertyResolver - Found key 'graphql.endpoint' in PropertySource 'environmentProperties' with value of type String
2025-04-12 23:46:25 [main] DEBUG o.s.c.e.PropertySourcesPropertyResolver - Found key 'graphql.api-key' in PropertySource 'environmentProperties' with value of type String
2025-04-12 23:46:26 [main] DEBUG o.s.c.e.PropertySourcesPropertyResolver - Found key 'graphql.api.key' in PropertySource 'environmentProperties' with value of type String
2025-04-12 23:46:26 [main] DEBUG o.s.c.e.PropertySourcesPropertyResolver - Found key 'graphql.url' in PropertySource 'environmentProperties' with value of type String
2025-04-12 23:46:26 [main] DEBUG o.s.c.e.PropertySourcesPropertyResolver - Found key 'spring.mail.username' in PropertySource 'environmentProperties' with value of type String
2025-04-12 23:46:26 [main] DEBUG o.s.c.e.PropertySourcesPropertyResolver - Found key 'otp.expiry.minutes' in PropertySource 'environmentProperties' with value of type String
2025-04-12 23:46:26 [main] DEBUG o.s.c.e.PropertySourcesPropertyResolver - Found key 'otp.max.attempts' in PropertySource 'environmentProperties' with value of type String
2025-04-12 23:46:26 [main] DEBUG o.s.c.e.PropertySourcesPropertyResolver - Found key 'graphql.endpoint' in PropertySource 'environmentProperties' with value of type String
2025-04-12 23:46:26 [main] DEBUG o.s.c.e.PropertySourcesPropertyResolver - Found key 'graphql.api-key' in PropertySource 'environmentProperties' with value of type String
2025-04-12 23:46:26 [main] DEBUG o.s.c.e.PropertySourcesPropertyResolver - Found key 'graphql.api.key' in PropertySource 'environmentProperties' with value of type String
2025-04-12 23:46:26 [main] DEBUG o.s.c.e.PropertySourcesPropertyResolver - Found key 'graphql.url' in PropertySource 'environmentProperties' with value of type String
2025-04-12 23:46:26 [main] DEBUG o.s.c.e.PropertySourcesPropertyResolver - Found key 'graphql.endpoint' in PropertySource 'environmentProperties' with value of type String
2025-04-12 23:46:26 [main] DEBUG o.s.c.e.PropertySourcesPropertyResolver - Found key 'graphql.api-key' in PropertySource 'environmentProperties' with value of type String
2025-04-12 23:46:26 [main] DEBUG o.s.c.e.PropertySourcesPropertyResolver - Found key 'graphql.endpoint' in PropertySource 'environmentProperties' with value of type String
2025-04-12 23:46:26 [main] DEBUG o.s.c.e.PropertySourcesPropertyResolver - Found key 'graphql.apiKey' in PropertySource 'environmentProperties' with value of type String
2025-04-12 23:46:26 [main] DEBUG o.s.c.e.PropertySourcesPropertyResolver - Found key 'graphql.endpoint' in PropertySource 'environmentProperties' with value of type String
2025-04-12 23:46:26 [main] DEBUG o.s.c.e.PropertySourcesPropertyResolver - Found key 'graphql.apiKey' in PropertySource 'environmentProperties' with value of type String
2025-04-12 23:46:26 [main] DEBUG o.s.c.e.PropertySourcesPropertyResolver - Found key 'api.base.url' in PropertySource 'environmentProperties' with value of type String
2025-04-12 23:46:26 [main] WARN  o.s.b.a.o.j.JpaBaseConfiguration$JpaWebConfiguration - spring.jpa.open-in-view is enabled by default. Therefore, database queries may be performed during view rendering. Explicitly configure spring.jpa.open-in-view to disable this warning
2025-04-12 23:46:26 [main] INFO  backend.config.CorsConfig - Applying CORS settings...
2025-04-12 23:46:26 [main] DEBUG o.s.s.c.a.a.c.AuthenticationConfiguration$DefaultPasswordEncoderAuthenticationManagerBuilder - No authenticationProviders and no parentAuthenticationManager defined. Returning null.
2025-04-12 23:46:26 [main] INFO  o.s.b.a.e.web.EndpointLinksResolver - Exposing 2 endpoints beneath base path '/actuator'
2025-04-12 23:46:26 [main] INFO  backend.config.SecurityConfig - Configuring security filter chain...
2025-04-12 23:46:26 [main] INFO  backend.config.SecurityConfig - Using issuer URI: https://cognito-idp.ap-south-1.amazonaws.com/ap-south-1_IGHZ9OObg
2025-04-12 23:46:26 [main] INFO  backend.config.SecurityConfig - Configuring authorization rules...
2025-04-12 23:46:26 [main] INFO  backend.config.SecurityConfig - Configuring OAuth2 resource server...
2025-04-12 23:46:26 [main] INFO  backend.config.SecurityConfig - Configuring JWT...
2025-04-12 23:46:26 [main] INFO  backend.config.SecurityConfig - Creating JWT decoder with issuer URI: https://cognito-idp.ap-south-1.amazonaws.com/ap-south-1_IGHZ9OObg
2025-04-12 23:46:27 [main] INFO  backend.config.SecurityConfig - Configuring session management...
2025-04-12 23:46:27 [main] DEBUG o.s.s.web.DefaultSecurityFilterChain - Will secure any request with filters: DisableEncodeUrlFilter, WebAsyncManagerIntegrationFilter, SecurityContextHolderFilter, HeaderWriterFilter, LogoutFilter, BearerTokenAuthenticationFilter, RequestCacheAwareFilter, SecurityContextHolderAwareRequestFilter, AnonymousAuthenticationFilter, SessionManagementFilter, ExceptionTranslationFilter, AuthorizationFilter
2025-04-12 23:46:27 [main] INFO  o.a.coyote.http11.Http11NioProtocol - Starting ProtocolHandler ["http-nio-8081"]
2025-04-12 23:46:27 [main] INFO  o.s.b.w.e.tomcat.TomcatWebServer - Tomcat started on port 8081 (http) with context path '/'
2025-04-12 23:46:27 [main] INFO  backend.HotelBookingApplication - Started HotelBookingApplication in 8.296 seconds (process running for 8.763)
2025-04-12 23:46:48 [http-nio-8081-exec-1] INFO  o.a.c.c.C.[Tomcat].[localhost].[/] - Initializing Spring DispatcherServlet 'dispatcherServlet'
2025-04-12 23:46:48 [http-nio-8081-exec-1] INFO  o.s.web.servlet.DispatcherServlet - Initializing Servlet 'dispatcherServlet'
2025-04-12 23:46:48 [http-nio-8081-exec-1] INFO  o.s.web.servlet.DispatcherServlet - Completed initialization in 6 ms
2025-04-12 23:46:48 [http-nio-8081-exec-1] DEBUG o.s.security.web.FilterChainProxy - Securing POST /api/house-cleaning/generate?date=2025-05-01
2025-04-12 23:46:48 [http-nio-8081-exec-1] DEBUG o.s.s.w.a.AnonymousAuthenticationFilter - Set SecurityContextHolder to anonymous SecurityContext
2025-04-12 23:46:48 [http-nio-8081-exec-1] DEBUG o.s.security.web.FilterChainProxy - Secured POST /api/house-cleaning/generate?date=2025-05-01
2025-04-12 23:46:48 [http-nio-8081-exec-1] INFO  b.s.impl.HouseCleaningServiceImpl - Generating cleaning schedules for date: 2025-05-01
2025-04-12 23:46:48 [http-nio-8081-exec-1] INFO  b.s.impl.HouseCleaningServiceImpl - Found 10 check-in bookings, 0 check-out bookings, and 10 current bookings for date 2025-05-01
2025-04-12 23:46:48 [http-nio-8081-exec-1] INFO  b.s.impl.BookedRoomsServiceImpl - Checking check-in rooms for date: 2025-05-01
2025-04-12 23:46:48 [http-nio-8081-exec-1] INFO  b.s.impl.BookedRoomsServiceImpl - Found 10 transactions with check-in date 2025-05-01
2025-04-12 23:46:48 [http-nio-8081-exec-1] INFO  b.s.impl.BookedRoomsServiceImpl - Booking IDs for check-in: [13, 12, 15, 14, 53, 55, 59, 60, 155, 318]
2025-04-12 23:46:54 [http-nio-8081-exec-1] INFO  b.s.impl.BookedRoomsServiceImpl - Room IDs for bookings [13, 12, 15, 14, 53, 55, 59, 60, 155, 318]: [421, 422, 433, 434, 439, 451, 452, 457, 464, 469, 470]
2025-04-12 23:46:54 [http-nio-8081-exec-1] INFO  b.s.impl.BookedRoomsServiceImpl - Checking check-out rooms for date: 2025-05-01
2025-04-12 23:46:54 [http-nio-8081-exec-1] INFO  b.s.impl.BookedRoomsServiceImpl - Found 0 transactions with check-out date 2025-05-01
2025-04-12 23:46:54 [http-nio-8081-exec-1] INFO  b.s.impl.BookedRoomsServiceImpl - Booking IDs for check-out: []
2025-04-12 23:46:54 [http-nio-8081-exec-1] INFO  b.s.impl.BookedRoomsServiceImpl - No booking IDs found, returning empty list
2025-04-12 23:46:54 [http-nio-8081-exec-1] INFO  b.s.impl.BookedRoomsServiceImpl - Checking currently booked rooms for date: 2025-05-01T00:00:00Z
2025-04-12 23:46:54 [http-nio-8081-exec-1] INFO  b.s.impl.BookedRoomsServiceImpl - Currently booked room IDs: [421, 422, 433, 434, 439, 451, 452, 457, 464, 469, 470]
2025-04-12 23:46:54 [http-nio-8081-exec-1] INFO  b.s.impl.HouseCleaningServiceImpl - Found 11 check-in rooms, 0 check-out rooms, and 11 current rooms for date 2025-05-01
2025-04-12 23:46:54 [http-nio-8081-exec-1] WARN  b.s.impl.HouseCleaningServiceImpl - Could not extract room ID from booking details for booking ID 13
2025-04-12 23:46:54 [http-nio-8081-exec-1] WARN  b.s.impl.HouseCleaningServiceImpl - Could not extract room ID from booking details for booking ID 12
2025-04-12 23:46:54 [http-nio-8081-exec-1] WARN  b.s.impl.HouseCleaningServiceImpl - Could not extract room ID from booking details for booking ID 15
2025-04-12 23:46:54 [http-nio-8081-exec-1] WARN  b.s.impl.HouseCleaningServiceImpl - Could not extract room ID from booking details for booking ID 14
2025-04-12 23:46:54 [http-nio-8081-exec-1] WARN  b.s.impl.HouseCleaningServiceImpl - Could not extract room ID from booking details for booking ID 53
2025-04-12 23:46:54 [http-nio-8081-exec-1] WARN  b.s.impl.HouseCleaningServiceImpl - Could not extract room ID from booking details for booking ID 55
2025-04-12 23:46:54 [http-nio-8081-exec-1] WARN  b.s.impl.HouseCleaningServiceImpl - Could not extract room ID from booking details for booking ID 59
2025-04-12 23:46:54 [http-nio-8081-exec-1] WARN  b.s.impl.HouseCleaningServiceImpl - Could not extract room ID from booking details for booking ID 60
2025-04-12 23:46:54 [http-nio-8081-exec-1] WARN  b.s.impl.HouseCleaningServiceImpl - Could not extract room ID from booking details for booking ID 155
2025-04-12 23:46:54 [http-nio-8081-exec-1] WARN  b.s.impl.HouseCleaningServiceImpl - Could not extract room ID from booking details for booking ID 318
2025-04-12 23:46:54 [http-nio-8081-exec-1] WARN  b.s.impl.HouseCleaningServiceImpl - Could not extract room ID from booking details for booking ID 13
2025-04-12 23:46:54 [http-nio-8081-exec-1] WARN  b.s.impl.HouseCleaningServiceImpl - Could not extract room ID from booking details for booking ID 12
2025-04-12 23:46:54 [http-nio-8081-exec-1] WARN  b.s.impl.HouseCleaningServiceImpl - Could not extract room ID from booking details for booking ID 15
2025-04-12 23:46:54 [http-nio-8081-exec-1] WARN  b.s.impl.HouseCleaningServiceImpl - Could not extract room ID from booking details for booking ID 14
2025-04-12 23:46:54 [http-nio-8081-exec-1] WARN  b.s.impl.HouseCleaningServiceImpl - Could not extract room ID from booking details for booking ID 53
2025-04-12 23:46:54 [http-nio-8081-exec-1] WARN  b.s.impl.HouseCleaningServiceImpl - Could not extract room ID from booking details for booking ID 55
2025-04-12 23:46:54 [http-nio-8081-exec-1] WARN  b.s.impl.HouseCleaningServiceImpl - Could not extract room ID from booking details for booking ID 59
2025-04-12 23:46:54 [http-nio-8081-exec-1] WARN  b.s.impl.HouseCleaningServiceImpl - Could not extract room ID from booking details for booking ID 60
2025-04-12 23:46:54 [http-nio-8081-exec-1] WARN  b.s.impl.HouseCleaningServiceImpl - Could not extract room ID from booking details for booking ID 155
2025-04-12 23:46:54 [http-nio-8081-exec-1] WARN  b.s.impl.HouseCleaningServiceImpl - Could not extract room ID from booking details for booking ID 318
2025-04-12 23:46:54 [http-nio-8081-exec-1] INFO  b.s.impl.HouseCleaningServiceImpl - Room to booking map: {}
2025-04-12 23:46:54 [http-nio-8081-exec-1] WARN  b.s.impl.HouseCleaningServiceImpl - No booking ID found for room ID 421
2025-04-12 23:46:54 [http-nio-8081-exec-1] WARN  b.s.impl.HouseCleaningServiceImpl - No booking ID found for room ID 422
2025-04-12 23:46:54 [http-nio-8081-exec-1] WARN  b.s.impl.HouseCleaningServiceImpl - No booking ID found for room ID 433
2025-04-12 23:46:54 [http-nio-8081-exec-1] WARN  b.s.impl.HouseCleaningServiceImpl - No booking ID found for room ID 434
2025-04-12 23:46:54 [http-nio-8081-exec-1] WARN  b.s.impl.HouseCleaningServiceImpl - No booking ID found for room ID 439
2025-04-12 23:46:54 [http-nio-8081-exec-1] WARN  b.s.impl.HouseCleaningServiceImpl - No booking ID found for room ID 451
2025-04-12 23:46:54 [http-nio-8081-exec-1] WARN  b.s.impl.HouseCleaningServiceImpl - No booking ID found for room ID 452
2025-04-12 23:46:54 [http-nio-8081-exec-1] WARN  b.s.impl.HouseCleaningServiceImpl - No booking ID found for room ID 457
2025-04-12 23:46:54 [http-nio-8081-exec-1] WARN  b.s.impl.HouseCleaningServiceImpl - No booking ID found for room ID 464
2025-04-12 23:46:54 [http-nio-8081-exec-1] WARN  b.s.impl.HouseCleaningServiceImpl - No booking ID found for room ID 469
2025-04-12 23:46:54 [http-nio-8081-exec-1] WARN  b.s.impl.HouseCleaningServiceImpl - No booking ID found for room ID 470
2025-04-12 23:47:08 [http-nio-8081-exec-3] DEBUG o.s.security.web.FilterChainProxy - Securing POST /api/house-cleaning/assign-staff?date=2025-05-01&shift=MORNING_SHIFT
2025-04-12 23:47:08 [http-nio-8081-exec-3] DEBUG o.s.s.w.a.AnonymousAuthenticationFilter - Set SecurityContextHolder to anonymous SecurityContext
2025-04-12 23:47:08 [http-nio-8081-exec-3] DEBUG o.s.security.web.FilterChainProxy - Secured POST /api/house-cleaning/assign-staff?date=2025-05-01&shift=MORNING_SHIFT
2025-04-12 23:47:08 [http-nio-8081-exec-3] INFO  b.s.impl.HouseCleaningServiceImpl - Assigning staff to schedules for date: 2025-05-01 and shift: MORNING_SHIFT
2025-04-12 23:47:08 [http-nio-8081-exec-3] INFO  b.s.impl.HouseCleaningServiceImpl - Assigned staff 1 to room 421 for cleaning from 09:00 to 09:30
2025-04-12 23:47:08 [http-nio-8081-exec-3] INFO  b.s.impl.HouseCleaningServiceImpl - Assigned staff 4 to room 433 for cleaning from 09:00 to 09:30
2025-04-12 23:47:08 [http-nio-8081-exec-3] INFO  b.s.impl.HouseCleaningServiceImpl - Assigned staff 10 to room 434 for cleaning from 09:00 to 09:30
2025-04-12 23:47:08 [http-nio-8081-exec-3] WARN  b.s.impl.HouseCleaningServiceImpl - No available staff found for room 439 at time 09:00
2025-04-12 23:47:08 [http-nio-8081-exec-3] WARN  b.s.impl.HouseCleaningServiceImpl - No available staff found for room 452 at time 09:00
2025-04-12 23:47:08 [http-nio-8081-exec-3] WARN  b.s.impl.HouseCleaningServiceImpl - No available staff found for room 457 at time 09:00
2025-04-12 23:47:08 [http-nio-8081-exec-3] WARN  b.s.impl.HouseCleaningServiceImpl - No available staff found for room 422 at time 09:30
2025-04-12 23:47:08 [http-nio-8081-exec-3] WARN  b.s.impl.HouseCleaningServiceImpl - No available staff found for room 469 at time 09:30
2025-04-12 23:47:08 [http-nio-8081-exec-3] INFO  b.s.impl.HouseCleaningServiceImpl - Assigned staff 1 to room 451 for cleaning from 10:00 to 10:30
2025-04-12 23:47:08 [http-nio-8081-exec-3] INFO  b.s.impl.HouseCleaningServiceImpl - Assigned staff 4 to room 464 for cleaning from 10:00 to 10:30
2025-04-12 23:47:08 [http-nio-8081-exec-3] INFO  b.s.impl.HouseCleaningServiceImpl - Assigned staff 10 to room 470 for cleaning from 10:00 to 10:30
2025-04-12 23:52:58 [SpringApplicationShutdownHook] INFO  o.s.b.w.e.tomcat.GracefulShutdown - Commencing graceful shutdown. Waiting for active requests to complete
2025-04-12 23:52:58 [tomcat-shutdown] INFO  o.s.b.w.e.tomcat.GracefulShutdown - Graceful shutdown complete
2025-04-12 23:52:58 [SpringApplicationShutdownHook] INFO  o.s.o.j.LocalContainerEntityManagerFactoryBean - Closing JPA EntityManagerFactory for persistence unit 'default'
2025-04-12 23:52:58 [SpringApplicationShutdownHook] INFO  com.zaxxer.hikari.HikariDataSource - HikariPool-1 - Shutdown initiated...
2025-04-12 23:52:58 [SpringApplicationShutdownHook] INFO  com.zaxxer.hikari.HikariDataSource - HikariPool-1 - Shutdown completed.
2025-04-12 23:53:05 [main] INFO  backend.HotelBookingApplication - Starting HotelBookingApplication using Java 17.0.13 with PID 96884 (/Users/sukuna/Documents/coding/IBE/IBE-BE/KDU/target/classes started by sukuna in /Users/sukuna/Documents/coding/IBE/IBE-BE/KDU)
2025-04-12 23:53:05 [main] INFO  backend.HotelBookingApplication - The following 1 profile is active: "dev"
2025-04-12 23:53:05 [main] INFO  o.s.d.r.c.RepositoryConfigurationDelegate - Bootstrapping Spring Data JPA repositories in DEFAULT mode.
2025-04-12 23:53:06 [main] INFO  o.s.d.r.c.RepositoryConfigurationDelegate - Finished Spring Data repository scanning in 67 ms. Found 15 JPA repository interfaces.
2025-04-12 23:53:06 [main] INFO  o.s.b.w.e.tomcat.TomcatWebServer - Tomcat initialized with port 8081 (http)
2025-04-12 23:53:06 [main] INFO  o.a.coyote.http11.Http11NioProtocol - Initializing ProtocolHandler ["http-nio-8081"]
2025-04-12 23:53:06 [main] INFO  o.a.catalina.core.StandardService - Starting service [Tomcat]
2025-04-12 23:53:06 [main] INFO  o.a.catalina.core.StandardEngine - Starting Servlet engine: [Apache Tomcat/10.1.36]
2025-04-12 23:53:06 [main] INFO  o.a.c.c.C.[Tomcat].[localhost].[/] - Initializing Spring embedded WebApplicationContext
2025-04-12 23:53:06 [main] INFO  o.s.b.w.s.c.ServletWebServerApplicationContext - Root WebApplicationContext: initialization completed in 1819 ms
2025-04-12 23:53:07 [main] INFO  com.zaxxer.hikari.HikariDataSource - HikariPool-1 - Starting...
2025-04-12 23:53:07 [main] INFO  com.zaxxer.hikari.pool.HikariPool - HikariPool-1 - Added connection org.postgresql.jdbc.PgConnection@1c610f
2025-04-12 23:53:07 [main] INFO  com.zaxxer.hikari.HikariDataSource - HikariPool-1 - Start completed.
2025-04-12 23:53:07 [main] INFO  o.s.o.j.p.SpringPersistenceUnitInfo - No LoadTimeWeaver setup: ignoring JPA class transformer
2025-04-12 23:53:07 [main] WARN  org.hibernate.orm.deprecation - HHH90000025: PostgreSQLDialect does not need to be specified explicitly using 'hibernate.dialect' (remove the property setting and it will be selected by default)
2025-04-12 23:53:09 [main] WARN  o.h.t.s.i.ExceptionHandlerLoggedImpl - GenerationTarget encountered exception accepting command : Error executing DDL "alter table if exists staff_room_map alter column staff_id set data type bigint" via JDBC [ERROR: column "staff_id" cannot be cast automatically to type bigint
  Hint: You might need to specify "USING staff_id::bigint".]
org.hibernate.tool.schema.spi.CommandAcceptanceException: Error executing DDL "alter table if exists staff_room_map alter column staff_id set data type bigint" via JDBC [ERROR: column "staff_id" cannot be cast automatically to type bigint
  Hint: You might need to specify "USING staff_id::bigint".]
	at org.hibernate.tool.schema.internal.exec.GenerationTargetToDatabase.accept(GenerationTargetToDatabase.java:94)
	at org.hibernate.tool.schema.internal.AbstractSchemaMigrator.applySqlString(AbstractSchemaMigrator.java:576)
	at org.hibernate.tool.schema.internal.AbstractSchemaMigrator.applySqlStrings(AbstractSchemaMigrator.java:516)
	at org.hibernate.tool.schema.internal.AbstractSchemaMigrator.migrateTable(AbstractSchemaMigrator.java:334)
	at org.hibernate.tool.schema.internal.GroupedSchemaMigratorImpl.performTablesMigration(GroupedSchemaMigratorImpl.java:84)
	at org.hibernate.tool.schema.internal.AbstractSchemaMigrator.performMigration(AbstractSchemaMigrator.java:233)
	at org.hibernate.tool.schema.internal.AbstractSchemaMigrator.doMigration(AbstractSchemaMigrator.java:112)
	at org.hibernate.tool.schema.spi.SchemaManagementToolCoordinator.performDatabaseAction(SchemaManagementToolCoordinator.java:280)
	at org.hibernate.tool.schema.spi.SchemaManagementToolCoordinator.lambda$process$5(SchemaManagementToolCoordinator.java:144)
	at java.base/java.util.HashMap.forEach(HashMap.java:1421)
	at org.hibernate.tool.schema.spi.SchemaManagementToolCoordinator.process(SchemaManagementToolCoordinator.java:141)
	at org.hibernate.boot.internal.SessionFactoryObserverForSchemaExport.sessionFactoryCreated(SessionFactoryObserverForSchemaExport.java:37)
	at org.hibernate.internal.SessionFactoryObserverChain.sessionFactoryCreated(SessionFactoryObserverChain.java:35)
	at org.hibernate.internal.SessionFactoryImpl.<init>(SessionFactoryImpl.java:324)
	at org.hibernate.boot.internal.SessionFactoryBuilderImpl.build(SessionFactoryBuilderImpl.java:463)
	at org.hibernate.jpa.boot.internal.EntityManagerFactoryBuilderImpl.build(EntityManagerFactoryBuilderImpl.java:1517)
	at org.springframework.orm.jpa.vendor.SpringHibernateJpaPersistenceProvider.createContainerEntityManagerFactory(SpringHibernateJpaPersistenceProvider.java:66)
	at org.springframework.orm.jpa.LocalContainerEntityManagerFactoryBean.createNativeEntityManagerFactory(LocalContainerEntityManagerFactoryBean.java:390)
	at org.springframework.orm.jpa.AbstractEntityManagerFactoryBean.buildNativeEntityManagerFactory(AbstractEntityManagerFactoryBean.java:419)
	at org.springframework.orm.jpa.AbstractEntityManagerFactoryBean.afterPropertiesSet(AbstractEntityManagerFactoryBean.java:400)
	at org.springframework.orm.jpa.LocalContainerEntityManagerFactoryBean.afterPropertiesSet(LocalContainerEntityManagerFactoryBean.java:366)
	at org.springframework.beans.factory.support.AbstractAutowireCapableBeanFactory.invokeInitMethods(AbstractAutowireCapableBeanFactory.java:1859)
	at org.springframework.beans.factory.support.AbstractAutowireCapableBeanFactory.initializeBean(AbstractAutowireCapableBeanFactory.java:1808)
	at org.springframework.beans.factory.support.AbstractAutowireCapableBeanFactory.doCreateBean(AbstractAutowireCapableBeanFactory.java:601)
	at org.springframework.beans.factory.support.AbstractAutowireCapableBeanFactory.createBean(AbstractAutowireCapableBeanFactory.java:523)
	at org.springframework.beans.factory.support.AbstractBeanFactory.lambda$doGetBean$0(AbstractBeanFactory.java:339)
	at org.springframework.beans.factory.support.DefaultSingletonBeanRegistry.getSingleton(DefaultSingletonBeanRegistry.java:346)
	at org.springframework.beans.factory.support.AbstractBeanFactory.doGetBean(AbstractBeanFactory.java:337)
	at org.springframework.beans.factory.support.AbstractBeanFactory.getBean(AbstractBeanFactory.java:207)
	at org.springframework.context.support.AbstractApplicationContext.finishBeanFactoryInitialization(AbstractApplicationContext.java:970)
	at org.springframework.context.support.AbstractApplicationContext.refresh(AbstractApplicationContext.java:627)
	at org.springframework.boot.web.servlet.context.ServletWebServerApplicationContext.refresh(ServletWebServerApplicationContext.java:146)
	at org.springframework.boot.SpringApplication.refresh(SpringApplication.java:752)
	at org.springframework.boot.SpringApplication.refreshContext(SpringApplication.java:439)
	at org.springframework.boot.SpringApplication.run(SpringApplication.java:318)
	at org.springframework.boot.SpringApplication.run(SpringApplication.java:1361)
	at org.springframework.boot.SpringApplication.run(SpringApplication.java:1350)
	at backend.HotelBookingApplication.main(HotelBookingApplication.java:15)
Caused by: org.postgresql.util.PSQLException: ERROR: column "staff_id" cannot be cast automatically to type bigint
  Hint: You might need to specify "USING staff_id::bigint".
	at org.postgresql.core.v3.QueryExecutorImpl.receiveErrorResponse(QueryExecutorImpl.java:2733)
	at org.postgresql.core.v3.QueryExecutorImpl.processResults(QueryExecutorImpl.java:2420)
	at org.postgresql.core.v3.QueryExecutorImpl.execute(QueryExecutorImpl.java:372)
	at org.postgresql.jdbc.PgStatement.executeInternal(PgStatement.java:517)
	at org.postgresql.jdbc.PgStatement.execute(PgStatement.java:434)
	at org.postgresql.jdbc.PgStatement.executeWithFlags(PgStatement.java:356)
	at org.postgresql.jdbc.PgStatement.executeCachedSql(PgStatement.java:341)
	at org.postgresql.jdbc.PgStatement.executeWithFlags(PgStatement.java:317)
	at org.postgresql.jdbc.PgStatement.execute(PgStatement.java:312)
	at com.zaxxer.hikari.pool.ProxyStatement.execute(ProxyStatement.java:94)
	at com.zaxxer.hikari.pool.HikariProxyStatement.execute(HikariProxyStatement.java)
	at org.hibernate.tool.schema.internal.exec.GenerationTargetToDatabase.accept(GenerationTargetToDatabase.java:80)
	... 37 common frames omitted
2025-04-12 23:53:09 [main] WARN  o.h.t.s.i.ExceptionHandlerLoggedImpl - GenerationTarget encountered exception accepting command : Error executing DDL "alter table if exists staff_room_map add constraint FKyd20ehofj2axxe92vl67pqvx foreign key (staff_id) references staff" via JDBC [ERROR: foreign key constraint "fkyd20ehofj2axxe92vl67pqvx" cannot be implemented
  Detail: Key columns "staff_id" and "staff_id" are of incompatible types: character varying and bigint.]
org.hibernate.tool.schema.spi.CommandAcceptanceException: Error executing DDL "alter table if exists staff_room_map add constraint FKyd20ehofj2axxe92vl67pqvx foreign key (staff_id) references staff" via JDBC [ERROR: foreign key constraint "fkyd20ehofj2axxe92vl67pqvx" cannot be implemented
  Detail: Key columns "staff_id" and "staff_id" are of incompatible types: character varying and bigint.]
	at org.hibernate.tool.schema.internal.exec.GenerationTargetToDatabase.accept(GenerationTargetToDatabase.java:94)
	at org.hibernate.tool.schema.internal.AbstractSchemaMigrator.applySqlString(AbstractSchemaMigrator.java:576)
	at org.hibernate.tool.schema.internal.AbstractSchemaMigrator.applySqlStrings(AbstractSchemaMigrator.java:516)
	at org.hibernate.tool.schema.internal.AbstractSchemaMigrator.applyForeignKeys(AbstractSchemaMigrator.java:448)
	at org.hibernate.tool.schema.internal.AbstractSchemaMigrator.performMigration(AbstractSchemaMigrator.java:269)
	at org.hibernate.tool.schema.internal.AbstractSchemaMigrator.doMigration(AbstractSchemaMigrator.java:112)
	at org.hibernate.tool.schema.spi.SchemaManagementToolCoordinator.performDatabaseAction(SchemaManagementToolCoordinator.java:280)
	at org.hibernate.tool.schema.spi.SchemaManagementToolCoordinator.lambda$process$5(SchemaManagementToolCoordinator.java:144)
	at java.base/java.util.HashMap.forEach(HashMap.java:1421)
	at org.hibernate.tool.schema.spi.SchemaManagementToolCoordinator.process(SchemaManagementToolCoordinator.java:141)
	at org.hibernate.boot.internal.SessionFactoryObserverForSchemaExport.sessionFactoryCreated(SessionFactoryObserverForSchemaExport.java:37)
	at org.hibernate.internal.SessionFactoryObserverChain.sessionFactoryCreated(SessionFactoryObserverChain.java:35)
	at org.hibernate.internal.SessionFactoryImpl.<init>(SessionFactoryImpl.java:324)
	at org.hibernate.boot.internal.SessionFactoryBuilderImpl.build(SessionFactoryBuilderImpl.java:463)
	at org.hibernate.jpa.boot.internal.EntityManagerFactoryBuilderImpl.build(EntityManagerFactoryBuilderImpl.java:1517)
	at org.springframework.orm.jpa.vendor.SpringHibernateJpaPersistenceProvider.createContainerEntityManagerFactory(SpringHibernateJpaPersistenceProvider.java:66)
	at org.springframework.orm.jpa.LocalContainerEntityManagerFactoryBean.createNativeEntityManagerFactory(LocalContainerEntityManagerFactoryBean.java:390)
	at org.springframework.orm.jpa.AbstractEntityManagerFactoryBean.buildNativeEntityManagerFactory(AbstractEntityManagerFactoryBean.java:419)
	at org.springframework.orm.jpa.AbstractEntityManagerFactoryBean.afterPropertiesSet(AbstractEntityManagerFactoryBean.java:400)
	at org.springframework.orm.jpa.LocalContainerEntityManagerFactoryBean.afterPropertiesSet(LocalContainerEntityManagerFactoryBean.java:366)
	at org.springframework.beans.factory.support.AbstractAutowireCapableBeanFactory.invokeInitMethods(AbstractAutowireCapableBeanFactory.java:1859)
	at org.springframework.beans.factory.support.AbstractAutowireCapableBeanFactory.initializeBean(AbstractAutowireCapableBeanFactory.java:1808)
	at org.springframework.beans.factory.support.AbstractAutowireCapableBeanFactory.doCreateBean(AbstractAutowireCapableBeanFactory.java:601)
	at org.springframework.beans.factory.support.AbstractAutowireCapableBeanFactory.createBean(AbstractAutowireCapableBeanFactory.java:523)
	at org.springframework.beans.factory.support.AbstractBeanFactory.lambda$doGetBean$0(AbstractBeanFactory.java:339)
	at org.springframework.beans.factory.support.DefaultSingletonBeanRegistry.getSingleton(DefaultSingletonBeanRegistry.java:346)
	at org.springframework.beans.factory.support.AbstractBeanFactory.doGetBean(AbstractBeanFactory.java:337)
	at org.springframework.beans.factory.support.AbstractBeanFactory.getBean(AbstractBeanFactory.java:207)
	at org.springframework.context.support.AbstractApplicationContext.finishBeanFactoryInitialization(AbstractApplicationContext.java:970)
	at org.springframework.context.support.AbstractApplicationContext.refresh(AbstractApplicationContext.java:627)
	at org.springframework.boot.web.servlet.context.ServletWebServerApplicationContext.refresh(ServletWebServerApplicationContext.java:146)
	at org.springframework.boot.SpringApplication.refresh(SpringApplication.java:752)
	at org.springframework.boot.SpringApplication.refreshContext(SpringApplication.java:439)
	at org.springframework.boot.SpringApplication.run(SpringApplication.java:318)
	at org.springframework.boot.SpringApplication.run(SpringApplication.java:1361)
	at org.springframework.boot.SpringApplication.run(SpringApplication.java:1350)
	at backend.HotelBookingApplication.main(HotelBookingApplication.java:15)
Caused by: org.postgresql.util.PSQLException: ERROR: foreign key constraint "fkyd20ehofj2axxe92vl67pqvx" cannot be implemented
  Detail: Key columns "staff_id" and "staff_id" are of incompatible types: character varying and bigint.
	at org.postgresql.core.v3.QueryExecutorImpl.receiveErrorResponse(QueryExecutorImpl.java:2733)
	at org.postgresql.core.v3.QueryExecutorImpl.processResults(QueryExecutorImpl.java:2420)
	at org.postgresql.core.v3.QueryExecutorImpl.execute(QueryExecutorImpl.java:372)
	at org.postgresql.jdbc.PgStatement.executeInternal(PgStatement.java:517)
	at org.postgresql.jdbc.PgStatement.execute(PgStatement.java:434)
	at org.postgresql.jdbc.PgStatement.executeWithFlags(PgStatement.java:356)
	at org.postgresql.jdbc.PgStatement.executeCachedSql(PgStatement.java:341)
	at org.postgresql.jdbc.PgStatement.executeWithFlags(PgStatement.java:317)
	at org.postgresql.jdbc.PgStatement.execute(PgStatement.java:312)
	at com.zaxxer.hikari.pool.ProxyStatement.execute(ProxyStatement.java:94)
	at com.zaxxer.hikari.pool.HikariProxyStatement.execute(HikariProxyStatement.java)
	at org.hibernate.tool.schema.internal.exec.GenerationTargetToDatabase.accept(GenerationTargetToDatabase.java:80)
	... 36 common frames omitted
2025-04-12 23:53:09 [main] INFO  o.s.o.j.LocalContainerEntityManagerFactoryBean - Initialized JPA EntityManagerFactory for persistence unit 'default'
2025-04-12 23:53:09 [main] INFO  backend.config.CorsConfig - CORS Configuration Loaded!
2025-04-12 23:53:09 [main] DEBUG o.s.c.e.PropertySourcesPropertyResolver - Found key 'spring.security.oauth2.resourceserver.jwt.issuer-uri' in PropertySource 'environmentProperties' with value of type String
2025-04-12 23:53:10 [main] INFO  o.s.d.j.r.query.QueryEnhancerFactory - Hibernate is in classpath; If applicable, HQL parser will be used.
2025-04-12 23:53:10 [main] DEBUG o.s.c.e.PropertySourcesPropertyResolver - Found key 'graphql.endpoint' in PropertySource 'environmentProperties' with value of type String
2025-04-12 23:53:10 [main] DEBUG o.s.c.e.PropertySourcesPropertyResolver - Found key 'graphql.api-key' in PropertySource 'environmentProperties' with value of type String
2025-04-12 23:53:10 [main] DEBUG o.s.c.e.PropertySourcesPropertyResolver - Found key 'graphql.api.key' in PropertySource 'environmentProperties' with value of type String
2025-04-12 23:53:10 [main] DEBUG o.s.c.e.PropertySourcesPropertyResolver - Found key 'graphql.url' in PropertySource 'environmentProperties' with value of type String
2025-04-12 23:53:11 [main] DEBUG o.s.c.e.PropertySourcesPropertyResolver - Found key 'spring.mail.username' in PropertySource 'environmentProperties' with value of type String
2025-04-12 23:53:11 [main] DEBUG o.s.c.e.PropertySourcesPropertyResolver - Found key 'otp.expiry.minutes' in PropertySource 'environmentProperties' with value of type String
2025-04-12 23:53:11 [main] DEBUG o.s.c.e.PropertySourcesPropertyResolver - Found key 'otp.max.attempts' in PropertySource 'environmentProperties' with value of type String
2025-04-12 23:53:11 [main] DEBUG o.s.c.e.PropertySourcesPropertyResolver - Found key 'graphql.endpoint' in PropertySource 'environmentProperties' with value of type String
2025-04-12 23:53:11 [main] DEBUG o.s.c.e.PropertySourcesPropertyResolver - Found key 'graphql.api-key' in PropertySource 'environmentProperties' with value of type String
2025-04-12 23:53:11 [main] DEBUG o.s.c.e.PropertySourcesPropertyResolver - Found key 'graphql.api.key' in PropertySource 'environmentProperties' with value of type String
2025-04-12 23:53:11 [main] DEBUG o.s.c.e.PropertySourcesPropertyResolver - Found key 'graphql.url' in PropertySource 'environmentProperties' with value of type String
2025-04-12 23:53:11 [main] DEBUG o.s.c.e.PropertySourcesPropertyResolver - Found key 'graphql.endpoint' in PropertySource 'environmentProperties' with value of type String
2025-04-12 23:53:11 [main] DEBUG o.s.c.e.PropertySourcesPropertyResolver - Found key 'graphql.api-key' in PropertySource 'environmentProperties' with value of type String
2025-04-12 23:53:11 [main] DEBUG o.s.c.e.PropertySourcesPropertyResolver - Found key 'graphql.endpoint' in PropertySource 'environmentProperties' with value of type String
2025-04-12 23:53:11 [main] DEBUG o.s.c.e.PropertySourcesPropertyResolver - Found key 'graphql.apiKey' in PropertySource 'environmentProperties' with value of type String
2025-04-12 23:53:11 [main] DEBUG o.s.c.e.PropertySourcesPropertyResolver - Found key 'graphql.endpoint' in PropertySource 'environmentProperties' with value of type String
2025-04-12 23:53:11 [main] DEBUG o.s.c.e.PropertySourcesPropertyResolver - Found key 'graphql.apiKey' in PropertySource 'environmentProperties' with value of type String
2025-04-12 23:53:11 [main] DEBUG o.s.c.e.PropertySourcesPropertyResolver - Found key 'api.base.url' in PropertySource 'environmentProperties' with value of type String
2025-04-12 23:53:11 [main] WARN  o.s.b.a.o.j.JpaBaseConfiguration$JpaWebConfiguration - spring.jpa.open-in-view is enabled by default. Therefore, database queries may be performed during view rendering. Explicitly configure spring.jpa.open-in-view to disable this warning
2025-04-12 23:53:11 [main] INFO  backend.config.CorsConfig - Applying CORS settings...
2025-04-12 23:53:11 [main] DEBUG o.s.s.c.a.a.c.AuthenticationConfiguration$DefaultPasswordEncoderAuthenticationManagerBuilder - No authenticationProviders and no parentAuthenticationManager defined. Returning null.
2025-04-12 23:53:11 [main] INFO  o.s.b.a.e.web.EndpointLinksResolver - Exposing 2 endpoints beneath base path '/actuator'
2025-04-12 23:53:12 [main] INFO  backend.config.SecurityConfig - Configuring security filter chain...
2025-04-12 23:53:12 [main] INFO  backend.config.SecurityConfig - Using issuer URI: https://cognito-idp.ap-south-1.amazonaws.com/ap-south-1_IGHZ9OObg
2025-04-12 23:53:12 [main] INFO  backend.config.SecurityConfig - Configuring authorization rules...
2025-04-12 23:53:12 [main] INFO  backend.config.SecurityConfig - Configuring OAuth2 resource server...
2025-04-12 23:53:12 [main] INFO  backend.config.SecurityConfig - Configuring JWT...
2025-04-12 23:53:12 [main] INFO  backend.config.SecurityConfig - Creating JWT decoder with issuer URI: https://cognito-idp.ap-south-1.amazonaws.com/ap-south-1_IGHZ9OObg
2025-04-12 23:53:12 [main] INFO  backend.config.SecurityConfig - Configuring session management...
2025-04-12 23:53:12 [main] DEBUG o.s.s.web.DefaultSecurityFilterChain - Will secure any request with filters: DisableEncodeUrlFilter, WebAsyncManagerIntegrationFilter, SecurityContextHolderFilter, HeaderWriterFilter, LogoutFilter, BearerTokenAuthenticationFilter, RequestCacheAwareFilter, SecurityContextHolderAwareRequestFilter, AnonymousAuthenticationFilter, SessionManagementFilter, ExceptionTranslationFilter, AuthorizationFilter
2025-04-12 23:53:13 [main] INFO  o.a.coyote.http11.Http11NioProtocol - Starting ProtocolHandler ["http-nio-8081"]
2025-04-12 23:53:13 [main] INFO  o.s.b.w.e.tomcat.TomcatWebServer - Tomcat started on port 8081 (http) with context path '/'
2025-04-12 23:53:13 [main] INFO  backend.HotelBookingApplication - Started HotelBookingApplication in 8.878 seconds (process running for 9.425)
2025-04-12 23:53:31 [http-nio-8081-exec-2] INFO  o.a.c.c.C.[Tomcat].[localhost].[/] - Initializing Spring DispatcherServlet 'dispatcherServlet'
2025-04-12 23:53:31 [http-nio-8081-exec-2] INFO  o.s.web.servlet.DispatcherServlet - Initializing Servlet 'dispatcherServlet'
2025-04-12 23:53:31 [http-nio-8081-exec-2] INFO  o.s.web.servlet.DispatcherServlet - Completed initialization in 3 ms
2025-04-12 23:53:31 [http-nio-8081-exec-2] DEBUG o.s.security.web.FilterChainProxy - Securing POST /api/house-cleaning/generate?date=2025-05-01
2025-04-12 23:53:31 [http-nio-8081-exec-2] DEBUG o.s.s.w.a.AnonymousAuthenticationFilter - Set SecurityContextHolder to anonymous SecurityContext
2025-04-12 23:53:31 [http-nio-8081-exec-2] DEBUG o.s.security.web.FilterChainProxy - Secured POST /api/house-cleaning/generate?date=2025-05-01
2025-04-12 23:53:31 [http-nio-8081-exec-2] INFO  b.s.impl.HouseCleaningServiceImpl - Generating cleaning schedules for date: 2025-05-01
2025-04-12 23:53:31 [http-nio-8081-exec-2] INFO  b.s.impl.HouseCleaningServiceImpl - Found 10 check-in bookings, 0 check-out bookings, and 10 current bookings for date 2025-05-01
2025-04-12 23:53:31 [http-nio-8081-exec-2] INFO  b.s.impl.BookedRoomsServiceImpl - Checking check-in rooms for date: 2025-05-01
2025-04-12 23:53:31 [http-nio-8081-exec-2] INFO  b.s.impl.BookedRoomsServiceImpl - Found 10 transactions with check-in date 2025-05-01
2025-04-12 23:53:31 [http-nio-8081-exec-2] INFO  b.s.impl.BookedRoomsServiceImpl - Booking IDs for check-in: [13, 12, 15, 14, 53, 55, 59, 60, 155, 318]
2025-04-12 23:53:34 [http-nio-8081-exec-2] INFO  b.s.impl.BookedRoomsServiceImpl - Room IDs for bookings [13, 12, 15, 14, 53, 55, 59, 60, 155, 318]: [421, 422, 433, 434, 439, 451, 452, 457, 464, 469, 470]
2025-04-12 23:53:34 [http-nio-8081-exec-2] INFO  b.s.impl.BookedRoomsServiceImpl - Checking check-out rooms for date: 2025-05-01
2025-04-12 23:53:34 [http-nio-8081-exec-2] INFO  b.s.impl.BookedRoomsServiceImpl - Found 0 transactions with check-out date 2025-05-01
2025-04-12 23:53:34 [http-nio-8081-exec-2] INFO  b.s.impl.BookedRoomsServiceImpl - Booking IDs for check-out: []
2025-04-12 23:53:34 [http-nio-8081-exec-2] INFO  b.s.impl.BookedRoomsServiceImpl - No booking IDs found, returning empty list
2025-04-12 23:53:34 [http-nio-8081-exec-2] INFO  b.s.impl.BookedRoomsServiceImpl - Checking currently booked rooms for date: 2025-05-01T00:00:00Z
2025-04-12 23:53:34 [http-nio-8081-exec-2] INFO  b.s.impl.BookedRoomsServiceImpl - Currently booked room IDs: [421, 422, 433, 434, 439, 451, 452, 457, 464, 469, 470]
2025-04-12 23:53:34 [http-nio-8081-exec-2] INFO  b.s.impl.HouseCleaningServiceImpl - Found 11 check-in rooms, 0 check-out rooms, and 11 current rooms for date 2025-05-01
2025-04-12 23:53:34 [http-nio-8081-exec-2] WARN  b.s.impl.HouseCleaningServiceImpl - Could not extract room ID from booking details for booking ID 13
2025-04-12 23:53:34 [http-nio-8081-exec-2] WARN  b.s.impl.HouseCleaningServiceImpl - Could not extract room ID from booking details for booking ID 12
2025-04-12 23:53:34 [http-nio-8081-exec-2] WARN  b.s.impl.HouseCleaningServiceImpl - Could not extract room ID from booking details for booking ID 15
2025-04-12 23:53:34 [http-nio-8081-exec-2] WARN  b.s.impl.HouseCleaningServiceImpl - Could not extract room ID from booking details for booking ID 14
2025-04-12 23:53:34 [http-nio-8081-exec-2] WARN  b.s.impl.HouseCleaningServiceImpl - Could not extract room ID from booking details for booking ID 53
2025-04-12 23:53:34 [http-nio-8081-exec-2] WARN  b.s.impl.HouseCleaningServiceImpl - Could not extract room ID from booking details for booking ID 55
2025-04-12 23:53:34 [http-nio-8081-exec-2] WARN  b.s.impl.HouseCleaningServiceImpl - Could not extract room ID from booking details for booking ID 59
2025-04-12 23:53:34 [http-nio-8081-exec-2] WARN  b.s.impl.HouseCleaningServiceImpl - Could not extract room ID from booking details for booking ID 60
2025-04-12 23:53:34 [http-nio-8081-exec-2] WARN  b.s.impl.HouseCleaningServiceImpl - Could not extract room ID from booking details for booking ID 155
2025-04-12 23:53:34 [http-nio-8081-exec-2] WARN  b.s.impl.HouseCleaningServiceImpl - Could not extract room ID from booking details for booking ID 318
2025-04-12 23:53:34 [http-nio-8081-exec-2] WARN  b.s.impl.HouseCleaningServiceImpl - Could not extract room ID from booking details for booking ID 13
2025-04-12 23:53:34 [http-nio-8081-exec-2] WARN  b.s.impl.HouseCleaningServiceImpl - Could not extract room ID from booking details for booking ID 12
2025-04-12 23:53:34 [http-nio-8081-exec-2] WARN  b.s.impl.HouseCleaningServiceImpl - Could not extract room ID from booking details for booking ID 15
2025-04-12 23:53:34 [http-nio-8081-exec-2] WARN  b.s.impl.HouseCleaningServiceImpl - Could not extract room ID from booking details for booking ID 14
2025-04-12 23:53:34 [http-nio-8081-exec-2] WARN  b.s.impl.HouseCleaningServiceImpl - Could not extract room ID from booking details for booking ID 53
2025-04-12 23:53:34 [http-nio-8081-exec-2] WARN  b.s.impl.HouseCleaningServiceImpl - Could not extract room ID from booking details for booking ID 55
2025-04-12 23:53:34 [http-nio-8081-exec-2] WARN  b.s.impl.HouseCleaningServiceImpl - Could not extract room ID from booking details for booking ID 59
2025-04-12 23:53:34 [http-nio-8081-exec-2] WARN  b.s.impl.HouseCleaningServiceImpl - Could not extract room ID from booking details for booking ID 60
2025-04-12 23:53:34 [http-nio-8081-exec-2] WARN  b.s.impl.HouseCleaningServiceImpl - Could not extract room ID from booking details for booking ID 155
2025-04-12 23:53:34 [http-nio-8081-exec-2] WARN  b.s.impl.HouseCleaningServiceImpl - Could not extract room ID from booking details for booking ID 318
2025-04-12 23:53:34 [http-nio-8081-exec-2] INFO  b.s.impl.HouseCleaningServiceImpl - Room to booking map: {}
2025-04-12 23:53:34 [http-nio-8081-exec-2] WARN  b.s.impl.HouseCleaningServiceImpl - No booking ID found for room ID 421
2025-04-12 23:53:34 [http-nio-8081-exec-2] WARN  b.s.impl.HouseCleaningServiceImpl - No booking ID found for room ID 422
2025-04-12 23:53:34 [http-nio-8081-exec-2] WARN  b.s.impl.HouseCleaningServiceImpl - No booking ID found for room ID 433
2025-04-12 23:53:34 [http-nio-8081-exec-2] WARN  b.s.impl.HouseCleaningServiceImpl - No booking ID found for room ID 434
2025-04-12 23:53:34 [http-nio-8081-exec-2] WARN  b.s.impl.HouseCleaningServiceImpl - No booking ID found for room ID 439
2025-04-12 23:53:34 [http-nio-8081-exec-2] WARN  b.s.impl.HouseCleaningServiceImpl - No booking ID found for room ID 451
2025-04-12 23:53:34 [http-nio-8081-exec-2] WARN  b.s.impl.HouseCleaningServiceImpl - No booking ID found for room ID 452
2025-04-12 23:53:34 [http-nio-8081-exec-2] WARN  b.s.impl.HouseCleaningServiceImpl - No booking ID found for room ID 457
2025-04-12 23:53:34 [http-nio-8081-exec-2] WARN  b.s.impl.HouseCleaningServiceImpl - No booking ID found for room ID 464
2025-04-12 23:53:34 [http-nio-8081-exec-2] WARN  b.s.impl.HouseCleaningServiceImpl - No booking ID found for room ID 469
2025-04-12 23:53:34 [http-nio-8081-exec-2] WARN  b.s.impl.HouseCleaningServiceImpl - No booking ID found for room ID 470
2025-04-12 23:53:50 [http-nio-8081-exec-3] DEBUG o.s.security.web.FilterChainProxy - Securing POST /api/house-cleaning/assign-staff?date=2025-05-01&shift=MORNING_SHIFT
2025-04-12 23:53:50 [http-nio-8081-exec-3] DEBUG o.s.s.w.a.AnonymousAuthenticationFilter - Set SecurityContextHolder to anonymous SecurityContext
2025-04-12 23:53:50 [http-nio-8081-exec-3] DEBUG o.s.security.web.FilterChainProxy - Secured POST /api/house-cleaning/assign-staff?date=2025-05-01&shift=MORNING_SHIFT
2025-04-12 23:53:50 [http-nio-8081-exec-3] INFO  b.s.impl.HouseCleaningServiceImpl - Assigning staff to schedules for date: 2025-05-01 and shift: MORNING_SHIFT
2025-04-12 23:53:50 [http-nio-8081-exec-3] INFO  b.s.impl.HouseCleaningServiceImpl - Shift time: 05:00 to 09:00
2025-04-12 23:53:50 [http-nio-8081-exec-3] INFO  b.s.impl.HouseCleaningServiceImpl - Assigned staff 1 to room 421 for cleaning from 08:30 to 09:00
2025-04-12 23:53:50 [http-nio-8081-exec-3] INFO  b.s.impl.HouseCleaningServiceImpl - Assigned staff 4 to room 439 for cleaning from 08:30 to 09:00
2025-04-12 23:53:50 [http-nio-8081-exec-3] INFO  b.s.impl.HouseCleaningServiceImpl - Assigned staff 10 to room 457 for cleaning from 08:30 to 09:00
2025-04-12 23:53:50 [http-nio-8081-exec-3] WARN  b.s.impl.HouseCleaningServiceImpl - No available staff found for room 464 at time 08:30
2025-04-12 23:53:50 [http-nio-8081-exec-3] WARN  b.s.impl.HouseCleaningServiceImpl - No available staff found for room 469 at time 08:30
2025-04-12 23:53:50 [http-nio-8081-exec-3] WARN  b.s.impl.HouseCleaningServiceImpl - No available staff found for room 422 at time 08:30
2025-04-12 23:53:50 [http-nio-8081-exec-3] WARN  b.s.impl.HouseCleaningServiceImpl - No available staff found for room 433 at time 08:30
2025-04-12 23:53:50 [http-nio-8081-exec-3] WARN  b.s.impl.HouseCleaningServiceImpl - No available staff found for room 434 at time 08:30
2025-04-12 23:53:50 [http-nio-8081-exec-3] WARN  b.s.impl.HouseCleaningServiceImpl - No available staff found for room 451 at time 08:30
2025-04-12 23:53:50 [http-nio-8081-exec-3] WARN  b.s.impl.HouseCleaningServiceImpl - No available staff found for room 452 at time 08:30
2025-04-12 23:53:50 [http-nio-8081-exec-3] WARN  b.s.impl.HouseCleaningServiceImpl - No available staff found for room 470 at time 08:30
2025-04-12 23:56:00 [http-nio-8081-exec-5] DEBUG o.s.security.web.FilterChainProxy - Securing POST /api/house-cleaning/generate?date=2025-05-01
2025-04-12 23:56:00 [http-nio-8081-exec-5] DEBUG o.s.s.w.a.AnonymousAuthenticationFilter - Set SecurityContextHolder to anonymous SecurityContext
2025-04-12 23:56:00 [http-nio-8081-exec-5] DEBUG o.s.security.web.FilterChainProxy - Secured POST /api/house-cleaning/generate?date=2025-05-01
2025-04-12 23:56:00 [http-nio-8081-exec-5] INFO  b.s.impl.HouseCleaningServiceImpl - Generating cleaning schedules for date: 2025-05-01
2025-04-12 23:56:00 [http-nio-8081-exec-5] INFO  b.s.impl.HouseCleaningServiceImpl - Found 10 check-in bookings, 0 check-out bookings, and 10 current bookings for date 2025-05-01
2025-04-12 23:56:00 [http-nio-8081-exec-5] INFO  b.s.impl.BookedRoomsServiceImpl - Checking check-in rooms for date: 2025-05-01
2025-04-12 23:56:00 [http-nio-8081-exec-5] INFO  b.s.impl.BookedRoomsServiceImpl - Found 10 transactions with check-in date 2025-05-01
2025-04-12 23:56:00 [http-nio-8081-exec-5] INFO  b.s.impl.BookedRoomsServiceImpl - Booking IDs for check-in: [13, 12, 15, 14, 53, 55, 59, 60, 155, 318]
2025-04-12 23:56:06 [http-nio-8081-exec-5] INFO  b.s.impl.BookedRoomsServiceImpl - Room IDs for bookings [13, 12, 15, 14, 53, 55, 59, 60, 155, 318]: [421, 422, 433, 434, 439, 451, 452, 457, 464, 469, 470]
2025-04-12 23:56:06 [http-nio-8081-exec-5] INFO  b.s.impl.BookedRoomsServiceImpl - Checking check-out rooms for date: 2025-05-01
2025-04-12 23:56:06 [http-nio-8081-exec-5] INFO  b.s.impl.BookedRoomsServiceImpl - Found 0 transactions with check-out date 2025-05-01
2025-04-12 23:56:06 [http-nio-8081-exec-5] INFO  b.s.impl.BookedRoomsServiceImpl - Booking IDs for check-out: []
2025-04-12 23:56:06 [http-nio-8081-exec-5] INFO  b.s.impl.BookedRoomsServiceImpl - No booking IDs found, returning empty list
2025-04-12 23:56:06 [http-nio-8081-exec-5] INFO  b.s.impl.BookedRoomsServiceImpl - Checking currently booked rooms for date: 2025-05-01T00:00:00Z
2025-04-12 23:56:06 [http-nio-8081-exec-5] INFO  b.s.impl.BookedRoomsServiceImpl - Currently booked room IDs: [421, 422, 433, 434, 439, 451, 452, 457, 464, 469, 470]
2025-04-12 23:56:06 [http-nio-8081-exec-5] INFO  b.s.impl.HouseCleaningServiceImpl - Found 11 check-in rooms, 0 check-out rooms, and 11 current rooms for date 2025-05-01
2025-04-12 23:56:06 [http-nio-8081-exec-5] WARN  b.s.impl.HouseCleaningServiceImpl - Could not extract room ID from booking details for booking ID 13
2025-04-12 23:56:06 [http-nio-8081-exec-5] WARN  b.s.impl.HouseCleaningServiceImpl - Could not extract room ID from booking details for booking ID 12
2025-04-12 23:56:06 [http-nio-8081-exec-5] WARN  b.s.impl.HouseCleaningServiceImpl - Could not extract room ID from booking details for booking ID 15
2025-04-12 23:56:06 [http-nio-8081-exec-5] WARN  b.s.impl.HouseCleaningServiceImpl - Could not extract room ID from booking details for booking ID 14
2025-04-12 23:56:06 [http-nio-8081-exec-5] WARN  b.s.impl.HouseCleaningServiceImpl - Could not extract room ID from booking details for booking ID 53
2025-04-12 23:56:06 [http-nio-8081-exec-5] WARN  b.s.impl.HouseCleaningServiceImpl - Could not extract room ID from booking details for booking ID 55
2025-04-12 23:56:06 [http-nio-8081-exec-5] WARN  b.s.impl.HouseCleaningServiceImpl - Could not extract room ID from booking details for booking ID 59
2025-04-12 23:56:06 [http-nio-8081-exec-5] WARN  b.s.impl.HouseCleaningServiceImpl - Could not extract room ID from booking details for booking ID 60
2025-04-12 23:56:06 [http-nio-8081-exec-5] WARN  b.s.impl.HouseCleaningServiceImpl - Could not extract room ID from booking details for booking ID 155
2025-04-12 23:56:06 [http-nio-8081-exec-5] WARN  b.s.impl.HouseCleaningServiceImpl - Could not extract room ID from booking details for booking ID 318
2025-04-12 23:56:06 [http-nio-8081-exec-5] WARN  b.s.impl.HouseCleaningServiceImpl - Could not extract room ID from booking details for booking ID 13
2025-04-12 23:56:06 [http-nio-8081-exec-5] WARN  b.s.impl.HouseCleaningServiceImpl - Could not extract room ID from booking details for booking ID 12
2025-04-12 23:56:06 [http-nio-8081-exec-5] WARN  b.s.impl.HouseCleaningServiceImpl - Could not extract room ID from booking details for booking ID 15
2025-04-12 23:56:06 [http-nio-8081-exec-5] WARN  b.s.impl.HouseCleaningServiceImpl - Could not extract room ID from booking details for booking ID 14
2025-04-12 23:56:06 [http-nio-8081-exec-5] WARN  b.s.impl.HouseCleaningServiceImpl - Could not extract room ID from booking details for booking ID 53
2025-04-12 23:56:06 [http-nio-8081-exec-5] WARN  b.s.impl.HouseCleaningServiceImpl - Could not extract room ID from booking details for booking ID 55
2025-04-12 23:56:06 [http-nio-8081-exec-5] WARN  b.s.impl.HouseCleaningServiceImpl - Could not extract room ID from booking details for booking ID 59
2025-04-12 23:56:06 [http-nio-8081-exec-5] WARN  b.s.impl.HouseCleaningServiceImpl - Could not extract room ID from booking details for booking ID 60
2025-04-12 23:56:06 [http-nio-8081-exec-5] WARN  b.s.impl.HouseCleaningServiceImpl - Could not extract room ID from booking details for booking ID 155
2025-04-12 23:56:06 [http-nio-8081-exec-5] WARN  b.s.impl.HouseCleaningServiceImpl - Could not extract room ID from booking details for booking ID 318
2025-04-12 23:56:06 [http-nio-8081-exec-5] INFO  b.s.impl.HouseCleaningServiceImpl - Room to booking map: {}
2025-04-12 23:56:06 [http-nio-8081-exec-5] WARN  b.s.impl.HouseCleaningServiceImpl - No booking ID found for room ID 421
2025-04-12 23:56:06 [http-nio-8081-exec-5] WARN  b.s.impl.HouseCleaningServiceImpl - No booking ID found for room ID 422
2025-04-12 23:56:06 [http-nio-8081-exec-5] WARN  b.s.impl.HouseCleaningServiceImpl - No booking ID found for room ID 433
2025-04-12 23:56:06 [http-nio-8081-exec-5] WARN  b.s.impl.HouseCleaningServiceImpl - No booking ID found for room ID 434
2025-04-12 23:56:06 [http-nio-8081-exec-5] WARN  b.s.impl.HouseCleaningServiceImpl - No booking ID found for room ID 439
2025-04-12 23:56:06 [http-nio-8081-exec-5] WARN  b.s.impl.HouseCleaningServiceImpl - No booking ID found for room ID 451
2025-04-12 23:56:06 [http-nio-8081-exec-5] WARN  b.s.impl.HouseCleaningServiceImpl - No booking ID found for room ID 452
2025-04-12 23:56:06 [http-nio-8081-exec-5] WARN  b.s.impl.HouseCleaningServiceImpl - No booking ID found for room ID 457
2025-04-12 23:56:06 [http-nio-8081-exec-5] WARN  b.s.impl.HouseCleaningServiceImpl - No booking ID found for room ID 464
2025-04-12 23:56:06 [http-nio-8081-exec-5] WARN  b.s.impl.HouseCleaningServiceImpl - No booking ID found for room ID 469
2025-04-12 23:56:06 [http-nio-8081-exec-5] WARN  b.s.impl.HouseCleaningServiceImpl - No booking ID found for room ID 470
2025-04-12 23:58:51 [SpringApplicationShutdownHook] INFO  o.s.b.w.e.tomcat.GracefulShutdown - Commencing graceful shutdown. Waiting for active requests to complete
2025-04-12 23:58:51 [tomcat-shutdown] INFO  o.s.b.w.e.tomcat.GracefulShutdown - Graceful shutdown complete
2025-04-12 23:58:51 [SpringApplicationShutdownHook] INFO  o.s.o.j.LocalContainerEntityManagerFactoryBean - Closing JPA EntityManagerFactory for persistence unit 'default'
2025-04-12 23:58:51 [SpringApplicationShutdownHook] INFO  com.zaxxer.hikari.HikariDataSource - HikariPool-1 - Shutdown initiated...
2025-04-12 23:58:51 [SpringApplicationShutdownHook] INFO  com.zaxxer.hikari.HikariDataSource - HikariPool-1 - Shutdown completed.
2025-04-12 23:58:58 [main] INFO  backend.HotelBookingApplication - Starting HotelBookingApplication using Java 17.0.13 with PID 98066 (/Users/sukuna/Documents/coding/IBE/IBE-BE/KDU/target/classes started by sukuna in /Users/sukuna/Documents/coding/IBE/IBE-BE/KDU)
2025-04-12 23:58:58 [main] INFO  backend.HotelBookingApplication - The following 1 profile is active: "dev"
2025-04-12 23:58:59 [main] INFO  o.s.d.r.c.RepositoryConfigurationDelegate - Bootstrapping Spring Data JPA repositories in DEFAULT mode.
2025-04-12 23:58:59 [main] INFO  o.s.d.r.c.RepositoryConfigurationDelegate - Finished Spring Data repository scanning in 60 ms. Found 15 JPA repository interfaces.
2025-04-12 23:59:00 [main] INFO  o.s.b.w.e.tomcat.TomcatWebServer - Tomcat initialized with port 8081 (http)
2025-04-12 23:59:00 [main] INFO  o.a.coyote.http11.Http11NioProtocol - Initializing ProtocolHandler ["http-nio-8081"]
2025-04-12 23:59:00 [main] INFO  o.a.catalina.core.StandardService - Starting service [Tomcat]
2025-04-12 23:59:00 [main] INFO  o.a.catalina.core.StandardEngine - Starting Servlet engine: [Apache Tomcat/10.1.36]
2025-04-12 23:59:00 [main] INFO  o.a.c.c.C.[Tomcat].[localhost].[/] - Initializing Spring embedded WebApplicationContext
2025-04-12 23:59:00 [main] INFO  o.s.b.w.s.c.ServletWebServerApplicationContext - Root WebApplicationContext: initialization completed in 1641 ms
2025-04-12 23:59:00 [main] INFO  com.zaxxer.hikari.HikariDataSource - HikariPool-1 - Starting...
2025-04-12 23:59:03 [main] INFO  com.zaxxer.hikari.pool.HikariPool - HikariPool-1 - Added connection org.postgresql.jdbc.PgConnection@5e7e7a7e
2025-04-12 23:59:03 [main] INFO  com.zaxxer.hikari.HikariDataSource - HikariPool-1 - Start completed.
2025-04-12 23:59:03 [main] INFO  o.s.o.j.p.SpringPersistenceUnitInfo - No LoadTimeWeaver setup: ignoring JPA class transformer
2025-04-12 23:59:04 [main] WARN  org.hibernate.orm.deprecation - HHH90000025: PostgreSQLDialect does not need to be specified explicitly using 'hibernate.dialect' (remove the property setting and it will be selected by default)
2025-04-12 23:59:07 [main] WARN  o.h.t.s.i.ExceptionHandlerLoggedImpl - GenerationTarget encountered exception accepting command : Error executing DDL "alter table if exists staff_room_map alter column staff_id set data type bigint" via JDBC [ERROR: column "staff_id" cannot be cast automatically to type bigint
  Hint: You might need to specify "USING staff_id::bigint".]
org.hibernate.tool.schema.spi.CommandAcceptanceException: Error executing DDL "alter table if exists staff_room_map alter column staff_id set data type bigint" via JDBC [ERROR: column "staff_id" cannot be cast automatically to type bigint
  Hint: You might need to specify "USING staff_id::bigint".]
	at org.hibernate.tool.schema.internal.exec.GenerationTargetToDatabase.accept(GenerationTargetToDatabase.java:94)
	at org.hibernate.tool.schema.internal.AbstractSchemaMigrator.applySqlString(AbstractSchemaMigrator.java:576)
	at org.hibernate.tool.schema.internal.AbstractSchemaMigrator.applySqlStrings(AbstractSchemaMigrator.java:516)
	at org.hibernate.tool.schema.internal.AbstractSchemaMigrator.migrateTable(AbstractSchemaMigrator.java:334)
	at org.hibernate.tool.schema.internal.GroupedSchemaMigratorImpl.performTablesMigration(GroupedSchemaMigratorImpl.java:84)
	at org.hibernate.tool.schema.internal.AbstractSchemaMigrator.performMigration(AbstractSchemaMigrator.java:233)
	at org.hibernate.tool.schema.internal.AbstractSchemaMigrator.doMigration(AbstractSchemaMigrator.java:112)
	at org.hibernate.tool.schema.spi.SchemaManagementToolCoordinator.performDatabaseAction(SchemaManagementToolCoordinator.java:280)
	at org.hibernate.tool.schema.spi.SchemaManagementToolCoordinator.lambda$process$5(SchemaManagementToolCoordinator.java:144)
	at java.base/java.util.HashMap.forEach(HashMap.java:1421)
	at org.hibernate.tool.schema.spi.SchemaManagementToolCoordinator.process(SchemaManagementToolCoordinator.java:141)
	at org.hibernate.boot.internal.SessionFactoryObserverForSchemaExport.sessionFactoryCreated(SessionFactoryObserverForSchemaExport.java:37)
	at org.hibernate.internal.SessionFactoryObserverChain.sessionFactoryCreated(SessionFactoryObserverChain.java:35)
	at org.hibernate.internal.SessionFactoryImpl.<init>(SessionFactoryImpl.java:324)
	at org.hibernate.boot.internal.SessionFactoryBuilderImpl.build(SessionFactoryBuilderImpl.java:463)
	at org.hibernate.jpa.boot.internal.EntityManagerFactoryBuilderImpl.build(EntityManagerFactoryBuilderImpl.java:1517)
	at org.springframework.orm.jpa.vendor.SpringHibernateJpaPersistenceProvider.createContainerEntityManagerFactory(SpringHibernateJpaPersistenceProvider.java:66)
	at org.springframework.orm.jpa.LocalContainerEntityManagerFactoryBean.createNativeEntityManagerFactory(LocalContainerEntityManagerFactoryBean.java:390)
	at org.springframework.orm.jpa.AbstractEntityManagerFactoryBean.buildNativeEntityManagerFactory(AbstractEntityManagerFactoryBean.java:419)
	at org.springframework.orm.jpa.AbstractEntityManagerFactoryBean.afterPropertiesSet(AbstractEntityManagerFactoryBean.java:400)
	at org.springframework.orm.jpa.LocalContainerEntityManagerFactoryBean.afterPropertiesSet(LocalContainerEntityManagerFactoryBean.java:366)
	at org.springframework.beans.factory.support.AbstractAutowireCapableBeanFactory.invokeInitMethods(AbstractAutowireCapableBeanFactory.java:1859)
	at org.springframework.beans.factory.support.AbstractAutowireCapableBeanFactory.initializeBean(AbstractAutowireCapableBeanFactory.java:1808)
	at org.springframework.beans.factory.support.AbstractAutowireCapableBeanFactory.doCreateBean(AbstractAutowireCapableBeanFactory.java:601)
	at org.springframework.beans.factory.support.AbstractAutowireCapableBeanFactory.createBean(AbstractAutowireCapableBeanFactory.java:523)
	at org.springframework.beans.factory.support.AbstractBeanFactory.lambda$doGetBean$0(AbstractBeanFactory.java:339)
	at org.springframework.beans.factory.support.DefaultSingletonBeanRegistry.getSingleton(DefaultSingletonBeanRegistry.java:346)
	at org.springframework.beans.factory.support.AbstractBeanFactory.doGetBean(AbstractBeanFactory.java:337)
	at org.springframework.beans.factory.support.AbstractBeanFactory.getBean(AbstractBeanFactory.java:207)
	at org.springframework.context.support.AbstractApplicationContext.finishBeanFactoryInitialization(AbstractApplicationContext.java:970)
	at org.springframework.context.support.AbstractApplicationContext.refresh(AbstractApplicationContext.java:627)
	at org.springframework.boot.web.servlet.context.ServletWebServerApplicationContext.refresh(ServletWebServerApplicationContext.java:146)
	at org.springframework.boot.SpringApplication.refresh(SpringApplication.java:752)
	at org.springframework.boot.SpringApplication.refreshContext(SpringApplication.java:439)
	at org.springframework.boot.SpringApplication.run(SpringApplication.java:318)
	at org.springframework.boot.SpringApplication.run(SpringApplication.java:1361)
	at org.springframework.boot.SpringApplication.run(SpringApplication.java:1350)
	at backend.HotelBookingApplication.main(HotelBookingApplication.java:15)
Caused by: org.postgresql.util.PSQLException: ERROR: column "staff_id" cannot be cast automatically to type bigint
  Hint: You might need to specify "USING staff_id::bigint".
	at org.postgresql.core.v3.QueryExecutorImpl.receiveErrorResponse(QueryExecutorImpl.java:2733)
	at org.postgresql.core.v3.QueryExecutorImpl.processResults(QueryExecutorImpl.java:2420)
	at org.postgresql.core.v3.QueryExecutorImpl.execute(QueryExecutorImpl.java:372)
	at org.postgresql.jdbc.PgStatement.executeInternal(PgStatement.java:517)
	at org.postgresql.jdbc.PgStatement.execute(PgStatement.java:434)
	at org.postgresql.jdbc.PgStatement.executeWithFlags(PgStatement.java:356)
	at org.postgresql.jdbc.PgStatement.executeCachedSql(PgStatement.java:341)
	at org.postgresql.jdbc.PgStatement.executeWithFlags(PgStatement.java:317)
	at org.postgresql.jdbc.PgStatement.execute(PgStatement.java:312)
	at com.zaxxer.hikari.pool.ProxyStatement.execute(ProxyStatement.java:94)
	at com.zaxxer.hikari.pool.HikariProxyStatement.execute(HikariProxyStatement.java)
	at org.hibernate.tool.schema.internal.exec.GenerationTargetToDatabase.accept(GenerationTargetToDatabase.java:80)
	... 37 common frames omitted
2025-04-12 23:59:08 [main] WARN  o.h.t.s.i.ExceptionHandlerLoggedImpl - GenerationTarget encountered exception accepting command : Error executing DDL "alter table if exists staff_room_map add constraint FKyd20ehofj2axxe92vl67pqvx foreign key (staff_id) references staff" via JDBC [ERROR: foreign key constraint "fkyd20ehofj2axxe92vl67pqvx" cannot be implemented
  Detail: Key columns "staff_id" and "staff_id" are of incompatible types: character varying and bigint.]
org.hibernate.tool.schema.spi.CommandAcceptanceException: Error executing DDL "alter table if exists staff_room_map add constraint FKyd20ehofj2axxe92vl67pqvx foreign key (staff_id) references staff" via JDBC [ERROR: foreign key constraint "fkyd20ehofj2axxe92vl67pqvx" cannot be implemented
  Detail: Key columns "staff_id" and "staff_id" are of incompatible types: character varying and bigint.]
	at org.hibernate.tool.schema.internal.exec.GenerationTargetToDatabase.accept(GenerationTargetToDatabase.java:94)
	at org.hibernate.tool.schema.internal.AbstractSchemaMigrator.applySqlString(AbstractSchemaMigrator.java:576)
	at org.hibernate.tool.schema.internal.AbstractSchemaMigrator.applySqlStrings(AbstractSchemaMigrator.java:516)
	at org.hibernate.tool.schema.internal.AbstractSchemaMigrator.applyForeignKeys(AbstractSchemaMigrator.java:448)
	at org.hibernate.tool.schema.internal.AbstractSchemaMigrator.performMigration(AbstractSchemaMigrator.java:269)
	at org.hibernate.tool.schema.internal.AbstractSchemaMigrator.doMigration(AbstractSchemaMigrator.java:112)
	at org.hibernate.tool.schema.spi.SchemaManagementToolCoordinator.performDatabaseAction(SchemaManagementToolCoordinator.java:280)
	at org.hibernate.tool.schema.spi.SchemaManagementToolCoordinator.lambda$process$5(SchemaManagementToolCoordinator.java:144)
	at java.base/java.util.HashMap.forEach(HashMap.java:1421)
	at org.hibernate.tool.schema.spi.SchemaManagementToolCoordinator.process(SchemaManagementToolCoordinator.java:141)
	at org.hibernate.boot.internal.SessionFactoryObserverForSchemaExport.sessionFactoryCreated(SessionFactoryObserverForSchemaExport.java:37)
	at org.hibernate.internal.SessionFactoryObserverChain.sessionFactoryCreated(SessionFactoryObserverChain.java:35)
	at org.hibernate.internal.SessionFactoryImpl.<init>(SessionFactoryImpl.java:324)
	at org.hibernate.boot.internal.SessionFactoryBuilderImpl.build(SessionFactoryBuilderImpl.java:463)
	at org.hibernate.jpa.boot.internal.EntityManagerFactoryBuilderImpl.build(EntityManagerFactoryBuilderImpl.java:1517)
	at org.springframework.orm.jpa.vendor.SpringHibernateJpaPersistenceProvider.createContainerEntityManagerFactory(SpringHibernateJpaPersistenceProvider.java:66)
	at org.springframework.orm.jpa.LocalContainerEntityManagerFactoryBean.createNativeEntityManagerFactory(LocalContainerEntityManagerFactoryBean.java:390)
	at org.springframework.orm.jpa.AbstractEntityManagerFactoryBean.buildNativeEntityManagerFactory(AbstractEntityManagerFactoryBean.java:419)
	at org.springframework.orm.jpa.AbstractEntityManagerFactoryBean.afterPropertiesSet(AbstractEntityManagerFactoryBean.java:400)
	at org.springframework.orm.jpa.LocalContainerEntityManagerFactoryBean.afterPropertiesSet(LocalContainerEntityManagerFactoryBean.java:366)
	at org.springframework.beans.factory.support.AbstractAutowireCapableBeanFactory.invokeInitMethods(AbstractAutowireCapableBeanFactory.java:1859)
	at org.springframework.beans.factory.support.AbstractAutowireCapableBeanFactory.initializeBean(AbstractAutowireCapableBeanFactory.java:1808)
	at org.springframework.beans.factory.support.AbstractAutowireCapableBeanFactory.doCreateBean(AbstractAutowireCapableBeanFactory.java:601)
	at org.springframework.beans.factory.support.AbstractAutowireCapableBeanFactory.createBean(AbstractAutowireCapableBeanFactory.java:523)
	at org.springframework.beans.factory.support.AbstractBeanFactory.lambda$doGetBean$0(AbstractBeanFactory.java:339)
	at org.springframework.beans.factory.support.DefaultSingletonBeanRegistry.getSingleton(DefaultSingletonBeanRegistry.java:346)
	at org.springframework.beans.factory.support.AbstractBeanFactory.doGetBean(AbstractBeanFactory.java:337)
	at org.springframework.beans.factory.support.AbstractBeanFactory.getBean(AbstractBeanFactory.java:207)
	at org.springframework.context.support.AbstractApplicationContext.finishBeanFactoryInitialization(AbstractApplicationContext.java:970)
	at org.springframework.context.support.AbstractApplicationContext.refresh(AbstractApplicationContext.java:627)
	at org.springframework.boot.web.servlet.context.ServletWebServerApplicationContext.refresh(ServletWebServerApplicationContext.java:146)
	at org.springframework.boot.SpringApplication.refresh(SpringApplication.java:752)
	at org.springframework.boot.SpringApplication.refreshContext(SpringApplication.java:439)
	at org.springframework.boot.SpringApplication.run(SpringApplication.java:318)
	at org.springframework.boot.SpringApplication.run(SpringApplication.java:1361)
	at org.springframework.boot.SpringApplication.run(SpringApplication.java:1350)
	at backend.HotelBookingApplication.main(HotelBookingApplication.java:15)
Caused by: org.postgresql.util.PSQLException: ERROR: foreign key constraint "fkyd20ehofj2axxe92vl67pqvx" cannot be implemented
  Detail: Key columns "staff_id" and "staff_id" are of incompatible types: character varying and bigint.
	at org.postgresql.core.v3.QueryExecutorImpl.receiveErrorResponse(QueryExecutorImpl.java:2733)
	at org.postgresql.core.v3.QueryExecutorImpl.processResults(QueryExecutorImpl.java:2420)
	at org.postgresql.core.v3.QueryExecutorImpl.execute(QueryExecutorImpl.java:372)
	at org.postgresql.jdbc.PgStatement.executeInternal(PgStatement.java:517)
	at org.postgresql.jdbc.PgStatement.execute(PgStatement.java:434)
	at org.postgresql.jdbc.PgStatement.executeWithFlags(PgStatement.java:356)
	at org.postgresql.jdbc.PgStatement.executeCachedSql(PgStatement.java:341)
	at org.postgresql.jdbc.PgStatement.executeWithFlags(PgStatement.java:317)
	at org.postgresql.jdbc.PgStatement.execute(PgStatement.java:312)
	at com.zaxxer.hikari.pool.ProxyStatement.execute(ProxyStatement.java:94)
	at com.zaxxer.hikari.pool.HikariProxyStatement.execute(HikariProxyStatement.java)
	at org.hibernate.tool.schema.internal.exec.GenerationTargetToDatabase.accept(GenerationTargetToDatabase.java:80)
	... 36 common frames omitted
2025-04-12 23:59:08 [main] INFO  o.s.o.j.LocalContainerEntityManagerFactoryBean - Initialized JPA EntityManagerFactory for persistence unit 'default'
2025-04-12 23:59:08 [main] INFO  backend.config.CorsConfig - CORS Configuration Loaded!
2025-04-12 23:59:08 [main] DEBUG o.s.c.e.PropertySourcesPropertyResolver - Found key 'spring.security.oauth2.resourceserver.jwt.issuer-uri' in PropertySource 'environmentProperties' with value of type String
2025-04-12 23:59:08 [main] INFO  o.s.d.j.r.query.QueryEnhancerFactory - Hibernate is in classpath; If applicable, HQL parser will be used.
2025-04-12 23:59:08 [main] DEBUG o.s.c.e.PropertySourcesPropertyResolver - Found key 'graphql.endpoint' in PropertySource 'environmentProperties' with value of type String
2025-04-12 23:59:08 [main] DEBUG o.s.c.e.PropertySourcesPropertyResolver - Found key 'graphql.api-key' in PropertySource 'environmentProperties' with value of type String
2025-04-12 23:59:09 [main] DEBUG o.s.c.e.PropertySourcesPropertyResolver - Found key 'graphql.api.key' in PropertySource 'environmentProperties' with value of type String
2025-04-12 23:59:09 [main] DEBUG o.s.c.e.PropertySourcesPropertyResolver - Found key 'graphql.url' in PropertySource 'environmentProperties' with value of type String
2025-04-12 23:59:09 [main] DEBUG o.s.c.e.PropertySourcesPropertyResolver - Found key 'spring.mail.username' in PropertySource 'environmentProperties' with value of type String
2025-04-12 23:59:09 [main] DEBUG o.s.c.e.PropertySourcesPropertyResolver - Found key 'otp.expiry.minutes' in PropertySource 'environmentProperties' with value of type String
2025-04-12 23:59:09 [main] DEBUG o.s.c.e.PropertySourcesPropertyResolver - Found key 'otp.max.attempts' in PropertySource 'environmentProperties' with value of type String
2025-04-12 23:59:09 [main] DEBUG o.s.c.e.PropertySourcesPropertyResolver - Found key 'graphql.endpoint' in PropertySource 'environmentProperties' with value of type String
2025-04-12 23:59:09 [main] DEBUG o.s.c.e.PropertySourcesPropertyResolver - Found key 'graphql.api-key' in PropertySource 'environmentProperties' with value of type String
2025-04-12 23:59:09 [main] DEBUG o.s.c.e.PropertySourcesPropertyResolver - Found key 'graphql.api.key' in PropertySource 'environmentProperties' with value of type String
2025-04-12 23:59:09 [main] DEBUG o.s.c.e.PropertySourcesPropertyResolver - Found key 'graphql.url' in PropertySource 'environmentProperties' with value of type String
2025-04-12 23:59:09 [main] DEBUG o.s.c.e.PropertySourcesPropertyResolver - Found key 'graphql.endpoint' in PropertySource 'environmentProperties' with value of type String
2025-04-12 23:59:09 [main] DEBUG o.s.c.e.PropertySourcesPropertyResolver - Found key 'graphql.api-key' in PropertySource 'environmentProperties' with value of type String
2025-04-12 23:59:09 [main] DEBUG o.s.c.e.PropertySourcesPropertyResolver - Found key 'graphql.endpoint' in PropertySource 'environmentProperties' with value of type String
2025-04-12 23:59:09 [main] DEBUG o.s.c.e.PropertySourcesPropertyResolver - Found key 'graphql.apiKey' in PropertySource 'environmentProperties' with value of type String
2025-04-12 23:59:09 [main] DEBUG o.s.c.e.PropertySourcesPropertyResolver - Found key 'graphql.endpoint' in PropertySource 'environmentProperties' with value of type String
2025-04-12 23:59:09 [main] DEBUG o.s.c.e.PropertySourcesPropertyResolver - Found key 'graphql.apiKey' in PropertySource 'environmentProperties' with value of type String
2025-04-12 23:59:09 [main] DEBUG o.s.c.e.PropertySourcesPropertyResolver - Found key 'api.base.url' in PropertySource 'environmentProperties' with value of type String
2025-04-12 23:59:09 [main] WARN  o.s.b.a.o.j.JpaBaseConfiguration$JpaWebConfiguration - spring.jpa.open-in-view is enabled by default. Therefore, database queries may be performed during view rendering. Explicitly configure spring.jpa.open-in-view to disable this warning
2025-04-12 23:59:09 [main] INFO  backend.config.CorsConfig - Applying CORS settings...
2025-04-12 23:59:09 [main] DEBUG o.s.s.c.a.a.c.AuthenticationConfiguration$DefaultPasswordEncoderAuthenticationManagerBuilder - No authenticationProviders and no parentAuthenticationManager defined. Returning null.
2025-04-12 23:59:10 [main] INFO  o.s.b.a.e.web.EndpointLinksResolver - Exposing 2 endpoints beneath base path '/actuator'
2025-04-12 23:59:10 [main] INFO  backend.config.SecurityConfig - Configuring security filter chain...
2025-04-12 23:59:10 [main] INFO  backend.config.SecurityConfig - Using issuer URI: https://cognito-idp.ap-south-1.amazonaws.com/ap-south-1_IGHZ9OObg
2025-04-12 23:59:10 [main] INFO  backend.config.SecurityConfig - Configuring authorization rules...
2025-04-12 23:59:10 [main] INFO  backend.config.SecurityConfig - Configuring OAuth2 resource server...
2025-04-12 23:59:10 [main] INFO  backend.config.SecurityConfig - Configuring JWT...
2025-04-12 23:59:10 [main] INFO  backend.config.SecurityConfig - Creating JWT decoder with issuer URI: https://cognito-idp.ap-south-1.amazonaws.com/ap-south-1_IGHZ9OObg
2025-04-12 23:59:10 [main] INFO  backend.config.SecurityConfig - Configuring session management...
2025-04-12 23:59:10 [main] DEBUG o.s.s.web.DefaultSecurityFilterChain - Will secure any request with filters: DisableEncodeUrlFilter, WebAsyncManagerIntegrationFilter, SecurityContextHolderFilter, HeaderWriterFilter, LogoutFilter, BearerTokenAuthenticationFilter, RequestCacheAwareFilter, SecurityContextHolderAwareRequestFilter, AnonymousAuthenticationFilter, SessionManagementFilter, ExceptionTranslationFilter, AuthorizationFilter
2025-04-12 23:59:11 [main] INFO  o.a.coyote.http11.Http11NioProtocol - Starting ProtocolHandler ["http-nio-8081"]
2025-04-12 23:59:11 [main] INFO  o.s.b.w.e.tomcat.TomcatWebServer - Tomcat started on port 8081 (http) with context path '/'
2025-04-12 23:59:11 [main] INFO  backend.HotelBookingApplication - Started HotelBookingApplication in 13.841 seconds (process running for 14.311)
